number,record_id,title,authors_as_listed,authors_full,author_count,arxiv,external_url,publication_year,earliest_date,year_source,frontiers,frontier_zh,frontier_count,topics,primary_arxiv_category,arxiv_categories,discipline_primary,discipline_primary_zh,keywords,placement_count,citation_count,citation_count_without_self_citations,citations_per_year,self_citation_share,citation_percentile,citation_velocity_percentile,impact_proxy_score_0_100,citation_rank,velocity_rank,impact_rank,citation_source,citation_retrieved_at,inspire_record_id,inspire_url,official_pdf_urls
1,arxiv:2203.07864,21cm Radiation as a Probe of Physics Across Cosmic Ages,A. Liu et al.,"Liu, Adrian | Newburgh, Laura | Saliwanchik, Benjamin | Slosar, Anže",4,2203.07864,https://arxiv.org/abs/2203.07864,2022,2022-03-15,INSPIRE earliest_date,CF | IF,宇宙前沿 | 仪器学前沿,2,CF: Dark Energy and Cosmic Acceleration: Cosmic Dawn and Before | IF: General - cross-listed,astro-ph.CO,astro-ph.CO | astro-ph.IM | hep-ex | hep-ph,Cosmology,宇宙学,photon: decoupling | density: fluctuation | spin: alignment | p: spin | energy: low | energy: transition | hydrogen | galaxy: spatial distribution | redshift: high | buildings | star | recombination | calibration | gas | bubble | ionization | electron | baryon | history | cosmological model | photon: spin,2,28,27,6.360074626865671,0.03571428571428571,67.41154562383613,68.06331471135941,67.60707635009311,173,172,173,INSPIRE,,2052539,https://inspirehep.net/literature/2052539,https://www.slac.stanford.edu/econf/C210711/papers/2203.07864.pdf
2,arxiv:2203.13900,4-Dimensional Trackers,D. Berry et al.,"Berry, Doug | Cairo, Valentina | Dragone, Angelo | Centis-Vignali, Matteo | Giacomini, Gabriele | Heller, Ryan | Jindariani, Sergo | Lai, Adriano | Linssen, Lucie | Lipton, Ron | Madrid, Chris | Markovic, Bojan | Mazza, Simone | Ott, Jennifer | Schwartzman, Ariel | Weber, Hannsjörg | Ye, Zhenyu",17,2203.13900,https://arxiv.org/abs/2203.13900,2022,2022-03-25,INSPIRE earliest_date,IF,仪器学前沿,1,IF: Solid State Detectors and Tracking,physics.ins-det,physics.ins-det | hep-ex,Instrumentation and detectors,仪器与探测器,detector: technology | CERN LHC Coll: upgrade | tracking detector | benchmark | time resolution | pile-up,1,7,3,1.599968710888611,0.5714285714285714,36.312849162011176,37.05772811918063,36.536312849162016,334,338,340,INSPIRE,,2058917,https://inspirehep.net/literature/2058917,https://www.slac.stanford.edu/econf/C210711/papers/2203.13900.pdf
3,arxiv:2203.00042,A Call to Arms Control: Synergies between Nonproliferation Applications of Neutrino Detectors and Large-Scale Fundamental Neutrino Physics Experiments,T. Akindele et al.,"Bernstein, Adam | Akindele, Tomi | Djurcic, Zelimir | Lebanowski, Logan | Migenda, Jost | Papatyi, Anthony | Sanchez, Mayly | Smy, Michael | Vagins, Mark | Djurcic, Z. | Mariani, C. | Erlandson, A. | Mahapatra, R. | Garzelli, M.V. | Kemp, E. | Vogelaar, R. Bruce | Ochoa-Ricoux, J. Pedro | Pronost, G. | Seo, S. | Suekane, F. | Wang, W. | Hor, Y. Keung | Chen, M. | Anderson, T. | Anderssen, E. | Askins, M. | Bacon, A.J. | Bagdasarian, Z. | Baldoni, A. | Barros, N. | Bartoszek, L. | Bat, A. | Bergevin, M. | Bernstein, A. | Blucher, E. | Boissevain, J. | Bonventre, R. | Brown, D. | Callaghan, E.J. | Cowen, D.F. | Dazeley, S. | Diwan, M. | Frankiewicz, K. | Grant, C. | Kaptanoglu, T. | Klein, J.R. | Kraus, C. | Kroupa, T. | Land, B. | Lebanowski, L. | Lozza, V. | Marino, A. | Mastbaum, A. | Mauger, C. | Naugle, S. | Newcomer, M. | Nikolica, A. | Orebi Gann, G.D. | Pickard, L. | Saba, J. | Schoppmann, S. | Sensenig, J. | Smiley, M. | Steiger, H. | Svoboda, R. | Tiras, E. | Trzaska, W.H. | van Berg, R. | Wendel, G. | Wetstein, M. | Wurm, M. | Yang, G. | Yeh, M. | Zimmerman, E.D. | Beier, E.W. | Böhles, M. | Bourret, E. | Caravaca, J. | Dye, S.T. | Eisch, J. | Elagin, A. | Enqvist, T. | Fahrendholz, U. | Fischer, V. | Guffanti, D. | Hagner, C. | Hallin, A. | Jackson, C.M. | Jiang, R. | Kolomensky, Yu.G. | Krennrich, F. | Kutter, T. | Lachenmaier, T. | Lande, K. | Learned, J.G. | Li, V.A. | Ludhova, L. | Malek, M. | Manecki, S. | Maneira, J. | Maricic, J. | Martyn, J. | Mayer, M. | Migenda, J. | Moretti, F. | Napolitano, J. | Naranjo, B. | Nieslony, M. | Oberauer, L. | Ouellet, J. | Pershing, T. | Petcov, S.T. | Rosero, R. | Sanchez, M.C. | Sawatzki, J. | Seo, S.H. | Smy, M. | Stahl, A. | Stock, M.R. | Sunej, H. | Tzanov, M. | Vagins, M. | Vilela, C. | Wang, Z. | Wang, J. | Wilking, M.J. | Winslow, L. | Wittich, P. | Wonsak, B. | Worcester, E. | Zsoldos, S. | Zuber, K. | Akindele, T. | Barna, A. | Benson, T. | Birrittella, B. | Borusinki, J. | Cowen, D. | Crow, B. | Dalnoki-Veress, F. | Danielson, D. | Druetzler, A. | Dye, S. | Fienberg, A. | Gooding, D. | Graham, C. | Griskevich, J. | He, J. | Hecla, J. | Jovanovic, I. | Keenan, M. | Keener, P. | Kunkle, P. | Learned, J. | Li, V. | Marr-Laundrie, P. | Moore, J. | Mullen, A. | Neights, E. | Nishimura, K. | O'Meara, B. | Ogren, K. | Oxborough, L. | Papatyi, A. | Paulos, B. | Sabarots, L. | Shebalin, V. | Song, H. | Sutanto, F. | Van Berg, R. | Varner, G. | Veeraraghavan, V. | Ventura, S. | Walsh, B. | Westphal, D. | Wilhelm, A. | Wolcott, S.",177,2203.00042,https://arxiv.org/abs/2203.00042,2022,2022-02-28,INSPIRE earliest_date,AF | CEF | IF | NF | UF,加速器科学与技术 | 社群参与 | 仪器学前沿 | 中微子前沿 | 地下设施与基础设施,5,AF: Accelerators for Neutrinos | CEF: Environmental and Societal Impacts | IF: Cross-Cutting Issues and Systems Integration | NF: Neutrino Applications | UF: Underground Facilities for Neutrinos,physics.ins-det,physics.ins-det | hep-ex | physics.soc-ph,Instrumentation and detectors,仪器与探测器,activity report | neutrino: detector | neutrino: oscillation | photomultiplier: position sensitive | nuclear reactor | monitoring | scintillation counter: water,5,10,5,2.2504621072088726,0.5,44.134078212290504,43.48230912476723,43.938547486033514,293,304,304,INSPIRE,,2040935,https://inspirehep.net/literature/2040935,https://www.slac.stanford.edu/econf/C210711/papers/2203.00042.pdf
4,arxiv:2111.06932,A Cost-Efective Upgrade Path for the Fermilab Accelerator Complex,S. Nagaitsev et al.,"Nagaitsev, Sergei | Lebedev, Valeri",2,2111.06932,https://arxiv.org/abs/2111.06932,2021,2021-11-12,INSPIRE earliest_date,AF | NF,加速器科学与技术 | 中微子前沿,2,AF: Accelerators for Neutrinos | NF: Artificial Neutrino Sources,physics.acc-ph,physics.acc-ph | hep-ex,Accelerator science,加速器科学,activity report | p: beam | neutrino: particle source | accelerator: upgrade | booster | vacuum system | accelerator: design | costs,2,9,6,1.899046793760832,0.3333333333333333,41.71322160148976,41.06145251396648,41.51769087523277,309,317,317,INSPIRE,,1968720,https://inspirehep.net/literature/1968720,https://www.slac.stanford.edu/econf/C210711/papers/2111.06932.pdf
5,arxiv:2203.09734,A Facility for Low-Radioactivity Underground Argon,H. O. Back et al.,"Back, Henning O. | Bonivento, Walter | Boulay, Mark | Church, Eric | Elliott, Steven R. | Gabriele, Federico | Galbiati, Cristiano | Giovanetti, Graham K. | Jackson, Christopher | McDonald, Art | Renshaw, Andrew | Santorelli, Roberto | Scholberg, Kate | Simeone, Marino | Tayloe, Rex | Van de Water, Richard",16,2203.09734,https://arxiv.org/abs/2203.09734,2022,2022-03-18,INSPIRE earliest_date,CF | IF | NF | UF,宇宙前沿 | 仪器学前沿 | 中微子前沿 | 地下设施与基础设施,4,CF: General - cross-listed: | IF: Cross-Cutting Issues and Systems Integration | NF: General - cross-listed | UF: Supporting Capabilities,physics.ins-det,physics.ins-det | hep-ex | nucl-ex,Instrumentation and detectors,仪器与探测器,activity report | argon: nuclide | background: radioactivity | gas | dark matter: detector,4,10,3,2.2757009345794392,0.7,44.134078212290504,45.344506517690874,44.497206703910614,294,294,294,INSPIRE,,2054712,https://inspirehep.net/literature/2054712,https://www.slac.stanford.edu/econf/C210711/papers/2203.09734.pdf
6,arxiv:1910.14149,A Fast Method for Particle Tracking and Triggering using Small-Radius Silicon Detectors,A. V. Kotwal.,"Kotwal, Ashutosh V.",1,1910.14149,https://arxiv.org/abs/1910.14149,2019,2019-10-30,INSPIRE earliest_date,EF | IF,能量前沿 | 仪器学前沿,2,EF: Beyond the Standard Model - More General Explorations | IF: Trigger and Data Acquisition,physics.ins-det,physics.ins-det | hep-ex,Instrumentation and detectors,仪器与探测器,Charged particle tracking | Track trigger | Unsupervised machine learning | Field-programmable gate array | Electronics | charged particle: trajectory | programming | FPGA | track data analysis | artificial intelligence | numerical calculations | numerical methods | efficiency | trigger,2,4,2,0.5903030303030303,0.5,22.998137802607076,13.314711359404097,20.093109869646185,398,466,430,INSPIRE,,1762355,https://inspirehep.net/literature/1762355,https://www.slac.stanford.edu/econf/C210711/papers/1910.14149.pdf
7,arxiv:2203.06281,A Gaseous Argon-Based Near Detector to Enhance the Physics Capabilities of DUNE,A. Abed Abud et al.,"Abed Abud, A. | Abi, B. | Acciarri, R. | Acero, M.A. | Adames, M.R. | Adamov, G. | Adamowski, M. | Adams, D. | Adinolfi, M. | Adriano, C. | Aduszkiewicz, A. | Aguilar, J. | Ahmad, Z. | Ahmed, J. | Aimard, B. | Akbar, F. | Ali-Mohammadzadeh, B. | Alion, T. | Allison, K. | Alonso Monsalve, S. | AlRashed, M. | Alt, C. | Alton, A. | Alvarez, R. | Amedo, P. | Anderson, J. | Andreopoulos, C. | Andreotti, M. | Andrews, M.P. | Andrianala, F. | Andringa, S. | Anfimov, N. | Ankowski, A. | Antoniassi, M. | Antonova, M. | Antoshkin, A. | Antusch, S. | Aranda-Fernandez, A. | Arellano, L. | Arnold, L.O. | Arroyave, M.A. | Asaadi, J. | Asquith, L. | Aurisano, A. | Aushev, V. | Autiero, D. | Lara, V. Ayala | Ayala-Torres, M. | Azfar, F. | Back, A. | Back, H. | Back, J.J. | Backhouse, C. | Bagaturia, I. | Bagby, L. | Balashov, N. | Balasubramanian, S. | Baldi, P. | Baller, B. | Bambah, B. | Barao, F. | Barenboim, G. | Barker, G.J. | Barkhouse, W. | Barnes, C. | Barr, G. | Monarca, J. Barranco | Barros, A. | Barros, N. | Barrow, J.L. | Basharina-Freshville, A. | Bashyal, A. | Basque, V. | Batchelor, C. | Belchior, E. | Battat, J.B.R. | Battisti, F. | Bay, F. | Bazetto, M.C.Q. | Bazo Alba, J.L. | Beacom, J.F. | Bechetoille, E. | Behera, B. | Beigbeder, C. | Bellantoni, L. | Bellettini, G. | Bellini, V. | Beltramello, O. | Benekos, N. | Montiel, C. Benitez | Bento Neves, F. | Berger, J. | Berkman, S. | Bernardini, P. | Berner, R.M. | Bersani, A. | Bertolucci, S. | Betancourt, M. | Rodríguez, A. Betancur | Bevan, A. | Bezawada, Y. | Bezerra, A.T. | Bezerra, T.J.C. | Bhardwaj, A. | Bhatnagar, V. | Bhattacharjee, M. | Bhattarai, D. | Bhuller, S. | Bhuyan, B. | Biagi, S. | Bian, J. | Biassoni, M. | Biery, K. | Bilki, B. | Bishai, M. | Bitadze, A. | Blake, A. | Blaszczyk, F.D.M. | Blazey, G.C. | Blucher, E. | Boissevain, J. | Bolognesi, S. | Bolton, T. | Bomben, L. | Bonesini, M. | Bongrand, M. | Bonilla-Diaz, C. | Bonini, F. | Booth, A. | Boran, F. | Bordoni, S. | Borkum, A. | Bostan, N. | Bour, P. | Bourgeois, C. | Boyden, D. | Bracinik, J. | Braga, D. | Brailsford, D. | Branca, A. | Brandt, A. | Bremer, J. | Breton, D. | Brew, C. | Brice, S.J. | Brizzolari, C. | Bromberg, C. | Brooke, J. | Bross, A. | Brunetti, G. | Brunetti, M. | Buchanan, N. | Budd, H. | Butorov, I. | Cagnoli, I. | Cai, T. | Caiulo, D. | Calabrese, R. | Calafiura, P. | Calcutt, J. | Calin, M. | Calvez, S. | Calvo, E. | Caminata, A. | Campanelli, M. | Caratelli, D. | Carber, D. | Carceller, J.M. | Carini, G. | Carlus, B. | Carneiro, M.F. | Carniti, P. | Caro Terrazas, I. | Carranza, H. | Carroll, T. | Forero, J.F. Castaño | Castillo, A. | Castromonte, C. | Catano-Mur, E. | Cattadori, C. | Cavalier, F. | Cavallaro, G. | Cavanna, F. | Centro, S. | Cerati, G. | Cervelli, A. | Villanueva, A. Cervera | Chalifour, M. | Chappell, A. | Chardonnet, E. | Charitonidis, N. | Chatterjee, A. | Chattopadhyay, S. | Neyra, M.S. Chavarry | Chen, H. | Chen, M. | Chen, Y. | Chen, Z. | Chen-Wishart, Z. | Cheon, Y. | Cherdack, D. | Chi, C. | Childress, S. | Chirco, R. | Chiriacescu, A. | Chisnall, G. | Cho, K. | Choate, S. | Chokheli, D. | Chong, P.S. | Christensen, A. | Christian, D. | Christodoulou, G. | Chukanov, A. | Chung, M. | Church, E. | Cicero, V. | Clarke, P. | Cline, G. | Coan, T.E. | Cocco, A.G. | Coelho, J.A.B. | Collot, J. | Colton, N. | Conley, E. | Conley, R. | Conrad, J.M. | Convery, M. | Copello, S. | Cova, P. | Cremaldi, L. | Cremonesi, L. | Crespo-Anadón, J.I. | Crisler, M. | Cristaldo, E. | Crnkovic, J. | Cross, R. | Cudd, A. | Cuesta, C. | Cui, Y. | Cussans, D. | Dai, J. | Dalager, O. | da Motta, H. | Da Silva Peres, L. | David, C. | David, Q. | Davies, G.S. | Davini, S. | Dawson, J. | De, K. | De, S. | Debbins, P. | De Bonis, I. | Decowski, M.P. | de Gouvêa, A. | De Holanda, P.C. | De Icaza Astiz, I.L. | Deisting, A. | De Jong, P. | Delbart, A. | De Leo, V. | Delepine, D. | Delgado, M. | Dell'Acqua, A. | Delmonte, N. | De Lurgio, P. | de Mello Neto, J.R.T. | DeMuth, D.M. | Dennis, S. | Densham, C. | Deptuch, G.W. | De Roeck, A. | De Romeri, V. | De Souza, G. | Devi, R. | Dharmapalan, R. | Dias, M. | Díaz, J.S. | Díaz, F. | Di Capua, F. | Di Domenico, A. | Di Domizio, S. | Di Giulio, L. | Ding, P. | Di Noto, L. | Dirkx, G. | Distefano, C. | Diurba, R. | Diwan, M. | Djurcic, Z. | Doering, D. | Dolan, S. | Dolek, F. | Dolinski, M.J. | Domine, L. | Donon, Y. | Douglas, D. | Douillet, D. | Dragone, A. | Drake, G. | Drielsma, F. | Duarte, L. | Duchesneau, D. | Duffy, K. | Dunne, P. | Dutta, B. | Duyang, H. | Dvornikov, O. | Dwyer, D.A. | Dyshkant, A.S. | Eads, M. | Earle, A. | Edmunds, D. | Eisch, J. | Emberger, L. | Emery, S. | Englezos, P. | Ereditato, A. | Erjavec, T. | Escobar, C.O. | Eurin, G. | Evans, J.J. | Ewart, E. | Ezeribe, A.C. | Fahey, K. | Falcone, A. | Fani', M. | Farnese, C. | Farzan, Y. | Fedoseev, D. | Felix, J. | Feng, Y. | Fernandez-Martinez, E. | Menendez, P. Fernandez | Morales, M. Fernandez | Ferraro, F. | Fields, L. | Filip, P. | Filthaut, F. | Fine, R. | Fiorillo, G. | Fiorini, M. | Fischer, V. | Fitzpatrick, R.S. | Flanagan, W. | Fleming, B. | Flight, R. | Fogarty, S. | Foreman, W. | Fowler, J. | Fox, W. | Franc, J. | Francis, K. | Franco, D. | Freeman, J. | Freestone, J. | Fried, J. | Friedland, A. | Robayo, F. Fuentes | Fuess, S. | Furic, I.K. | Furman, K. | Furmanski, A.P. | Gabrielli, A. | Gago, A. | Gallagher, H. | Gallas, A. | Gallego-Ros, A. | Gallice, N. | Galymov, V. | Gamberini, E. | Gamble, T. | Ganacim, F. | Gandhi, R. | Gandrajula, R. | Ganguly, S. | Gao, F. | Gao, S. | Garcia-Gamez, D. | García-Peris, M.Á. | Gardiner, S. | Gastler, D. | Gauvreau, J. | Gauzzi, P. | Ge, G. | Geffroy, N. | Gelli, B. | Gendotti, A. | Gent, S. | Ghorbani-Moghaddam, Z. | Giammaria, P. | Giammaria, T. | Giangiacomi, N. | Gibin, D. | Gil-Botella, I. | Gilligan, S. | Girerd, C. | Giri, A.K. | Gnani, D. | Gogota, O. | Gold, M. | Gollapinni, S. | Gollwitzer, K. | Gomes, R.A. | Bermeo, L.V. Gomez | Fajardo, L.S. Gomez | Gonnella, F. | Gonzalez-Diaz, D. | Gonzalez-Lopez, M. | Goodman, M.C. | Goodwin, O. | Goswami, S. | Gotti, C. | Goudzovski, E. | Grace, C. | Gran, R. | Granados, E. | Granger, P. | Grant, C. | Gratieri, D. | Green, P. | Greenler, L. | Greer, J. | Grenard, J. | Griffith, W.C. | Groh, M. | Grudzinski, J. | Grzelak, K. | Gu, W. | Guardincerri, E. | Guarino, V. | Guarise, M. | Guenette, R. | Guerard, E. | Guerzoni, M. | Guffanti, D. | Guglielmi, A. | Guo, B. | Gupta, A. | Gupta, V. | Guthikonda, K.K. | Guzowski, P. | Guzzo, M.M. | Gwon, S. | Ha, C. | Haaf, K. | Habig, A. | Hadavand, H. | Haenni, R. | Hahn, A. | Haiston, J. | Hamacher-Baumann, P. | Hamernik, T. | Hamilton, P. | Han, J. | Harris, D.A. | Hartnell, J. | Hartnett, T. | Harton, J. | Hasegawa, T. | Hasnip, C. | Hatcher, R. | Hatfield, K.W. | Hatzikoutelis, A. | Hayes, C. | Hayrapetyan, K. | Hays, J. | Hazen, E. | He, M. | Heavey, A. | Heeger, K.M. | Heise, J. | Henry, S. | Morquecho, M.A. Hernandez | Herner, K. | Hewes, V. | Hewes, J. | Hilgenberg, C. | Hill, T. | Hillier, S.J. | Himmel, A. | Hinkle, E. | Hirsch, L.R. | Ho, J. | Hoff, J. | Holin, A. | Hoppe, E. | Horton-Smith, G.A. | Hostert, M. | Hourlier, A. | Howard, B. | Howell, R. | Barrios, J. Hoyos | Hristova, I. | Hronek, M.S. | Huang, J. | Hulcher, Z. | Iles, G. | Ilic, N. | Iliescu, A.M. | Illingworth, R. | Ingratta, G. | Ioannisian, A. | Irwin, B. | Isenhower, L. | Itay, R. | Jackson, C.M. | Jain, V. | James, E. | Jang, W. | Jargowsky, B. | Jediny, F. | Jena, D. | Jeong, Y.S. | Jesús-Valls, C. | Ji, X. | Jiang, J. | Jiang, L. | Jiménez, S. | Jipa, A. | Joaquim, F.R. | Johnson, W. | Johnston, N. | Jones, B. | Jones, S.B. | Judah, M. | Jung, C.K. | Junk, T. | Jwa, Y. | Kabirnezhad, M. | Kaboth, A. | Kadenko, I. | Kakorin, I. | Kalitkina, A. | Kalra, D. | Kamiya, F. | Kaplan, D.M. | Karagiorgi, G. | Karaman, G. | Karcher, A. | Karolak, M. | Karyotakis, Y. | Kasai, S. | Kasetti, S.P. | Kashur, L. | Kazaryan, N. | Kearns, E. | Keener, P. | Kelly, K.J. | Kemp, E. | Kemularia, O. | Ketchum, W. | Kettell, S.H. | Khabibullin, M. | Khotjantsev, A. | Khvedelidze, A. | Kim, D. | King, B. | Kirby, B. | Kirby, M. | Klein, J. | Klustova, A. | Kobilarcik, T. | Koehler, K. | Koerner, L.W. | Koh, D.H. | Kohn, S. | Koller, P.P. | Kolupaeva, L. | Korablev, D. | Kordosky, M. | Kosc, T. | Kose, U. | Kostelecký, V.A. | Kothekar, K. | Kralik, R. | Kreczko, L. | Krennrich, F. | Kreslo, I. | Kropp, W. | Kroupova, T. | Kubota, S. | Kudenko, Y. | Kudryavtsev, V.A. | Kuhlmann, S. | Kulagin, S. | Kumar, J. | Kumar, P. | Kunze, P. | Kurita, N. | Kuruppu, C. | Kus, V. | Kutter, T. | Kvasnicka, J. | Kwak, D. | Lambert, A. | Land, B.J. | Lane, C.E. | Lang, K. | Langford, T. | Langstaff, M. | Larkin, J. | Lasorak, P. | Last, D. | Laundrie, A. | Laurenti, G. | Lawrence, A. | Lazanu, I. | LaZur, R. | Lazzaroni, M. | Le, T. | Leardini, S. | Learned, J. | LeBrun, P. | LeCompte, T. | Lee, C. | Lee, S.Y. | Lehmann Miotto, G. | Lehnert, R. | de Oliveira, M.A. Leigui | Leitner, M. | Lepin, L.M. | Li, S.W. | Li, Y. | Liao, H. | Lin, C.S. | Lin, Q. | Lin, S. | Lineros, R.A. | Ling, J. | Lister, A. | Littlejohn, B.R. | Liu, J. | Liu, Y. | Lockwitz, S. | Loew, T. | Lokajicek, M. | Lomidze, I. | Long, K. | Lord, T. | LoSecco, J.M. | Louis, W.C. | Lu, X.-G. | Luk, K.B. | Lunday, B. | Luo, X. | Luppi, E. | Lux, T. | Luzio, V.P. | Maalmi, J. | MacFarlane, D. | Machado, A.A. | Machado, P. | Macias, C.T. | Macier, J.R. | Maddalena, A. | Madera, A. | Madigan, P. | Magill, S. | Mahn, K. | Maio, A. | Major, A. | Maloney, J.A. | Mandrioli, G. | Mandujano, R.C. | Maneira, J. | Manenti, L. | Manly, S. | Mann, A. | Manolopoulos, K. | Plata, M. Manrique | Manyam, V.N. | Manzanillas, L. | Marchan, M. | Marchionni, A. | Marciano, W. | Marfatia, D. | Mariani, C. | Maricic, J. | Marie, R. | Marinho, F. | Marino, A.D. | Markiewicz, T. | Marsden, D. | Marshak, M. | Marshall, C.M. | Marshall, J. | Marteau, J. | Martín-Albo, J. | Martinez, N. | Martinez Caicedo, D.A. | Miravé, P. Martínez | Martynenko, S. | Mascagna, V. | Mason, K. | Mastbaum, A. | Matichard, F. | Matsuno, S. | Matthews, J. | Mauger, C. | Mauri, N. | Mavrokoridis, K. | Mawby, I. | Mazza, R. | Mazzacane, A. | Mazzucato, E. | McAskill, T. | McCluskey, E. | McConkey, N. | McFarland, K.S. | McGrew, C. | McNab, A. | Mefodiev, A. | Mehta, P. | Melas, P. | Mena, O. | Mendez, H. | Mendez, P. | Méndez, D.P. | Menegolli, A. | Meng, G. | Messier, M.D. | Metcalf, W. | Mewes, M. | Meyer, H. | Miao, T. | Michna, G. | Mikola, V. | Milincic, R. | Miller, G. | Miller, W. | Mills, J. | Mineev, O. | Minotti, A. | Miranda, O.G. | Miryala, S. | Mishra, C.S. | Mishra, S.R. | Mislivec, A. | Mitchell, M. | Mladenov, D. | Mocioiu, I. | Moffat, K. | Moggi, N. | Mohanta, R. | Mohayai, T.A. | Mokhov, N. | Molina, J. | Bueno, L. Molina | Montagna, E. | Montanari, A. | Montanari, C. | Montanari, D. | Montaño Zetina, L.M. | Moon, S.H. | Mooney, M. | Moor, A.F. | Moreno, D. | Moretti, D. | Morris, C. | Mossey, C. | Mote, M. | Motuk, E. | Moura, C.A. | Mousseau, J. | Mouster, G. | Mu, W. | Mualem, L. | Mueller, J. | Muether, M. | Mufson, S. | Muheim, F. | Muir, A. | Mulhearn, M. | Munford, D. | Muramatsu, H. | Murphy, S. | Musser, J. | Nachtman, J. | Nagai, Y. | Nagu, S. | Nalbandyan, M. | Nandakumar, R. | Naples, D. | Narita, S. | Nath, A. | Navrer-Agasson, A. | Nayak, N. | Nebot-Guinot, M. | Negishi, K. | Nelson, J.K. | Nesbit, J. | Nessi, M. | Newbold, D. | Newcomer, M. | Newton, H. | Nichol, R. | Nicolas-Arnaldos, F. | Nikolica, A. | Niner, E. | Nishimura, K. | Norman, A. | Norrick, A. | Northrop, R. | Novella, P. | Nowak, J.A. | Oberling, M. | Ochoa-Ricoux, J.P. | Olivier, A. | Olshevskiy, A. | Onel, Y. | Onishchuk, Y. | Ott, J. | Pagani, L. | Palacio, G. | Palamara, O. | Palestini, S. | Paley, J.M. | Pallavicini, M. | Palomares, C. | Panduro Vazquez, W. | Pantic, E. | Paolone, V. | Papadimitriou, V. | Papaleo, R. | Papanestis, A. | Paramesvaran, S. | Parke, S. | Parozzi, E. | Parsa, Z. | Parvu, M. | Pascoli, S. | Pasqualini, L. | Pasternak, J. | Pater, J. | Patrick, C. | Patrizii, L. | Patterson, R.B. | Patton, S.J. | Patzak, T. | Paudel, A. | Paulos, B. | Paulucci, L. | Pavlovic, Z. | Pawloski, G. | Payne, D. | Pec, V. | Peeters, S.J.M. | Perez, A. Pena | Pennacchio, E. | Penzo, A. | Peres, O.L.G. | Perry, J. | Pershey, D. | Pessina, G. | Petrillo, G. | Petta, C. | Petti, R. | Pia, V. | Piastra, F. | Pickering, L. | Pietropaolo, F. | Pimentel, V.L. | L., V. | Pinaroli, G. | Plows, K. | Plunkett, R. | Pompa, F. | Pons, X. | Poonthottathil, N. | Poppi, F. | Pordes, S. | Porter, J. | Porzio, S.D. | Potekhin, M. | Potenza, R. | Potukuchi, B.V.K.S. | Pozimski, J. | Pozzato, M. | Prakash, S. | Prakash, T. | Prest, M. | Prince, S. | Psihas, F. | Pugnere, D. | Qian, X. | Raaf, J.L. | Radeka, V. | Rademacker, J. | Radev, R. | Radics, B. | Rafique, A. | Raguzin, E. | Rai, M. | Rajaoalisoa, M. | Rakhno, I. | Rakotonandrasana, A. | Rakotondravohitra, L. | Rameika, R. | Delgado, M.A. Ramirez | Ramson, B. | Rappoldi, A. | Raselli, G. | Ratoff, P. | Raut, S. | Razafinime, H. | Razakamiandra, R.F. | Rea, E.M. | Real, J.S. | Rebel, B. | Rechenmacher, R. | Reggiani-Guzzo, M. | Reichenbacher, J. | Reitzner, S.D. | Sfar, H. Rejeb | Renshaw, A. | Rescia, S. | Resnati, F. | Ribas, M. | Riboldi, S. | Riccio, C. | Riccobene, G. | Rice, L.C.J. | Ricol, J.S. | Rigamonti, A. | Rigaut, Y. | Rincón, E.V. | Ritchie-Yates, H. | Rivera, D. | Robert, A. | Rocha, J.L. Rocabado | Rochester, L. | Roda, M. | Rodrigues, P. | da Silva Leite, J.V. Rodrigues | Alonso, M.J. Rodriguez | Rodriguez Rondon, J. | Rosauro-Alcaraz, S. | Rosenberg, M. | Rosier, P. | Roskovec, B. | Rossella, M. | Rossi, F. | Rossi, M. | Rout, J. | Roy, P. | Rubbia, A. | Rubbia, C. | Russell, B. | Ruterbories, D. | Rybnikov, A. | Saa-Hernandez, A. | Saakyan, R. | Sacerdoti, S. | Safford, T. | Sahu, N. | Sala, P. | Samios, N. | Samoylov, O. | Sanchez, M.C. | Sandberg, V. | Sanders, D.A. | Sankey, D. | Santana, S. | Santos-Maldonado, M. | Saoulidou, N. | Sapienza, P. | Sarasty, C. | Sarcevic, I. | Savage, G. | Savinov, V. | Scaramelli, A. | Scarff, A. | Scarpelli, A. | Schefke, T. | Schellman, H. | Schifano, S. | Schlabach, P. | Schmitz, D. | Schneider, A.W. | Scholberg, K. | Schukraft, A. | Segreto, E. | Selyunin, A. | Senise, C.R. | Sensenig, J. | Sergi, A. | Sgalaberna, D. | Shaevitz, M.H. | Shafaq, S. | Shaker, F. | Shamma, M. | Sharankova, R. | Sharma, H.R. | Sharma, R. | Kumar, R. | Shaw, K. | Shaw, T. | Shchablo, K. | Shepherd-Themistocleous, C. | Sheshukov, A. | Shin, S. | Shoemaker, I. | Shooltz, D. | Shrock, R. | Siegel, H. | Simard, L. | Simon, F. | Sinclair, J. | Sinev, G. | Singh, Jaydip | Singh, J. | Singh, L. | Singh, P. | Singh, V. | Sipos, R. | Sippach, F.W. | Sirri, G. | Sitraka, A. | Siyeon, K. | Skarpaas, K. | Smith, A. | Smith, E. | Smith, P. | Smolik, J. | Smy, M. | Snider, E.L. | Snopok, P. | Snowden-Ifft, D. | Soares Nunes, M. | Sobel, H. | Soderberg, M. | Sokolov, S. | Solano Salinas, C.J. | Söldner-Rembold, S. | Soleti, S.R. | Solomey, N. | Solovov, V. | Sondheim, W.E. | Sorel, M. | Sotnikov, A. | Soto-Oton, J. | Ugaldi, F.A. Soto | Sousa, A. | Soustruznik, K. | Spagliardi, F. | Spanu, M. | Spitz, J. | Spooner, N.J.C. | Spurgeon, K. | Stancari, M. | Stanco, L. | Stanford, C. | Stein, R. | Steiner, H.M. | Lisbôa, A.F. Steklain | Stewart, J. | Stillwell, B. | Stock, J. | Stocker, F. | Stokes, T. | Strait, M. | Strauss, T. | Strigari, L. | Stuart, A. | Suarez, J.G. | Sunción, J.M. Suárez | Sullivan, H. | Summers, D. | Surdo, A. | Susic, V. | Suter, L. | Sutera, C.M. | Suvorov, Y. | Svoboda, R. | Szczerbinska, B. | Szelc, A.M. | Talukdar, N. | Tanaka, H.A. | Tang, S. | Casanova, A.M. Tapia | Tapia Oregui, B. | Tapper, A. | Tariq, S. | Tarpara, E. | Tata, N. | Tatar, E. | Tayloe, R. | Teklu, A.M. | Tennessen, P. | Tenti, M. | Terao, K. | Ternes, C.A. | Terranova, F. | Testera, G. | Thakore, T. | Thea, A. | Thorn, C. | Timm, S.C. | Tishchenko, V. | Tomassetti, L. | Tonazzo, A. | Torbunov, D. | Torti, M. | Tortola, M. | Tortorici, F. | Tosi, N. | Totani, D. | Toups, M. | Touramanis, C. | Travaglini, R. | Trevor, J. | Trilov, S. | Trzaska, W.H. | Tsai, Y.-D. | Tsai, Y.-T. | Tsamalaidze, Z. | Tsang, K.V. | Tsverava, N. | Tufanli, S. | Tull, C. | Tyler, J. | Tyley, E. | Tzanov, M. | Uboldi, L. | Uchida, M.A. | Urheim, J. | Usher, T. | Uzunyan, S. | Vagins, M.R. | Vahle, P. | Valder, S. | Valdiviesso, G.A. | Valencia, E. | da Costa, R. Valentim | Vallari, Z. | Vallazza, E. | Valle, J.W.F. | Vallecorsa, S. | Van Berg, R. | Van de Water, R.G. | Vanegas Forero, D. | Vannerom, D. | Varanini, F. | Vargas, D. | Varner, G. | Vasel, J. | Vasina, S. | Vasseur, G. | Vaughan, N. | Vaziri, K. | Ventura, S. | Verdugo, A. | Vergani, S. | Vermeulen, M.A. | Verzocchi, M. | Vicenzi, M. | de Souza, H. Vieira | Vignoli, C. | Vilela, C. | Viren, B. | Vrba, T. | Wachala, T. | Waldron, A.V. | Wallbank, M. | Wallis, C. | Walton, T. | Wang, H. | Wang, J. | Wang, L. | Wang, M.H.L.S. | Wang, X. | Wang, Y. | Wang, Y. | Warburton, K. | Warner, D. | Wascko, M.O. | Waters, D. | Watson, A. | Wawrowska, K. | Weatherly, P. | Weber, A. | Weber, M. | Wei, H. | Weinstein, A. | Wenman, D. | Wetstein, M. | White, A. | Whitehead, L.H. | Whittington, D. | Wilking, M.J. | Wilkinson, A. | Wilkinson, C. | Williams, Z. | Wilson, F. | Wilson, R.J. | Wisniewski, W. | Wolcott, J. | Wongjirad, T. | Wood, A. | Wood, K. | Worcester, E. | Worcester, M. | Wresilo, K. | Wret, C. | Wu, W. | Wu, W. | Xiao, Y. | Xie, F. | Yaeggy, B. | Yandel, E. | Yang, G. | Yang, K. | Yang, T. | Yankelevich, A. | Yershov, N. | Yonehara, K. | Yoon, Y.S. | Young, T. | Yu, B. | Yu, H. | Yu, H. | Yu, J. | Yu, Y. | Yuan, W. | Zaki, R. | Zalesak, J. | Zambelli, L. | Zamorano, B. | Zani, A. | Zazueta, L. | Zeller, G.P. | Zennamo, J. | Zeug, K. | Zhang, C. | Zhang, S. | Zhang, Y. | Zhao, M. | Zhivun, E. | Zhu, G. | Zimmerman, E.D. | Zucchelli, S. | Zuklin, J. | Zutshi, V. | Zwaska, R.",1246,2203.06281,https://arxiv.org/abs/2203.06281,2022,2022-03-11,INSPIRE earliest_date,IF | NF,仪器学前沿 | 中微子前沿,2,IF: General - centered on this frontier | NF: General - centered on this frontier,hep-ex,hep-ex,Experimental particle physics,实验粒子物理,neutrino: flux | search for: new interaction | p: beam | CP: violation | asymmetry: CP | DUNE | argon | precision measurement | neutrino: oscillation | neutrino: detector | near detector | new particle | LBNF | numerical calculations: Monte Carlo,2,25,6,5.6645471464019845,0.76,65.27001862197393,65.27001862197393,65.27001862197393,185,187,188,INSPIRE,,2050940,https://inspirehep.net/literature/2050940,https://www.slac.stanford.edu/econf/C210711/papers//2203.06281.pdf | https://www.slac.stanford.edu/econf/C210711/papers/2203.06281.pdf
8,arxiv:2207.05103,A Grand Scan of the pMSSM Parameter Space for Snowmass 2021,J. Dickinson et al.,"Dickinson, Jennet | Bein, Samuel | Heinemeyer, Sven | Hiltbrand, Joshua | Hirschauer, Jim | Hopkins, Walter | Lipeles, Elliot | Mrowietz, Malte | Strobbe, Nadja",9,2207.05103,https://arxiv.org/abs/2207.05103,2022,2022-07-11,INSPIRE earliest_date,CF | EF,宇宙前沿 | 能量前沿,2,CF: Dark Matter: Particle-like | EF: Beyond the Standard Model - Model Specific Explorations,hep-ph,hep-ph,Particle phenomenology,粒子唯象学,new physics | supersymmetry: parameter space | supersymmetry: dark matter | minimal supersymmetric standard model: parameter space | sparticle: mass | sparticle: spectrum | LSP: dark matter | LSP: mass | muon: magnetic moment | magnetic moment: anomaly,2,7,6,1.7159395973154363,0.14285714285714285,36.312849162011176,38.45437616387337,36.95530726256983,335,331,335,INSPIRE,,2110870,https://inspirehep.net/literature/2110870,https://www.slac.stanford.edu/econf/C210711/papers/2207.05103.pdf
9,arxiv:2205.15373,A Lattice QCD Perspective on Weak Decays of b and c Quarks,P. A. Boyle et al.,"Boyle, Peter A. | Chakraborty, Bipasha | Davies, Christine T.H. | DeGrand, Thomas | DeTar, Carleton | Del Debbio, Luigi | El-Khadra, Aida X. | Erben, Felix | Flynn, Jonathan M. | Gámiz, Elvira | Giusti, Davide | Gottlieb, Steven | Hansen, Maxwell T. | Heitger, Jochen | Hill, Ryan | Jay, William I. | Jüttner, Andreas | Koponen, Jonna | Kronfeld, Andreas | Lehner, Christoph | Lytle, Andrew T. | Martinelli, Guido | Meinel, Stefan | Monahan, Christopher J. | Neil, Ethan T. | Portelli, Antonin | Simone, James N. | Simula, Silvano | Sommer, Rainer | Soni, Amarjit | Tsang, J. Tobias | Van de Water, Ruth S. | Vaquero, Alejandro | Vittorio, Ludovico | Witzel, Oliver",35,2205.15373,https://arxiv.org/abs/2205.15373,2022,2022-05-30,INSPIRE earliest_date,CompF | RPF | TF,计算前沿 | 稀有过程与精密测量 | 理论前沿,3,CompF: Theoretical Calculations and Simulations | RPF: Weak Decays of b and c Quarks | TF: Lattice Gauge Theory,hep-lat,hep-lat | hep-ex | hep-ph,Lattice gauge theory,格点规范理论,decay: weak interaction | quark: decay | lattice | lattice field theory | new physics | anomaly | nonperturbative,3,29,19,6.914001305483028,0.3448275862068966,68.6219739292365,69.73929236499069,68.95716945996276,166,163,166,INSPIRE,,2089735,https://inspirehep.net/literature/2089735,https://www.slac.stanford.edu/econf/C210711/papers/2205.15373.pdf | https://www.slac.stanford.edu/econf/C210711/papers/arXiv:2205.15373.pdf
10,arxiv:2103.08623,A Lunar Farside Low Radio Frequency Array for Dark Ages 21-cm Cosmology,J. Burns et al.,"Burns, Jack | Hallinan, Gregg | Chang, Tzu-Ching | Anderson, Marin | Bowman, Judd | Bradley, Richard | Furlanetto, Steven | Hegedus, Alex | Kasper, Justin | Kocz, Jonathan | Lazio, Joseph | Lux, Jim | MacDowall, Robert | Mirocha, Jordan | Nesnas, Issa | Pober, Jonathan | Polidan, Ronald | Rapetti, David | Romero-Wolf, Andres | Slosar, Anže | Stebbins, Albert | Teitelbaum, Lawrence | White, Martin",23,2103.08623,https://arxiv.org/abs/2103.08623,2021,2021-03-15,INSPIRE earliest_date,CF,宇宙前沿,1,CF: Dark Matter: Cosmic Probes,astro-ph.IM,astro-ph.IM | astro-ph.CO | hep-ex,Astrophysical instrumentation,天体物理仪器,surface: lunar | neutrino: energy: high | particle: energy | hydrogen: atom | dipole | noise | cosmic background radiation | radio wave: detector | cosmological model | power spectrum | cosmic string | recombination | interference | solar system | dark matter | calibration | dark energy | satellite | redshift | plasma | solar | star,1,37,32,6.849594526102383,0.13513513513513514,74.30167597765363,69.55307262569832,72.87709497206703,137,164,146,INSPIRE,,1851911,https://inspirehep.net/literature/1851911,https://www.slac.stanford.edu/econf/C210711/papers/2103.08623.pdf
11,arxiv:2203.08033,A Muon Collider Facility for Physics Discovery,D. Stratakis et al.,"Stratakis, D. | Mokhov, N. | Palmer, M. | Pastrone, N. | Raubenheimer, T. | Rogers, C. | Schulte, D. | Shiltsev, V. | Tang, J. | Aimè, C. | Mahmoud., M.A. | Bartosik, N. | Barzi, E. | Bersani, A. | Bertolin, A. | Bonesini, M. | Caiffi, B. | Casarsa, M. | Catanesi, M.G. | Cerri, A. | Curatolo, C. | Dam, M. | Damerau, H. | De Matteis, E. | Denizli, H. | Di Micco, B. | Dorigo, T. | Farinon, S. | Filthaut, F. | Fiorina, D. | Giove, D. | Greco, M. | Grojean, C. | Han, T. | Jindariani, S. | Koppenburg, P. | Krizka, K. | Li, Q. | Liu, Z. | Long, K.R. | Lucchesi, D. | Mariotto, S. | Meloni, F. | Merlassino, C. | Métral, E. | Montella, A. | Musenich, R. | Nardecchia, M. | Nardi, F. | Neuffer, D. | Griso, S.Pagan | Potamianos, K. | Prioli, M. | Radicioni, E. | Reina, L. | Riccardi, C. | Ristori, L. | Rossi, L. | Salvini, P. | Santiago, J. | Senol, A. | Sestini, L. | Sorbi, M. | Stark, G. | Statera, M. | Sun, X. | Vai, I. | Agashe, K. | Allanach, B.C. | Apresyan, A. | Asadi, P. | Athanasakos, D. | Azatov, A. | Batsch, F. | Biagini, M.E. | Black, K.M. | Braghieri, A. | Bross, A. | Buonincontri, L. | Buttazzo, D. | Calderini, G. | Calzaferri, S. | Canepa, A. | Capdevilla, R. | Castelli, L. | Cesarotti, C. | Chachamis, G. | Chacko, Z. | Chancé, A. | Chen, S. | Chien, Y.-T. | Colaleo, A. | Costa, M. | Craig, N. | Cui, Y. | Curtin, D. | D'Agnolo, R.T. | Da Molin, G. | Dasu, S. | de Blas, J. | Deandrea, A. | Delahaye, J. | Delgado, A. | Dermisek, R. | Di Petrillo, K.F. | Dickinson, J. | Dracos, M. | Errico, F. | Everaerts, P. | Everett, L. | Ferretti, G. | Forslund, M. | Franceschini, R. | Gabrielli, E. | Garosi, F. | Giambastiani, L. | Giraldin, C. | Glioti, A. | Gray, L. | Greljo, A. | Gu, J. | Haber, H.E. | Han, C. | Hauptman, J. | Henning, B. | Hermanek, K. | Herndon, M. | Holmes, T.R. | Homiller, S. | Jana, S. | Jia, H. | Kahn, Y. | Kaplan, D.M. | Kilian, W. | Kong, K. | Krintiras, G.K. | Krnjaic, G. | Losito, R. | Lee, L. | Li, W. | Low, I. | Lu, Q. | Ma, Y. | Maltoni, F. | Mantani, L. | Marzocca, D. | Mastrapasqua, P. | Matchev, K. | Mazzacane, A. | McGinnis, N. | Meade, P. | Mele, B. | Merkel, P. | Mescia, F. | Mishra, R.K. | Mohammadi, A. | Mohapatra, R. | Montagna, P. | Neufeld, N. | Newman, H. | Nomura, Y. | Ojalvo, I. | Panci, P. | Pagani, D. | Paradisi, P. | Pellecchia, A. | Perloff, A. | Piccinini, F. | Pierini, M. | Procura, M. | Radogna, R. | Raubenheimer, T. | Redigolo, D. | Reuter, J. | Riva, F. | Robens, T. | Queiroz, F.S. | Sala, F. | Salko, J. | Salvioni, E. | Sarra, I. | Schieck, J. | Selvaggi, M. | Sharma, V. | Simone, F.M. | Stamerra, A. | Stolarski, D. | Stupak, J. | Su, S. | Sundrum, R. | Swiatlowski, M. | Sytov, A. | Tait, T. | Thompson, E.A. | Torre, R. | Tortora, L. | Trifinopoulos, S. | Valente, M. | Valle, N. | Venditti, R. | Verwilligen, P. | Vittorio, L. | Vitulo, P. | Vryonidou, E. | Vuosalo, C. | Weber, H. | Wu, Y. | Wulzer, A. | Xie, K. | Yonehara, K. | Yu, H.-B. | Zaza, A. | Zheng, Y.J. | Zuliani, D. | Zurita, J.",215,2203.08033,https://arxiv.org/abs/2203.08033,2022,2022-03-15,INSPIRE earliest_date,AF | EF,加速器科学与技术 | 能量前沿,2,AF: Multi-TeV Colliders | EF: General - centered on this frontier,physics.acc-ph,physics.acc-ph,Accelerator science,加速器科学,activity report | muon: storage ring | performance | costs | accelerator: design | accelerator: technology,2,114,58,25.894589552238802,0.49122807017543857,90.9683426443203,91.34078212290503,91.08007448789571,49,47,49,INSPIRE,,2052859,https://inspirehep.net/literature/2052859,https://www.slac.stanford.edu/econf/C210711/papers/2203.08033.pdf
12,arxiv:2203.08278,A New Charged Lepton Flavor Violation Program at Fermilab,M. Aoki et al.,"Aoki, M. | Appleby, R.B. | Aslaninejad, M. | Barlow, R. | Bernstein, R.H. | Bloise, C. | Calibbi, L. | Cervelli, F. | Culbertson, R. | de Gouvea, Andre Luiz | Di Falco, S. | Diociaiuti, E. | Donati, S. | Donghia, R. | Echenard, B. | Gaponenko, A. | Giovannella, S. | Group, C. | Happacher, F. | Hedges, M.T. | Hitlin, D.G. | Hungerford, E. | Johnstone, C. | Kaplan, D.M. | Kargiantoulakis, M. | Kelliher, D.J. | Kirch, K. | Knecht, A. | Kuno, Y. | Kurup, A. | Lagrange, J.-B. | Lancaster, M. | Long, K. | Luca, A. | Lynch, K. | Machida, S. | Martini, M. | Middleton, S. | Mihara, S. | Miller, J. | Miscetti, S. | Morescalchi, L. | Mori, Y. | Murat, P. | Muratori, B. | Neuffer, D. | Papa, A. | Pasternak, J. | Pedreschi, E. | Pezzullo, G. | Planche, T. | Porter, F. | Prebys, E. | Prior, C.R. | Pronskikh, V. | Ray, R. | Renga, F. | Rogers, C. | Sarra, I. | Sato, A. | Smith, S.L. | Spinella, F. | Stratakis, D. | Syphers, M. | Truong, N.M. | Tygier, S. | Uchida, Y. | Yucel, M.",68,2203.08278,https://arxiv.org/abs/2203.08278,2022,2022-03-15,INSPIRE earliest_date,RPF,稀有过程与精密测量,1,RPF: Charged Lepton Flavor Violation,hep-ex,hep-ex,Experimental particle physics,实验粒子物理,lepton: flavor: violation | muon: storage ring | muon: beam | spin: rotation | flavor: violation | lepton: flavor | muon: spin | muon: electric moment | new physics: search for | upgrade | booster | accelerator: proposed,1,37,23,8.404384328358208,0.3783783783783784,74.30167597765363,74.86033519553072,74.46927374301676,138,135,136,INSPIRE,,2053459,https://inspirehep.net/literature/2053459,https://www.slac.stanford.edu/econf/C210711/papers/2203.08278.pdf
13,arxiv:2203.02309,A Next-Generation Liquid Xenon Observatory for Dark Matter and Neutrino Physics,J. Aalbers et al.,"Aalbers, J. | AbdusSalam, S.S. | Abe, K. | Aerne, V. | Agostini, F. | Maouloud, S. Ahmed | Akerib, D.S. | Akimov, D.Yu. | Akshat, J. | Musalhi, A.K. Al | Alder, F. | Alsum, S.K. | Althueser, L. | Amarasinghe, C.S. | Amaro, F.D. | Ames, A. | Anderson, T.J. | Andrieu, B. | Angelides, N. | Angelino, E. | Angevaare, J. | Antochi, V.C. | Martin, D. Antón | Antunovic, B. | Aprile, E. | Araújo, H.M. | Armstrong, J.E. | Arneodo, F. | Arthurs, M. | Asadi, P. | Baek, S. | Bai, X. | Bajpai, D. | Baker, A. | Balajthy, J. | Balashov, S. | Balzer, M. | Bandyopadhyay, A. | Bang, J. | Barberio, E. | Bargemann, J.W. | Baudis, L. | Bauer, D. | Baur, D. | Baxter, A. | Baxter, A.L. | Bazyk, M. | Beattie, K. | Behrens, J. | Bell, N.F. | Bellagamba, L. | Beltrame, P. | Benabderrahmane, M. | Bernard, E.P. | Bertone, G.F. | Bhattacharjee, P. | Bhatti, A. | Biekert, A. | Biesiadzinski, T.P. | Binau, A.R. | Biondi, R. | Biondi, Y. | Birch, H.J. | Bishara, F. | Bismark, A. | Blanco, C. | Blockinger, G.M. | Bodnia, E. | Boehm, C. | Bolozdynya, A.I. | Bolton, P.D. | Bottaro, S. | Bourgeois, C. | Boxer, B. | Brás, P. | Breskin, A. | Breur, P.A. | Brew, C.A.J. | Brod, J. | Brookes, E. | Brown, A. | Brown, E. | Bruenner, S. | Bruno, G. | Budnik, R. | Bui, T.K. | Burdin, S. | Buse, S. | Busenitz, J.K. | Buttazzo, D. | Buuck, M. | Buzulutskov, A. | Cabrita, R. | Cai, C. | Cai, D. | Capelli, C. | Cardoso, J.M.R. | Carmona-Benitez, M.C. | Cascella, M. | Catena, R. | Chakraborty, S. | Chan, C. | Chang, S. | Chauvin, A. | Chawla, A. | Chen, H. | Chepel, V. | Chott, N.I. | Cichon, D. | Chavez, A. Cimental | Cimmino, B. | Clark, M. | Co, R.T. | Colijn, A.P. | Conrad, J. | Converse, M.V. | Costa, M. | Cottle, A. | Cox, G. | Creaner, O. | Garcia, J.J. Cuenca | Cussonneau, J.P. | Cutter, J.E. | Dahl, C.E. | D'Andrea, V. | David, A. | Decowski, M.P. | Dent, J.B. | Deppisch, F.F. | de Viveiros, L. | Di Gangi, P. | Di Giovanni, A. | Di Pede, S. | Dierle, J. | Diglio, S. | Dobson, J.E.Y. | Doerenkamp, M. | Douillet, D. | Drexlin, G. | Druszkiewicz, E. | Dunsky, D. | Eitel, K. | Elykov, A. | Emken, T. | Engel, R. | Eriksen, S.R. | Fairbairn, M. | Fan, A. | Fan, J.J. | Farrell, S.J. | Fayer, S. | Fearon, N.M. | Ferella, A. | Ferrari, C. | Fieguth, A. | Fiorucci, S. | Fischer, H. | Flaecher, H. | Flierman, M. | Florek, T. | Foot, R. | Fox, P.J. | Franceschini, R. | Fraser, E.D. | Frenk, C.S. | Frohlich, S. | Fruth, T. | Fulgione, W. | Fuselli, C. | Gaemers, P. | Gaior, R. | Gaitskell, R.J. | Galloway, M. | Gao, F. | Garcia Garcia, I. | Genovesi, J. | Ghag, C. | Ghosh, S. | Gibson, E. | Gil, W. | Giovagnoli, D. | Girard, F. | Glade-Beucke, R. | Glück, F. | Gokhale, S. | de Gouvêa, A. | Gráf, L. | Grandi, L. | Grigat, J. | Grinstein, B. | van der Grinten, M.G.D. | Grössle, R. | Guan, H. | Guida, M. | Gumbsheimer, R. | Gwilliam, C.B. | Hall, C.R. | Hall, L.J. | Hammann, R. | Han, K. | Hannen, V. | Hansmann-Menzemer, S. | Harata, R. | Hardin, S.P. | Hardy, E. | Hardy, C.A. | Harigaya, K. | Harnik, R. | Haselschwardt, S.J. | Hernandez, M. | Hertel, S.A. | Higuera, A. | Hils, C. | Hochrein, S. | Hoetzsch, L. | Hoferichter, M. | Hood, N. | Hooper, D. | Horn, M. | Howlett, J. | Huang, D.Q. | Huang, Y. | Hunt, D. | Iacovacci, M. | Iaquaniello, G. | Ide, R. | Ignarra, C.M. | Iloglu, G. | Itow, Y. | Jacquet, E. | Jahangir, O. | Jakob, J. | James, R.S. | Jansen, A. | Ji, W. | Ji, X. | Joerg, F. | Johnson, J. | Joy, A. | Kaboth, A.C. | Kalhor, L. | Kamaha, A.C. | Kanezaki, K. | Kar, K. | Kara, M. | Kato, N. | Kavrigin, P. | Kazama, S. | Keaveney, A.W. | Kellerer, J. | Khaitan, D. | Khazov, A. | Khundzakishvili, G. | Khurana, I. | Kilminster, B. | Kleifges, M. | Ko, P. | Kobayashi, M. | Kodroff, D. | Koltmann, G. | Kopec, A. | Kopmann, A. | Kopp, J. | Korley, L. | Kornoukhov, V.N. | Korolkova, E.V. | Kraus, H. | Krauss, L.M. | Kravitz, S. | Kreczko, L. | Kudryavtsev, V.A. | Kuger, F. | Kumar, J. | Paredes, B. López | LaCascio, L. | Laha, R. | Laine, Q. | Landsman, H. | Lang, R.F. | Leason, E.A. | Lee, J. | Leonard, D.S. | Lesko, K.T. | Levinson, L. | Levy, C. | Li, I. | Li, S.C. | Li, T. | Liang, S. | Liebenthal, C.S. | Lin, J. | Lin, Q. | Lindemann, S. | Lindner, M. | Lindote, A. | Linehan, R. | Lippincott, W.H. | Liu, X. | Liu, K. | Liu, J. | Loizeau, J. | Lombardi, F. | Long, J. | Lopes, M.I. | Lopez Asamar, E. | Lorenzon, W. | Lu, C. | Luitz, S. | Ma, Y. | Machado, P.A.N. | Macolino, C. | Maeda, T. | Mahlstedt, J. | Majewski, P.A. | Manalaysay, A. | Mancuso, A. | Manenti, L. | Manfredini, A. | Mannino, R.L. | Marangou, N. | March-Russell, J. | Marignetti, F. | Undagoitia, T. Marrodán | Martens, K. | Martin, R. | Martinez-Soler, I. | Masbou, J. | Masson, D. | Masson, E. | Mastroianni, S. | Mastronardi, M. | Matias-Lopes, J.A. | McCarthy, M.E. | McFadden, N. | McGinness, E. | McKinsey, D.N. | McLaughlin, J. | McMichael, K. | Meinhardt, P. | Menéndez, J. | Meng, Y. | Messina, M. | Midha, R. | Milisavljevic, D. | Miller, E.H. | Milosevic, B. | Milutinovic, S. | Mitra, S.A. | Miuchi, K. | Mizrachi, E. | Mizukoshi, K. | Molinario, A. | Monte, A. | Monteiro, C.M.B. | Monzani, M.E. | Moore, J.S. | Morå, K. | Morad, J.A. | Morales Mendoza, J.D. | Moriyama, S. | Morrison, E. | Morteau, E. | Mosbacher, Y. | Mount, B.J. | Mueller, J. | Murphy, A.St. J. | Murra, M. | Naim, D. | Nakamura, S. | Nash, E. | Navaieelavasani, N. | Naylor, A. | Nedlik, C. | Nelson, H.N. | Neves, F. | Newstead, J.L. | Ni, K. | Nikoleyczik, J.A. | Niro, V. | Oberlack, U.G. | Obradovic, M. | Odgers, K. | O'Hare, C.A.J. | Oikonomou, P. | Olcina, I. | Oliver-Mallory, K. | Oranday, A. | Orpwood, J. | Ostrovskiy, I. | Ozaki, K. | Paetsch, B. | Pal, S. | Palacio, J. | Palladino, K.J. | Palmer, J. | Panci, P. | Pandurovic, M. | Parlati, A. | Parveen, N. | Patton, S.J. | Pěč, V. | Pellegrini, Q. | Penning, B. | Pereira, G. | Peres, R. | Perez-Gonzalez, Y. | Perry, E. | Pershing, T. | Petrossian-Byrne, R. | Pienaar, J. | Piepke, A. | Pieramico, G. | Pierre, M. | Piotter, M. | Pizzella, V. | Plante, G. | Pollmann, T. | Porzio, D. | Qi, J. | Qie, Y. | Qin, J. | Quevedo, F. | Raj, N. | Silva, M. Rajado | Ramanathan, K. | García, D. Ramírez | Ravanis, J. | Redard-Jacot, L. | Redigolo, D. | Reichard, S. | Reichenbacher, J. | Rhyne, C.A. | Richards, A. | Riffard, Q. | Rischbieter, G.R.C. | Rocchetti, A. | Rosenfeld, S.L. | Rosero, R. | Rupp, N. | Rushton, T. | Saha, S. | Salucci, P. | Sanchez, L. | Sanchez-Lucas, P. | Santone, D. | Santos, J.M.F. dos | Sarnoff, I. | Sartorelli, G. | Sazzad, A.B.M.R. | Scheibelhut, M. | Schnee, R.W. | Schrank, M. | Schreiner, J. | Schulte, P. | Schulte, D. | Eissing, H. Schulze | Schumann, M. | Schwemberger, T. | Schwenk, A. | Schwetz, T. | Scotto Lavina, L. | Scovell, P.R. | Sekiya, H. | Selvi, M. | Semenov, E. | Semeria, F. | Shagin, P. | Shaw, S. | Shi, S. | Shockley, E. | Shutt, T.A. | Si-Ahmed, R. | Silk, J.J. | Silva, C. | Silva, M.C. | Simgen, H. | Šimkovic, F. | Sinev, G. | Singh, R. | Skulski, W. | Smirnov, J. | Smith, R. | Solmaz, M. | Solovov, V.N. | Sorensen, P. | Soria, J. | Sparmann, T.J. | Stancu, I. | Steidl, M. | Stevens, A. | Stifter, K. | Strigari, L.E. | Subotic, D. | Suerfu, B. | Suliga, A.M. | Sumner, T.J. | Szabo, P. | Szydagis, M. | Takeda, A. | Takeuchi, Y. | Tan, P.-L. | Taricco, C. | Taylor, W.C. | Temples, D.J. | Terliuk, A. | Terman, P.A. | Thers, D. | Thieme, K. | Thümmler, Th. | Tiedt, D.R. | Timalsina, M. | To, W.H. | Toennies, F. | Tong, Z. | Toschi, F. | Tovey, D.R. | Tranter, J. | Trask, M. | Trinchero, G.C. | Tripathi, M. | Tronstad, D.R. | Trotta, R. | Tsai, Y.D. | Tunnell, C.D. | Turner, W.G. | Ueno, R. | Urquijo, P. | Utku, U. | Vaitkus, A. | Valerius, K. | Vassilev, E. | Vecchi, S. | Velan, V. | Vetter, S. | Vincent, A.C. | Vittorio, L. | Volta, G. | von Krosigk, B. | von Piechowski, M. | Vorkapic, D. | Wagner, C.E.M. | Wang, A.M. | Wang, B. | Wang, Y. | Wang, W. | Wang, J.J. | Wang, L.-T. | Wang, M. | Watson, J.R. | Wei, Y. | Weinheimer, C. | Weisman, E. | Weiss, M. | Wenz, D. | West, S.M. | Whitis, T.J. | Williams, M. | Wilson, M.J. | Winkler, D. | Wittweg, C. | Wolf, J. | Wolf, T. | Wolfs, F.L.H. | Woodford, S. | Woodward, D. | Wright, C.J. | Wu, V.H.S. | Wu, P. | Wüstling, S. | Wurm, M. | Xia, Q. | Xiang, X. | Xing, Y. | Xu, J. | Xu, Z. | Xu, D. | Yamashita, M. | Yamazaki, R. | Yan, H. | Yang, L. | Yang, Y. | Ye, J. | Yeh, M. | Young, I. | Yu, H.B. | Yu, T.T. | Yuan, L. | Zavattini, G. | Zerbo, S. | Zhang, Y. | Zhong, M. | Zhou, N. | Zhou, X. | Zhu, T. | Zhu, Y. | Zhuang, Y. | Zopounidis, J.P. | Zuber, K. | Zupan, J.",599,2203.02309,https://arxiv.org/abs/2203.02309,2022,2022-03-04,INSPIRE earliest_date,CF | IF | NF | RPF | UF,宇宙前沿 | 仪器学前沿 | 中微子前沿 | 稀有过程与精密测量 | 地下设施与基础设施,5,CF: Dark Matter: Particle-like | IF: Noble Element-Based Detectors | NF: Neutrinos from Natural Sources | RPF: Fundamental Physics in Small Experiments | UF: Underground Detectors,physics.ins-det,physics.ins-det | astro-ph.CO | hep-ex | nucl-ex,Instrumentation and detectors,仪器与探测器,dark matter | neutrinoless double-beta decay | neutrinos | supernova | direct detection | astroparticle physics | xenon | activity report | double-beta decay: (0neutrino) | xenon: liquid | time projection chamber: xenon | dark matter: detector | detector: technology,5,218,77,49.18128474366893,0.6467889908256881,97.48603351955308,97.67225325884544,97.54189944134077,14,13,14,INSPIRE,,2046565,https://inspirehep.net/literature/2046565,https://www.slac.stanford.edu/econf/C210711/papers/2203.02309.pdf
14,arxiv:2112.09548,A Note on Blind Technique for New Physics Searches in Particle Physics,S. V. Chekanov et al.,"Chekanov, Sergei V.",1,2112.09548,https://arxiv.org/abs/2112.09548,2021,2021-12-16,INSPIRE earliest_date,EF,能量前沿,1,EF: Beyond the Standard Model - More General Explorations,hep-ex,hep-ex | hep-ph,Experimental particle physics,实验粒子物理,new physics: search for | background | error: statistical | data analysis method | HEP | particle physics | BSM,1,1,1,0.2152327637006482,0.0,4.283054003724395,2.1415270018621975,3.6405959031657353,503,526,526,INSPIRE,,1992906,https://inspirehep.net/literature/1992906,https://www.slac.stanford.edu/econf/C210711/papers/2112.09548.pdf
15,arxiv:2203.08210,A Short Overview on Low Mass Scalars at Future Lepton Colliders,T. Robens.,"Robens, Tania",1,2203.08210,https://arxiv.org/abs/2203.08210,2022,2022-03-15,INSPIRE earliest_date,EF | TF,能量前沿 | 理论前沿,2,EF: Higgs Boson as a Portal to New Physics | TF: Collider Phenomenology,hep-ph,hep-ph,Particle phenomenology,粒子唯象学,mass: scalar | lepton | FCC | CEPC,2,10,5,2.2714552238805967,0.5,44.134078212290504,44.878957169459966,44.35754189944134,295,295,295,INSPIRE,,2053425,https://inspirehep.net/literature/2053425,https://www.slac.stanford.edu/econf/C210711/papers/2203.08210.pdf
16,arxiv:2209.03585,"A Spectroscopic Road Map for Cosmic Frontier: DESI, DESI-II, Stage-5",D. J. Schlegel et al.,"Schlegel, David J. | Ferraro, Simone | Aldering, Greg | Baltay, Charles | BenZvi, Segev | Besuner, Robert | Blanc, Guillermo A. | Bolton, Adam S. | Bonaca, Ana | Brooks, David | Buckley-Geer, Elizabeth | Cai, Zheng | DeRose, Joseph | Dey, Arjun | Doel, Peter | Drlica-Wagner, Alex | Fan, Xiaohui | Gutierrez, Gaston | Green, Daniel | Guy, Julien | Huterer, Dragan | Infante, Leopoldo | Jelinsky, Patrick | Karagiannis, Dionysios | Kent, Stephen M. | Kim, Alex G. | Kneib, Jean-Paul | Kollmeier, Juna A. | Kremin, Anthony | Lahav, Ofer | Landriau, Martin | Lang, Dustin | Leauthaud, Alexie | Levi, Michael E. | Linder, Eric V. | Magneville, Christophe | Martini, Paul | McDonald, Patrick | Miller, Christopher J. | Myers, Adam D. | Newman, Jeffrey A. | Nugent, Peter E. | Palanque-Delabrouille, Nathalie | Padmanabhan, Nikhil | Palmese, Antonella | Poppett, Claire | Prochaska, Jason X. | Raichoor, Anand | Ramirez, Solange | Sailer, Noah | Schaan, Emmanuel | Schubnell, Michael | Seljak, Uros | Seo, Hee-Jong | Silber, Joseph | Simon, Joshua D. | Slepian, Zachary | Soares-Santos, Marcelle | Tarlé, Greg | Valluri, Monica | Weaverdyck, Noah J. | Wechsler, Risa H. | White, Martin | Yèche, Christophe | Zhou, Rongpu | Finkbeiner, Douglas | Gontcho A. Gontcho, Satya | Moustakas, John | Ross, Ashley J. | Samushia, Lado | Zaritsky, Dennis",71,2209.03585,https://arxiv.org/abs/2209.03585,2022,2022-09-08,INSPIRE earliest_date,CF,宇宙前沿,1,CF: Dark Energy and Cosmic Acceleration: Complementarity of Probes and New Facilities,astro-ph.CO,astro-ph.CO | hep-ex,Cosmology,宇宙学,density: high | redshift: high | dimension: 3 | DESI | galaxy | star | dark energy: density | dark matter: density | quasar | cosmic background radiation | lens | inflation: model,1,121,57,30.884171907756812,0.5289256198347108,91.71322160148976,92.64432029795158,91.9925512104283,45,40,44,INSPIRE,,2148948,https://inspirehep.net/literature/2148948,https://www.slac.stanford.edu/econf/C210711/papers/2209.03585.pdf
17,arxiv:2203.13985,A Strategic Approach to Advance Magnet Technology for Next Generation Colliders,G. Ambrosio et al.,"Ambrosio, G. | Amm, K. | Anerella, M. | Apollinari, G. | Arbelaez, D. | Auchmann, B. | Balachandran, S. | Baldini, M. | Ballarino, A. | Barua, S. | Barzi, E. | Baskys, A. | Bird, C. | Boerme, J. | Bosque, E. | Brouwer, L. | Caspi, S. | Cheggour, N. | Chlachidze, G. | Cooley, L. | Davis, D. | Dietderich, D. | DiMarco, J. | English, L. | Fajardo, L. Garcia | Fernandez, J.L. Rudeiros | Ferracin, P. | Gourlay, S. | Gupta, R. | Hafalia, A. | Hellstrom, E. | Higley, H. | Hossain, I. | Jewell, M. | Jiang, J. | Juchno, Gm. | Kametani, F. | Kashikhin, V. | Krave, S. | Kumar, M. | Kurian, F. | Lankford, A. | Larbalestier, D. | Lee, P. | Lee, G.S. | Lombardo, V. | Marchevsky, M. | Marinozzi, V. | Messe, C. | Minervini, J. | Myers, C. | Naus, M. | Novitski, I. | Ogitsu, T. | Palmer, M. | Pong, I. | Prestemon, S. | Runyan, C. | Sabbi, G.L. | Shen, T. | Stoynev, S. | Strauss, T. | Tarantini, C. | Teyber, R. | Trociewitz, U. | Turqueti, M. | Turenne, M. | Turrioni, D. | Vallone, G. | Velev, G. | Viarengo, S. | Wang, L. | Wang, X. | Xu, X. | Yamamoto, A. | Yin, S. | Zlobin, A.",77,2203.13985,https://arxiv.org/abs/2203.13985,2022,2022-03-26,INSPIRE earliest_date,AF,加速器科学与技术,1,AF: Accelerator Technology - Magnets,physics.acc-ph,physics.acc-ph,Accelerator science,加速器科学,activity report | magnet: technology | magnet: superconductivity | costs | bending magnet | performance,1,5,1,1.1435504070131497,0.8,28.212290502793294,28.77094972067039,28.37988826815642,375,383,384,INSPIRE,,2059080,https://inspirehep.net/literature/2059080,https://www.slac.stanford.edu/econf/C210711/papers/2203.13985.pdf
18,arxiv:2203.08463,A Strategy for Low-Mass Dark Matter Searches with Cryogenic Detectors in the SuperCDMS SNOLAB Facility,M. F. Albakry et al.,"Albakry, M.F. | Alkhatib, I. | Amaral, D.W.P. | Aralis, T. | Aramaki, T. | Arnquist, I.J. | Langroudy, I. Ataee | Azadbakht, E. | Banik, S. | Bathurst, C. | Bauer, D.A. | Bhattacharyya, R. | Brink, P.L. | Bunker, R. | Cabrera, B. | Calkins, R. | Cameron, R.A. | Cartaro, C. | Cerdeno, D.G. | Chang, Y.-Y. | Chaudhuri, M. | Chen, R. | Chott, N. | Cooley, J. | Coombes, H. | Corbett, J. | Cushman, P. | De Brienne, F. | Dharani, S. | di Vacri, M.L. | Diamond, M.D. | Fascione, E. | Figueroa-Feliciano, E. | Fink, C.W. | Fouts, K. | Fritts, M. | Gerbier, G. | Germond, R. | Ghaith, M. | Golwala, S.R. | Hall, J. | Hassan, N. | Hines, B.A. | Hollister, M.I. | Hong, Z. | Hoppe, E.W. | Hsu, L. | Huber, M.E. | Iyer, V. | Jastram, A. | Kashyap, V.K.S. | Kelsey, M.H. | Kubik, A. | Kurinsky, N.A. | Lawrence, R.E. | Lee, M. | Li, A. | Liu, J. | Liu, Y. | Loer, B. | Lukens, P. | MacFarlane, D.B. | Mahapatra, R. | Mandic, V. | Mast, N. | Mayer, A.J. | Meyer zu Theenhausen, H. | Michaud, E. | Michielin, E. | Mirabolfathi, N. | Mohanty, B. | Nagorny, S. | Nelson, J. | Neog, H. | Novati, V. | Orrell, J.L. | Osborne, M.D. | Oser, S.M. | Page, W.A. | Partridge, R. | Pedreros, D.S. | Podviianiuk, R. | Ponce, F. | Poudel, S. | Pradeep, A. | Pyle, M. | Rau, W. | Reid, E. | Ren, R. | Reynolds, T. | Roberts, A. | Robinson, A.E. | Saab, T. | Sadoulet, B. | Saikia, I. | Sander, J. | Sattari, A. | Schmidt, B. | Schnee, R.W. | Scorza, S. | Serfass, B. | Poudel, S.S. | Sincavage, D.J. | Stanford, C. | Street, J. | Sun, H. | Thasrawala, F.K. | Toback, D. | Underwood, R. | Verma, S. | Villano, A.N. | von Krosigk, B. | Watkins, S.L. | Wen, O. | Williams, Z. | Wilson, M.J. | Winchell, J. | Wyko, K. | Yellin, S. | Young, B.A. | Yu, T.C. | Zatschler, B. | Zatschler, S. | Zaytsev, A. | Zhang, E. | Zheng, L. | Zuber, S.",127,2203.08463,https://arxiv.org/abs/2203.08463,2022,2022-03-16,INSPIRE earliest_date,CF | IF | NF | UF,宇宙前沿 | 仪器学前沿 | 中微子前沿 | 地下设施与基础设施,4,CF: Dark Matter: Particle-like | IF: Quantum Sensors | NF: Neutrinos Beyond the Standard Model | UF: Underground Detectors,physics.ins-det,physics.ins-det | astro-ph.IM | hep-ex | nucl-ex,Instrumentation and detectors,仪器与探测器,activity report | detector: performance | dark matter: detector | CDMS | upgrade | detector: technology | detector: design,4,83,60,18.86481020535159,0.27710843373493976,86.96461824953445,87.24394785847299,87.048417132216,70,69,70,INSPIRE,,2053352,https://inspirehep.net/literature/2053352,https://www.slac.stanford.edu/econf/C210711/papers/2203.08463.pdf
19,arxiv:2203.07287,A TPC-based Tracking System for a Future Belle II Upgrade,A. Löschke Centeno et al.,"Centeno, Andreas Löschcke | Wessel, Christian | Lewis, Peter M. | Hartbrich, Oskar | Kaminski, Jochen | Mariñas, Carlos | Vahsen, Sven",7,2203.07287,https://arxiv.org/abs/2203.07287,2022,2022-03-14,INSPIRE earliest_date,IF,仪器学前沿,1,IF: Micro Pattern Gas Detectors,physics.ins-det,physics.ins-det | hep-ex,Instrumentation and detectors,仪器与探测器,tracking detector: design | BELLE | time projection chamber | performance | upgrade | numerical calculations,1,3,0,0.6810130515848353,1.0,16.480446927374302,15.270018621973929,16.11731843575419,431,454,455,INSPIRE,,2051246,https://inspirehep.net/literature/2051246,https://www.slac.stanford.edu/econf/C210711/papers/2203.07287.pdf
20,arxiv:2203.13998,A Work Proposal for a Collaborative Study of Magnet Technology for a Future Muon Collider,L. Bottura et al.,"Bottura, L. | Aguglia, D. | Auchmann, B. | Arndt, T. | Beard, J. | Bersani, A. | Boattini, F. | Breschi, M. | Caiffi, B. | Chaud, X. | Dam, M. | Debray, F. | De Gersem, H. | De Matteis, E. | Dudarev, A. | Farinon, S. | Kario, A. | Losito, R. | Mariotto, S. | Mentink, M. | Musenich, R. | Ogitsu, T. | Prioli, M. | Quettier, L. | Rossi, L. | Schulte, D. | Senatore, C. | Sorbi, M. | Statera, M. | Kate, H. Ten | Valente, R.U. | Yamamoto, A. | Yang, Y.",33,2203.13998,https://arxiv.org/abs/2203.13998,2022,2022-03-26,INSPIRE earliest_date,AF,加速器科学与技术,1,AF: Accelerator Technology - Magnets,physics.acc-ph,physics.acc-ph,Accelerator science,加速器科学,activity report | muon: storage ring | magnet: technology | magnet: design | beam optics,1,8,4,1.8296806512210395,0.5,39.385474860335194,40.68901303538175,39.77653631284916,319,319,321,INSPIRE,,2059051,https://inspirehep.net/literature/2059051,https://www.slac.stanford.edu/econf/C210711/papers/2203.13998.pdf
21,arxiv:2203.06816,Accelerator and Beam Physics: Grand Challenges and Research Opportunities,S. Nagaitsev et al.,"Nagaitsev, S. | Shiltsev, V. | Valishev, A. | Zolkin, T. | Vay, J.-L. | Bai, M. | Cai, Y. | Hogan, M.J. | Huang, Z. | Seeman, J. | Dunham, B. | Huang, X. | Roser, T. | Minty, M. | Rosenzweig, J. | Piot, P. | Power, J. | Byrd, J.M. | Seryi, A. | Lund, S. | Patterson, J.R.",21,2203.06816,https://arxiv.org/abs/2203.06816,2022,2022-03-13,INSPIRE earliest_date,AF,加速器科学与技术,1,AF: Beam Physics and Accelerator Education,physics.acc-ph,physics.acc-ph | hep-ex,Accelerator science,加速器科学,activity report | charged particle: beam | accelerator | acceleration,1,3,2,0.6805900621118012,0.3333333333333333,16.480446927374302,14.618249534450651,15.921787709497206,432,458,459,INSPIRE,,2051669,https://inspirehep.net/literature/2051669,https://www.slac.stanford.edu/econf/C210711/papers/2203.06816.pdf
22,arxiv:2203.08335,Accelerator Modeling Community White Paper,S. Biedron et al.,"Biedron, S. | Brouwer, L. | Bruhwiler, D.L. | Cook, N.M. | Edelen, A.L. | Filippetto, D. | Huang, C.-K. | Huebl, A. | Katsouleas, T. | Kuklev, N. | Lehe, R. | Lund, S. | Messe, C. | Mori, W. | Ng, C.-K. | Perez, D. | Piot, P. | Qiang, J. | Roussel, R. | Sagan, D. | Sahai, A. | Scheinker, A. | Thévenet, M. | Tsung, F. | Vay, J.-L. | Winklehner, D. | Zhang, H.",27,2203.08335,https://arxiv.org/abs/2203.08335,2022,2022-03-15,INSPIRE earliest_date,AF | CompF,加速器科学与技术 | 计算前沿,2,AF: General - centered on this frontier | CompF: Theoretical Calculations and Simulations,physics.acc-ph,physics.acc-ph,Accelerator science,加速器科学,,2,15,10,3.4071828358208953,0.3333333333333333,51.303538175046555,51.48975791433892,51.35940409683426,258,260,262,INSPIRE,,2053629,https://inspirehep.net/literature/2053629,https://www.slac.stanford.edu/econf/C210711/papers/2203.08335.pdf
23,arxiv:2203.08748,Accessibility in High Energy Physics: Lessons from the Snowmass Process,K. A. Assamagan et al.,"Assamagan, K.A. | Bonifazi, C. | Bonilla, J.S. | Breur, P.A. | Chen, M.-C. | Chen, T.Y. | Roepe-Gier, A. | Lin, Y.H. | Meehan, S. | Monzani, M.E. | Novitski, E. | Stark, G.",12,2203.08748,https://arxiv.org/abs/2203.08748,2022,2022-03-16,INSPIRE earliest_date,CEF,社群参与,1,"CEF: Diversity, Equity, and Inclusion",physics.ed-ph,physics.ed-ph | physics.soc-ph,Physics and instrumentation,物理与仪器,,1,4,1,0.9091474797759802,0.75,22.998137802607076,23.83612662942272,23.24953445065177,399,409,409,INSPIRE,,2053813,https://inspirehep.net/literature/2053813,https://www.slac.stanford.edu/econf/C210711/papers/2203.08748.pdf
24,arxiv:2203.04391,Adaptive Machine Learning for Time-Varying Systems: Towards 6D Phase Space Diagnostics of Short Intense Charged Particle Beams,"A. Scheinker, S. Gessner.","Scheinker, Alexander | Gessner, Spencer",2,2203.04391,https://arxiv.org/abs/2203.04391,2022,2022-03-08,INSPIRE earliest_date,AF | CompF,加速器科学与技术 | 计算前沿,2,AF: Beam Physics and Accelerator Education | CompF: Machine Learning,physics.acc-ph,physics.acc-ph,Accelerator science,加速器科学,synchrotron radiation: coherence | charged particle: beam | force: space charge | effect: nonlinear | time dependence | control system | feedback | wake field | phase space | dimension: 6 | neural network | artificial intelligence | numerical calculations | performance | beam dynamics,2,3,2,0.6784829721362229,0.3333333333333333,16.480446927374302,13.500931098696462,15.58659217877095,433,465,466,INSPIRE,,2049097,https://inspirehep.net/literature/2049097,https://www.slac.stanford.edu/econf/C210711/papers/2203.04391.pdf
25,arxiv:2212.09524,Adding Stroboscopic Muon Information For Reduction of Systematic Uncertainties in DUNE,H. J. Frisch,"Frisch, Henry J.",1,2212.09524,https://arxiv.org/abs/2212.09524,2022,2022-12-16,INSPIRE earliest_date,IF | NF,仪器学前沿 | 中微子前沿,2,IF: Cross-Cutting Issues and Systems Integration | NF: Neutrino Detectors,hep-ex,hep-ex | physics.ins-det,Experimental particle physics,实验粒子物理,muon: momentum | muon: spectrum | pi: decay | energy: correlation | muon: velocity | neutrino: momentum | muon: momentum spectrum | photon: detector | muon: flux | hadron: flux | geometry | multiple scattering | neutrino: oscillation | time-of-flight | DUNE | neutrino: detector | deep underground detector | near detector | LBNF | momentum resolution | detector: resolution | data analysis method | experimental results,2,1,1,0.2742117117117117,0.0,4.283054003724395,6.424581005586592,4.925512104283054,504,503,503,INSPIRE,,2616006,https://inspirehep.net/literature/2616006,https://www.slac.stanford.edu/econf/C210711/papers/2212.09524.pdf
26,arxiv:2203.08425,Advanced Accelerator Linear Collider Demonstration Facility at Intermediate Energy,C. Benedetti et al.,"Bulanov, S.S. | Aidala, C.A. | Benedetti, C. | Bernstein, R. | Esarey, E. | Geddes, C.G.R. | Gessner, S.J. | Gonsalves, A.J. | Hogan, M.J. | Jacobs, P.M. | Jing, C. | Knapen, S. | Lee, C. | Low, I. | Lu, X. | Meade, P. | Muggli, P. | Musumeci, P. | Nachman, B. | Nakamura, K. | Nelson, T. | Pagan Griso, S. | Palmer, M. | Prebys, E. | Schroeder, C.B. | Shiltsev, V. | Terzani, D. | Thomas, A.G.R. | van Tilborg, J. | Turner, M. | Vafaei-Najafabadi, N. | Visinelli, L. | Yao, W.-M. | Yoshida, R.",34,2203.08425,https://arxiv.org/abs/2203.08425,2022,2022-03-16,INSPIRE earliest_date,AF,加速器科学与技术,1,AF: Advanced Accelerator Concepts,physics.acc-ph,physics.acc-ph | hep-ph | physics.plasm-ph,Accelerator science,加速器科学,"Accelerator Applications | Accelerator Subsystems and Technologies | Wake-field acceleration (laser-driven, electron-driven) | activity report | accelerator: technology | accelerator: design | p: beam | linear collider | electromagnetic field | laser: pulsed | costs",1,11,4,2.5001555693839457,0.6363636363636364,46.2756052141527,46.8342644320298,46.443202979515824,286,286,286,INSPIRE,,2053623,https://inspirehep.net/literature/2053623,https://www.slac.stanford.edu/econf/C210711/papers/2203.08425.pdf
27,arxiv:2203.15984,Advanced RF Sources R&D for Economical Future Colliders,B. Weatherford et al.,"Weatherford, Brandon | Nanni, Emilio A. | Tantawi, Sami",3,2203.15984,https://arxiv.org/abs/2203.15984,2022,2022-03-29,INSPIRE earliest_date,AF,加速器科学与技术,1,AF: Accelerator Technology - RF,physics.acc-ph,physics.acc-ph,Accelerator science,加速器科学,activity report | RF system | costs | fabrication | accelerator: design,1,4,1,0.9165621079046424,0.75,22.998137802607076,25.232774674115458,23.66852886405959,400,402,402,INSPIRE,,2060249,https://inspirehep.net/literature/2060249,https://www.slac.stanford.edu/econf/C210711/papers/2203.15984.pdf
28,arxiv:2203.08374,Advanced RF Structures for Wakefield Acceleration and High-Gradient Research,X. Lu et al.,"Lu, Xueying | Shao, Jiahang | Power, John | Jing, Chunguang | Ha, Gwanghui | Piot, Philippe | Zholents, Alexander | Temkin, Richard | Shapiro, Michael | Picard, Julian | Grigoryan, Bagrat | Tang, Chuanxiang | Du, Yingchao | Shi, Jiaru | Zha, Hao | Xiang, Dao | Nanni, Emilio | O'Shea, Brendan | Saveliev, Yuri | Pacey, Thomas | Rosenzweig, James | Andonian, Gerard | Simakov, Evgenya | Lemery, Francois | Murokh, Alex | Kutsaev, Sergey | Smirnov, Alexander | Agustsson, Ronald | Chen, Gongxiaohui | Shin, Seunghwan | Freemire, Ben",31,2203.08374,https://arxiv.org/abs/2203.08374,2022,2022-03-15,INSPIRE earliest_date,AF,加速器科学与技术,1,AF: Accelerator Technology - RF,physics.acc-ph,physics.acc-ph,Accelerator science,加速器科学,activity report | acceleration: wake field | beam: energy | accelerator: technology | cavity: design | RF system,1,13,4,2.952891791044776,0.6923076923076923,48.78957169459963,49.068901303538176,48.87337057728119,274,274,275,INSPIRE,,2053620,https://inspirehep.net/literature/2053620,https://www.slac.stanford.edu/econf/C210711/papers/2203.08374.pdf
29,arxiv:2203.08869,Advancing Superconducting Magnet Diagnostics for Future Colliders,M. Marchevsky et al.,"Marchevsky, M. | Teyber, R. | Lee, G.S. | Turqueti, M. | Baldini, M. | Barzi, E. | DiMarco, J. | Krave, S. | Marinozzi, V. | Stoynev, S. | Joshi, P. | Muratore, J. | Davis, D.",13,2203.08869,https://arxiv.org/abs/2203.08869,2022,2022-03-16,INSPIRE earliest_date,AF,加速器科学与技术,1,AF: Accelerator Technology - Magnets,physics.acc-ph,physics.acc-ph,Accelerator science,加速器科学,magnet: design | magnet: superconductivity | accelerator: magnet | cryogenics | measurement methods | performance,1,3,1,0.6818606098319852,0.6666666666666666,16.480446927374302,17.22532588454376,16.70391061452514,434,443,444,INSPIRE,,2054268,https://inspirehep.net/literature/2054268,https://www.slac.stanford.edu/econf/C210711/papers/2203.08869.pdf
30,arxiv:2203.10074,Advancing the Landscape of Multimessenger Science in the Next Decade,K. Engel et al.,"Engel, Kristi | Lewis, Tiffany | Muzio, Marco Stein | Venters, Tonia M.",4,2203.10074,https://arxiv.org/abs/2203.10074,2022,2022-03-18,INSPIRE earliest_date,CF,宇宙前沿,1,CF: Cosmic Probes of Fundamental Physics,astro-ph.HE,astro-ph.HE | astro-ph.CO | hep-ph,High-energy astrophysics,高能天体物理,neutrino: flux | messenger: multiple | photon | gravitational radiation | IceCube | LIGO | landscape,1,16,12,3.641121495327103,0.25,53.25884543761639,53.53817504655493,53.34264432029795,246,250,251,INSPIRE,,2054825,https://inspirehep.net/literature/2054825,https://www.slac.stanford.edu/econf/C210711/papers/2203.10074.pdf
31,arxiv:2203.05052,An 8 GeV Linac as the Booster Replacement in the Fermilab Power Upgrade,S. Belomestnykh et al.,"Belomestnykh, S. | Checchin, M. | Johnson, D. | Neuffer, D. | Padamsee, H. | Posen, S. | Pozdeyev, E. | Pronskikh, V. | Saini, A. | Solyak, N. | Yakovlev, V.",11,2203.05052,https://arxiv.org/abs/2203.05052,2022,2022-03-09,INSPIRE earliest_date,AF | NF,加速器科学与技术 | 中微子前沿,2,AF: Accelerators for Neutrinos | NF: Artificial Neutrino Sources,physics.acc-ph,physics.acc-ph | hep-ex,Accelerator science,加速器科学,Acceleration cavities and superconducting magnets (high-temperature superconductor | radiation hardened magnets | normal-conducting | permanent magnet devices | wigglers and undulators) | Accelerator Subsystems and Technologies | activity report | neutrino: particle source | linear accelerator: design | accelerator: upgrade | cavity: superconductivity | cryogenics,2,17,9,3.8471189591078065,0.47058823529411764,55.493482309124765,54.84171322160149,55.29795158286778,234,243,243,INSPIRE,,2049848,https://inspirehep.net/literature/2049848,https://www.slac.stanford.edu/econf/C210711/papers/2203.05052.pdf
32,arxiv:2203.09718,An Impartial Perspective for Superconducting Nb3Sn coated Copper RF Cavities for Future Accelerators,E. Barzi et al.,"Barzi, E. | Barish, B.C. | Rimmer, R.A. | Valente-Feliciano, A. | Rey, C.M. | Barletta, W.A. | Nanni, E. | Nasr, M. | Ross, M. | Schneider, M. | Tantawi, S. | Welander, P.B. | Simakov, E.I. | Usov, I.O. | Alff, L. | Karabas, N. | Major, M. | Palakkal, J.P. | Petzold, S. | Pietralla, N. | Schäfer, N. | Kikuchi, A. | Hayano, H. | Ito, H. | Kashiwaji, S. | Monjushiro, H. | Hama, H. | Hona, F. | Kashiwagi, S. | Umemori, K. | Takahashi, K. | Takahashi, T. | Kondo, Y. | Yamakawa, K. | Kon, K. | Kubo, T.",36,2203.09718,https://arxiv.org/abs/2203.09718,2022,2022-03-17,INSPIRE earliest_date,AF | EF | RPF,加速器科学与技术 | 能量前沿 | 稀有过程与精密测量,3,AF: Accelerators for Electroweak and Higgs | EF: General - cross-listed | RPF: General - cross-listed,physics.acc-ph,physics.acc-ph | hep-ex,Accelerator science,加速器科学,activity report | muon: storage ring | copper | cavity: superconductivity | cavity: design | ILC Coll | niobium: tin,3,7,3,1.5919987546699876,0.5714285714285714,36.312849162011176,36.40595903165735,36.340782122905026,336,342,344,INSPIRE,,2054669,https://inspirehep.net/literature/2054669,https://www.slac.stanford.edu/econf/C210711/papers/2203.09718.pdf
33,arxiv:2106.02133,An Upgrade Path for the Fermilab Accelerator Complex,R. Ainsworth et al.,"Ainsworth, Robert | Dey, Jishnu | Eldred, Jeffrey S. | Harnik, Roni | Jarvis, Jonathan D. | Johnson, D.E. | Kourbanis, Ioanis | Neuffer, D. | Pozdeyev, E. | Syphers, M.J. | Valishev, A. | Yakovlev, V.P. | Zwaska, Robert Miles",13,2106.02133,https://arxiv.org/abs/2106.02133,2021,2021-06-03,INSPIRE earliest_date,AF | NF,加速器科学与技术 | 中微子前沿,2,AF: Accelerators for Neutrinos | NF: Artificial Neutrino Sources,physics.acc-ph,physics.acc-ph,Accelerator science,加速器科学,activity report | Fermilab | energy: upgrade | synchrotron: booster | linear accelerator | DUNE | beam transport,2,16,8,3.08716323296355,0.5,53.25884543761639,49.44134078212291,52.113594040968344,247,272,258,INSPIRE,,1867161,https://inspirehep.net/literature/1867161,https://www.slac.stanford.edu/econf/C210711/papers/2106.02133.pdf
34,arxiv:2203.08811,Analysis Cyberinfrastructure: Challenges and Opportunities,K. Lannon et al.,"Lannon, Kevin | Brenner, Paul | Hildreth, Mike | Anampa, Kenyi Hurtado | Rodrigues, Alan Malta | Mohrman, Kelci | Thain, Doug | Tovar, Benjamin",8,2203.08811,https://arxiv.org/abs/2203.08811,2022,2022-03-15,INSPIRE earliest_date,CompF,计算前沿,1,CompF: Storage and Processing Resource Access,physics.data-an,physics.data-an | hep-ex,Data analysis,数据分析,activity report | computer: hardware | programming | CERN LHC Coll | data management,1,1,1,0.22714552238805968,0.0,4.283054003724395,4.4692737430167595,4.338919925512104,505,512,512,INSPIRE,,2054080,https://inspirehep.net/literature/2054080,https://www.slac.stanford.edu/econf/C210711/papers/2203.08811.pdf
35,arxiv:2203.09886,Analysis Description Language: A DSL for HEP Analysis,H. B. Prosper et al.,"Prosper, Harrison B. | Sekmen, Sezen | Unel, Gokhan",3,2203.09886,https://arxiv.org/abs/2203.09886,2022,2022-03-18,INSPIRE earliest_date,CompF,计算前沿,1,CompF: End User Analysis,hep-ph,hep-ph | physics.comp-ph | physics.data-an,Particle phenomenology,粒子唯象学,programming | data analysis method,1,9,6,2.0481308411214956,0.3333333333333333,41.71322160148976,42.923649906890134,42.076350093109866,310,307,310,INSPIRE,,2054731,https://inspirehep.net/literature/2054731,https://www.slac.stanford.edu/econf/C210711/papers/2203.09886.pdf
36,arxiv:2203.08010,Analysis Facilities for HL-LHC,D. Benjamin et al.,"Benjamin, Doug | Bloom, Kenneth | Bockelman, Brian | Bryant, Lincoln | Cranmer, Kyle | Gardner, Rob | Hollowell, Chris | Holzman, Burt | Lançon, Eric | Rind, Ofer | Shadura, Oksana | Yang, Wei",12,2203.08010,https://arxiv.org/abs/2203.08010,2022,2022-03-15,INSPIRE earliest_date,CompF,计算前沿,1,CompF: Storage and Processing Resource Access,hep-ex,hep-ex,Experimental particle physics,实验粒子物理,CERN LHC Coll: upgrade | data analysis method,1,3,2,0.681436567164179,0.3333333333333333,16.480446927374302,16.201117318435752,16.396648044692736,435,448,449,INSPIRE,,2052513,https://inspirehep.net/literature/2052513,https://www.slac.stanford.edu/econf/C210711/papers/2203.08010.pdf
37,arxiv:2203.03700,Angular Cuts to Reduce the tau taubar+jet Background to the Higgsino Signal at the LHC,H. Baer et al.,"Baer, Howard | Barger, Vernon | Sengupta, Dibyashree | Tata, Xerxes",4,2203.03700,https://arxiv.org/abs/2203.03700,2022,2022-03-07,INSPIRE earliest_date,EF,能量前沿,1,EF: Beyond the Standard Model - Model Specific Explorations,hep-ph,hep-ph,Particle phenomenology,粒子唯象学,jet: background | dilepton: mass spectrum | CERN LHC Coll | ATLAS | CMS | pair production | quantum chromodynamics | data analysis method,1,6,2,1.3561262376237624,0.6666666666666666,32.49534450651769,30.819366852886407,31.992551210428303,352,372,373,INSPIRE,,2048385,https://inspirehep.net/literature/2048385,https://www.slac.stanford.edu/econf/C210711/papers/2203.03700.pdf
38,arxiv:2203.08135,Anomalous Quartic Gauge Couplings at a Muon Collider,B. Abbott et al.,"Abbott, Brad | Apyan, Aram | Azartash-Namin, Bianca | Balakrishnan, Veena | Berryhill, Jeffrey | Hsu, Shih-Chieh | Jindariani, Sergo | Kawale, Mayuri Prabhakar | Khoda, Elham E. | Parsons, Ryan | Schuy, Alexander | Strauss, Michael | Stupak, John | Waits, Connor",14,2203.08135,https://arxiv.org/abs/2203.08135,2022,2022-03-15,INSPIRE earliest_date,EF,能量前沿,1,EF: Electroweak Precision Physics and Constraining New Physics,hep-ex,hep-ex | hep-ph,Experimental particle physics,实验粒子物理,W: pair production | W: decay modes | coupling: gauge | coupling: (4gauge boson) | coupling: anomaly | muon: storage ring | vector boson | effective field theory | operator: higher-dimensional | dimension: 8 | structure | numerical calculations: Monte Carlo | 6000 GeV-cms,1,12,11,2.725746268656716,0.08333333333333333,47.67225325884544,47.76536312849162,47.700186219739294,278,280,280,INSPIRE,,2052616,https://inspirehep.net/literature/2052616,https://www.slac.stanford.edu/econf/C210711/papers/2203.08135.pdf
39,arxiv:2203.14706,"Application-Driven Engagement with Universities, Synergies with other Funding Agencies","J. Hoff, S. Memik.","Hoff, Jim | Memik, Seda",2,2203.14706,https://arxiv.org/abs/2203.14706,2022,2022-03-22,INSPIRE earliest_date,CEF,社群参与,1,CEF: Applications and Industry,physics.soc-ph,physics.soc-ph | hep-ex,"Community, education and society",社群、教育与社会,activity report | sociology,1,1,1,0.22813866333541538,0.0,4.283054003724395,5.679702048417132,4.702048417132216,506,507,507,INSPIRE,,2058971,https://inspirehep.net/literature/2058971,https://www.slac.stanford.edu/econf/C210711/papers/2203.14706.pdf
40,arxiv:2202.05838,Applications of Machine Learning to Lattice Quantum Field Theory,D. Boyda et al.,"Boyda, Denis | Calì, Salvatore | Foreman, Sam | Funcke, Lena | Hackett, Daniel C. | Lin, Yin | Aarts, Gert | Alexandru, Andrei | Jin, Xiao-Yong | Lucini, Biagio | Shanahan, Phiala E.",11,2202.05838,https://arxiv.org/abs/2202.05838,2022,2022-02-10,INSPIRE earliest_date,CompF | TF,计算前沿 | 理论前沿,2,CompF: Machine Learning | TF: Lattice Gauge Theory,hep-lat,hep-lat | cs.LG | hep-ph,Lattice gauge theory,格点规范理论,lattice,2,53,36,11.796617915904935,0.32075471698113206,80.54003724394786,79.98137802607076,80.37243947858474,102,108,108,INSPIRE,,2032001,https://inspirehep.net/literature/2032001,https://www.slac.stanford.edu/econf/C210711/papers/2202.05838.pdf
41,arxiv:2203.06380,Astrophysical and Cosmological Probes of Dark Matter,K. K. Boddy et al.,"Boddy, Kimberly K. | Lisanti, Mariangela | McDermott, Samuel D. | Rodd, Nicholas L. | Weniger, Christoph | Ali-Haïmoud, Yacine | Buschmann, Malte | Cholis, Ilias | Croon, Djuna | Erickcek, Adrienne L. | Gluscevic, Vera | Leane, Rebecca K. | Mishra-Sharma, Siddharth | Muñoz, Julian B. | Nadler, Ethan O. | Natarajan, Priyamvada | Price-Whelan, Adrian | Vegetti, Simona | Witte, Samuel J.",19,2203.06380,https://arxiv.org/abs/2203.06380,2022,2022-03-12,INSPIRE earliest_date,TF,理论前沿,1,TF: Astro-Particle Physics and Cosmology,hep-ph,hep-ph | astro-ph.CO | astro-ph.GA | astro-ph.HE,Particle phenomenology,粒子唯象学,dark matter: density | star | effective field theory | statistical | galaxy | dark matter: mass,1,89,67,20.178305400372437,0.24719101123595505,88.08193668528864,88.26815642458101,88.13780260707634,64,63,63,INSPIRE,,2051118,https://inspirehep.net/literature/2051118,https://www.slac.stanford.edu/econf/C210711/papers/2203.06380.pdf
42,arxiv:2203.09198,"AWAKE, Plasma Wakefield Acceleration of Electron Bunches for Near and Long Term Particle Physics Applications",P. Muggli (AWAKE Collaboration),"Muggli, P.",1,2203.09198,https://arxiv.org/abs/2203.09198,2022,2022-03-17,INSPIRE earliest_date,AF,加速器科学与技术,1,AF: Advanced Accelerator Concepts,physics.acc-ph,physics.acc-ph,Accelerator science,加速器科学,activity report | accelerator: plasma | plasma: wake field | electron: acceleration | AWAKE | accelerator: design,1,3,3,0.6822851805728519,0.0,16.480446927374302,17.783985102420857,16.87150837988827,436,442,443,INSPIRE,,2054333,https://inspirehep.net/literature/2054333,https://www.slac.stanford.edu/econf/C210711/papers/2203.09198.pdf
43,arxiv:2203.14923,Axion Dark Matter,J. Jaeckel et al.,"Adams, C.B. | Aggarwal, N. | Agrawal, A. | Balafendiev, R. | Bartram, C. | Baryakhtar, M. | Bekker, H. | Belov, P. | Berggren, K.K. | Berlin, A. | Boutan, C. | Bowring, D. | Budker, D. | Caldwell, A. | Carenza, P. | Carosi, G. | Cervantes, R. | Chakrabarty, S.S. | Chaudhuri, S. | Chen, T.Y. | Cheong, S. | Chou, A. | Co, R.T. | Conrad, J. | Croon, D. | D'Agnolo, R.T. | Demarteau, M. | DePorzio, N. | Descalle, M. | Desch, K. | Di Luzio, L. | Diaz-Morcillo, A. | Dona, K. | Drachnev, I.S. | Droster, A. | Du, N. | Dunne, K. | Döbrich, B. | Ellis, S.A.R. | Essig, R. | Fan, J. | Foster, J.W. | Fry, J.T. | Gallo Rosso, A. | García Barceló, J.M. | Irastorza, I.G. | Gardner, S. | Geraci, A.A. | Ghosh, S. | Giaccone, B. | Giannotti, M. | Gimeno, B. | Grin, D. | Grote, H. | Guzzetti, M. | Awida, M.H. | Henning, R. | Hoof, S. | Hoshino, G. | Irsic, V. | Irwin, K.D. | Jackson, H. | Kimball, D.F. Jackson | Jaeckel, J. | Jakovcic, K. | Jewell, M.J. | Kagan, M. | Kahn, Y. | Khatiwada, R. | Knirck, S. | Kovachy, T. | Krueger, P. | Kuenstner, S.E. | Kurinsky, N.A. | Leane, R.K. | Leder, A.F. | Lee, C. | Lehnert, K.W. | Lentz, E.W. | Lewis, S.M. | Liu, J. | Lynn, M. | Majorovits, B. | Marsh, D.J.E. | Maruyama, R.H. | McAllister, B.T. | Millar, A.J. | Miller, D.W. | Mitchell, J. | Morampudi, S. | Mueller, G. | Nagaitsev, S. | Nardi, E. | Noroozian, O. | O'Hare, C.A.J. | Oblath, N.S. | Ouellet, J.L. | Pappas, K.M.W. | Peiris, H.V. | Perez, K. | Phipps, A. | Pivovaroff, M.J. | Quílez, P. | Rapidis, N.M. | Robles, V.H. | Rogers, K.K. | Rudolph, J. | Ruz, J. | Rybka, G. | Safdari, M. | Safdi, B.R. | Safronova, M.S. | Salemi, C.P. | Schuster, P. | Schwartzman, A. | Shu, J. | Simanovskaia, M. | Singh, J. | Singh, S. | Sinha, K. | Sinnis, J.T. | Siodlaczek, M. | Smith, M.S. | Snow, W.M. | Sokolov, A.V. | Sonnenschein, A. | Speller, D.H. | Stadnik, Y.V. | Sun, C. | Sushkov, A.O. | Tait, T.M.P. | Takhistov, V. | Tanner, D.B. | Tavecchio, F. | Temples, D.J. | Thomas, J.H. | Tobar, M.E. | Toro, N. | Tsai, Y.-D. | van Assendelft, E.C. | van Bibber, K. | Vandegar, M. | Visinelli, L. | Vitagliano, E. | Vogel, J.K. | Wang, Z. | Wickenbrock, A. | Winslow, L. | Withington, S. | Wooten, M. | Yang, J. | Young, B.A. | Yu, F. | Zhou, K. | Zhou, T.",155,2203.14923,https://arxiv.org/abs/2203.14923,2022,2022-03-28,INSPIRE earliest_date,AF | CF | IF | RPF | TF,加速器科学与技术 | 宇宙前沿 | 仪器学前沿 | 稀有过程与精密测量 | 理论前沿,5,AF: Accelerators for Rare Processes and Physics Beyond Colliders | CF: Dark Matter: Wave-like | IF: Quantum Sensors | RPF: Fundamental Physics in Small Experiments | TF: Astro-Particle Physics and Cosmology,hep-ex,hep-ex | astro-ph.CO | hep-ph | physics.ins-det,Experimental particle physics,实验粒子物理,talk: Seattle 2021/07/11 | new physics: search for | postulated particle | axion: dark matter | strong interaction: CP | quantum chromodynamics: axion | axion: solar | cosmological model | cavity | magnetic field: high | magnet | electronics: readout | bibliography,5,346,229,79.23291536050156,0.33815028901734107,99.34823091247672,99.34823091247672,99.34823091247671,4,4,4,INSPIRE,,2059869,https://inspirehep.net/literature/2059869,https://www.slac.stanford.edu/econf/C210711/papers/2203.14923.pdf
44,arxiv:2203.05484,Axion-Like Particles at High Energy Muon Colliders,T. Han et al.,"Han, Tao | Li, Tong | Wang, Xing",3,2203.05484,https://arxiv.org/abs/2203.05484,2022,2022-03-10,INSPIRE earliest_date,AF | EF | TF,加速器科学与技术 | 能量前沿 | 理论前沿,3,AF: Multi-TeV Colliders | EF: Beyond the Standard Model - More General Explorations | TF: Collider Phenomenology,hep-ph,hep-ph,Particle phenomenology,粒子唯象学,muon: storage ring | energy: high | muon: energy | axion-like particles | kinematics | axion: mass | photon axion: coupling | coupling constant | associated production | annihilation | gauge boson,3,35,29,7.925449473031618,0.17142857142857143,73.18435754189944,73.46368715083798,73.26815642458101,144,143,143,INSPIRE,,2049621,https://inspirehep.net/literature/2049621,https://www.slac.stanford.edu/econf/C210711/papers/2203.05484.pdf
45,arxiv:2203.02760,Azimuthal Angular Correlation as a New Boosted Top Jet Substructure,"Z. Yu, C.-P. Yuan.","Yu, Zhite | Yuan, C.-P.",2,2203.02760,https://arxiv.org/abs/2203.02760,2022,2022-03-05,INSPIRE earliest_date,EF,能量前沿,1,EF: Heavy Flavor and Top Quark Physics,hep-ph,hep-ph,Particle phenomenology,粒子唯象学,,1,1,0,0.2257416563658838,1.0,4.283054003724395,2.7001862197392925,3.808193668528864,507,523,523,INSPIRE,,2820081,https://inspirehep.net/literature/2820081,https://www.slac.stanford.edu/econf/C210711/papers/2203.02760.pdf
46,arxiv:2209.03505,Background Monte Carlo Samples for a Future Hadron Collider,R. Gardner et al.,"Gardner, Robert | Pagan Griso, Simone | Hoeche, Stefan | Krizka, Karol | Maltoni, Fabio | Melo, Andrew | Narain, Meenakshi | Ojalvo, Isabel | Paschos, Pascal | Reina, Laura | Schmitt, Michael | Severini, Horst | Stark, Giordon | Stupak, John | Tomei, Thiago | Tricoli, Alessandro | Yu, David",17,2209.03505,https://arxiv.org/abs/2209.03505,2022,2022-09-07,INSPIRE earliest_date,EF,能量前沿,1,EF: General - centered on this frontier,hep-ex,hep-ex,Experimental particle physics,实验粒子物理,p p: scattering | p p: colliding beams | Z0: hadroproduction | W: hadroproduction | jet: associated production | top: pair production | numerical calculations: Monte Carlo | background | 13000-100000 GeV-cms,1,0,0,0.0,,1.0242085661080074,1.0242085661080074,1.0242085661080074,527,527,527,INSPIRE,,2148936,https://inspirehep.net/literature/2148936,https://www.slac.stanford.edu/econf/C210711/papers/2209.03505.pdf
47,arxiv:2203.05731,Beam background expectations for Belle II at SuperKEKB,A. Natochii et al.,"Natochii, A. | Browder, T.E. | Cao, L. | Kojima, K. | Liventsev, D. | Meier, F. | Nakamura, K.R. | Nakayama, H. | Niebuhr, C. | Novosel, A. | Rizzo, G. | Ryu, S.Y. | Santelj, L. | Shi, X.D. | Stefkova, S. | Tanigawa, H. | Taniguchi, N. | Vahsen, S.E. | Vitale, L. | Wang, Z.",20,2203.05731,https://arxiv.org/abs/2203.05731,2022,2022-03-10,INSPIRE earliest_date,AF,加速器科学与技术,1,AF: Accelerators for Rare Processes and Physics Beyond Colliders,hep-ex,hep-ex | physics.acc-ph,Experimental particle physics,实验粒子物理,vertex: primary | beam: background | CP: violation | B: decay | luminosity: high | electron positron: colliding beams | betatron | KEK-B | BELLE | detector: design | numerical calculations | new physics,1,33,16,7.47256664600124,0.5151515151515151,72.25325884543761,72.16014897579143,72.22532588454376,147,150,151,INSPIRE,,2050036,https://inspirehep.net/literature/2050036,https://www.slac.stanford.edu/econf/C210711/papers/2203.05731.pdf
48,arxiv:2203.11290,Beam Test Facilities for R&D in Accelerator Science and Technologies,J. Power et al.,"Power, John | Clarke, Christine | Downer, Michael | Esarey, Eric | Geddes, Cameron | Hogan, Mark J. | Hoffstaetter, Georg Heinz | Jing, Chunguang | Nagaitsev, Sergei | Palmer, Mark | Piot, Philippe | Schroeder, Carl | Umstadter, Donald | Vafaei-Najafabadi, Navid | Valishev, Alexander | Willingale, Louise | Yakimenko, Vitaly",17,2203.11290,https://arxiv.org/abs/2203.11290,2022,2022-03-21,INSPIRE earliest_date,AF,加速器科学与技术,1,AF: General - centered on this frontier,physics.acc-ph,physics.acc-ph,Accelerator science,加速器科学,,1,2,1,0.4559925093632959,0.5,9.776536312849162,10.521415270018622,10.0,468,481,481,INSPIRE,,2057073,https://inspirehep.net/literature/2057073,https://www.slac.stanford.edu/econf/C210711/papers/2203.11290.pdf
49,arxiv:2203.10203,Belle II Executive Summary,D. M. Asner et al.,"Asner, D.M. | Atmacan, H. | Banerjee, Sw. | Bennett, J.V. | Bertemes, M. | Bessner, M. | Biswas, D. | Bonvicini, G. | Brenny, N. | Briere, R.A. | Browder, T.E. | Chen, C. | Choudhury, S. | Cinabro, D. | Cochran, J. | Cremaldi, L.M. | Di Canto, A. | Dubey, S. | Flood, K. | Fulsom, B.G. | Gaur, V. | Godang, R. | Gu, T. | Guan, Y. | Guilliams, J. | Hadjivasiliou, C. | Hartbrich, O. | Jacobs, W.W. | Jaffe, D.E. | Kang, S. | Kapitánová, L. | Ketter, C. | Khatri, A. | Kinoshita, K. | Kohani, S. | Korandla, H. | Koseoglu Sari, I. | Kroeger, R. | Kumar, J. | Kumara, K.J. | Lam, T. | Laycock, P.J. | Li, L. | Liventsev, D. | Meier, F. | Mitra, S. | Natochii, A. | Nellikunnummel, N. | Nishimura, K.A. | Oxford, E.R. | Panta, A. | Parham, K. | Pedlar, T.K. | Peschke, R. | Piilonen, L.E. | Pokharel, S. | Prell, S. | Purwar, H. | Ricalde Herrmann, D.E. | Rosenfeld, C. | Sahoo, D. | Sanders, D.A. | Sangal, A. | Savinov, V. | Schneider, S. | Schueler, J. | Schwartz, A.J. | Shebalin, V. | Sibidanov, A. | Stottler, Z.S. | Strube, J. | Tripathi, S. | Vahsen, S.E. | Varner, G.S. | Vossen, A. | Wang, D. | Wang, E. | Wood, L. | Yelton, J. | Zhai, Y. | Zhang, B.",81,2203.10203,https://arxiv.org/abs/2203.10203,2022,2022-03-18,INSPIRE earliest_date,RPF,稀有过程与精密测量,1,RPF: General - centered on this frontier,hep-ex,hep-ex | hep-ph,Experimental particle physics,实验粒子物理,talk: Seattle 2021/07/11 | electron positron: annihilation | electron positron: colliding beams | BELLE | hadron | new physics: search for | accelerator | dark matter | KEK-B | weak interaction | CKM matrix | lepton: flavor: violation | charm | missing-mass | meson | particle source,1,5,4,1.1378504672897196,0.2,28.212290502793294,28.212290502793294,28.21229050279329,376,386,387,INSPIRE,,2055635,https://inspirehep.net/literature/2055635,https://www.slac.stanford.edu/econf/C210711/papers/2203.10203.pdf
50,arxiv:2203.07564,Belle II Grid-Based User Analysis,J. V. Bennett et al.,"Bennett, J.V. | Guilliams, J. | Hernandez Villanueva, M. | Jaffe, D.E. | Laycock, P.J. | Panta, A. | Serfon, C. | Ueda, I.",8,2203.07564,https://arxiv.org/abs/2203.07564,2022,2022-03-14,INSPIRE earliest_date,CompF,计算前沿,1,CompF: End User Analysis,hep-ex,hep-ex,Experimental particle physics,实验粒子物理,BELLE | Grid computing | new physics: search for | numerical calculations: Monte Carlo | accelerator | KEK-B | B-factory,1,1,1,0.22700435052827841,0.0,4.283054003724395,3.817504655493482,4.143389199255121,508,516,516,INSPIRE,,2052494,https://inspirehep.net/literature/2052494,https://www.slac.stanford.edu/econf/C210711/papers/2203.07564.pdf
51,arxiv:2207.06307,Belle II Physics Reach and Plans for the Next Decade and Beyond,L. Aggarwal et al. (Belle II Collaboration).,"Aggarwal, Latika | Banerjee, Swagato | Bansal, Sunil | Bernlochner, Florian | Bertemes, Michel | Bhardwaj, Vishal | Bondar, Alexander | Browder, Thomas E. | Cao, Lu | Campajola, Marcello | Casarosa, Giulia | Cecchi, Claudia | Cheaib, Racha | De Pietro, Giacomo | Di Canto, Angelo | Dorigo, Mirco | Feichtinger, Paul | Ferber, Torben | Fulsom, Bryan | García, Marcela | Gaudino, Giovanni | Gaz, Alessandro | Glazov, Alexander | Granderath, Svenja | Graziani, Enrico | Greenwald, Daniel | Goldenzweig, Pablo | Heredia, Ivan | Hernandez Villanueva, Michel | Higuchi, Takeo | Humair, Thibaud | Iijima, Toru | Inguglia, Gianluca | Ishikawa, Akimasa | Jacobi, Daniel | Junkerkalefeld, Henrik A. | Karl, Robert | Lautenbach, Klemens | Lewis, Peter M. | Li, Long-Ke | Lacaprara, Stefano | Libby, James | Manoni, Elisa | Martini, Alberto | Merola, Mario | Milesi, Marco | Moneta, Stefano | Nayak, Minakshi | Nishida, Shohei | Palaia, Maria Antonietta | Pham, Francis | Polat, Léonard | Prell, Soeren A. | Prencipe, Elisabetta | Räuber, Géraldine | Ripp-Baudot, Isabelle | Rhorken, Markus | Roney, Michael | Rostomyan, Armine | Sakai, Yoshihide | Sato, Yo | Schwanda, Christoph | Schwartz, Alan J. | Serrano, Justine | Sutcliffe, William | Svidras, Henrikas | Tackmann, Kerstin | Tamponi, Umberto | Tenchini, Francesco | Trabelsi, Karim | Tiwary, Rahul | Tonelli, Diego | Uno, Kenta | Vossen, Anselm | Yabsley, Bruce | Yin, Jun-Hao | Zani, Laura",77,2207.06307,https://arxiv.org/abs/2207.06307,2022,2022-07-13,INSPIRE earliest_date,EF | RPF,能量前沿 | 稀有过程与精密测量,2,EF: Electroweak Precision Physics and Constraining New Physics | RPF: General - centered on this frontier,hep-ex,hep-ex | hep-ph,Experimental particle physics,实验粒子物理,electron positron: annihilation | electron positron: colliding beams | mass: scale | tau: decay modes | tau: rare decay | dipole: magnetic | dipole: electric | magnetic moment: anomaly | BELLE | muon | tau: branching ratio | B: semileptonic decay | B: rare decay | B: leptonic decay | anti-charm | sensitivity | KEK-B | new particle | new physics: search for | photon: hidden sector | dark matter: inelastic scattering | axion-like particles | Z' | neutral particle: long-lived | anti-bottom | kinematics | lepton: flavor: universality | CKM matrix | CP: violation | asymmetry: CP | charm: rare decay | quantum chromodynamics | quarkonium: electroproduction | particle: exotic | hadron spectroscopy | multiquark | precision measurement | electroweak interaction | numerical calculations: Monte Carlo,2,152,116,37.310483870967744,0.23684210526315788,93.57541899441341,94.6927374301676,93.91061452513966,35,29,35,INSPIRE,,2111425,https://inspirehep.net/literature/2111425,https://www.slac.stanford.edu/econf/C210711/papers/2207.06307.pdf
52,arxiv:2203.10811,Beyond the Standard Model Effects on Neutrino Flavor,C. A. Argüelles et al.,"Argüelles, C.A. | Barenboim, G. | Bustamante, M. | Coloma, P. | Denton, P.B. | Esteban, I. | Farzan, Y. | Martínez, E. Fernández | Forero, D.V. | Gago, A.M. | Katori, T. | Lehnert, R. | Ross-Lonergan, M. | Suliga, A.M. | Tabrizi, Z. | Anchordoqui, L. | Chakraborty, K. | Conrad, J. | Das, A. | Fong, C.S. | Littlejohn, B.R. | Maltoni, M. | Parno, D. | Spitz, J. | Tang, J. | Wissel, S.",26,2203.10811,https://arxiv.org/abs/2203.10811,2022,2022-03-21,INSPIRE earliest_date,NF,中微子前沿,1,NF: Neutrinos Beyond the Standard Model,hep-ph,hep-ph | hep-ex,Particle phenomenology,粒子唯象学,neutrino: flavor | neutrino: sterile | neutrino: solar | neutrino: supernova | neutrino: atmosphere | neutrino: oscillation | neutrino: interaction | neutrino: decay | neutrino: beam | CPT: violation | violation: Lorentz | space-time: higher-dimensional | numerical calculations | new physics,1,113,58,25.76357677902622,0.48672566371681414,90.78212290502793,91.15456238361266,90.89385474860335,50,48,50,INSPIRE,,2622891,https://inspirehep.net/literature/2622891,https://www.slac.stanford.edu/econf/C210711/papers/2203.10811.pdf
53,arxiv:2203.08973,Big Industry Engagement to Benefit HEP: Microelectronics Support from Large CAD Companies,G. Carini et al.,,0,2203.08973,https://arxiv.org/abs/2203.08973,2022,,Snowmass proceedings/external record inferred 2022,CEF,社群参与,1,CEF: Applications and Industry,,,Unknown,未分类,,1,,,,,,,,,,,not available,,,,https://www.slac.stanford.edu/econf/C210711/papers/2203.08973.pdf
54,arxiv:2202.07163,Bootstrapping String Theory,R. Gopakumar et al.,"Gopakumar, Rajesh | Perlmutter, Eric | Pufu, Silviu S. | Yin, Xi",4,2202.07163,https://arxiv.org/abs/2202.07163,2022,2022-02-14,INSPIRE earliest_date,TF,理论前沿,1,TF: Conformal Field Theory and Formal Quantum Field Theory,hep-th,hep-th,Formal theory / quantum gravity,形式理论与量子引力,bootstrap | string model | string,1,20,18,4.4624312767257175,0.1,60.055865921787706,59.68342644320298,59.94413407821229,211,217,219,INSPIRE,,2032817,https://inspirehep.net/literature/2032817,https://www.slac.stanford.edu/econf/C210711/papers/2202.07163.pdf
55,arxiv:2203.08809,"Broadening the Scope of Education, Career and Open Science in HEP",S. Malik et al.,"Malik, Sudhir | DeMuth, David | de Jong, Sijbrand | Ruchti, Randal | Thais, Savannah | Fidalgo, Guillermo | Heller, Ken | Muether, Mathew | Betancourt, Minerba | Narain, Meenakshi | Lewis, Tiffany R. | Cranmer, Kyle | Watts, Gordon",13,2203.08809,https://arxiv.org/abs/2203.08809,2022,2022-03-15,INSPIRE earliest_date,CEF,社群参与,1,CEF: Physics Education,physics.ed-ph,physics.ed-ph | hep-ex,Physics and instrumentation,物理与仪器,energy: high | attractor | broadening,1,4,1,0.9085820895522387,0.75,22.998137802607076,22.81191806331471,22.942271880819366,401,411,411,INSPIRE,,2054147,https://inspirehep.net/literature/2054147,https://www.slac.stanford.edu/econf/C210711/papers/2203.08809.pdf
56,arxiv:2203.08106,Broader Impact of Cyclotron-based Neutrino Sources,J. Alonso. (IsoDAR Collaboration),"Alonso, Jose",1,2203.08106,https://arxiv.org/abs/2203.08106,2022,2022-03-15,INSPIRE earliest_date,NF,中微子前沿,1,NF: Neutrino Applications,hep-ex,hep-ex,Experimental particle physics,实验粒子物理,neutrino: particle source | beam: current | cyclotron | accelerator: performance | medicine | long-lived,1,2,2,0.45429104477611937,0.0,9.776536312849162,9.031657355679702,9.553072625698324,469,487,487,INSPIRE,,2052591,https://inspirehep.net/literature/2052591,https://www.slac.stanford.edu/econf/C210711/papers/2203.08106.pdf
57,arxiv:2205.11730,BSM Higgs Production at a Muon Collider,T. Han et al.,"Han, Tao | Li, Shuailong | Su, Shufang | Su, Wei | Wu, Yongcheng",5,2205.11730,https://arxiv.org/abs/2205.11730,2022,2022-05-23,INSPIRE earliest_date,EF | TF,能量前沿 | 理论前沿,2,EF: Beyond the Standard Model - Model Specific Explorations | TF: Collider Phenomenology,hep-ph,hep-ph,Particle phenomenology,粒子唯象学,muon: storage ring | Higgs particle: heavy | interaction: gauge | vector boson: fusion | Higgs particle: production | fermion: heavy | coupling: Yukawa | annihilation | pair production | muon: beam | numerical calculations | kinematics,2,14,13,3.3226120857699804,0.07142857142857142,49.81378026070764,50.74487895716946,50.093109869646185,267,265,267,INSPIRE,,2087160,https://inspirehep.net/literature/2087160,https://www.slac.stanford.edu/econf/C210711/papers/2205.11730.pdf
58,arxiv:2203.06131,BSM Neutrino Physics: Complementarity across Energies,T. Han et al.,"Han, Tao | Liao, Jiajun | Liu, Hongkai | Marfatia, Danny | Ruiz, Richard",5,2203.06131,https://arxiv.org/abs/2203.06131,2022,2022-03-11,INSPIRE earliest_date,EF | RPF | TF,能量前沿 | 稀有过程与精密测量 | 理论前沿,3,EF: Beyond the Standard Model - Model Specific Explorations | RPF: Baryon and Lepton Number Violation | TF: Theory of Neutrino Physics,hep-ph,hep-ph | hep-ex,Particle phenomenology,粒子唯象学,seesaw model: Type I | seesaw model: Type II | neutrino: interaction | neutrino: mass generation | neutrino: heavy | neutrino: mass: hierarchy | effective field theory | CERN LHC Coll: upgrade | DUNE | numerical calculations | new physics,3,5,2,1.132909429280397,0.6,28.212290502793294,27.094972067039105,27.877094972067034,377,392,393,INSPIRE,,2050428,https://inspirehep.net/literature/2050428,https://www.slac.stanford.edu/econf/C210711/papers/2203.06131.pdf
59,arxiv:2206.01849,Building a Culture of Equitable Access and Success for Marginalized Members in Today's Particle Physics Community,K. A. Assamagan et al.,"Assamagan, Kétévi A. | Bitter, Olivia M. | Chen, Mu-Chun | Choi, Ami | Esquivel, Jessica | Jepsen, Kathryn | Lewis, Tiffany R. | Muronga, Azwinndini | Psihas, Fernanda | Walkowicz, Lucianne | Zhang, Yuanyuan",11,2206.01849,https://arxiv.org/abs/2206.01849,2022,2022-06-03,INSPIRE earliest_date,CEF,社群参与,1,"CEF: Diversity, Equity, and Inclusion",physics.soc-ph,physics.soc-ph | hep-ex | hep-ph | hep-th | physics.ed-ph,"Community, education and society",社群、教育与社会,,1,6,1,1.4342277486910993,0.8333333333333334,32.49534450651769,34.357541899441344,33.05400372439479,353,353,354,INSPIRE,,2091565,https://inspirehep.net/literature/2091565,https://www.slac.stanford.edu/econf/C210711/papers/2206.01849.pdf
60,arxiv:2110.15800,C3: A 'Cool' Route to the Higgs Boson and Beyond,M. Bai et al.,"Bai, Mei | Barklow, Tim | Bartoldus, Rainer | Breidenbach, Martin | Grenier, Philippe | Huang, Zhirong | Kagan, Michael | Lewellen, John | Li, Zenghai | Markiewicz, Thomas W. | Nanni, Emilio A. | Nasr, Mamdouh | Ng, Cho-Kuen | Oriunno, Marco | Peskin, Michael E. | Rizzo, Thomas G. | Rosenzweig, James | Schwartzman, Ariel G. | Shiltsev, Vladimir | Simakov, Evgenya | Spataro, Bruno | Su, Dong | Tantawi, Sami | Vernieri, Caterina | White, Glen | Young, Charles C.",26,2110.15800,https://arxiv.org/abs/2110.15800,2021,2021-10-27,INSPIRE earliest_date,AF | EF,加速器科学与技术 | 能量前沿,2,AF: Accelerators for Electroweak and Higgs | EF: General - centered on this frontier,hep-ex,hep-ex | hep-ph | physics.acc-ph,Experimental particle physics,实验粒子物理,electron positron: colliding beams | accelerator: design | copper | cavity | Higgs particle: production | Higgs particle: coupling | precision measurement | sensitivity | efficiency | linear accelerator | linear collider | costs | accelerator: proposed,2,99,55,20.698196908986834,0.4444444444444444,89.8510242085661,88.54748603351955,89.45996275605214,54,62,57,INSPIRE,,1955742,https://inspirehep.net/literature/1955742,https://www.slac.stanford.edu/econf/C210711/papers/2110.15800.pdf
61,arxiv:2203.09076,C^3 Demonstration Research and Development Plan,E. A. Nanni et al.,"Nanni, Emilio A. | Breidenbach, Martin | Vernieri, Caterina | Belomestnykh, Sergey | Bhat, Pushpalatha | Nagaitsev, Sergei | Bai, Mei | Berg, William | Barklow, Tim | Byrd, John | Dhar, Ankur | Dhuley, Ram C. | Doss, Chris | Duris, Joseph | Edelen, Auralee | Emma, Claudio | Frisch, Josef | Gabriel, Annika | Gessner, Spencer | Hast, Carsten | Jing, Chunguang | Klebaner, Arkadiy | Krasnykh, Anatoly K. | Lewellen, John | Liepe, Matthias | Litos, Michael | Lu, Xueying | Maxson, Jared | Montanari, David | Musumeci, Pietro | Nassiri, Alireza | Ng, Cho-Kuen | Othman, Mohamed A.K. | Oriunno, Marco | Palmer, Dennis | Patterson, J. Ritchie | Peskin, Michael E. | Peterson, Thomas J. | Power, John | Qiang, Ji | Rosenzweig, James | Shiltsev, Vladimir | Simakov, Evgenya | Snively, Emma | Spataro, Bruno | Tantawi, Sami | Weatherford, Brandon | White, Glen | Wootton, Kent",49,2203.09076,https://arxiv.org/abs/2203.09076,2022,2022-03-17,INSPIRE earliest_date,AF | CEF,加速器科学与技术 | 社群参与,2,AF: Accelerators for Electroweak and Higgs | CEF: Applications and Industry,physics.acc-ph,physics.acc-ph | hep-ex,Accelerator science,加速器科学,activity report | gradient: high | linear accelerator | linear collider | beam transport | costs | Higgs-factory | electron positron: colliding beams,2,29,9,6.595423412204235,0.6896551724137931,68.6219739292365,68.80819366852886,68.6778398510242,167,168,169,INSPIRE,,2054193,https://inspirehep.net/literature/2054193,https://www.slac.stanford.edu/econf/C210711/papers/2203.09076.pdf
62,arxiv:2203.07623,Calibrations and Backgrounds for Dark Matter Direct Detection,D. Baxter et al.,"Baxter, Daniel | Bunker, Raymond | Shaw, Sally | Westerdale, Shawn | Akerib, D.S. | Calkins, Rob | Cebrián, Susana | Dent, James B. | di Vacri, Maria Laura | Dobson, Jim | Egana-Ugrinovic, Daniel | Erlandson, Andrew | Ghag, Chamkaur | Hall, Carter | Hall, Jeter | Haselschwardt, Scott | Hoppe, Eric | Jackson, Chris M. | Kahn, Yonatan | Kamaha, Alvine | Kelsey, Mike | Kish, Alexander | Kurinsky, Noah | Laubenstein, Matthias | Miller, Eric H. | Morrison, Eric | Mount, Brianna | Newstead, Jayden L. | Nisi, Stefano | Olcina, Ibles | Orrell, John | Pereverzev, Sergey | Perry, Emily | Piepke, Andreas | Poudel, Sagar Sharma | Ramanathan, Karthik | Reichenbacher, Juergen | Saab, Tarek | Saldanha, Richard | Savarese, Claudio | Schnee, Richard | Scorza, Silvia | Singh, Rajeev | Stifter, Kelly | Suerfu, Burkhant | Szydagis, Matthew | Temples, Dylan J. | Villano, Anthony | Woodward, David | Barbeau, Phillip S. | Carmona-Benitez, M. Carmen | Chavarria, Alvaro E. | Cushman, Priscilla | Berghaus, Kim V. | Essig, Rouven | Fan, Alden | Fernandez, Nicolas | Gaitskell, Richard J. | Gelmini, Graciela B. | Giroux, Guillaume | Hsu, Lauren | Levy, Cecilia | Lippincott, W. Hugh | Liu, Xinran | Loer, Ben | Manalaysay, Aaron | Martoff, C. Jeff | McMichael, Kirsten | Monzani, Maria Elena | Murphy, Alexander StJ | Park, Jong-Chul | Sorensen, Peter | Velan, Vetri | Vilar Cortabitarte, Rocío | de Viveiros, Luis | Wang, Juijen | Xiang, Xin | Yu, Tien-Tien",78,2203.07623,https://arxiv.org/abs/2203.07623,2022,2022-03-14,INSPIRE earliest_date,CF,宇宙前沿,1,CF: Dark Matter: Particle-like,hep-ex,hep-ex,Experimental particle physics,实验粒子物理,dark matter: direct detection | detector: threshold | background | calibration | sensitivity | FLUKA | numerical calculations: Monte Carlo,1,20,12,4.540087010565569,0.4,60.055865921787706,60.242085661080075,60.11173184357541,212,214,217,INSPIRE,,2052575,https://inspirehep.net/literature/2052575,https://www.slac.stanford.edu/econf/C210711/papers/2203.07623.pdf
63,arxiv:2203.09467,Celeritas: GPU-Accelerated Particle Transport for Detector Simulation in High Energy Physics Experiments,S. C. Tognini et al.,"Tognini, S.C. | Canal, P. | Evans, T.M. | Lima, G. | Lund, A.L. | Johnson, S.R. | Jun, S.Y. | Pascuzzi, V.R. | Romano, P.K.",9,2203.09467,https://arxiv.org/abs/2203.09467,2022,2022-03-16,INSPIRE earliest_date,CompF,计算前沿,1,CompF: Theoretical Calculations and Simulations,physics.data-an,physics.data-an | hep-ex,Data analysis,数据分析,CERN LHC Coll: upgrade | computer | numerical calculations: Monte Carlo | DUNE | programming | multiprocessor: graphics | data management,1,15,13,3.409303049159926,0.13333333333333333,51.303538175046555,51.86219739292365,51.47113594040968,259,259,261,INSPIRE,,2054225,https://inspirehep.net/literature/2054225,https://www.slac.stanford.edu/econf/C210711/papers/2203.09467.pdf
64,arxiv:2111.11392,Celestial Holography,"S. Pasterski, et al.","Pasterski, Sabrina | Pate, Monica | Raclariu, Ana-Maria",3,2111.11392,https://arxiv.org/abs/2111.11392,2021,2021-11-22,INSPIRE earliest_date,TF,理论前沿,1,TF: Conformal Field Theory and Formal Quantum Field Theory,hep-th,hep-th,Formal theory / quantum gravity,形式理论与量子引力,field theory: conformal | duality: holography | correlation function | sphere | infrared | gravitation | S-matrix,1,284,264,60.27367809413132,0.07042253521126761,98.23091247672254,98.41713221601489,98.28677839851024,10,9,10,INSPIRE,,1973246,https://inspirehep.net/literature/1973246,https://www.slac.stanford.edu/econf/C210711/papers/2111.11392.pdf
65,arxiv:2209.03281,Center-of-Mass Energy Determination using e+e−→μ+μ-(γ) Events at Future e+e− Colliders,"B. Madison, G. W. Wilson.","Madison, Brendon | Wilson, Graham W.",2,2209.03281,https://arxiv.org/abs/2209.03281,2022,2022-09-07,INSPIRE earliest_date,AF | EF | IF,加速器科学与技术 | 能量前沿 | 仪器学前沿,3,AF: General - cross-listed | EF: General - centered on this frontier | IF: General - cross-listed,hep-ex,hep-ex | hep-ph | physics.acc-ph,Experimental particle physics,实验粒子物理,electron positron: annihilation | electron positron: colliding beams | beam: energy | detector: resolution | muon: pair production | muon: momentum | radiation: initial-state interaction | radiation: final-state interaction | detector: design | tracking detector | ILC Coll | linear collider | initial state | calibration | beamstrahlung | estimator | error: statistical | crossing | performance | ILD detector | Higgs-factory | sensitivity | experimental methods | numerical calculations: Monte Carlo,3,7,1,1.7854399441340782,0.8571428571428571,36.312849162011176,38.8268156424581,37.06703910614525,337,329,334,INSPIRE,,2148155,https://inspirehep.net/literature/2148155,https://www.slac.stanford.edu/econf/C210711/papers/2209.03281.pdf
66,arxiv:2203.07358,CERC - Circular e+e- Collider using Energy-Recovery Linac,V. N. Litvinenko et al.,"Litvinenko, Vladimir N. | Bachhawat, Nikhil | Chamizo-Llatas, Maria | Meot, Francois | Roser, Thomas",5,2203.07358,https://arxiv.org/abs/2203.07358,2022,2022-03-14,INSPIRE earliest_date,AF | EF,加速器科学与技术 | 能量前沿,2,AF: Accelerators for Electroweak and Higgs | EF: Higgs Boson Properties and Couplings,physics.acc-ph,physics.acc-ph | hep-ex,Accelerator science,加速器科学,linear accelerator: energy recovery | beam: energy loss | electron positron: colliding beams | accelerator: design,2,10,8,2.2700435052827843,0.2,44.134078212290504,44.320297951582866,44.18994413407821,296,299,299,INSPIRE,,2051281,https://inspirehep.net/literature/2051281,https://www.slac.stanford.edu/econf/C210711/papers/2203.07358.pdf
67,arxiv:2203.08315,Challenges and Opportunities of SRF Theory for Next Generation Particle Accelerators,A. Gurevich et al.,"Gurevich, Alex | Kubo, Takayuki | Sauls, James A.",3,2203.08315,https://arxiv.org/abs/2203.08315,2022,2022-03-15,INSPIRE earliest_date,AF,加速器科学与技术,1,AF: Accelerator Technology - RF,physics.acc-ph,physics.acc-ph,Accelerator science,加速器科学,,1,11,10,2.4986007462686564,0.09090909090909091,46.2756052141527,46.554934823091244,46.359404096834254,287,287,287,INSPIRE,,2053599,https://inspirehep.net/literature/2053599,https://www.slac.stanford.edu/econf/C210711/papers/2203.08315.pdf
68,arxiv:2208.12379,Challenges and Opportunities to Assure Future Manufacturing of Magnet Conductors for the Accelerator Sector,L. Cooley et al.,"Cooley, Lance | Larbalestier, David | Amm, Kathleen",3,2208.12379,https://arxiv.org/abs/2208.12379,2022,2022-08-25,INSPIRE earliest_date,AF,加速器科学与技术,1,AF: Accelerator Technology - Magnets,physics.acc-ph,physics.acc-ph | cond-mat.supr-con,Accelerator science,加速器科学,,1,6,3,1.5166089965397924,0.5,32.49534450651769,34.72998137802607,33.1657355679702,354,351,352,INSPIRE,,2142296,https://inspirehep.net/literature/2142296,https://www.slac.stanford.edu/econf/C210711/papers/2208.12379.pdf
69,arxiv:2004.13687,Challenges in Monte Carlo Event Generator Software for High-Luminosity LHC,A. Valassi et al.,"Valassi, Andrea | Yazgan, Efe | McFayden, Josh | Amoroso, Simone | Bendavid, Joshua | Buckley, Andy | Cacciari, Matteo | Childers, Taylor | Ciulli, Vitaliano | Frederix, Rikkert | Frixione, Stefano | Giuli, Francesco | Grohsjean, Alexander | Gütschow, Christian | Höche, Stefan | Hopkins, Walter | Ilten, Philip | Konstantinov, Dmitri | Krauss, Frank | Li, Qiang | Lönnblad, Leif | Maltoni, Fabio | Mangano, Michelangelo | Marshall, Zach | Mattelaer, Olivier | Fernandez Menendez, Javier | Mrenna, Stephen | Muralidharan, Servesh | Neumann, Tobias | Plätzer, Simon | Prestel, Stefan | Roiser, Stefan | Schönherr, Marek | Schulz, Holger | Schulz, Markus | Sexton-Kennedy, Elizabeth | Siegert, Frank | Siódmok, Andrzej | Stewart, Graeme A.",39,2004.13687,https://arxiv.org/abs/2004.13687,2020,2020-04-28,INSPIRE earliest_date,CompF | TF,计算前沿 | 理论前沿,2,CompF: Theoretical Calculations and Simulations | TF: Collider Phenomenology,hep-ph,hep-ph | hep-ex | physics.comp-ph,Particle phenomenology,粒子唯象学,Monte Carlo | Physics event generator | LHC experiments | WLCG | High-luminosity LHC | CERN LHC Coll: upgrade | luminosity: high | programming: Monte Carlo | numerical calculations,2,97,62,15.444311246730603,0.36082474226804123,89.3854748603352,84.26443202979516,87.84916201117318,57,85,66,INSPIRE,,1793219,https://inspirehep.net/literature/1793219,https://www.slac.stanford.edu/econf/C210711/papers/2004.13687.pdf
70,arxiv:2203.07459,Channeling Acceleration in Crystals and Nanostructures and Studies of Solid Plasmas: New Opportunities,R. Ariniello et al.,"Sytov, Alexei | Bandiera, Laura | Ariniello, Robert | Knetsch, Alexander | Martinez, Bertrand | Matheron, Aimé | Storey, Doug | Corde, Sébastien | Davoine, Xavier | Ekerfelt, Henrik | Fiuza, Frederico | Gilljohann, Max F. | Gremillet, Laurent | Mankovska, Yuliia | Piekarz, Henryk | San Miguel Claveria, Pablo | Shiltsev, Vladimir | Taborek, Peter | Tajima, Toshiki",19,2203.07459,https://arxiv.org/abs/2203.07459,2022,2022-03-14,INSPIRE earliest_date,AF,加速器科学与技术,1,AF: Advanced Accelerator Concepts,physics.acc-ph,physics.acc-ph,Accelerator science,加速器科学,"Accelerator Subsystems and Technologies | Beam dynamics | Wake-field acceleration (laser-driven, electron-driven) | acceleration: wake field | plasma: wake field | electron: beam | stability | beam dynamics",1,10,8,2.2700435052827843,0.2,44.134078212290504,44.320297951582866,44.18994413407821,297,300,300,INSPIRE,,2722890,https://inspirehep.net/literature/2722890,https://www.slac.stanford.edu/econf/C210711/papers/2203.07459.pdf
71,arxiv:2203.14919,Charged Lepton Flavor Violation in the Tau Sector,S. Banerjee et al.,"Banerjee, Swagato | Cirigliano, Vincenzo | Dam, Mogens | Deshpande, Abhay | Fiorini, Luca | Fuyuto, Kaori | Gal, Ciprian | Husek, Tomáš | Mereghetti, Emanuele | Monsálvez-Pozo, Kevin | Peng, Haiping | Polci, Francesco | Portolés, Jorge | Rostomyan, Armine | Hernández Villanueva, Michel | Yan, Bin | Zhang, Jinlong | Zhou, Xiaorong",18,2203.14919,https://arxiv.org/abs/2203.14919,2022,2022-03-28,INSPIRE earliest_date,RPF,稀有过程与精密测量,1,RPF: Charged Lepton Flavor Violation,hep-ph,hep-ph | hep-ex,Particle phenomenology,粒子唯象学,lepton: flavor: violation | lepton: flavor | flavor: violation | charm: particle source | new physics: signature | BELLE | B-factory | BaBar | interpretation of experiments: CERN LHC Coll | FCC-ee,1,67,58,15.342789968652038,0.13432835820895522,84.26443202979516,84.07821229050279,84.20856610800745,85,86,85,INSPIRE,,2059459,https://inspirehep.net/literature/2059459,https://www.slac.stanford.edu/econf/C210711/papers/2203.14919.pdf
72,arxiv:2203.03211,Charm Physics in the High-Luminosity Super Tau-Charm Factory,H.-Y. Cheng et al.,"Cheng, Hai-Yang | Lyu, Xiao-Rui | Xing, Zhi-Zhong",3,2203.03211,https://arxiv.org/abs/2203.03211,2022,2022-03-07,INSPIRE earliest_date,RPF,稀有过程与精密测量,1,RPF: Weak Decays of b and c Quarks,hep-ph,hep-ph | hep-ex,Particle phenomenology,粒子唯象学,CP: violation | charm | particle source | leptonic decay | LHC-B,1,17,13,3.8423576732673266,0.23529411764705882,55.493482309124765,54.46927374301676,55.18621973929236,235,245,245,INSPIRE,,2047216,https://inspirehep.net/literature/2047216,https://www.slac.stanford.edu/econf/C210711/papers/2203.03211.pdf
73,arxiv:1912.11871,Circular and Linear e+e− Colliders: Another Story of Complementarity,"A. Blondel, P. Janot.","Blondel, Alain | Janot, Patrick",2,1912.11871,https://arxiv.org/abs/1912.11871,2019,2019-12-26,INSPIRE earliest_date,EF,能量前沿,1,EF: General - centered on this frontier,hep-ex,hep-ex | hep-ph,Experimental particle physics,实验粒子物理,scale: TeV | p p: scattering | p p: colliding beams | electron positron: annihilation | electron positron: colliding beams | electroweak interaction | linear collider | accelerator: design,1,23,20,3.474255583126551,0.13043478260869565,63.40782122905028,52.23463687150838,60.055865921787706,193,257,218,INSPIRE,,1773245,https://inspirehep.net/literature/1773245,https://www.slac.stanford.edu/econf/C210711/papers/1912.11871.pdf
74,arxiv:2203.09451,Circular Electron Positron Collider (CEPC),CEPC Accelerator Study Group,"Gao, J.",1,2203.09451,https://arxiv.org/abs/2203.09451,2022,2022-03-15,INSPIRE earliest_date,AF | EF,加速器科学与技术 | 能量前沿,2,AF: Accelerators for Electroweak and Higgs | EF: General - centered on this frontier,physics.acc-ph,physics.acc-ph,Accelerator science,加速器科学,activity report | CEPC | accelerator: design | accelerator: technology | costs | Higgs-factory,2,53,40,12.038712686567163,0.24528301886792453,80.54003724394786,81.00558659217877,80.67970204841714,103,102,103,INSPIRE,,2054376,https://inspirehep.net/literature/2054376,https://www.slac.stanford.edu/econf/C210711/papers/2203.09451.pdf
75,arxiv:2203.12389,Climate Impacts of Particle Physics,K. Bloom et al.,"Bloom, Kenneth | Boisvert, Veronique | Britzger, Daniel | Buuck, Micah | Eichhorn, Astrid | Headley, Michael | Lohwasser, Kristin | Merkel, Petra",8,2203.12389,https://arxiv.org/abs/2203.12389,2022,2022-03-23,INSPIRE earliest_date,CEF,社群参与,1,CEF: Environmental and Societal Impacts,physics.soc-ph,physics.soc-ph | hep-ex,"Community, education and society",社群、教育与社会,,1,18,13,4.1090625,0.2777777777777778,57.635009310986966,58.56610800744879,57.91433891992551,223,223,224,INSPIRE,,2057468,https://inspirehep.net/literature/2057468,https://www.slac.stanford.edu/econf/C210711/papers/2203.12389.pdf
76,arxiv:2204.03713,Climate of the Field: Snowmass 2021,E. V. Hansen et al.,"Hansen, Erin V. | Smith, Erica | Bard, Deborah | Bellis, Matthew | Esquivel, Jessica | Lewis, Tiffany R. | Geddes, Cameron | Joe, Cindy | Kim, Alex G. | Patel, Asmita | Pronskikh, Vitaly",11,2204.03713,https://arxiv.org/abs/2204.03713,2022,2022-04-07,INSPIRE earliest_date,CEF,社群参与,1,"CEF: Diversity, Equity, and Inclusion",physics.soc-ph,physics.soc-ph,"Community, education and society",社群、教育与社会,,1,7,1,1.6130914826498421,0.8571428571428571,36.312849162011176,37.89571694599628,36.787709497206706,338,334,337,INSPIRE,,2065066,https://inspirehep.net/literature/2065066,https://www.slac.stanford.edu/econf/C210711/papers/2204.03713.pdf
77,arxiv:2203.05728,CMB-HD White Paper,S. Aiola et al. (CMB-HD Collaboration).,"Aiola, Simone | Akrami, Yashar | Basu, Kaustuv | Boylan-Kolchin, Michael | Brinckmann, Thejs | Bryan, Sean | Casey, Caitlin M. | Chluba, Jens | Clesse, Sebastien | Cyr-Racine, Francis-Yan | Di Mascolo, Luca | Dicker, Simon | Essinger-Hileman, Thomas | Farren, Gerrit S. | Fedderke, Michael A. | Ferraro, Simone | Fuller, George M. | Galitzki, Nicholas | Gluscevic, Vera | Grin, Daniel | Han, Dongwon | Hasselfield, Matthew | Hlozek, Renee | Holder, Gil | Hotinli, Selim C. | Jain, Bhuvnesh | Johnson, Bradley | Johnson, Matthew | Klaassen, Pamela | MacInnis, Amanda | Madhavacheril, Mathew | Mandal, Sayan | Mauskopf, Philip | Meerburg, Daan | Meyers, Joel | Miranda, Vivian | Mroczkowski, Tony | Mukherjee, Suvodip | Munchmeyer, Moritz | Munoz, Julian | Naess, Sigurd | Nagai, Daisuke | Namikawa, Toshiya | Newburgh, Laura | Nguyen, Ho Nam | Niemack, Michael | Oppenheimer, Benjamin D. | Pierpaoli, Elena | Raghunathan, Srinivasan | Schaan, Emmanuel | Sehgal, Neelima | Sherwin, Blake | Simon, Sara M. | Slosar, Anze | Smith, Kendrick | Spergel, David | Switzer, Eric R. | Trivedi, Pranjal | Tsai, Yu-Dai | van Engelen, Alexander | Wandelt, Benjamin D. | Wollack, Edward J. | Wu, Kimmy",63,2203.05728,https://arxiv.org/abs/2203.05728,2022,2022-03-10,INSPIRE earliest_date,CF,宇宙前沿,1,CF: Dark Energy and Cosmic Acceleration: Cosmic Dawn and Before,astro-ph.CO,astro-ph.CO | hep-ex | hep-ph,Cosmology,宇宙学,neutrino: mass | microwaves: background | dark energy: equation of state | gas: density | gravitation: lens | thermal | inflation: model | Sunyaev-Zel'dovich effect | dark matter: density | magnetic field | birefringence | axion-like particles | velocity | kinetic | resolution | pixel | structure,1,175,133,39.62724736515809,0.24,95.43761638733706,95.62383612662943,95.49348230912476,23,24,24,INSPIRE,,2050051,https://inspirehep.net/literature/2050051,https://www.slac.stanford.edu/econf/C210711/papers/2203.05728.pdf
78,arxiv:1906.10134,"CMB-HD: An Ultra-Deep, High Resolution Millimeter Wave Survey over Half the Sky",N. Sehgal et al.,"Sehgal, Neelima | Aiola, Simone | Akrami, Yashar | Basu, Kaustuv | Boylan-Kolchin, Michael | Bryan, Sean | Clesse, Sebastien | Cyr-Racine, Francis-Yan | Di Mascolo, Luca | Dicker, Simon | Essinger-Hileman, Thomas | Ferraro, Simone | Fuller, George M. | Han, Dongwon | Hasselfield, Mathew | Holder, Gil | Jain, Bhuvnesh | Johnson, Bradley | Johnson, Matthew | Klaassen, Pamela | Madhavacheril, Mathew | Mauskopf, Philip | Meerburg, Daan | Meyers, Joel | Mroczkowski, Tony | Munchmeyer, Moritz | Naess, Sigurd | Nagai, Daisuke | Namikawa, Toshiya | Newburgh, Laura | Nguyễn, Hồ Nam | Niemack, Michael | Oppenheimer, Benjamin D. | Pierpaoli, Elena | Schaan, Emmanuel | Slosar, Anze | Spergel, David | Switzer, Eric | van Engelen, Alexander | Wollack, Edward",40,1906.10134,https://arxiv.org/abs/1906.10134,2019,2019-06-24,INSPIRE earliest_date,CF | NF,宇宙前沿 | 中微子前沿,2,CF: General - centered on this frontier: | NF: Sterile Neutrinos,astro-ph.CO,astro-ph.CO | astro-ph.GA | hep-ph,Cosmology,宇宙学,microwaves: background | gravitation: lens | gamma ray: burst | gas: pressure | gas: density | solar system | dark matter | Sunyaev-Zel'dovich effect | resolution | formation | inflation: model | cluster | kinetic | galaxy | noise | pixel | cloud,2,175,116,24.555800998847484,0.33714285714285713,95.43761638733706,90.78212290502793,94.0409683426443,24,50,33,INSPIRE,,1741243,https://inspirehep.net/literature/1741243,https://www.slac.stanford.edu/econf/C210711/papers/1906.10134.pdf
79,arxiv:2203.08024,CMB-S4 White Paper,K. Abazajian et al.,"Abazajian, Kevork | Abdulghafour, Arwa | Addison, Graeme E. | Adshead, Peter | Ahmed, Zeeshan | Ajello, Marco | Akerib, Daniel | Allen, Steven W. | Alonso, David | Alvarez, Marcelo | Amin, Mustafa A. | Amiri, Mandana | Anderson, Adam | Ansarinejad, Behzad | Archipley, Melanie | Arnold, Kam S. | Ashby, Matt | Aung, Han | Baccigalupi, Carlo | Baker, Carina | Bakshi, Abhishek | Bard, Debbie | Barkats, Denis | Barron, Darcy | Barry, Peter S. | Bartlett, James G. | Barton, Paul | Basu Thakur, Ritoban | Battaglia, Nicholas | Beall, Jim | Bean, Rachel | Beck, Dominic | Belkner, Sebastian | Benabed, Karim | Bender, Amy N. | Benson, Bradford A. | Besuner, Bobby | Bethermin, Matthieu | Bhimani, Sanah | Bianchini, Federico | Biquard, Simon | Birdwell, Ian | Bischoff, Colin A. | Bleem, Lindsey | Bocaz, Paulina | Bock, James J. | Bocquet, Sebastian | Boddy, Kimberly K. | Bond, J. Richard | Borrill, Julian | Bouchet, François R. | Brinckmann, Thejs | Brown, Michael L. | Bryan, Sean | Buza, Victor | Byrum, Karen | Calabrese, Erminia | Calafut, Victoria | Caldwell, Robert | Carlstrom, John E. | Carron, Julien | Cecil, Thomas | Challinor, Anthony | Chan, Victor | Chang, Clarence L. | Chapman, Scott | Charles, Eric | Chauvin, Eric | Cheng, Cheng | Chesmore, Grace | Cheung, Kolen | Chinone, Yuji | Chluba, Jens | Cho, Hsiao-Mei Sherry | Choi, Steve | Clancy, Justin | Clark, Susan | Cooray, Asantha | Coppi, Gabriele | Corlett, John | Coulton, Will | Crawford, Thomas M. | Crites, Abigail | Cukierman, Ari | Cyr-Racine, Francis-Yan | Dai, Wei-Ming | Daley, Cail | Dart, Eli | Daues, Gregorg | de Haan, Tijmen | Deaconu, Cosmin | Delabrouille, Jacques | Derylo, Greg | Devlin, Mark | Di Valentino, Eleonora | Dierickx, Marion | Dober, Brad | Doriese, Randy | Duff, Shannon | Dutcher, Daniel | Dvorkin, Cora | Dunner, Rolando | Eftekhari, Tarraneh | Eimer, Joseph | Bouhargani, Hamza El | Elleflot, Tucker | Emerson, Nick | Errard, Josquin | Essinger-Hileman, Thomas | Fabbian, Giulio | Fanfani, Valentina | Fasano, Alessandro | Feng, Chang | Ferraro, Simone | Filippini, Jeffrey P. | Flauger, Raphael | Flaugher, Brenna | Fraisse, Aurelien A. | Frisch, Josef | Frolov, Andrei | Galitzki, Nicholas | Gallardo, Patricio A. | Galli, Silvia | Ganga, Ken | Gerbino, Martina | Giannakopoulos, Christos | Gilchriese, Murdock | Gluscevic, Vera | GoecknerWald, Neil | Goldfinger, David | Green, Daniel | Grimes, Paul | Grin, Daniel | Grohs, Evan | Gualtieri, Riccardo | Guarino, Vic | Gudmundsson, Jon E. | Gullett, Ian | Guns, Sam | Habib, Salman | Haller, Gunther | Halpern, Mark | Halverson, Nils W. | Hanany, Shaul | Hand, Emma | Harrington, Kathleen | Hasegawa, Masaya | Hasselfield, Matthew | Hazumi, Masashi | Heitmann, Katrin | Henderson, Shawn | Hensley, Brandon | Herbst, Ryan | Hervias-Caimapo, Carlos | Hill, J. Colin | Hills, Richard | Hivon, Eric | Hlozek, Renee | Ho, Anna | Holder, Gil | Hollister, Matt | Holzapfel, William | Hood, John | Hotinli, Selim | Hryciuk, Alec | Hubmayr, Johannes | Huffenberger, Kevin M. | Hui, Howard | Ibanez, Roberto | Ibitoye, Ayodeji | Ikape, Margaret | Irwin, Kent | Jacobus, Cooper | Jeong, Oliver | Johnson, Bradley R. | Johnstone, Doug | Jones, William C. | Joseph, John | Jost, Baptiste | Kang, Jae Hwan | Kaplan, Ari | Karkare, Kirit S. | Katayama, Nobuhiko | Keskitalo, Reijo | King, Cesiley | Kisner, Theodore | Klein, Matthias | Knox, Lloyd | Koopman, Brian J. | Kosowsky, Arthur | Kovac, John | Kovetz, Ely D. | Krolewski, Alex | Kubik, Donna | Kuhlmann, Steve | Kuo, Chao-Lin | Kusaka, Akito | Lahteenmaki, Anne | Lau, Kenny | Lawrence, Charles R. | Lee, Adrian T. | Legrand, Louis | Leitner, Matthaeus | Leloup, Clement | Lewis, Antony | Li, Dale | Linder, Eric | Liodakis, Ioannis | Liu, Jia | Long, Kevin | Louis, Thibaut | Loverde, Marilena | Lowry, Lindsay | Lu, Chunyu | Lubin, Phil | Ma, Yin-Zhe | Maccarone, Thomas | Madhavacheril, Mathew S. | Maldonado, Felipe | Mantz, Adam | Marques, Gabriela | Matsuda, Frederick | Mauskopf, Philip | May, Jared | McCarrick, Heather | McCracken, Ken | McMahon, Jeffrey | Meerburg, P. Daniel | Melin, Jean-Baptiste | Menanteau, Felipe | Meyers, Joel | Millea, Marius | Miranda, Vivian | Mitchell, Don | Mohr, Joseph | Moncelsi, Lorenzo | Monzani, Maria Elena | Moshed, Magdy | Mroczkowski, Tony | Mukherjee, Suvodip | Munchmeyer, Moritz | Nagai, Daisuke | Nagarajappa, Chandan | Nagy, Johanna | Namikawa, Toshiya | Nati, Federico | Natoli, Tyler | Nerval, Simran | Newburgh, Laura | Nguyen, Hogan | Nichols, Erik | Nicola, Andrina | Niemack, Michael D. | Nord, Brian | Norton, Tim | Novosad, Valentine | O'Brient, Roger | Omori, Yuuki | Orlando, Giorgio | Osherson, Benjamin | Osten, Rachel | Padin, Stephen | Paine, Scott | Partridge, Bruce | Patil, Sanjaykumar | Petravick, Don | Petroff, Matthew | Pierpaoli, Elena | Pilleux, Mauricio | Pogosian, Levon | Prabhu, Karthik | Pryke, Clement | Puglisi, Giuseppe | Racine, Benjamin | Raghunathan, Srinivasan | Rahlin, Alexandra | Raveri, Marco | Reese, Ben | Reichardt, Christian L. | Remazeilles, Mathieu | Rizzieri, Arianna | Rocha, Graca | Roe, Natalie A. | Rotermund, Kaja | Roy, Anirban | Ruhl, John E. | Saba, Joe | Sailer, Noah | Salatino, Maria | Saliwanchik, Benjamin | Sapozhnikov, Leonid | Rao, Mayuri Sathyanarayana | Saunders, Lauren | Schaan, Emmanuel | Schillaci, Alessandro | Schmitt, Benjamin | Scott, Douglas | Sehgal, Neelima | Shandera, Sarah | Sherwin, Blake D. | Shirokoff, Erik | Shiu, Corwin | Simon, Sara M. | Singari, Baibhav | Slosar, Anze | Spergel, David | St. Germaine, Tyler | Staggs, Suzanne T. | Stark, Antony A. | Starkman, Glenn D. | Steinbach, Bryan | Stompor, Radek | Stoughton, Chris | Suzuki, Aritoki | Tajima, Osamu | Tandoi, Chris | Teply, Grant P. | Thayer, Gregg | Thompson, Keith | Thorne, Ben | Timbie, Peter | Tomasi, Maurizio | Trendafilova, Cynthia | Tristram, Matthieu | Tucker, Carole | Tucker, Gregory | Umilta, Caterina | van Engelen, Alexander | van Marrewijk, Joshiwa | Vavagiakis, Eve M. | Verges, Clara | Vieira, Joaquin D. | Vieregg, Abigail G. | Wagoner, Kasey | Wallisch, Benjamin | Wang, Gensheng | Wang, Guo-Jian | Watson, Scott | Watts, Duncan | Weaver, Chris | Wenzl, Lukas | Westbrook, Ben | White, Martin | Whitehorn, Nathan | Wiedlea, Andrew | Williams, Paul | Wilson, Robert | Winch, Harrison | Wollack, Edward J. | Wu, W.L. Kimmy | Xu, Zhilei | Yefremenko, Volodymyr G. | Yu, Cyndia | Zegeye, David | Zivick, Jeff | Zonca, Andrea",356,2203.08024,https://arxiv.org/abs/2203.08024,2022,2022-03-15,INSPIRE earliest_date,CF | IF,宇宙前沿 | 仪器学前沿,2,CF: General - centered on this frontier: | IF: General - centered on this frontier,astro-ph.CO,astro-ph.CO | astro-ph.IM | gr-qc | hep-ex | hep-ph,Cosmology,宇宙学,cosmic background radiation | structure | cosmological model: parameter space,2,172,112,39.06902985074626,0.3488372093023256,94.50651769087523,95.25139664804469,94.72998137802607,30,26,28,INSPIRE,,2052441,https://inspirehep.net/literature/2052441,https://www.slac.stanford.edu/econf/C210711/papers/2203.08024.pdf
80,arxiv:2203.07361,Coherent Elastic Neutrino-Nucleus Scattering: Terrestrial and Astrophysical Applications,M. Abdullah et al.,"Abdullah, M. | Abele, H. | Akimov, D. | Angloher, G. | Aristizabal Sierra, D. | Augier, C. | Balantekin, A.B. | Balogh, L. | Barbeau, P.S. | Baudis, L. | Baxter, A.L. | Beaufort, C. | Beaulieu, G. | Belov, V. | Bento, A. | Berge, L. | Bernardi, I.A. | Billard, J. | Bolozdynya, A. | Bonhomme, A. | Bres, G. | Bret, J-.L. | Broniatowski, A. | Brossard, A. | Buck, C. | Cadeddu, M. | Calvo, M. | Canonica, L. | Cappella, F. | Cardani, L. | Casali, N. | Cazes, A. | Cerulli, R. | Chaize, D. | Chang, C. | Chapellier, M. | Chaplinsky, L. | Chemin, G. | Chen, R. | Colantoni, I. | Colas, J. | Coloma, P. | Corcoran, E.C. | Crawford, S. | Cruciani, A. | Dastgheibi Fard, A. | De Jesus, M. | de Marcillac, P. | De Romeri, V. | del Castello, G. | del Gallo Roccagiovine, M. | Delicato, D. | Demarteau, M. | Deng, Y. | Dent, J.B. | Denton, P.B. | Dering, K. | Doblhammer, A. | Dordei, F. | Dorer, S. | Dumoulin, L. | Dunford, D. | Dutta, B. | Erhart, A. | Exshaw, O. | Ferriol, S. | Figueroa-Feliciano, E. | Filippini, J.-B. | Flores, L.J. | Formaggio, J.A. | Friedl, M. | Fuard, S. | Gao, F. | Garai, A. | Garces, E.A. | Gascon, J. | Gehrlein, J. | Gerbier, G. | Ghete, V.M. | Giomataris, I. | Giroux, G. | Giuliani, A. | Giunti, C. | Gorel, P. | Goupy, C. | Goupy, J. | Goy, C. | Green, M.P. | Gros, M. | Guerin, C. | Guidi, V. | Guillaudin, O. | Guy, E. | Ha, C. | Hau, D. | Hakenmuller, J. | Harrington, P.M. | Hedges, S. | Heine, S.T. | Hertel, S. | Heusch, M. | Hoarau, C. | Hoferichter, M. | Hoppe, E.W. | Hong, Z. | Horiuchi, S. | Huber, P. | Ianigro, J.-C. | Jachowicz, N. | Jericha, E. | Jin, Y. | Johnston, J.P. | Juillard, A. | Katsioulas, I. | Kazarcev, S. | Kaznacheeva, M. | Kelly, F. | Kelly, K.J. | Kim, D. | Kinast, A. | Klinkenberg, L. | Kluck, H. | Knights, P. | Ko, Y.J. | Kosmas, T.S. | Kwon, L. | Lamblin, J. | Lang, R.F. | Langenkamper, A. | Langrock, S. | Lasserre, T. | Lattaud, H. | Lautridou, P. | Lee, H.S. | Lenardo, B.G. | Lhuillier, D. | Li, M. | Li, S.C. | Li, Y.F. | Li, Z. | Lindner, M. | Liu, J. | Loomba, D. | Lubashevskiy, A. | Machado, P.A.N. | Mancuso, M. | Maneschg, W. | Marko, D.M. | Marnieros, S. | Martin, R. | Martin, R.D. | Mauri, B. | Mayer, D.W. | Mazzolari, A. | Mazzucato, E. | Menendez, J. | Minet, J. | Miranda, O.G. | Misiak, D. | Mols, J.-P. | Monfardini, A. | Mounier, F. | Muraz, J.-F. | Neep, T. | Neilson, R. | Newby, J. | Newstead, J.L. | Neyrial, H. | Ni, K. | Nikolopoulos, K. | Nones, C. | Norcini, D. | Pandey, V. | O'Brien, P. | O'Hare, C.A.J. | Oberauer, L. | Oliver, W. | Olivieri, E. | Onillon, A. | Oriol, C. | Ortmann, T. | Owen, R. | Palladino, K.J. | Papoulias, D.K. | Park, J.C. | Parno, D.S. | Patel, P.K. | Pattavina, L. | Peinado, E. | Perbet, E. | Peters, L. | Petricca, F. | Pinckney, H.D. | Piro, M.-C. | Ponomarev, D. | Poda, D. | Potzel, W. | Probst, F. | Pucci, F. | Rarbi, F. | Rapp, R. | Ray, H. | Real, J.-S. | Reindl, F. | Rich, G.C. | Ricol, J.-S. | Rink, T. | Redon, T. | Rogly, R. | Robert, A. | Rothe, J. | Rozov, S. | Rozova, I. | Salagnac, T. | Sanchez Garcia, E. | Sanchez Garcia, G. | Sanders, O. | Sanglard, V. | Santos, D. | Sarkis, Y. | Savu, V. | Savvidis, G. | Savvidis, I. | Schermer, N. | Schieck, J. | Schmidt, B. | Schonert, S. | Scholberg, K. | Schwenk, A. | Schwertner, C. | Scola, L. | Shevchik, Ye. | Shin, S. | Sibille, V. | Shoemaker, I.M. | Snowden-I, D.P. | Soldner, T. | Soum, G. | Spooner, N.J.C. | Stachurska, J. | Stodolsky, L. | Strauss, R. | Strigari, L.E. | Stutz, A. | Suh, B.D. | Suhonen, J. | Tabrizi, Z. | Takhistov, V. | Thompson, A. | Tomei, C. | Tortola, M. | Tripathi, M. | Vagneron, L. | Valle, J.W.F. | Mirbach, K.v. | Van De Pontseele, W. | Vignati, M. | Vivier, M. | de Sola Fernandez, F. Vazquez | Vezzu, F. | Vidal, M. | Wagner, V. | Walker, J.W. | Ward, R. | Wex, A. | Winslow, L. | Wong, H.T. | Wood, M.H. | Xu, J. | Yang, L. | Yakushev, E. | Zampaolo, M. | Zettlemoyer, J. | Zhang, Y.Y. | Zinatulina, D.",275,2203.07361,https://arxiv.org/abs/2203.07361,2022,2022-03-14,INSPIRE earliest_date,NF,中微子前沿,1,NF: Neutrinos Beyond the Standard Model,hep-ph,hep-ph | astro-ph.HE | hep-ex,Particle phenomenology,粒子唯象学,neutrino nucleus: elastic scattering | coherence | radiative correction | neutrino: solar | neutrino: supernova | neutrino: atmosphere | neutrino: sterile | neutrino: interaction | symmetry: U(1) | dark matter | cesium: iodine | numerical calculations | new physics,1,119,39,27.01351771286513,0.6722689075630253,91.5270018621974,91.71322160148976,91.5828677839851,46,45,46,INSPIRE,,2051269,https://inspirehep.net/literature/2051269,https://www.slac.stanford.edu/econf/C210711/papers/2203.07361.pdf
81,arxiv:2203.10161,Collaborative Computing Support for Analysis Facilities Exploiting Software as Infrastructure Techniques,M. Acosta Flechas et al.,"Flechas, Maria Acosta | Attebury, Garhan | Bloom, Kenneth | Bockelman, Brian | Gray, Lindsey | Holzman, Burt | Lundstedt, Carl | Shadura, Oksana | Smith, Nicholas | Thiltges, John",10,2203.10161,https://arxiv.org/abs/2203.10161,2022,2022-03-18,INSPIRE earliest_date,CompF,计算前沿,1,CompF: Storage and Processing Resource Access,physics.data-an,physics.data-an | cs.SE | hep-ex,Data analysis,数据分析,activity report | programming | hardware | computer: network | data management,1,2,1,0.45514018691588787,0.5,9.776536312849162,10.05586592178771,9.860335195530727,470,483,483,INSPIRE,,2055674,https://inspirehep.net/literature/2055674,https://www.slac.stanford.edu/econf/C210711/papers/2203.10161.pdf
82,arxiv:2203.13305,Collider Physics Opportunities of Extended Warped Extra-Dimensional Models,K. Agashe et al.,"Agashe, Kaustubh | Collins, Jack H. | Du, Peizhi | Ekhterachian, Majid | Hong, Sungwoo | Kim, Doojin | Mishra, Rashmish K. | Sathyan, Deepak",8,2203.13305,https://arxiv.org/abs/2203.13305,2022,2022-03-24,INSPIRE earliest_date,EF | TF,能量前沿 | 理论前沿,2,EF: Beyond the Standard Model - More General Explorations | TF: Collider Phenomenology,hep-ph,hep-ph,Particle phenomenology,粒子唯象学,space-time: warped | Randall-Sundrum model | graviton: Kaluza-Klein | gauge boson: Kaluza-Klein | boosted particle | radion | CERN LHC Coll: upgrade | new physics,2,2,0,0.45684803001876173,1.0,9.776536312849162,11.080074487895716,10.167597765363128,471,478,478,INSPIRE,,2058509,https://inspirehep.net/literature/2058509,https://www.slac.stanford.edu/econf/C210711/papers/2203.13305.pdf
83,arxiv:2203.03852,Combined Signatures of Heavy Higgses and Vectorlike Fermions at the HL-LHC,R. Dermisek et al.,"Dermisek, Radovan | Kawamura, Junichiro | Lunghi, Enrico | McGinnis, Navin | Shin, Seodong",5,2203.03852,https://arxiv.org/abs/2203.03852,2022,2022-03-07,INSPIRE earliest_date,EF | TF,能量前沿 | 理论前沿,2,EF: Beyond the Standard Model - More General Explorations | TF: Collider Phenomenology,hep-ph,hep-ph,Particle phenomenology,粒子唯象学,Higgs particle: doublet: 2 | Higgs particle: heavy | fermion: vector particle | quark: vector particle | lepton: vector particle | coupling: Yukawa | single production | cascade decay | kinematics | sensitivity | CERN LHC Coll: upgrade | Monte Carlo | numerical calculations | new physics,2,5,1,1.130105198019802,0.8,28.212290502793294,26.722532588454378,27.765363128491614,378,394,395,INSPIRE,,2048036,https://inspirehep.net/literature/2048036,https://www.slac.stanford.edu/econf/C210711/papers/2203.03852.pdf
84,arxiv:2207.06507,Comments on Collinear Factorization,G. Sterman.,"Sterman, George",1,2207.06507,https://arxiv.org/abs/2207.06507,2022,2022-07-13,INSPIRE earliest_date,TF,理论前沿,1,TF: Collider Phenomenology,hep-ph,hep-ph,Particle phenomenology,粒子唯象学,factorization: collinear | quantum chromodynamics | soft collinear effective theory | unitarity | gluon,1,10,6,2.4546370967741935,0.4,44.134078212290504,45.716945996275605,44.608938547486034,298,292,293,INSPIRE,,2112413,https://inspirehep.net/literature/2112413,https://www.slac.stanford.edu/econf/C210711/papers/2207.06507.pdf
85,arxiv:2203.08750,Common Coil Dipole for High Field Magnet Design and R&D,R. Gupta et al.,"Gupta, Ramesh | Amm, Kathleen | Avronsart, Julien | Anerella, Michael | Yahia, Anis Ben | Cozzolino, John | Joshi, Piyush | Kumar, Mithlesh | Kurian, Febin | Runyan, Chris | Sampson, William | Schmalzle, Jesse | Kahn, Stephan | Scanlan, Ronald | Weggel, Robert | Willen, Erich | Xu, Qingjin | Munilla, Javier | Toral, Fernando | Ferracin, Paolo | Gourlay, Steve | Sabbi, GianLuca | Wang, Xiaorong | van der Laan, Danko | Weiss, Jeremy",25,2203.08750,https://arxiv.org/abs/2203.08750,2022,2022-03-16,INSPIRE earliest_date,AF,加速器科学与技术,1,AF: Accelerator Technology - Magnets,physics.acc-ph,physics.acc-ph,Accelerator science,加速器科学,,1,1,0,0.22728686994399505,1.0,4.283054003724395,5.21415270018622,4.562383612662942,509,508,508,INSPIRE,,2053688,https://inspirehep.net/literature/2053688,https://www.slac.stanford.edu/econf/C210711/papers/2203.08750.pdf
86,arxiv:2111.03096,Comparison of SUSY Spectra Generators for Natural SUSY and String Landscape Predictions,H. Baer et al.,"Baer, Howard | Barger, Vernon | Martinez, Dakotah",3,2111.03096,https://arxiv.org/abs/2111.03096,2021,2021-11-04,INSPIRE earliest_date,EF,能量前沿,1,EF: Beyond the Standard Model - Model Specific Explorations,hep-ph,hep-ph,Particle phenomenology,粒子唯象学,scale: electroweak interaction | sparticle: mass spectrum | Higgs particle: mass | supersymmetry | landscape | string | naturalness | interpretation of experiments: CERN LHC Coll | computer | statistical analysis | statistical | multiverse,1,25,10,5.250862564692352,0.6,65.27001862197393,64.3389199255121,64.99068901303538,186,192,189,INSPIRE,,1961516,https://inspirehep.net/literature/1961516,https://www.slac.stanford.edu/econf/C210711/papers/2111.03096.pdf
87,arxiv:2203.07455,Complex Scalar Singlet Model Benchmarks for Snowmass,S. Adhikari et al.,"Adhikari, Shekhar | Lane, Samuel D. | Lewis, Ian M. | Sullivan, Matthew",4,2203.07455,https://arxiv.org/abs/2203.07455,2022,2022-03-14,INSPIRE earliest_date,EF | TF,能量前沿 | 理论前沿,2,EF: Higgs Boson Properties and Couplings | TF: Collider Phenomenology,hep-ph,hep-ph | hep-ex,Particle phenomenology,粒子唯象学,resonance: scalar | singlet: scalar | resonance: production | mass: hierarchy | benchmark | branching ratio | signature | GeV | direct production | cascade,2,11,7,2.4970478558110627,0.36363636363636365,46.2756052141527,46.2756052141527,46.27560521415269,288,289,289,INSPIRE,,2052402,https://inspirehep.net/literature/2052402,https://www.slac.stanford.edu/econf/C210711/papers/2203.07455.pdf
88,arxiv:2204.04200,Computational Challenges for Multi-Loop Collider Phenomenology,F. Febres Cordero et al.,"Febres Cordero, Fernando | von Manteuffel, Andreas | Neumann, Tobias",3,2204.04200,https://arxiv.org/abs/2204.04200,2022,2022-04-08,INSPIRE earliest_date,CompF | TF,计算前沿 | 理论前沿,2,CompF: Theoretical Calculations and Simulations | TF: Theory Techniques for Precision Physics,hep-ph,hep-ph,Particle phenomenology,粒子唯象学,interpretation of experiments: CERN LHC Coll | High-energy physics | Perturbative quantum field theory | Collider phenomenology | Large Hadron Collider,2,26,21,5.995265151515151,0.19230769230769232,65.92178770949721,66.38733705772812,66.06145251396647,183,181,184,INSPIRE,,2064884,https://inspirehep.net/literature/2064884,https://www.slac.stanford.edu/econf/C210711/papers/2204.04200.pdf
89,arxiv:2204.01072,Conductor Properties and Coil Technology for a Bi2212 Dipole Insert for 20 Tesla Hybrid Accelerator Magnets,E. Barzi.,"Barzi, Emanuela",1,2204.01072,https://arxiv.org/abs/2204.01072,2022,2022-04-03,INSPIRE earliest_date,AF,加速器科学与技术,1,AF: Accelerator Technology - Magnets,physics.acc-ph,physics.acc-ph | hep-ex,Accelerator science,加速器科学,activity report | superconductivity: temperature: high | accelerator: magnet | bending magnet | niobium: tin | performance,1,4,1,0.9194461925739459,0.75,22.998137802607076,25.79143389199255,23.83612662942272,402,399,399,INSPIRE,,2062314,https://inspirehep.net/literature/2062314,https://www.slac.stanford.edu/econf/C210711/papers/2204.01072.pdf
90,arxiv:2203.08275,Continuous and Coordinated Efforts of Structure Wakefield Acceleration (SWFA) Development for an Energy Frontier Machine,C. Jing et al.,"Jing, Chunguang | Power, John | Shao, Jiahang | Ha, Gwanghui | Piot, Philippe | Lu, Xueying | Zholents, Alexander | Kanareykin, Alexei | Kuzikov, Sergey | Rosenzweig, James B. | Andonian, Gerard | Simakov, Evgenya Ivanovna | Upadhyay, Janardan | Tang, Chuanxiang | Temkin, Richard J. | Nanni, Emilio Alessandro | Lewellen, John",17,2203.08275,https://arxiv.org/abs/2203.08275,2022,2022-03-15,INSPIRE earliest_date,AF,加速器科学与技术,1,AF: Advanced Accelerator Concepts,physics.acc-ph,physics.acc-ph,Accelerator science,加速器科学,activity report | acceleration: wake field | accelerator: wake field | positron: beam | accelerator: technology | accelerator: design,1,10,4,2.2714552238805967,0.6,44.134078212290504,44.878957169459966,44.35754189944134,299,296,296,INSPIRE,,2053576,https://inspirehep.net/literature/2053576,https://www.slac.stanford.edu/econf/C210711/papers/2203.08275.pdf
91,arxiv:2203.06240,Cosmic Frontier: Fundamental Physics and Beyond the Standard Model,E. Berti et al.,"Berti, Emanuele | Cardoso, Vitor | Haiman, Zoltán | Holz, Daniel E. | Mottola, Emil | Mukherjee, Suvodip | Sathyaprakash, Bangalore | Siemens, Xavier | Yunes, Nicolás",9,2203.06240,https://arxiv.org/abs/2203.06240,2022,2022-03-11,INSPIRE earliest_date,CF | TF,宇宙前沿 | 理论前沿,2,CF: Cosmic Probes of Fundamental Physics | TF: Astro-Particle Physics and Cosmology,hep-ph,hep-ph | gr-qc | hep-th,Particle phenomenology,粒子唯象学,gravitation: strong field | graviton: mass | gravitational radiation | gravitational radiation detector | black hole: binary | black hole: spin | dark matter: density | binary: compact | neutron star | pulsar | space-time: geometry | cosmic string | inflation | numerical calculations | new physics,2,27,22,6.117710918114144,0.18518518518518517,66.4804469273743,66.57355679702049,66.50837988826815,179,180,181,INSPIRE,,2051112,https://inspirehep.net/literature/2051112,https://www.slac.stanford.edu/econf/C210711/papers/2203.06240.pdf
92,arxiv:2203.07638,Cosmic Microwave Background Measurements White Paper,C. L. Chang et al.,"Chang, Clarence L. | Huffenberger, Kevin M. | Benson, Bradford A. | Bianchini, Federico | Chluba, Jens | Delabrouille, Jacques | Flauger, Raphael | Hanany, Shaul | Jones, William C. | Kogut, Alan J. | McMahon, Jeffrey J. | Meyers, Joel | Sehgal, Neelima | Simon, Sara M. | Umilta, Caterina | Abazajian, Kevork N. | Ahmed, Zeeshan | Akrami, Yashar | Anderson, Adam J. | Ansarinejad, Behzad | Austermann, Jason | Baccigalupi, Carlo | Barkats, Denis | Barron, Darcy | Barry, Peter S. | Battaglia, Nicholas | Baxter, Eric | Beck, Dominic | Bender, Amy N. | Bennett, Charles | Beringue, Benjamin | Bischoff, Colin | Bleem, Lindsey | Bock, James | Bolliet, Boris | Bond, J. Richard | Borrill, Julian | Brinckmann, Thejs | Brown, Michael L. | Calabrese, Erminia | Carlstrom, John | Challinor, Anthony | Chang, Chihway | Chinone, Yuji | Clark, Susan E. | Coulton, William | Cukierman, Ari | Cyr-Racine, Francis-Yan | Duff, Shannon M. | Dvorkin, Cora | van Engelen, Alexander | Errard, Josquin | Eskilt, Johannes R. | Essinger-Hileman, Thomas | Fabbian, Giulio | Feng, Chang | Ferraro, Simone | Filippini, Jeffrey | Freese, Katherine | Galitzki, Nicholas | Gawiser, Eric | Grin, Daniel | Grohs, Evan | Gruppuso, Alessandro | Gudmundsson, Jon E. | Halverson, Nils W. | Hamilton, Jean-Christophe | Harrington, Kathleen | Henrot-Versillé, Sophie | Hensley, Brandon | Hill, J. Colin | Hincks, Adam D. | Hlozek, Renee | Holzapfel, William | Hotinli, Selim C. | Hui, Howard | Ibitoye, Ayodeji | Johnson, Matthew | Johnson, Bradley R. | Kang, Jae Hwan | Karkare, Kirit S. | Knox, Lloyd | Kovac, John | Lau, Kenny | Legrand, Louis | Loverde, Marilena | Lubin, Philip | Ma, Yin-Zhe | Mroczkowski, Tony | Mukherjee, Suvodip | Münchmeyer, Moritz | Nagai, Daisuke | Nagy, Johanna | Niemack, Michael | Novosad, Valentine | Omori, Yuuki | Orlando, Giorgio | Pan, Zhaodi | Perotto, Laurence | Petroff, Matthew A. | Pogosian, Levon | Pryke, Clem | Rahlin, Alexandra | Raveri, Marco | Reichardt, Christian L. | Remazeilles, Mathieu | Rephaeli, Yoel | Ruhl, John | Schaan, Emmanuel | Shandera, Sarah | Shimon, Meir | Soliman, Ahmed | Stark, Antony A. | Starkman, Glenn D. | Stompor, Radek | Thakur, Ritoban Basu | Trendafilova, Cynthia | Tristram, Matthieu | Trivedi, Pranjal | Tucker, Gregory | Di Valentino, Eleonora | Vieira, Joaquin | Vieregg, Abigail | Wang, Gensheng | Watson, Scott | Wenzl, Lukas | Wollack, Edward J. | Wu, W.L. Kimmy | Xu, Zhilei | Zegeye, David | Zhang, Cheng",131,2203.07638,https://arxiv.org/abs/2203.07638,2022,2022-03-15,INSPIRE earliest_date,CF | IF | TF,宇宙前沿 | 仪器学前沿 | 理论前沿,3,CF: Dark Energy and Cosmic Acceleration: Cosmic Dawn and Before | IF: Radio Detection | TF: Astro-Particle Physics and Cosmology,astro-ph.CO,astro-ph.CO | astro-ph.IM | gr-qc | hep-ex | hep-ph,Cosmology,宇宙学,energy: high | cosmic background radiation | cosmological model,3,53,37,12.038712686567163,0.3018867924528302,80.54003724394786,81.00558659217877,80.67970204841714,104,103,104,INSPIRE,,2052414,https://inspirehep.net/literature/2052414,https://www.slac.stanford.edu/econf/C210711/papers/2203.07638.pdf
93,arxiv:2207.02882,Cosmogenic Dark Matter and Exotic Particle Searches in Neutrino Experiments,J. Berger et al.,"Berger, J. | Brailsford, D. | Choi, K. | Crespo-Anadón, J.I. | Cui, Y. | Das, A. | Dror, J.A. | Habig, A. | Itow, Y. | Kearns, E. | Kim, D. | Park, J.-C. | Petrillo, G. | Rott, C. | Sen, M. | Takhistov, V. | Tsai, Y.-T. | Yu, J.",18,2207.02882,https://arxiv.org/abs/2207.02882,2022,2022-07-06,INSPIRE earliest_date,NF,中微子前沿,1,NF: Neutrinos Beyond the Standard Model,hep-ph,hep-ph | hep-ex,Particle phenomenology,粒子唯象学,dark matter: interaction | dark matter: scattering | neutrino: detector | dark matter: annihilation | dark matter: direct detection | scintillation counter | Cherenkov counter | numerical calculations | new physics,1,22,16,5.374916387959867,0.2727272727272727,62.29050279329609,64.52513966480447,62.960893854748605,202,191,199,INSPIRE,,2107154,https://inspirehep.net/literature/2107154,https://www.slac.stanford.edu/econf/C210711/papers/2207.02882.pdf
94,arxiv:2203.07049,Cosmological Simulations for Dark Matter Physics,A. Banerjee et al.,"Banerjee, Arka | Boddy, Kimberly K. | Cyr-Racine, Francis-Yan | Erickcek, Adrienne L. | Gilman, Daniel | Gluscevic, Vera | Kim, Stacy | Lehmann, Benjamin V. | Mao, Yao-Yuan | Mocz, Philip | Munshi, Ferah | Nadler, Ethan O. | Necib, Lina | Parikh, Aditya | Peter, Annika H.G. | Sales, Laura | Vogelsberger, Mark | Wright, Anna C.",18,2203.07049,https://arxiv.org/abs/2203.07049,2022,2022-03-14,INSPIRE earliest_date,CF,宇宙前沿,1,CF: Dark Matter: Cosmic Probes,astro-ph.CO,astro-ph.CO | astro-ph.GA | hep-ph,Cosmology,宇宙学,dark matter: signature | particle: model | buildings | calibration | satellite | observatory | on-line | cosmological model: parameter space | baryon,1,21,8,4.767091361093847,0.6190476190476191,61.452513966480446,62.29050279329609,61.70391061452514,205,203,206,INSPIRE,,2051170,https://inspirehep.net/literature/2051170,https://www.slac.stanford.edu/econf/C210711/papers/2203.07049.pdf
95,arxiv:2203.07506,Cosmology and Fundamental Physics from the Three-Dimensional Large Scale Structure,S. Ferraro et al.,"Ferraro, Simone | Sailer, Noah | Slosar, Anze | White, Martin",4,2203.07506,https://arxiv.org/abs/2203.07506,2022,2022-03-14,INSPIRE earliest_date,CF,宇宙前沿,1,CF: Dark Energy and Cosmic Acceleration: The Modern Universe,astro-ph.CO,astro-ph.CO | hep-ex | hep-ph,Cosmology,宇宙学,redshift: high | dimension: 3 | dark energy: density | expansion: acceleration | non-Gaussianity: primordial | matter: power spectrum | neutrino: mass | power spectrum: primordial | cosmic background radiation | structure | cosmological model: parameter space | gravitation | dark matter: parametrization | curvature | fractional,1,63,41,14.30127408328154,0.3492063492063492,83.33333333333333,83.5195530726257,83.38919925512104,90,89,90,INSPIRE,,2052439,https://inspirehep.net/literature/2052439,https://www.slac.stanford.edu/econf/C210711/papers/2203.07506.pdf
96,arxiv:2203.07629,Cosmology at the Theory Frontier,R. Flauger et al.,"Flauger, Raphael | Gorbenko, Victor | Joyce, Austin | McAllister, Liam | Shiu, Gary | Silverstein, Eva",6,2203.07629,https://arxiv.org/abs/2203.07629,2022,2022-03-15,INSPIRE earliest_date,TF,理论前沿,1,"TF: String Theory, Quantum Gravity, and Black Holes",hep-th,hep-th,Formal theory / quantum gravity,形式理论与量子引力,space: de Sitter | structure | inflation | horizon | cosmological model | string model | cosmic background radiation | infrared | ultraviolet | history | entropy | deformation,1,55,43,12.493003731343283,0.21818181818181817,81.47113594040968,81.28491620111731,81.41527001862197,99,101,100,INSPIRE,,2052446,https://inspirehep.net/literature/2052446,https://www.slac.stanford.edu/econf/C210711/papers/2203.07629.pdf
97,arxiv:2203.06142,"Cosmology Intertwined: A Review of the Particle Physics, Astrophysics, and Cosmology Associated with the Cosmological Tensions and Anomalies",E. Abdalla et al.,"Abdalla, Elcio | Franco Abellán, Guillermo | Aboubrahim, Amin | Agnello, Adriano | Akarsu, Ozgur | Akrami, Yashar | Alestas, George | Aloni, Daniel | Amendola, Luca | Anchordoqui, Luis A. | Anderson, Richard I. | Arendse, Nikki | Asgari, Marika | Ballardini, Mario | Barger, Vernon | Basilakos, Spyros | Batista, Ronaldo C. | Battistelli, Elia S. | Battye, Richard | Benetti, Micol | Benisty, David | Berlin, Asher | de Bernardis, Paolo | Berti, Emanuele | Bidenko, Bohdan | Birrer, Simon | Blakeslee, John P. | Boddy, Kimberly K. | Bom, Clecio R. | Bonilla, Alexander | Borghi, Nicola | Bouchet, François R. | Braglia, Matteo | Buchert, Thomas | Buckley-Geer, Elizabeth | Calabrese, Erminia | Caldwell, Robert R. | Camarena, David | Capozziello, Salvatore | Casertano, Stefano | Chen, Geoff C.-F. | Chluba, Jens | Chen, Angela | Chen, Hsin-Yu | Chudaykin, Anton | Cicoli, Michele | Copi, Craig J. | Courbin, Fred | Cyr-Racine, Francis-Yan | Czerny, Bozena | Dainotti, Maria | D'Amico, Guido | Davis, Anne-Christine | Pérez de Cruz, Javier | de Haro, Jaume | Delabrouille, Jacques | Denton, Peter B. | Dhawan, Suhail | Dienes, Keith R. | Di Valentino, Eleonora | Du, Pu | Eckert, Dominique | Escamilla-Rivera, Celia | Ferté, Agnès | Finelli, Fabio | Fosalba, Pablo | Freedman, Wendy L. | Frusciante, Noemi | Gaztañaga, Enrique | Giarè, William | Giusarma, Elena | Gómez-Valent, Adrià | Handley, Will | Harrison, Ian | Hart, Luke | Hazra, Dhiraj Kumar | Heavens, Alan | Heinesen, Asta | Hildebrandt, Hendrik | Hill, J. Colin | Hogg, Natalie B. | Holz, Daniel E. | Hooper, Deanna C. | Hosseininejad, Nikoo | Huterer, Dragan | Ishak, Mustapha | Ivanov, Mikhail M. | Jaffe, Andrew H. | Jang, In Sung | Jedamzik, Karsten | Jimenez, Raul | Joseph, Melissa | Joudaki, Shahab | Kamionkowski, Marc | Karwal, Tanvi | Kazantzidis, Lavrentios | Keeley, Ryan E. | Klasen, Michael | Komatsu, Eiichiro | Koopmans, Léon V.E. | Kumar, Suresh | Lamagna, Luca | Lazkoz, Ruth | Lee, Chung-Chi | Lesgourgues, Julien | Said Levi, Jackson | Lewis, Tiffany R. | L'Huillier, Benjamin | Lucca, Matteo | Maartens, Roy | Macri, Lucas M. | Marfatia, Danny | Marra, Valerio | Martins, Carlos J.A.P. | Masi, Silvia | Matarrese, Sabino | Mazumdar, Arindam | Melchiorri, Alessandro | Mena, Olga | Mersini-Houghton, Laura | Mertens, James | Milakovic, Dinko | Minami, Yuto | Miranda, Vivian | Moreno-Pulido, Cristian | Moresco, Michele | Mota, David F. | Mottola, Emil | Mozzon, Simone | Muir, Jessica | Mukherjee, Ankan | Mukherjee, Suvodip | Naselsky, Pavel | Nath, Pran | Nesseris, Savvas | Niedermann, Florian | Notari, Alessio | Nunes, Rafael C. | Colgáin, Eoin Ó. | Owens, Kayla A. | Ozulker, Emre | Pace, Francesco | Paliathanasis, Andronikos | Palmese, Antonella | Pan, Supriya | Paoletti, Daniela | Bergliaffa Perez, Santiago E. | Perivolaropoulos, Leandros | Pesce, Dominic W. | Pettorino, Valeria | Philcox, Oliver H.E. | Pogosian, Levon | Poulin, Vivian | Poulot, Gaspard | Raveri, Marco | Reid, Mark J. | Renzi, Fabrizio | Riess, Adam G. | Sabla, Vivian I. | Salucci, Paolo | Salzano, Vincenzo | Saridakis, Emmanuel N. | Sathyaprakash, Bangalore S. | Schmaltz, Martin | Schöneberg, Nils | Scolnic, Dan | Sen, Anjan A. | Sehgal, Neelima | Shafieloo, Arman | Sheikh-Jabbari, M.M. | Silk, Joseph | Silvestri, Alessandra | Skara, Foteini | Sloth, Martin S. | Soares-Santos, Marcelle | Peracaula Solà, Joan | Songsheng, Yu-Yang | Soriano, Jorge F. | Staicova, Denitsa | Starkman, Glenn D. | Szapudi, István | Teixeira, Elsa M. | Thomas, Brooks | Treu, Tommaso | Trott, Emery | van de Bruck, Carsten | Vazquez, J. Alberto | Verde, Licia | Visinelli, Luca | Wang, Deng | Wang, Jian-Min | Wang, Shao-Jiang | Watkins, Richard | Watson, Scott | Webb, John K. | Weiner, Neal | Weltman, Amanda | Witte, Samuel J. | Wojtak, Radosław | Yadav, Anil Kumar | Yang, Weiqiang | Zhao, Gong-Bo | Zumalacárregui, Miguel",203,2203.06142,https://arxiv.org/abs/2203.06142,2022,2022-03-11,INSPIRE earliest_date,CF,宇宙前沿,1,CF: Cosmic Probes of Fundamental Physics,astro-ph.CO,astro-ph.CO | hep-ph,Cosmology,宇宙学,calibration: geometrical | matter: energy | energy: density | tension | new physics | anomaly | cosmic background radiation | Hubble constant | Planck | cosmological model | redshift | gravitation: lens | statistical | structure,1,1594,884,361.1715260545906,0.4454203262233375,99.90689013035382,99.90689013035382,99.90689013035382,1,1,1,INSPIRE,,2050441,https://inspirehep.net/literature/2050441,https://www.slac.stanford.edu/econf/C210711/papers/2203.06142.pdf
98,arxiv:2203.07258,Cosmology with Millimeter-Wave Line Intensity Mapping,K. S. Karkare et al.,"Karkare, Kirit S. | Dizgah, Azadeh Moradinezhad | Keating, Garrett K. | Breysse, Patrick | Chung, Dongwoo T.",5,2203.07258,https://arxiv.org/abs/2203.07258,2022,2022-03-14,INSPIRE earliest_date,CF,宇宙前沿,1,CF: Dark Energy and Cosmic Acceleration: Cosmic Dawn and Before,astro-ph.CO,astro-ph.CO | hep-ex,Cosmology,宇宙学,neutrino: mass | gravitation: model | detector: technology | redshift: high | sensitivity | structure | cosmological model: parameter space | dark energy: density | dark matter: annihilation | cosmic background radiation | inflation: model,1,31,18,7.037134866376631,0.41935483870967744,70.39106145251397,70.29795158286778,70.3631284916201,158,160,160,INSPIRE,,2051189,https://inspirehep.net/literature/2051189,https://www.slac.stanford.edu/econf/C210711/papers/2203.07258.pdf
99,arxiv:2209.07429,CP Violation in b and c Quark Decays,A. Dery et al.,"Dery, Avital | Grossman, Yuval | Schacht, Stefan | Tonelli, Diego",4,2209.07429,https://arxiv.org/abs/2209.07429,2022,2022-09-15,INSPIRE earliest_date,RPF,稀有过程与精密测量,1,RPF: Weak Decays of b and c Quarks,hep-ph,hep-ph | hep-ex,Particle phenomenology,粒子唯象学,new physics | CP: violation | charm: decay | bottom: decay,1,5,5,1.2824789325842696,0.0,28.212290502793294,30.446927374301676,28.882681564245807,379,374,375,INSPIRE,,2152228,https://inspirehep.net/literature/2152228,https://www.slac.stanford.edu/econf/C210711/papers/2209.07429.pdf
100,arxiv:2203.10431,"Critical Problems of Energy Frontier Muon Colliders: Optics, Magnets, and Radiation",Yu. I. Alexahin et al.,"Alexahin, Yu.I. | Barzi, E. | Gianfelice-Wendt, E. | Kapin, V. | Kashikhin, V.V. | Mokhov, N.V. | Novitski, I. | Shiltsev, V. | Striganov, S. | Tropin, I. | Zlobin, A.V.",11,2203.10431,https://arxiv.org/abs/2203.10431,2022,2022-03-19,INSPIRE earliest_date,AF,加速器科学与技术,1,AF: Accelerator Technology - Magnets,physics.acc-ph,physics.acc-ph,Accelerator science,加速器科学,activity report | muon: storage ring | magnet: superconductivity | magnet: design | beam optics: design | niobium: tin | background | beam dynamics | accelerator: technology,1,6,2,1.366271820448878,0.6666666666666666,32.49534450651769,33.42644320297951,32.774674115456236,355,358,359,INSPIRE,,2055939,https://inspirehep.net/literature/2055939,https://www.slac.stanford.edu/econf/C210711/papers/2203.10431.pdf
101,arxiv:2203.06146,Cryogenic User Facilities for R&D on Noble Liquid Detectors and Low Temperature Devices,Y. Li et al.,"Li, Y. | Zhang, C. | Diwan, M. | Qian, X. | Martynenko, S. | Thorn, C. | Stewart, J. | Kettell, S. | Hollister, M. | Chou, A. | Theilacker, J. | Golwala, S. | Khatiwada, R. | Kurinsky, N.A. | Bromberg, C. | Paolone, V.",16,2203.06146,https://arxiv.org/abs/2203.06146,2022,2022-03-11,INSPIRE earliest_date,IF,仪器学前沿,1,IF: Cross-Cutting Issues and Systems Integration,physics.ins-det,physics.ins-det | hep-ex | quant-ph,Instrumentation and detectors,仪器与探测器,activity report | detector: liquid | cryogenics | experimental equipment,1,0,0,0.0,,1.0242085661080074,1.0242085661080074,1.0242085661080074,528,528,528,INSPIRE,,2050101,https://inspirehep.net/literature/2050101,https://www.slac.stanford.edu/econf/C210711/papers/2203.06146.pdf
102,arxiv:2203.08192,Current Status and Future Prospects for the Light Dark Matter eXperiment (LDMX),T. Åkesson et al.,"Åkesson, Torsten | Blinov, Nikita | Brand-Baugher, Lukas | Bravo, Cameron | Bryngemark, Lene Kristian | Butti, Pierfrancesco | Doglioni, Caterina | Dukes, Craig | Dutta, Valentina | Echenard, Bertrand | Ehrlich, Ralf | Eichlersmith, Thomas | Furmanski, Andrew | Greenstein, Chloe | Gogate, Niramay | Hegde, Vinay | Herwig, Christian | Hitlin, David G. | Hoang, Duc | Horoho, Tyler | Incandela, Joseph | Ketchum, Wesley | Krnjaic, Gordan | Li, Amina | Li, Shirley | Lin, Dexu | Mans, Jeremiah | Suarez, Cristina Mantilla | Masterson, Phillip | Meier, Martin | Middleton, Sophie | Moreno, Omar | Mullier, Geoffrey | Nelson, Timothy | Oyang, James | Pascadlo, Jessica | Pöttgen, Ruth | Prestel, Stefan | Pico, Luis Sarmiento | Schuster, Philip | Solt, Matthew | Tompkins, Lauren | Toro, Natalia | Tran, Nhan | Whitbeck, Andrew | Zhou, Kevin | Zichi, Laura",47,2203.08192,https://arxiv.org/abs/2203.08192,2022,2022-03-15,INSPIRE earliest_date,RPF,稀有过程与精密测量,1,RPF: Dark Sector Studies at High Intensities,hep-ex,hep-ex,Experimental particle physics,实验粒子物理,dark matter: direct detection | meson: rare decay | electron: beam | neutrino nucleus: scattering | electron: primary | momentum: missing-energy | dark matter: mass | LDMX | sensitivity | mediation | DUNE | axion | proposed experiment,1,52,42,11.811567164179104,0.19230769230769232,79.60893854748603,80.16759776536313,79.77653631284916,109,107,109,INSPIRE,,2053415,https://inspirehep.net/literature/2053415,https://www.slac.stanford.edu/econf/C210711/papers/2203.08192.pdf
103,arxiv:2203.08084,Dark Matter Direct Detection to the Neutrino Fog,D.S. Akerib et al.,"Akerib, D.S. | Cushman, P.B. | Dahl, C.E. | Ebadi, R. | Fan, A. | Gaitskell, R.J. | Galbiati, C. | Giovanetti, G.K. | Gelmini, Graciela B. | Grandi, L. | Haselschwardt, S.J. | Jackson, C.M. | Lang, R.F. | Loer, B. | Loomba, D. | Marshall, M.C. | Mills, A.F. | OHare, C.A.J. | Savarese, C. | Schueler, J. | Szydagis, M. | Takhistov, Volodymyr | Tait, Tim M.P. | Tsai, Y.D. | Vahsen, S.E. | Walsworth, R.L. | Westerdale, S.",27,2203.08084,https://arxiv.org/abs/2203.08084,2022,2022-03-15,INSPIRE earliest_date,CF,宇宙前沿,1,CF: Dark Matter: Particle-like,hep-ex,hep-ex,Experimental particle physics,实验粒子物理,dark matter: direct detection | dark matter: mass | neutrino: background | sensitivity | numerical calculations: Monte Carlo,1,132,108,29.983208955223876,0.18181818181818182,92.08566108007449,92.27188081936686,92.14152700186219,43,42,43,INSPIRE,,2052588,https://inspirehep.net/literature/2052588,https://www.slac.stanford.edu/econf/C210711/papers/2203.08084.pdf
104,arxiv:2203.07984,Dark Matter In Extreme Astrophysical Environments,M. Baryakhtar et al.,"Baryakhtar, Masha | Caputo, Regina | Croon, Djuna | Perez, Kerstin | Berti, Emanuele | Bramante, Joseph | Buschmann, Malte | Brito, Richard | Chen, Thomas Y. | Cole, Philippa S. | Coogan, Adam | East, William E. | Foster, Joshua W. | Galanis, Marios | Giannotti, Maurizio | Kavanagh, Bradley J. | Laha, Ranjan | Leane, Rebecca K. | Lehmann, Benjamin V. | Marques-Tavares, Gustavo | McDonald, Jamie | Ng, Ken K.Y. | Raj, Nirmal | Sagunski, Laura | Sakstein, Jeremy | Sathyaprakash, B.S. | Shandera, Sarah | Siemonsen, Nils | Simon, Olivier | Sinha, Kuver | Singh, Divya | Singh, Rajeev | Sun, Chen | Sun, Ling | Takhistov, Volodymyr | Tsai, Yu-Dai | Vitagliano, Edoardo | Vitale, Salvatore | Yang, Huan | Zhang, Jun",40,2203.07984,https://arxiv.org/abs/2203.07984,2022,2022-03-15,INSPIRE earliest_date,CF | TF,宇宙前沿 | 理论前沿,2,CF: Dark Matter: Cosmic Probes | TF: Astro-Particle Physics and Cosmology,hep-ph,hep-ph | astro-ph.CO,Particle phenomenology,粒子唯象学,dark matter: parameter space | observatory | gravitational radiation | black hole: mass | sensitivity | neutron star | gamma ray: emission | dark matter: density | signature | supernova | electromagnetic,2,106,57,24.077425373134325,0.46226415094339623,90.59590316573556,90.59590316573556,90.59590316573556,51,51,51,INSPIRE,,2052716,https://inspirehep.net/literature/2052716,https://www.slac.stanford.edu/econf/C210711/papers/2203.07984.pdf
105,arxiv:2203.07354,Dark Matter Physics from Halo Measurements,K. Bechtol et al.,"Bechtol, Keith | Birrer, Simon | Cyr-Racine, Francis-Yan | Schutz, Katelin | Adhikari, Susmita | Amin, Mustafa | Banerjee, Arka | Bird, Simeon | Blinov, Nikita | Boddy, Kimberly K. | Boehm, Celine | Bundy, Kevin | Buschmann, Malte | Chakrabarti, Sukanya | Curtin, David | Dai, Liang | Drlica-Wagner, Alex | Dvorkin, Cora | Erickcek, Adrienne L. | Gilman, Daniel | Heeba, Saniya | Kim, Stacy | Iršič, Vid | Leauthaud, Alexie | Lovell, Mark | Lukić, Zarija | Mao, Yao-Yuan | Mau, Sidney | Mitridate, Andrea | Mocz, Philip | Muñoz, Julian B. | Nadler, Ethan O. | Peter, Annika H.G. | Price-Whelan, Adrian | Robertson, Andrew | Sabti, Nashwan | Sehgal, Neelima | Shipp, Nora | Simon, Joshua D. | Singh, Rajeev | Van Tilburg, Ken | Wechsler, Risa H. | Widmark, Axel | Yu, Hai-Bo",44,2203.07354,https://arxiv.org/abs/2203.07354,2022,2022-03-14,INSPIRE earliest_date,CF,宇宙前沿,1,CF: Dark Matter: Cosmic Probes,hep-ph,hep-ph | astro-ph.CO | astro-ph.GA,Particle phenomenology,粒子唯象学,dark matter: halo | nonlinear | dark matter: density | experimental methods | gravitation | formation | structure | spin | landscape,1,75,37,17.02532628962088,0.5066666666666667,85.6610800744879,85.94040968342644,85.74487895716945,77,76,77,INSPIRE,,2051347,https://inspirehep.net/literature/2051347,https://www.slac.stanford.edu/econf/C210711/papers/2203.07354.pdf
106,arxiv:2203.07064,Dark Matter Physics from the CMB-S4 Experiment,C. Dvorkin et al.,"Dvorkin, Cora | Hlozek, Renée | An, Rui | Boddy, Kimberly K. | Cyr-Racine, Francis-Yan | Farren, Gerrit S. | Gluscevic, Vera | Grin, Daniel | Marsh, David J.E. | Meyers, Joel | Rogers, Keir K. | Schutz, Katelin | Xu, Weishuang Linda",13,2203.07064,https://arxiv.org/abs/2203.07064,2022,2022-03-14,INSPIRE earliest_date,CF,宇宙前沿,1,CF: Dark Matter: Cosmic Probes,hep-ph,hep-ph | astro-ph.CO,Particle phenomenology,粒子唯象学,polarization: anisotropy | cosmic background radiation: temperature | dark matter: density,1,36,19,8.172156619018024,0.4722222222222222,73.64990689013035,73.9292364990689,73.73370577281192,141,140,140,INSPIRE,,2051192,https://inspirehep.net/literature/2051192,https://www.slac.stanford.edu/econf/C210711/papers/2203.07064.pdf
107,arxiv:2207.06898,Dark Sector Studies with Neutrino Beams,B. Batell et al.,"Batell, Brian | Berger, Joshua | Brdar, Vedran | Bross, Alan D. | Conrad, Janet M. | deNiverville, Patrick | De Romeri, Valentina | Dutta, Bhaskar | Foroughi-Abari, Saeid | Hostert, Matheus | Isaacson, Joshua | Ismail, Ahmed | Jana, Sudip | Jang, Wooyoung | Kamp, Nicholas W. | Kelly, Kevin J. | Kim, Doojin | Kling, Felix | Lamoureux, Mathieu | McKeen, David | Park, Jong-Chul | Petrillo, Gianluca | Ritz, Adam | Shin, Seodong | Smith, Tyler B. | Trojanowski, Sebastian | Tsai, Yu-Dai | Tsai, Yun-Tse | Van de Water, Richard | Wyenberg, Jason | Yang, Guang | Yu, Jaehoon",32,2207.06898,https://arxiv.org/abs/2207.06898,2022,2022-07-14,INSPIRE earliest_date,CF | NF | RPF | TF,宇宙前沿 | 中微子前沿 | 稀有过程与精密测量 | 理论前沿,4,CF: Dark Matter: Particle-like | NF: Neutrinos Beyond the Standard Model | RPF: Dark Sector Studies at High Intensities | TF: Theory of Neutrino Physics,hep-ph,hep-ph | hep-ex,Particle phenomenology,粒子唯象学,neutrino: beam | signature,4,43,15,10.562037659717552,0.6511627906976745,76.53631284916202,77.93296089385476,76.95530726256983,126,119,125,INSPIRE,,2112369,https://inspirehep.net/literature/2112369,https://www.slac.stanford.edu/econf/C210711/papers/2207.06898.pdf
108,arxiv:2203.08338,Dark-matter And Neutrino Computation Explored (DANCE) Community Input to Snowmass,A. Roberts et al.,"Roberts, Amy | Tunnell, Christopher | von Krosigk, Belina | Anderson, Tyler | Brodsky, Jason | Buuck, Micah | Cartaro, Tina | Cragin, Melissa | Davies, Gavin S. | Diamond, Miriam | Fan, Alden | Higuera, Aaron | Ippolito, Valerio | Jillings, Chris | Kravitz, Scott | Krezko, Luke | Li, Ivy | Monzani, Maria Elena | Ostrovskiy, Igor | Psihas, Fernanda | Renshaw, Andrew | Riffard, Quentin | Sander, Joel | Sangiorgio, Samuele | Trappitsch, Reto | Wright, Dennis",26,2203.08338,https://arxiv.org/abs/2203.08338,2022,2022-03-15,INSPIRE earliest_date,CompF,计算前沿,1,CompF: General - centered on this frontier:,hep-ex,hep-ex | physics.comp-ph,Experimental particle physics,实验粒子物理,dark matter | data preservation | programming | data acquisition | engineering | trigger | data management | neural network | data analysis method | numerical calculations: Monte Carlo,1,5,3,1.1357276119402984,0.4,28.212290502793294,27.839851024208567,28.100558659217874,380,388,389,INSPIRE,,2053440,https://inspirehep.net/literature/2053440,https://www.slac.stanford.edu/econf/C210711/papers/2203.08338.pdf
109,arxiv:2203.10057,"Data and Analysis Preservation, Recasting, and Reinterpretation",S. Bailey et al.,"Bailey, Stephen | Bierlich, Christian | Buckley, Andy | Butterworth, Jon | Cranmer, Kyle | Feickert, Matthew | Heinrich, Lukas | Huebl, Axel | Kraml, Sabine | Kvellestad, Anders | Lange, Clemens | Lessa, Andre | Lassila-Perini, Kati | Nattrass, Christine | Neubauer, Mark S. | Sekmen, Sezen | Stark, Giordon | Watt, Graeme",18,2203.10057,https://arxiv.org/abs/2203.10057,2022,2022-03-18,INSPIRE earliest_date,CompF | TF,计算前沿 | 理论前沿,2,CompF: Reinterpretation and Long-Term Preservation of Data and Code | TF: Collider Phenomenology,hep-ph,hep-ph | hep-ex,Particle phenomenology,粒子唯象学,,2,20,5,4.5514018691588785,0.75,60.055865921787706,60.98696461824954,60.33519553072625,213,210,213,INSPIRE,,2054747,https://inspirehep.net/literature/2054747,https://www.slac.stanford.edu/econf/C210711/papers/2203.10057.pdf
110,arxiv:2203.08113,Data Preservation for Cosmology,M. Alvarez et al.,"Alvarez, Marcelo | Bailey, Stephen | Bard, Deborah | Gerhardt, Lisa | Guy, Julien | Juneau, Stéphanie | Kremin, Anthony | Nord, Brian | Schlegel, David | Stephey, Laurie | Thomas, Rollin | Weaver, Benjamin",12,2203.08113,https://arxiv.org/abs/2203.08113,2022,2022-03-15,INSPIRE earliest_date,CF | CompF | TF,宇宙前沿 | 计算前沿 | 理论前沿,3,CF: General - cross-listed: | CompF: Reinterpretation and Long-Term Preservation of Data and Code | TF: Astro-Particle Physics and Cosmology,astro-ph.CO,astro-ph.CO | physics.comp-ph,Cosmology,宇宙学,,3,3,2,0.681436567164179,0.3333333333333333,16.480446927374302,16.201117318435752,16.396648044692736,437,449,450,INSPIRE,,2052873,https://inspirehep.net/literature/2052873,https://www.slac.stanford.edu/econf/C210711/papers/2203.08113.pdf
111,arxiv:2207.09060,Data Science and Machine Learning in Education,G. Benelli et al.,"Benelli, Gabriele | Chen, Thomas Y. | Duarte, Javier | Feickert, Matthew | Graham, Matthew | Gray, Lindsey | Hackett, Dan | Harris, Phil | Hsu, Shih-Chieh | Kasieczka, Gregor | Khoda, Elham E. | Komm, Matthias | Liu, Mia | Neubauer, Mark S. | Norberg, Scarlet | Perloff, Alexx | Rieger, Marcel | Savard, Claire | Terao, Kazuhiro | Thais, Savannah | Roy, Avik | Vlimant, Jean-Roch | Chachamis, Grigorios",23,2207.09060,https://arxiv.org/abs/2207.09060,2022,2022-07-19,INSPIRE earliest_date,CEF | CompF,社群参与 | 计算前沿,2,CEF: Physics Education | CompF: Machine Learning,physics.ed-ph,physics.ed-ph | cs.LG | hep-ex | physics.comp-ph,Physics and instrumentation,物理与仪器,programming | computer,2,5,2,1.2322874493927125,0.6,28.212290502793294,29.515828677839853,28.60335195530726,381,379,380,INSPIRE,,2116912,https://inspirehep.net/literature/2116912,https://www.slac.stanford.edu/econf/C210711/papers/2207.09060.pdf
112,arxiv:2203.07885,Data Storage for HEP Experiments in the Era of High-Performance Computing,A. Bashyal et al.,"Bashyal, Amit | Van Gemmeren, Peter | Sehrish, Saba | Knoepfel, Kyle | Byna, Suren | Kang, Qiao",6,2203.07885,https://arxiv.org/abs/2203.07885,2022,2022-03-15,INSPIRE earliest_date,CompF,计算前沿,1,CompF: Storage and Processing Resource Access,hep-ex,hep-ex | physics.comp-ph,Experimental particle physics,实验粒子物理,CERN LHC Coll: upgrade | DUNE | ATLAS | cluster | Grid computing | CMS | data acquisition | data management,1,4,2,0.9085820895522387,0.5,22.998137802607076,22.81191806331471,22.942271880819366,403,412,412,INSPIRE,,2052491,https://inspirehep.net/literature/2052491,https://www.slac.stanford.edu/econf/C210711/papers/2203.07885.pdf
113,arxiv:2203.08280,Data Transfer and Network Services Management for Domain Science Workflows,T. Lehman et al.,"Lehman, Tom | Yang, Xi | Guok, Chin | Wuerthwein, Frank | Sfiligoi, Igor | Graham, John | Arora, Aashay | Mishin, Dima | Davila, Diego | Guiang, Jonathan | Hutton, Tom | Newman, Harvey | Balcas, Justas",13,2203.08280,https://arxiv.org/abs/2203.08280,2022,2022-03-15,INSPIRE earliest_date,CompF,计算前沿,1,CompF: Storage and Processing Resource Access,cs.NI,cs.NI,cs.NI,未分类,,1,4,2,0.9085820895522387,0.5,22.998137802607076,22.81191806331471,22.942271880819366,404,413,413,INSPIRE,,2053809,https://inspirehep.net/literature/2053809,https://www.slac.stanford.edu/econf/C210711/papers/2203.08280.pdf
114,arxiv:2203.07946,Data-Driven Cosmology,M. A. Amin et al.,"Amin, Mustafa A. | Cyr-Racine, Francis-Yan | Eifler, Tim | Flauger, Raphael | Ivanov, Mikhail M. | LoVerde, Marilena | Nascimento, Caio B.de S. | Peter, Annika H.G. | Vogelsberger, Mark | Watson, Scott | Wechsler, Risa",11,2203.07946,https://arxiv.org/abs/2203.07946,2022,2022-03-15,INSPIRE earliest_date,TF,理论前沿,1,TF: Astro-Particle Physics and Cosmology,astro-ph.CO,astro-ph.CO,Cosmology,宇宙学,neutrino: mass | perturbation: primordial | new physics | string model | dark matter: density | dark energy: density | effective field theory | galaxy | cosmological model: parameter space,1,15,9,3.4071828358208953,0.4,51.303538175046555,51.48975791433892,51.35940409683426,260,261,263,INSPIRE,,2052871,https://inspirehep.net/literature/2052871,https://www.slac.stanford.edu/econf/C210711/papers/2203.07946.pdf
115,arxiv:2203.08969,Deep learning applications for quality control in particle detector construction,N. Akchurin et al.,"Akchurin, N. | Damgov, J. | Dugad, S. | C, P.G. | Grönroos, S. | Lamichhane, K. | Martinez, J. | Quast, T. | Undleeb, S. | Whitbeck, A.",10,2203.08969,https://arxiv.org/abs/2203.08969,2022,2022-03-16,INSPIRE earliest_date,CompF,计算前沿,1,CompF: Machine Learning,hep-ex,hep-ex,Experimental particle physics,实验粒子物理,quality | computer | silicon | semiconductor detector | wire | manual | electronics | anomaly | neural network | statistical analysis | structure,1,2,0,0.4545737398879901,1.0,9.776536312849162,9.590316573556796,9.720670391061452,472,486,486,INSPIRE,,2054166,https://inspirehep.net/literature/2054166,https://www.slac.stanford.edu/econf/C210711/papers/2203.08969.pdf
116,arxiv:2203.08064,Dependence of the Top-Quark Mass Measured in Top-Quark Pair Production on the Parton Distribution Functions at the LHC and Future Colliders,J. Gombas et al.,"Gombas, Jason | Fein, Jarrett | Sawford, Sara | Schwienhorst, Reinhard",4,2203.08064,https://arxiv.org/abs/2203.08064,2022,2022-03-15,INSPIRE earliest_date,EF,能量前沿,1,EF: Heavy Flavor and Top Quark Physics,hep-ph,hep-ph | hep-ex,Particle phenomenology,粒子唯象学,parton: distribution function | top: mass | top: pair production | top: production | top: mass: measured | p p: scattering | TeV | interpretation of experiments: CERN LHC Coll | longitudinal momentum | hadron,1,2,0,0.45429104477611937,1.0,9.776536312849162,9.031657355679702,9.553072625698324,473,488,488,INSPIRE,,2052526,https://inspirehep.net/literature/2052526,https://www.slac.stanford.edu/econf/C210711/papers/2203.08064.pdf
117,arxiv:2203.06843,Deploying In-Network Caches in Support of Distributed Scientific Data Sharing,A. Sim et al.,"Sim, Alex | Kissel, Ezra | Guok, Chin",3,2203.06843,https://arxiv.org/abs/2203.06843,2022,2022-03-13,INSPIRE earliest_date,CompF,计算前沿,1,CompF: Storage and Processing Resource Access,cs.NI,cs.NI,cs.NI,未分类,performance | computer: network | hardware | programming | data management,1,3,2,0.6805900621118012,0.3333333333333333,16.480446927374302,14.618249534450651,15.921787709497206,438,459,460,INSPIRE,,2051916,https://inspirehep.net/literature/2051916,https://www.slac.stanford.edu/econf/C210711/papers/2203.06843.pdf
118,arxiv:2203.08276,Design Considerations for Fermilab Multi-MW Proton Facility in the DUNE/LBNF Era,J. Eldred et al.,"Eldred, Jeffrey | Nagaitsev, Sergei | Shiltsev, Vladimir | Valishev, Alexander | Zwaska, Robert | Syphers, Michael",6,2203.08276,https://arxiv.org/abs/2203.08276,2022,2022-03-15,INSPIRE earliest_date,AF | NF | RPF,加速器科学与技术 | 中微子前沿 | 稀有过程与精密测量,3,AF: Accelerators for Neutrinos | NF: Artificial Neutrino Sources | RPF: Charged Lepton Flavor Violation,physics.acc-ph,physics.acc-ph,Accelerator science,加速器科学,activity report | accelerator: design | p: beam | upgrade | DUNE | LBNF | linear accelerator | synchrotron,3,3,3,0.681436567164179,0.0,16.480446927374302,16.201117318435752,16.396648044692736,439,450,451,INSPIRE,,2053548,https://inspirehep.net/literature/2053548,https://www.slac.stanford.edu/econf/C210711/papers/2203.08276.pdf
119,arxiv:2203.07972,Detection of Early-Universe Gravitational Wave Signatures and Fundamental Physics,R. Caldwell et al.,"Caldwell, Robert | Cui, Yanou | Guo, Huai-Ke | Mandic, Vuk | Mariotti, Alberto | No, Jose Miguel | Ramsey-Musolf, Michael J. | Sakellariadou, Mairi | Sinha, Kuver | Wang, Lian-Tao | White, Graham | Zhao, Yue | An, Haipeng | Bian, Ligong | Caprini, Chiara | Clesse, Sebastien | Cline, James M. | Cusin, Giulia | Jinno, Ryusuke | Laurent, Benoit | Levi, Noam | Lyu, Kunfeng | Lyu, Kun-Feng | Martinez, Mario | Miller, Andrew L. | Redigolo, Diego | Scarlata, Claudia | Sevrin, Alexander | Shams Es Haghi, Barmak | Shu, Jing | Siemens, Xavier | Steer, Daniele A. | Sundrum, Raman | Tamarit, Carlos | Weir, David J. | Fornal, Bartosz | Xie, Ke-Pan | Yang, Fengwei | Yang, Feng-Wei | Zhou, Siyi",40,2203.07972,https://arxiv.org/abs/2203.07972,2022,2022-03-15,INSPIRE earliest_date,CF | EF,宇宙前沿 | 能量前沿,2,CF: Cosmic Probes of Fundamental Physics | EF: Higgs Boson as a Portal to New Physics,gr-qc,gr-qc | hep-ph | hep-th,Gravitation and cosmology,引力与宇宙学,Primordial gravitational waves | Inflation | Topological defects | Phase transitions | Dark matter | Collider and gravitational wave complementarity | Gravitational wave and EM correlation | defect: topological | gravitational radiation: signature | black hole: primordial | new physics: search for | inflation | critical phenomena | structure | cosmological model,2,153,89,34.75326492537313,0.41830065359477125,93.94785847299813,94.41340782122904,94.0875232774674,32,30,31,INSPIRE,,2052484,https://inspirehep.net/literature/2052484,https://www.slac.stanford.edu/econf/C210711/papers/2203.07972.pdf
120,arxiv:2203.07614,Detector and Beamline Simulation for Next-Generation High Energy Physics Experiments,S. Banerjee et al.,"Banerjee, Sunanda | Brown, D.N. | Brown, David N. | Calafiura, Paolo | Calcutt, Jacob | Canal, Philippe | Diamond, Miriam | Elvira, Daniel | Evans, Thomas | Fatemi, Renee | Genser, Krzysztof | Hatcher, Robert | Himmel, Alexander | Johnson, Seth R. | Jun, Soon Yung | Kelsey, Michael | Kourlitis, Evangelos | Kutschke, Robert K. | Lima, Guilherme | Lynch, Kevin | Mahn, Kendall | Marshall, Zachary | Mooney, Michael | Para, Adam | Pascuzzi, Vincent R. | Pedro, Kevin | Samoylov, Oleg | Snider, Erica | Snopok, Pavel | Szydagis, Matthew | Wenzel, Hans | Whitehead, Leigh H. | Yang, Tingjun | Yarba, Julia",34,2203.07614,https://arxiv.org/abs/2203.07614,2022,2022-03-14,INSPIRE earliest_date,CF | CompF | EF | IF | NF | RPF,宇宙前沿 | 计算前沿 | 能量前沿 | 仪器学前沿 | 中微子前沿 | 稀有过程与精密测量,6,CF: General - cross-listed: | CompF: Theoretical Calculations and Simulations | EF: General - cross-listed | IF: General - centered on this frontier | NF: General - cross-listed | RPF: General - cross-listed,hep-ex,hep-ex | physics.comp-ph,Experimental particle physics,实验粒子物理,detector: geometry | beam dynamics | programming | GEANT | neural network | data analysis method | numerical calculations: Monte Carlo,6,4,1,0.9080174021131137,0.75,22.998137802607076,21.60148975791434,22.579143389199256,405,420,420,INSPIRE,,2052503,https://inspirehep.net/literature/2052503,https://www.slac.stanford.edu/econf/C210711/papers/2203.07614.pdf
121,arxiv:2203.07352,"Development and Demonstration of Next Generation Technology for Nb_3Sn Accelerator Magnets with Lower Cost, Improved Performance Uniformity, and Higher Operating Point in the 12-14 T Range",G. Ambrosio et al.,"Ambrosio, Giorgio | Apollinari, Giorgio | Lombardo, Vito | Stoynev, Stoyan | Suarez, Mauricio | Velev, George | Ferracin, Paolo | Prestemon, Soren | Sabbi, GianLuca | Amm, Kathleen",10,2203.07352,https://arxiv.org/abs/2203.07352,2022,2022-03-14,INSPIRE earliest_date,AF,加速器科学与技术,1,AF: Accelerator Technology - Magnets,physics.acc-ph,physics.acc-ph,Accelerator science,加速器科学,activity report | accelerator: magnet | CERN LHC Coll | costs | performance | magnet: superconductivity | magnet: design | niobium: tin,1,4,1,0.9080174021131137,0.75,22.998137802607076,21.60148975791434,22.579143389199256,406,421,421,INSPIRE,,2051629,https://inspirehep.net/literature/2051629,https://www.slac.stanford.edu/econf/C210711/papers/2203.07352.pdf
122,arxiv:2203.07144,DIMUS: Super-Compact Dimuonium Spectroscopy Collider at Fermilab,P. J. Fox et al.,"Fox, Patrick J. | Jindariani, Sergo Robert | Shiltsev, Vladimir D.",3,2203.07144,https://arxiv.org/abs/2203.07144,2021,2021-06,INSPIRE earliest_date,AF | RPF | TF,加速器科学与技术 | 稀有过程与精密测量 | 理论前沿,3,AF: General - centered on this frontier | RPF: General - centered on this frontier | TF: General - cross-listed,hep-ex,hep-ex,Experimental particle physics,实验粒子物理,Large detector systems for particle and astroparticle physics | Accelerator Subsystems and Technologies | Particle tracking detectors | talk: Seattle 2021/07/11 | electron positron: annihilation | electron positron: colliding beams | current: high | calorimeter: electromagnetic | threshold: production | new physics: search for | energy: high | beam: crossing | positron: beam | electron: beam | semiconductor detector: pixel | bound state: (muon+ muon-) | eta | pi | background | atom | quantum chromodynamics | quantum electrodynamics | dimuon | longitudinal momentum | positronium | precision measurement | electron: pair production | injection | sensitivity | muonium: production | accelerator: proposed,3,18,15,3.469393139841689,0.16666666666666666,57.635009310986966,52.04841713221602,55.95903165735568,224,258,234,INSPIRE,,2010052,https://inspirehep.net/literature/2010052,https://www.slac.stanford.edu/econf/C210711/papers/2203.07144.pdf
123,arxiv:2203.06037,Directional Detection of Dark Matter Using Solid-State Quantum Sensing,R. Ebadi et al.,"Ebadi, Reza | Marshall, Mason C. | Phillips, David F. | Cremer, Johannes | Zhou, Tao | Titze, Michael | Kehayias, Pauli | Ziabari, Maziar Saleh | Delegan, Nazar | Rajendran, Surjeet | Sushkov, Alexander O. | Heremans, F. Joseph | Bielejec, Edward S. | Holt, Martin V. | Walsworth, Ronald L.",15,2203.06037,https://arxiv.org/abs/2203.06037,2022,2022-03-11,INSPIRE earliest_date,CF | IF,宇宙前沿 | 仪器学前沿,2,CF: Dark Matter: Particle-like | IF: Quantum Sensors,physics.ins-det,physics.ins-det | astro-ph.CO | hep-ex | hep-ph,Instrumentation and detectors,仪器与探测器,activity report | nucleus: recoil | neutrino: background | dark matter: direct detection | WIMP: dark matter | semiconductor: electronics | semiconductor detector | neutrino: solar | crystal: defect | measurement methods,2,28,23,6.344292803970223,0.17857142857142858,67.41154562383613,67.69087523277467,67.4953445065177,174,174,176,INSPIRE,,2050075,https://inspirehep.net/literature/2050075,https://www.slac.stanford.edu/econf/C210711/papers/2203.06037.pdf
124,arxiv:2203.08127,Directly Probing the CP-Structure of the Higgs-Top Yukawa at HL-LHC and Future Colliders,R. K. Barman et al.,"Barman, Rahool Kumar | Cassidy, Morgan E. | Dong, Zhongtian | Gonçalves, Dorival | Kim, Jeong Han | Kling, Felix | Kong, Kyoungchul | Lewis, Ian M. | Wu, Yongcheng | Zhang, Yanzhe | Zheng, Ya-Juan",11,2203.08127,https://arxiv.org/abs/2203.08127,2022,2022-03-15,INSPIRE earliest_date,EF | TF,能量前沿 | 理论前沿,2,EF: Higgs Boson Properties and Couplings | TF: Collider Phenomenology,hep-ph,hep-ph | hep-ex,Particle phenomenology,粒子唯象学,Higgs particle: coupling | top: coupling | coupling: Yukawa | phase: CP | background | sensitivity | CERN LHC Coll: upgrade | FCC | muon: storage ring | statistical analysis | numerical calculations | new physics,2,10,5,2.2714552238805967,0.5,44.134078212290504,44.878957169459966,44.35754189944134,300,297,297,INSPIRE,,2052893,https://inspirehep.net/literature/2052893,https://www.slac.stanford.edu/econf/C210711/papers/2203.08127.pdf
125,arxiv:2203.10998,Discovering New Physics in Rare Kaon Decays,T. Blum et al.,"Blum, Thomas | Boyle, Peter | Bruno, Mattia | Christ, Norman | Erben, Felix | Feng, Xu | Guelpers, Vera | Hill, Ryan | Hodgson, Raoul | Hoying, Danel | Izubuchi, Taku | Jang, Yong-Chull | Jin, Luchang | Jung, Chulwoo | Karpie, Joe | Kelly, Christopher | Lehner, Christoph | Portelli, Antonin | Sachrajda, Christopher | Soni, Amarjit | Tomii, Masaaki | Wang, Bigeng | Wang, Tianle",23,2203.10998,https://arxiv.org/abs/2203.10998,2022,2022-03-21,INSPIRE earliest_date,CompF | RPF | TF,计算前沿 | 稀有过程与精密测量 | 理论前沿,3,CompF: Theoretical Calculations and Simulations | RPF: Weak Decays of Strange and Light Quarks | TF: Lattice Gauge Theory,hep-lat,hep-lat | hep-ph,Lattice gauge theory,格点规范理论,energy: high | weak interaction: coupling constant | K: decay | new physics | quark | lepton | lattice field theory | mixing | meson | TeV,3,20,13,4.559925093632959,0.35,60.055865921787706,61.1731843575419,60.391061452513966,214,209,212,INSPIRE,,2055552,https://inspirehep.net/literature/2055552,https://www.slac.stanford.edu/econf/C210711/papers/2203.10998.pdf
126,arxiv:2203.06114,Displaced Fat-Jets and Tracks to Probe Boosted Right-Handed Neutrinos in the U(1)_{B−L} Model,R. Padhan et al.,"Padhan, Rojalin | Mitra, Manimala | Kulkarni, Suchita | Deppisch, Frank F.",4,2203.06114,https://arxiv.org/abs/2203.06114,2022,2022-03-11,INSPIRE earliest_date,EF | TF,能量前沿 | 理论前沿,2,EF: Beyond the Standard Model - More General Explorations | TF: Collider Phenomenology,hep-ph,hep-ph,Particle phenomenology,粒子唯象学,CERN LHC Coll: upgrade | neutrino: right-handed | neutrino: mass | resonance: mass | neutrino: right-handed: pair production | muon: spectrometer | p p: scattering | tracks | FCC-hh | mixing | collimator | signature | numerical calculations,2,16,8,3.62531017369727,0.5,53.25884543761639,52.79329608938548,53.11918063314711,248,254,255,INSPIRE,,2050089,https://inspirehep.net/literature/2050089,https://www.slac.stanford.edu/econf/C210711/papers/2203.06114.pdf
127,arxiv:2203.12035,Displaying Dark Matter Constraints from Colliders with Varying Simplified Model Parameters,A. Albert et al.,"Albert, Andreas | Boveia, Antonio | Brandt, Oleg | Corrigan, Eric | Demiragli, Zeynep | Doglioni, Caterina | Dreyer, Etienne | Gao, Boyu | Greaves, Josh | Haisch, Ulrich | Harris, Philip | Landsberg, Greg | Moreno, Alexander | Pachal, Katherine | Pani, Priscilla | Piazza, Federica | Tait, Tim M.P. | Yu, David | Yu, Felix | Wang, Lian-Tao",20,2203.12035,https://arxiv.org/abs/2203.12035,2022,2022-03-22,INSPIRE earliest_date,EF,能量前沿,1,EF: Beyond the Standard Model - Dark Matter at Colliders,hep-ph,hep-ph | hep-ex,Particle phenomenology,粒子唯象学,dark matter | mediation | benchmark | accelerator | new particle | interpretation of experiments: CERN LHC Coll | interpretation of experiments: ATLAS | interpretation of experiments: CMS | hadron,1,16,8,3.650218613366646,0.5,53.25884543761639,53.7243947858473,53.39851024208566,249,249,250,INSPIRE,,2057422,https://inspirehep.net/literature/2057422,https://www.slac.stanford.edu/econf/C210711/papers/2203.12035.pdf
128,arxiv:2203.04312,Dual-Readout Calorimetry for Future Experiments Probing Fundamental Physics,I. Pezzotti et al.,"Pezzotti, I. | Newman, Harvey | Freeman, J. | Hirschauer, J. | Ferrari, R. | Gaudio, G. | Polesello, G. | Santoro, R. | Lucchini, M. | Giagu, S. | Bedeschi, F. | Lee, Sehwook | Harris, P. | Tully, C. | Jung, A. | Akchurin, Nural | Belloni, A. | Eno, S. | Qian, J. | Zhou, B. | Zhu, J. | Lee, Jason Sang Hun | Vivarelli, I. | Hirosky, R. | Yoo, Hwidong",25,2203.04312,https://arxiv.org/abs/2203.04312,2022,2022-03-08,INSPIRE earliest_date,IF,仪器学前沿,1,IF: Calorimetry,physics.ins-det,physics.ins-det | hep-ex,Instrumentation and detectors,仪器与探测器,calorimeter | energy resolution | polarization | particle flow | showers | Higgs particle,1,17,10,3.844736842105263,0.4117647058823529,55.493482309124765,54.655493482309126,55.24208566108007,236,244,244,INSPIRE,,2048984,https://inspirehep.net/literature/2048984,https://www.slac.stanford.edu/econf/C210711/papers/2203.04312.pdf
129,arxiv:2203.06100,DUNE Physics Summary,A. Abed Abud et al. (DUNE Collaboration),"Abed Abud, A. | Abi, B. | Acciarri, R. | Acero, M.A. | Adames, M.R. | Adamov, G. | Adamowski, M. | Adams, D. | Adinolfi, M. | Adriano, C. | Aduszkiewicz, A. | Aguilar, J. | Ahmad, Z. | Ahmed, J. | Aimard, B. | Akbar, F. | Ali-Mohammadzadeh, B. | Alion, T. | Allison, K. | Alonso Monsalve, S. | AlRashed, M. | Alt, C. | Alton, A. | Alvarez, R. | Amedo, P. | Anderson, J. | Andreopoulos, C. | Andreotti, M. | Andrews, M.P. | Andrianala, F. | Andringa, S. | Anfimov, N. | Ankowski, A. | Antoniassi, M. | Antonova, M. | Antoshkin, A. | Antusch, S. | Aranda-Fernandez, A. | Arellano, L. | Arnold, L.O. | Arroyave, M.A. | Asaadi, J. | Asquith, L. | Aurisano, A. | Aushev, V. | Autiero, D. | Lara, V. Ayala | Ayala-Torres, M. | Azfar, F. | Back, A. | Back, H. | Back, J.J. | Backhouse, C. | Bagaturia, I. | Bagby, L. | Balashov, N. | Balasubramanian, S. | Baldi, P. | Baller, B. | Bambah, B. | Barao, F. | Barenboim, G. | Barker, G.J. | Barkhouse, W. | Barnes, C. | Barr, G. | Monarca, J. Barranco | Barros, A. | Barros, N. | Barrow, J.L. | Basharina-Freshville, A. | Bashyal, A. | Basque, V. | Batchelor, C. | Belchior, E. | Battat, J.B.R. | Battisti, F. | Bay, F. | Bazetto, M.C.Q. | Bazo Alba, J.L. | Beacom, J.F. | Bechetoille, E. | Behera, B. | Beigbeder, C. | Bellantoni, L. | Bellettini, G. | Bellini, V. | Beltramello, O. | Benekos, N. | Montiel, C. Benitez | Bento Neves, F. | Berger, J. | Berkman, S. | Bernardini, P. | Berner, R.M. | Bersani, A. | Bertolucci, S. | Betancourt, M. | Rodríguez, A. Betancur | Bevan, A. | Bezawada, Y. | Bezerra, A.T. | Bezerra, T.J.C. | Bhardwaj, A. | Bhatnagar, V. | Bhattacharjee, M. | Bhattarai, D. | Bhuller, S. | Bhuyan, B. | Biagi, S. | Bian, J. | Biassoni, M. | Biery, K. | Bilki, B. | Bishai, M. | Bitadze, A. | Blake, A. | Blaszczyk, F.D.M. | Blazey, G.C. | Blucher, E. | Boissevain, J. | Bolognesi, S. | Bolton, T. | Bomben, L. | Bonesini, M. | Bongrand, M. | Bonilla-Diaz, C. | Bonini, F. | Booth, A. | Boran, F. | Bordoni, S. | Borkum, A. | Bostan, N. | Bour, P. | Bourgeois, C. | Boyden, D. | Bracinik, J. | Braga, D. | Brailsford, D. | Branca, A. | Brandt, A. | Bremer, J. | Breton, D. | Brew, C. | Brice, S.J. | Brizzolari, C. | Bromberg, C. | Brooke, J. | Bross, A. | Brunetti, G. | Brunetti, M. | Buchanan, N. | Budd, H. | Butorov, I. | Cagnoli, I. | Cai, T. | Caiulo, D. | Calabrese, R. | Calafiura, P. | Calcutt, J. | Calin, M. | Calvez, S. | Calvo, E. | Caminata, A. | Campanelli, M. | Caratelli, D. | Carber, D. | Carceller, J.M. | Carini, G. | Carlus, B. | Carneiro, M.F. | Carniti, P. | Caro Terrazas, I. | Carranza, H. | Carroll, T. | Forero, J.F. Castaño | Castillo, A. | Castromonte, C. | Catano-Mur, E. | Cattadori, C. | Cavalier, F. | Cavallaro, G. | Cavanna, F. | Centro, S. | Cerati, G. | Cervelli, A. | Villanueva, A. Cervera | Chalifour, M. | Chappell, A. | Chardonnet, E. | Charitonidis, N. | Chatterjee, A. | Chattopadhyay, S. | Neyra, M.S. Chavarry | Chen, H. | Chen, M. | Chen, Y. | Chen, Z. | Chen-Wishart, Z. | Cheon, Y. | Cherdack, D. | Chi, C. | Childress, S. | Chirco, R. | Chiriacescu, A. | Chisnall, G. | Cho, K. | Choate, S. | Chokheli, D. | Chong, P.S. | Christensen, A. | Christian, D. | Christodoulou, G. | Chukanov, A. | Chung, M. | Church, E. | Cicero, V. | Clarke, P. | Cline, G. | Coan, T.E. | Cocco, A.G. | Coelho, J.A.B. | Collot, J. | Colton, N. | Conley, E. | Conley, R. | Conrad, J.M. | Convery, M. | Copello, S. | Cova, P. | Cremaldi, L. | Cremonesi, L. | Crespo-Anadón, J.I. | Crisler, M. | Cristaldo, E. | Crnkovic, J. | Cross, R. | Cudd, A. | Cuesta, C. | Cui, Y. | Cussans, D. | Dai, J. | Dalager, O. | da Motta, H. | Da Silva Peres, L. | David, C. | David, Q. | Davies, G.S. | Davini, S. | Dawson, J. | De, K. | De, S. | Debbins, P. | De Bonis, I. | Decowski, M.P. | de Gouvêa, A. | De Holanda, P.C. | De Icaza Astiz, I.L. | Deisting, A. | De Jong, P. | Delbart, A. | De Leo, V. | Delepine, D. | Delgado, M. | Dell'Acqua, A. | Delmonte, N. | De Lurgio, P. | de Mello Neto, J.R.T. | DeMuth, D.M. | Dennis, S. | Densham, C. | Deptuch, G.W. | De Roeck, A. | De Romeri, V. | De Souza, G. | Devi, R. | Dharmapalan, R. | Dias, M. | Díaz, J.S. | Díaz, F. | Di Capua, F. | Di Domenico, A. | Di Domizio, S. | Di Giulio, L. | Ding, P. | Di Noto, L. | Dirkx, G. | Distefano, C. | Diurba, R. | Diwan, M. | Djurcic, Z. | Doering, D. | Dolan, S. | Dolek, F. | Dolinski, M.J. | Domine, L. | Donon, Y. | Douglas, D. | Douillet, D. | Dragone, A. | Drake, G. | Drielsma, F. | Duarte, L. | Duchesneau, D. | Duffy, K. | Dunne, P. | Dutta, B. | Duyang, H. | Dvornikov, O. | Dwyer, D.A. | Dyshkant, A.S. | Eads, M. | Earle, A. | Edmunds, D. | Eisch, J. | Emberger, L. | Emery, S. | Englezos, P. | Ereditato, A. | Erjavec, T. | Escobar, C.O. | Eurin, G. | Evans, J.J. | Ewart, E. | Ezeribe, A.C. | Fahey, K. | Falcone, A. | Fani', M. | Farnese, C. | Farzan, Y. | Fedoseev, D. | Felix, J. | Feng, Y. | Fernandez-Martinez, E. | Menendez, P. Fernandez | Morales, M. Fernandez | Ferraro, F. | Fields, L. | Filip, P. | Filthaut, F. | Fine, R. | Fiorillo, G. | Fiorini, M. | Fischer, V. | Fitzpatrick, R.S. | Flanagan, W. | Fleming, B. | Flight, R. | Fogarty, S. | Foreman, W. | Fowler, J. | Fox, W. | Franc, J. | Francis, K. | Franco, D. | Freeman, J. | Freestone, J. | Fried, J. | Friedland, A. | Robayo, F. Fuentes | Fuess, S. | Furic, I.K. | Furman, K. | Furmanski, A.P. | Gabrielli, A. | Gago, A. | Gallagher, H. | Gallas, A. | Gallego-Ros, A. | Gallice, N. | Galymov, V. | Gamberini, E. | Gamble, T. | Ganacim, F. | Gandhi, R. | Gandrajula, R. | Ganguly, S. | Gao, F. | Gao, S. | Garcia-Gamez, D. | García-Peris, M.Á. | Gardiner, S. | Gastler, D. | Gauvreau, J. | Gauzzi, P. | Ge, G. | Geffroy, N. | Gelli, B. | Gendotti, A. | Gent, S. | Ghorbani-Moghaddam, Z. | Giammaria, P. | Giammaria, T. | Giangiacomi, N. | Gibin, D. | Gil-Botella, I. | Gilligan, S. | Girerd, C. | Giri, A.K. | Gnani, D. | Gogota, O. | Gold, M. | Gollapinni, S. | Gollwitzer, K. | Gomes, R.A. | Bermeo, L.V. Gomez | Fajardo, L.S. Gomez | Gonnella, F. | Gonzalez-Diaz, D. | Gonzalez-Lopez, M. | Goodman, M.C. | Goodwin, O. | Goswami, S. | Gotti, C. | Goudzovski, E. | Grace, C. | Gran, R. | Granados, E. | Granger, P. | Grant, C. | Gratieri, D. | Green, P. | Greenler, L. | Greer, J. | Grenard, J. | Griffith, W.C. | Groh, M. | Grudzinski, J. | Grzelak, K. | Gu, W. | Guardincerri, E. | Guarino, V. | Guarise, M. | Guenette, R. | Guerard, E. | Guerzoni, M. | Guffanti, D. | Guglielmi, A. | Guo, B. | Gupta, A. | Gupta, V. | Guthikonda, K.K. | Guzowski, P. | Guzzo, M.M. | Gwon, S. | Ha, C. | Haaf, K. | Habig, A. | Hadavand, H. | Haenni, R. | Hahn, A. | Haiston, J. | Hamacher-Baumann, P. | Hamernik, T. | Hamilton, P. | Han, J. | Harris, D.A. | Hartnell, J. | Hartnett, T. | Harton, J. | Hasegawa, T. | Hasnip, C. | Hatcher, R. | Hatfield, K.W. | Hatzikoutelis, A. | Hayes, C. | Hayrapetyan, K. | Hays, J. | Hazen, E. | He, M. | Heavey, A. | Heeger, K.M. | Heise, J. | Henry, S. | Morquecho, M.A. Hernandez | Herner, K. | Hewes, V. | Hewes, J. | Hilgenberg, C. | Hill, T. | Hillier, S.J. | Himmel, A. | Hinkle, E. | Hirsch, L.R. | Ho, J. | Hoff, J. | Holin, A. | Hoppe, E. | Horton-Smith, G.A. | Hostert, M. | Hourlier, A. | Howard, B. | Howell, R. | Barrios, J. Hoyos | Hristova, I. | Hronek, M.S. | Huang, J. | Hulcher, Z. | Iles, G. | Ilic, N. | Iliescu, A.M. | Illingworth, R. | Ingratta, G. | Ioannisian, A. | Irwin, B. | Isenhower, L. | Itay, R. | Jackson, C.M. | Jain, V. | James, E. | Jang, W. | Jargowsky, B. | Jediny, F. | Jena, D. | Jeong, Y.S. | Jesús-Valls, C. | Ji, X. | Jiang, J. | Jiang, L. | Jiménez, S. | Jipa, A. | Joaquim, F.R. | Johnson, W. | Johnston, N. | Jones, B. | Jones, S.B. | Judah, M. | Jung, C.K. | Junk, T. | Jwa, Y. | Kabirnezhad, M. | Kaboth, A. | Kadenko, I. | Kakorin, I. | Kalitkina, A. | Kalra, D. | Kamiya, F. | Kaplan, D.M. | Karagiorgi, G. | Karaman, G. | Karcher, A. | Karolak, M. | Karyotakis, Y. | Kasai, S. | Kasetti, S.P. | Kashur, L. | Kazaryan, N. | Kearns, E. | Keener, P. | Kelly, K.J. | Kemp, E. | Kemularia, O. | Ketchum, W. | Kettell, S.H. | Khabibullin, M. | Khotjantsev, A. | Khvedelidze, A. | Kim, D. | King, B. | Kirby, B. | Kirby, M. | Klein, J. | Klustova, A. | Kobilarcik, T. | Koehler, K. | Koerner, L.W. | Koh, D.H. | Kohn, S. | Koller, P.P. | Kolupaeva, L. | Korablev, D. | Kordosky, M. | Kosc, T. | Kose, U. | Kostelecký, V.A. | Kothekar, K. | Kralik, R. | Kreczko, L. | Krennrich, F. | Kreslo, I. | Kropp, W. | Kroupova, T. | Kubota, S. | Kudenko, Y. | Kudryavtsev, V.A. | Kuhlmann, S. | Kulagin, S. | Kumar, J. | Kumar, P. | Kunze, P. | Kurita, N. | Kuruppu, C. | Kus, V. | Kutter, T. | Kvasnicka, J. | Kwak, D. | Lambert, A. | Land, B.J. | Lane, C.E. | Lang, K. | Langford, T. | Langstaff, M. | Larkin, J. | Lasorak, P. | Last, D. | Laundrie, A. | Laurenti, G. | Lawrence, A. | Lazanu, I. | LaZur, R. | Lazzaroni, M. | Le, T. | Leardini, S. | Learned, J. | LeBrun, P. | LeCompte, T. | Lee, C. | Lee, S.Y. | Lehmann Miotto, G. | Lehnert, R. | de Oliveira, M.A. Leigui | Leitner, M. | Lepin, L.M. | Li, S.W. | Li, Y. | Liao, H. | Lin, C.S. | Lin, Q. | Lin, S. | Lineros, R.A. | Ling, J. | Lister, A. | Littlejohn, B.R. | Liu, J. | Liu, Y. | Lockwitz, S. | Loew, T. | Lokajicek, M. | Lomidze, I. | Long, K. | Lord, T. | LoSecco, J.M. | Louis, W.C. | Lu, X.-G. | Luk, K.B. | Lunday, B. | Luo, X. | Luppi, E. | Lux, T. | Luzio, V.P. | Maalmi, J. | MacFarlane, D. | Machado, A.A. | Machado, P. | Macias, C.T. | Macier, J.R. | Maddalena, A. | Madera, A. | Madigan, P. | Magill, S. | Mahn, K. | Maio, A. | Major, A. | Maloney, J.A. | Mandrioli, G. | Mandujano, R.C. | Maneira, J. | Manenti, L. | Manly, S. | Mann, A. | Manolopoulos, K. | Plata, M. Manrique | Manyam, V.N. | Manzanillas, L. | Marchan, M. | Marchionni, A. | Marciano, W. | Marfatia, D. | Mariani, C. | Maricic, J. | Marie, R. | Marinho, F. | Marino, A.D. | Markiewicz, T. | Marsden, D. | Marshak, M. | Marshall, C.M. | Marshall, J. | Marteau, J. | Martín-Albo, J. | Martinez, N. | Martinez Caicedo, D.A. | Miravé, P. Martínez | Martynenko, S. | Mascagna, V. | Mason, K. | Mastbaum, A. | Matichard, F. | Matsuno, S. | Matthews, J. | Mauger, C. | Mauri, N. | Mavrokoridis, K. | Mawby, I. | Mazza, R. | Mazzacane, A. | Mazzucato, E. | McAskill, T. | McCluskey, E. | McConkey, N. | McFarland, K.S. | McGrew, C. | McNab, A. | Mefodiev, A. | Mehta, P. | Melas, P. | Mena, O. | Mendez, H. | Mendez, P. | Méndez, D.P. | Menegolli, A. | Meng, G. | Messier, M.D. | Metcalf, W. | Mewes, M. | Meyer, H. | Miao, T. | Michna, G. | Mikola, V. | Milincic, R. | Miller, G. | Miller, W. | Mills, J. | Mineev, O. | Minotti, A. | Miranda, O.G. | Miryala, S. | Mishra, C.S. | Mishra, S.R. | Mislivec, A. | Mitchell, M. | Mladenov, D. | Mocioiu, I. | Moffat, K. | Moggi, N. | Mohanta, R. | Mohayai, T.A. | Mokhov, N. | Molina, J. | Bueno, L. Molina | Montagna, E. | Montanari, A. | Montanari, C. | Montanari, D. | Montaño Zetina, L.M. | Moon, S.H. | Mooney, M. | Moor, A.F. | Moreno, D. | Moretti, D. | Morris, C. | Mossey, C. | Mote, M. | Motuk, E. | Moura, C.A. | Mousseau, J. | Mouster, G. | Mu, W. | Mualem, L. | Mueller, J. | Muether, M. | Mufson, S. | Muheim, F. | Muir, A. | Mulhearn, M. | Munford, D. | Muramatsu, H. | Murphy, S. | Musser, J. | Nachtman, J. | Nagai, Y. | Nagu, S. | Nalbandyan, M. | Nandakumar, R. | Naples, D. | Narita, S. | Nath, A. | Navrer-Agasson, A. | Nayak, N. | Nebot-Guinot, M. | Negishi, K. | Nelson, J.K. | Nesbit, J. | Nessi, M. | Newbold, D. | Newcomer, M. | Newton, H. | Nichol, R. | Nicolas-Arnaldos, F. | Nikolica, A. | Niner, E. | Nishimura, K. | Norman, A. | Norrick, A. | Northrop, R. | Novella, P. | Nowak, J.A. | Oberling, M. | Ochoa-Ricoux, J.P. | Olivier, A. | Olshevskiy, A. | Onel, Y. | Onishchuk, Y. | Ott, J. | Pagani, L. | Palacio, G. | Palamara, O. | Palestini, S. | Paley, J.M. | Pallavicini, M. | Palomares, C. | Panduro Vazquez, W. | Pantic, E. | Paolone, V. | Papadimitriou, V. | Papaleo, R. | Papanestis, A. | Paramesvaran, S. | Parke, S. | Parozzi, E. | Parsa, Z. | Parvu, M. | Pascoli, S. | Pasqualini, L. | Pasternak, J. | Pater, J. | Patrick, C. | Patrizii, L. | Patterson, R.B. | Patton, S.J. | Patzak, T. | Paudel, A. | Paulos, B. | Paulucci, L. | Pavlovic, Z. | Pawloski, G. | Payne, D. | Pec, V. | Peeters, S.J.M. | Perez, A. Pena | Pennacchio, E. | Penzo, A. | Peres, O.L.G. | Perry, J. | Pershey, D. | Pessina, G. | Petrillo, G. | Petta, C. | Petti, R. | Pia, V. | Piastra, F. | Pickering, L. | Pietropaolo, F. | Pimentel, V.L. | L., V. | Pinaroli, G. | Plows, K. | Plunkett, R. | Pompa, F. | Pons, X. | Poonthottathil, N. | Poppi, F. | Pordes, S. | Porter, J. | Porzio, S.D. | Potekhin, M. | Potenza, R. | Potukuchi, B.V.K.S. | Pozimski, J. | Pozzato, M. | Prakash, S. | Prakash, T. | Prest, M. | Prince, S. | Psihas, F. | Pugnere, D. | Qian, X. | Raaf, J.L. | Radeka, V. | Rademacker, J. | Radev, R. | Radics, B. | Rafique, A. | Raguzin, E. | Rai, M. | Rajaoalisoa, M. | Rakhno, I. | Rakotonandrasana, A. | Rakotondravohitra, L. | Rameika, R. | Delgado, M.A. Ramirez | Ramson, B. | Rappoldi, A. | Raselli, G. | Ratoff, P. | Raut, S. | Razafinime, H. | Razakamiandra, R.F. | Rea, E.M. | Real, J.S. | Rebel, B. | Rechenmacher, R. | Reggiani-Guzzo, M. | Reichenbacher, J. | Reitzner, S.D. | Sfar, H. Rejeb | Renshaw, A. | Rescia, S. | Resnati, F. | Ribas, M. | Riboldi, S. | Riccio, C. | Riccobene, G. | Rice, L.C.J. | Ricol, J.S. | Rigamonti, A. | Rigaut, Y. | Rincón, E.V. | Ritchie-Yates, H. | Rivera, D. | Robert, A. | Rocha, J.L. Rocabado | Rochester, L. | Roda, M. | Rodrigues, P. | da Silva Leite, J.V. Rodrigues | Alonso, M.J. Rodriguez | Rodriguez Rondon, J. | Rosauro-Alcaraz, S. | Rosenberg, M. | Rosier, P. | Roskovec, B. | Rossella, M. | Rossi, F. | Rossi, M. | Rout, J. | Roy, P. | Rubbia, A. | Rubbia, C. | Russell, B. | Ruterbories, D. | Rybnikov, A. | Saa-Hernandez, A. | Saakyan, R. | Sacerdoti, S. | Safford, T. | Sahu, N. | Sala, P. | Samios, N. | Samoylov, O. | Sanchez, M.C. | Sandberg, V. | Sanders, D.A. | Sankey, D. | Santana, S. | Santos-Maldonado, M. | Saoulidou, N. | Sapienza, P. | Sarasty, C. | Sarcevic, I. | Savage, G. | Savinov, V. | Scaramelli, A. | Scarff, A. | Scarpelli, A. | Schefke, T. | Schellman, H. | Schifano, S. | Schlabach, P. | Schmitz, D. | Schneider, A.W. | Scholberg, K. | Schukraft, A. | Segreto, E. | Selyunin, A. | Senise, C.R. | Sensenig, J. | Sergi, A. | Sgalaberna, D. | Shaevitz, M.H. | Shafaq, S. | Shaker, F. | Shamma, M. | Sharankova, R. | Sharma, H.R. | Sharma, R. | Kumar, R. | Shaw, K. | Shaw, T. | Shchablo, K. | Shepherd-Themistocleous, C. | Sheshukov, A. | Shin, S. | Shoemaker, I. | Shooltz, D. | Shrock, R. | Siegel, H. | Simard, L. | Simon, F. | Sinclair, J. | Sinev, G. | Singh, Jaydip | Singh, J. | Singh, L. | Singh, P. | Singh, V. | Sipos, R. | Sippach, F.W. | Sirri, G. | Sitraka, A. | Siyeon, K. | Skarpaas, K. | Smith, A. | Smith, E. | Smith, P. | Smolik, J. | Smy, M. | Snider, E.L. | Snopok, P. | Snowden-Ifft, D. | Soares Nunes, M. | Sobel, H. | Soderberg, M. | Sokolov, S. | Solano Salinas, C.J. | Söldner-Rembold, S. | Soleti, S.R. | Solomey, N. | Solovov, V. | Sondheim, W.E. | Sorel, M. | Sotnikov, A. | Soto-Oton, J. | Ugaldi, F.A. Soto | Sousa, A. | Soustruznik, K. | Spagliardi, F. | Spanu, M. | Spitz, J. | Spooner, N.J.C. | Spurgeon, K. | Stancari, M. | Stanco, L. | Stanford, C. | Stein, R. | Steiner, H.M. | Lisbôa, A.F. Steklain | Stewart, J. | Stillwell, B. | Stock, J. | Stocker, F. | Stokes, T. | Strait, M. | Strauss, T. | Strigari, L. | Stuart, A. | Suarez, J.G. | Sunción, J.M. Suárez | Sullivan, H. | Summers, D. | Surdo, A. | Susic, V. | Suter, L. | Sutera, C.M. | Suvorov, Y. | Svoboda, R. | Szczerbinska, B. | Szelc, A.M. | Talukdar, N. | Tanaka, H.A. | Tang, S. | Casanova, A.M. Tapia | Tapia Oregui, B. | Tapper, A. | Tariq, S. | Tarpara, E. | Tata, N. | Tatar, E. | Tayloe, R. | Teklu, A.M. | Tennessen, P. | Tenti, M. | Terao, K. | Ternes, C.A. | Terranova, F. | Testera, G. | Thakore, T. | Thea, A. | Thorn, C. | Timm, S.C. | Tishchenko, V. | Tomassetti, L. | Tonazzo, A. | Torbunov, D. | Torti, M. | Tortola, M. | Tortorici, F. | Tosi, N. | Totani, D. | Toups, M. | Touramanis, C. | Travaglini, R. | Trevor, J. | Trilov, S. | Trzaska, W.H. | Tsai, Y.-D. | Tsai, Y.-T. | Tsamalaidze, Z. | Tsang, K.V. | Tsverava, N. | Tufanli, S. | Tull, C. | Tyler, J. | Tyley, E. | Tzanov, M. | Uboldi, L. | Uchida, M.A. | Urheim, J. | Usher, T. | Uzunyan, S. | Vagins, M.R. | Vahle, P. | Valder, S. | Valdiviesso, G.A. | Valencia, E. | da Costa, R. Valentim | Vallari, Z. | Vallazza, E. | Valle, J.W.F. | Vallecorsa, S. | Van Berg, R. | Van de Water, R.G. | Vanegas Forero, D. | Vannerom, D. | Varanini, F. | Vargas, D. | Varner, G. | Vasel, J. | Vasina, S. | Vasseur, G. | Vaughan, N. | Vaziri, K. | Ventura, S. | Verdugo, A. | Vergani, S. | Vermeulen, M.A. | Verzocchi, M. | Vicenzi, M. | de Souza, H. Vieira | Vignoli, C. | Vilela, C. | Viren, B. | Vrba, T. | Wachala, T. | Waldron, A.V. | Wallbank, M. | Wallis, C. | Walton, T. | Wang, H. | Wang, J. | Wang, L. | Wang, M.H.L.S. | Wang, X. | Wang, Y. | Wang, Y. | Warburton, K. | Warner, D. | Wascko, M.O. | Waters, D. | Watson, A. | Wawrowska, K. | Weatherly, P. | Weber, A. | Weber, M. | Wei, H. | Weinstein, A. | Wenman, D. | Wetstein, M. | White, A. | Whitehead, L.H. | Whittington, D. | Wilking, M.J. | Wilkinson, A. | Wilkinson, C. | Williams, Z. | Wilson, F. | Wilson, R.J. | Wisniewski, W. | Wolcott, J. | Wongjirad, T. | Wood, A. | Wood, K. | Worcester, E. | Worcester, M. | Wresilo, K. | Wret, C. | Wu, W. | Wu, W. | Xiao, Y. | Xie, F. | Yaeggy, B. | Yandel, E. | Yang, G. | Yang, K. | Yang, T. | Yankelevich, A. | Yershov, N. | Yonehara, K. | Yoon, Y.S. | Young, T. | Yu, B. | Yu, H. | Yu, H. | Yu, J. | Yu, Y. | Yuan, W. | Zaki, R. | Zalesak, J. | Zambelli, L. | Zamorano, B. | Zani, A. | Zazueta, L. | Zeller, G.P. | Zennamo, J. | Zeug, K. | Zhang, C. | Zhang, S. | Zhang, Y. | Zhao, M. | Zhivun, E. | Zhu, G. | Zimmerman, E.D. | Zucchelli, S. | Zuklin, J. | Zutshi, V. | Zwaska, R.",1246,2203.06100,https://arxiv.org/abs/2203.06100,2022,2022-03-11,INSPIRE earliest_date,CF | NF | RPF,宇宙前沿 | 中微子前沿 | 稀有过程与精密测量,3,CF: Dark Matter: Particle-like | NF: General - centered on this frontier | RPF: Baryon and Lepton Number Violation,hep-ex,hep-ex,Experimental particle physics,实验粒子物理,neutrino: oscillation | p: beam | nucleon: decay | antineutrino: oscillation | neutrino: mass | CP: violation | asymmetry: CP | muon: spectrometer | DUNE | upgrade | deep underground detector | neutrino: detector | far detector | near detector | new physics: search for | burst | sensitivity | argon | time projection chamber | calorimeter | neutrino: supernova | galaxy | imaging | experimental results,3,82,45,18.57971464019851,0.45121951219512196,86.59217877094972,86.6852886405959,86.62011173184356,72,72,73,INSPIRE,,2050110,https://inspirehep.net/literature/2050110,https://www.slac.stanford.edu/econf/C210711/papers/2203.06100.pdf
130,arxiv:2203.06104,DUNE Software and High Performance Computing,B. Fleming et al.,"Fleming, Bonnie | Knoepfel, Kyle | Lin, Meifeng | Qian, Xin | Ren, Yihui | Viren, Brett | Wei, Hanyu | Yoo, Shinjae | Yu, Haiwang",9,2203.06104,https://arxiv.org/abs/2203.06104,2022,2022-03-11,INSPIRE earliest_date,CompF | NF,计算前沿 | 中微子前沿,2,CompF: Experimental Algorithm Parallelization | NF: Neutrino Detectors,hep-ex,hep-ex,Experimental particle physics,实验粒子物理,programming | DUNE | performance | accelerator | far detector | numerical calculations: Monte Carlo,2,2,2,0.45316377171215877,0.0,9.776536312849162,7.262569832402234,9.022346368715084,474,497,497,INSPIRE,,2050149,https://inspirehep.net/literature/2050149,https://www.slac.stanford.edu/econf/C210711/papers/2203.06104.pdf
131,arxiv:2203.06680,Early-Universe Model Building,P. Asadi et al.,"Asadi, Pouya | Bansal, Saurabh | Berlin, Asher | Co, Raymond T. | Croon, Djuna | Cui, Yanou | Curtin, David | Cyr-Racine, Francis-Yan | Davoudiasl, Hooman | Rose, Luigi Delle | Drewes, Marco | Dror, Jeff A. | Elor, Gilly | Gould, Oliver | Harigaya, Keisuke | Heeba, Saniya | Hochberg, Yonit | Hook, Anson | Ipek, Seyda | Kuflik, Eric | Long, Andrew J. | McGehee, Robert | Outmezguine, Nadav Joseph | Panico, Giuliano | Poulin, Vivian | Pradler, Josef | Schutz, Katelin | Shah, Nausheen R. | Shakya, Bibhushan | Shamma, Michael | Shuve, Brian | Smirnov, Juri | Tsai, Yuhsin | Turner, Jessica | van de Vis, Jorinde | Verhaaren, Christopher B. | Weiner, Neal | Yamada, Masaki | You, Tevong | Yu, Hai-Bo",40,2203.06680,https://arxiv.org/abs/2203.06680,2022,2022-03-13,INSPIRE earliest_date,CF | TF,宇宙前沿 | 理论前沿,2,CF: General - centered on this frontier: | TF: Astro-Particle Physics and Cosmology,hep-ph,hep-ph | astro-ph.CO,Particle phenomenology,粒子唯象学,neutrino: mass | neutrino: model | baryon: asymmetry | buildings | naturalness | dark matter: mass | electroweak interaction | hierarchy | anomaly | axion,2,53,26,12.023757763975155,0.5094339622641509,80.54003724394786,80.72625698324022,80.59590316573556,105,104,105,INSPIRE,,2051195,https://inspirehep.net/literature/2051195,https://www.slac.stanford.edu/econf/C210711/papers/2203.06680.pdf
132,arxiv:2203.10110,Effective Field Theories for Condensed Matter Systems,T. Brauner et al.,"Brauner, Tomas | Hartnoll, Sean A. | Kovtun, Pavel | Liu, Hong | Mezei, Márk | Nicolis, Alberto | Penco, Riccardo | Shao, Shu-Heng | Son, Dam Thanh",9,2203.10110,https://arxiv.org/abs/2203.10110,2022,2022-03-18,INSPIRE earliest_date,TF,理论前沿,1,TF: Effective Field Theory Techniques,hep-th,hep-th | cond-mat.other,Formal theory / quantum gravity,形式理论与量子引力,entropy: entanglement | effective field theory | condensed matter | duality | liquid | many-body problem | spontaneous symmetry breaking | hydrodynamics | cosmological model,1,34,27,7.737383177570094,0.20588235294117646,72.90502793296089,73.09124767225326,72.9608938547486,146,145,145,INSPIRE,,2055714,https://inspirehep.net/literature/2055714,https://www.slac.stanford.edu/econf/C210711/papers/2203.10110.pdf
133,arxiv:2203.08232,Effective Field Theories in Cosmology,G. Cabass et al.,"Cabass, Giovanni | Ivanov, Mikhail M. | Lewandowski, Matthew | Mirbabayi, Mehrdad | Simonović, Marko",5,2203.08232,https://arxiv.org/abs/2203.08232,2022,2022-03-15,INSPIRE earliest_date,TF,理论前沿,1,TF: Effective Field Theory Techniques,astro-ph.CO,astro-ph.CO | gr-qc | hep-th,Cosmology,宇宙学,inflation: effective field theory | cosmological model: parameter space | fluctuation | dark energy | background | structure | space-time: expansion,1,99,76,22.487406716417908,0.23232323232323232,89.8510242085661,89.75791433891993,89.82309124767225,55,55,55,INSPIRE,,2053417,https://inspirehep.net/literature/2053417,https://www.slac.stanford.edu/econf/C210711/papers/2203.08232.pdf
134,arxiv:2206.14249,Effective Field Theories of Gravity and Compact Binary Dynamics,W. D. Goldberger.,"Goldberger, Walter D.",1,2206.14249,https://arxiv.org/abs/2206.14249,2022,2022-06-28,INSPIRE earliest_date,TF,理论前沿,1,TF: Effective Field Theory Techniques,hep-th,hep-th | gr-qc | hep-ph,Formal theory / quantum gravity,形式理论与量子引力,binary: compact | space-time: geometry | effective field theory: gravitation | observatory | decoupling | black hole | time dependence | quantum gravity | LIGO | condensed matter | VIRGO | nucleus | horizon | gravitational radiation | renormalization group | cosmological model,1,66,64,16.03892215568862,0.030303030303030304,84.07821229050279,85.00931098696462,84.35754189944134,86,81,84,INSPIRE,,2103428,https://inspirehep.net/literature/2103428,https://www.slac.stanford.edu/econf/C210711/papers/2206.14249.pdf
135,arxiv:2203.07336,Effective Field Theory Matching and Applications,T. Cohen et al.,"Cohen, Timothy | Lu, Xiaochuan | Zhang, Zhengkang",3,2203.07336,https://arxiv.org/abs/2203.07336,2022,2022-03-14,INSPIRE earliest_date,TF,理论前沿,1,TF: Effective Field Theory Techniques,hep-ph,hep-ph,Particle phenomenology,粒子唯象学,energy: low | effective field theory | perturbation theory | ultraviolet,1,8,4,1.8160348042262273,0.5,39.385474860335194,39.19925512104283,39.32960893854748,320,327,329,INSPIRE,,2051236,https://inspirehep.net/literature/2051236,https://www.slac.stanford.edu/econf/C210711/papers/2203.07336.pdf
136,arxiv:2203.08103,Electric Dipole Moments and the Search for New Physics,R. Alarcon et al.,"Alarcon, Ricardo | Alexander, Jim | Anastassopoulos, Vassilis | Aoki, Takatoshi | Baartman, Rick | Baeßler, Stefan | Bartoszek, Larry | Beck, Douglas H. | Bedeschi, Franco | Berger, Robert | Berz, Martin | Bethlem, Hendrick L. | Bhattacharya, Tanmoy | Blaskiewicz, Michael | Blum, Thomas | Bowcock, Themis | Borschevsky, Anastasia | Brown, Kevin | Budker, Dmitry | Burdin, Sergey | Casey, Brendan C. | Casse, Gianluigi | Cantatore, Giovanni | Cheng, Lan | Chupp, Timothy | Cianciolo, Vince | Cirigliano, Vincenzo | Clayton, Steven M. | Crawford, Chris | Das, B.P. | Davoudiasl, Hooman | de Vries, Jordy | DeMille, David | Denisov, Dmitri | Diwan, Milind V. | Doyle, John M. | Engel, Jonathan | Fanourakis, George | Fatemi, Renee | Filippone, Bradley W. | Flambaum, Victor V. | Fleig, Timo | Fomin, Nadia | Fischer, Wolfram | Gabrielse, Gerald | Ruiz, R.F. Garcia | Gardikiotis, Antonios | Gatti, Claudio | Geraci, Andrew | Gooding, James | Golub, Bob | Graham, Peter | Gray, Frederick | Griffith, W. Clark | Haciomeroglu, Selcuk | Gwinner, Gerald | Hoekstra, Steven | Hoffstaetter, Georg H. | Huang, Haixin | Hutzler, Nicholas R. | Incagli, Marco | Ito, Takeyasu M. | Izubuchi, Taku | Jayich, Andrew M. | Jeong, Hoyong | Kaplan, David | Karuza, Marin | Kawall, David | Kim, On | Koop, Ivan | Korsch, Wolfgang | Korobkina, Ekaterina | Lebedev, Valeri | Lee, Jonathan | Lee, Soohyung | Lehnert, Ralf | Leung, Kent K.H. | Liu, Chen-Yu | Long, Joshua | Lusiani, Alberto | Marciano, William J. | Maroudas, Marios | Matlashov, Andrei | Matsumoto, Nobuyuki | Mawhorter, Richard | Meot, Francois | Mereghetti, Emanuele | Miller, James P. | Morse, William M. | Mott, James | Omarov, Zhanibek | Orozco, Luis A. | O'Shaughnessy, Christopher M. | Ozben, Cenap | Park, SeongTae | Pattie, Robert W. | Petrov, Alexander N. | Piacentino, Giovanni Maria | Plaster, Bradley R. | Podobedov, Boris | Poelker, Matthew | Pocanic, Dinko | Prasannaa, V.S. | Price, Joe | Ramsey-Musolf, Michael J. | Raparia, Deepak | Rajendran, Surjeet | Reece, Matthew | Reid, Austin | Rescia, Sergio | Ritz, Adam | Roberts, B. Lee | Safronova, Marianna S. | Sakemi, Yasuhiro | Schmidt-Wellenburg, Philipp | Shindler, Andrea | Semertzidis, Yannis K. | Silenko, Alexander | Singh, Jaideep T. | Skripnikov, Leonid V. | Soni, Amarjit | Stephenson, Edward | Suleiman, Riad | Sunaga, Ayaki | Syphers, Michael | Syritsyn, Sergey | Tarbutt, M.R. | Thoerngren, Pia | Timmermans, Rob G.E. | Tishchenko, Volodya | Titov, Anatoly V. | Tsoupas, Nikolaos | Tzamarias, Spyros | Variola, Alessandro | Venanzoni, Graziano | Vilella, Eva | Vossebeld, Joost | Winter, Peter | Won, Eunil | Zelenski, Anatoli | Zelevinsky, Tanya | Zhou, Yan | Zioutas, Konstantin",143,2203.08103,https://arxiv.org/abs/2203.08103,2022,2022-03-15,INSPIRE earliest_date,RPF,稀有过程与精密测量,1,RPF: Fundamental Physics in Small Experiments,hep-ph,hep-ph | hep-ex | hep-lat | nucl-ex | nucl-th,Particle phenomenology,粒子唯象学,dipole: electric | energy: high | mass: scale | new physics: search for | nucleus,1,136,72,30.891791044776117,0.47058823529411764,92.64432029795158,92.83054003724395,92.7001862197393,40,39,41,INSPIRE,,2052270,https://inspirehep.net/literature/2052270,https://www.slac.stanford.edu/econf/C210711/papers/2203.08103.pdf
137,arxiv:2203.13199,Electron Ion Collider for High Energy Physics,R. Abdul Khalek et al.,"Abdul Khalek, R. | D'Alesio, U. | Arratia, Miguel | Bacchetta, A. | Battaglieri, M. | Begel, M. | Boglione, M. | Boughezal, R. | Boussarie, Renaud | Bozzi, G. | Chekanov, S.V. | Celiberto, F.G. | Chirilli, G. | Cridge, T. | Cruz-Torres, R. | Corliss, R. | Cotton, C. | Davoudiasl, H. | Deshpande, A. | Dong, Xin | Emmert, A. | Fazio, S. | Forte, S. | Furletova, Yulia | Gal, Ciprian | Gwenlan, Claire | Guzey, V. | Harland-Lang, L.A. | Helenius, I. | Hentschinski, M. | Hobbs, Timothy J. | Höche, S. | Hou, T.-J. | Ji, Y. | Jing, X. | Kelsey, M. | Klasen, M. | Kang, Zhong-Bo | Kovchegov, Y.V. | Kumar, K.S. | Lappi, Tuomas | Lee, K. | Lee, Yen-Jie | Li, H.-T. | Li, X. | Lin, H.-W. | Liu, H. | Liu, Z.L. | Liuti, S. | Lorcé, C. | Lunghi, E. | Marcarelli, R. | Magill, S. | Makris, Y. | Mantry, S. | Melnitchouk, W. | Mezrag, C. | Moch, S. | Moutarde, H. | Mukherjee, Swagato | Murgia, F. | Nachman, B. | Nadolsky, P.M. | Nam, J.D. | Neill, D. | Neill, E.T. | Nocera, E. | Nycz, M. | Olness, F. | Petriello, F. | Pitonyak, D. | Plätzer, S. | Prestel, Stefan | Prokudin, Alexei | Qiu, J. | Radici, M. | Radhakrishnan, S. | Sadofyev, A. | Rojo, J. | Ringer, F. | Salazar, Farid | Sato, N. | Schenke, Björn | Schlichting, Sören | Schweitzer, P. | Sekula, S.J. | Shao, D.Y. | Sherrill, N. | Sichtermann, E. | Signori, A. | Şimşek, K. | Simonelli, A. | Sznajder, P. | Tezgin, K. | Thorne, R.S. | Tricoli, A. | Venugopalan, R. | Vladimirov, A. | Vicini, Alessandro | Vitev, Ivan | Wiegand, D. | Wong, C.-P. | Xie, K. | Zaccheddu, M. | Zhao, Y. | Zhang, J. | Zheng, X. | Zurita, P.",108,2203.13199,https://arxiv.org/abs/2203.13199,2022,2022-03-24,INSPIRE earliest_date,AF | EF | IF | TF,加速器科学与技术 | 能量前沿 | 仪器学前沿 | 理论前沿,4,AF: General - centered on this frontier | EF: QCD and Strong Interactions - Heavy Ions | IF: General - cross-listed | TF: General - cross-listed,hep-ph,hep-ph | hep-ex | nucl-ex | nucl-th,Particle phenomenology,粒子唯象学,electron nucleon: colliding beams | p: polarized beam | accelerator | electron nucleus | ion | electron,4,197,110,44.999530956848034,0.4416243654822335,96.92737430167598,97.2998137802607,97.0391061452514,17,15,16,INSPIRE,,2057945,https://inspirehep.net/literature/2057945,https://www.slac.stanford.edu/econf/C210711/papers/2203.13199.pdf
138,arxiv:2203.06853,Electron Scattering and Neutrino Physics,A. Ankowski et al.,"Ankowski, A.M. | Ashkenazi, A. | Bacca, S. | Barrow, J.L. | Betancourt, M. | Bodek, A. | Christy, M.E. | Dytman, L.Doria.S. | Friedland, A. | Hen, O. | Horowitz, C.J. | Jachowicz, N. | Ketchum, W. | Lux, T. | Mahn, K. | Mariani, C. | Newby, J. | Pandey, V. | Papadopoulou, A. | Radicioni, E. | Sánchez, F. | Sfienti, C. | Udías, J.M. | Weinstein, L. | Alvarez-Ruso, L. | Amaro, J.E. | Argüelles, C.A. | Balantekin, A.B. | Bolognesi, S. | Brdar, V. | Butti, P. | Carey, S. | Djurcic, Z. | Dvornikov, O. | Edayath, S. | Gardiner, S. | Isaacson, J. | Jay, W. | Klustová, A. | McFarland, K.S. | Nikolakopoulos, A. | Norrick, A. | Pastore, S. | Paz, G. | Reno, M.H. | Ruiz Simo, I. | Sobczyk, J.E. | Sousa, A. | Toro, N. | Tsai, Y.-D. | Wagman, M. | Walsh, J.G. | Yang, G.",53,2203.06853,https://arxiv.org/abs/2203.06853,2022,2022-03-14,INSPIRE earliest_date,NF | TF,中微子前沿 | 理论前沿,2,NF: Neutrino Interaction Cross Sections | TF: Theory of Neutrino Physics,hep-ex,hep-ex | hep-ph | nucl-ex | nucl-th,Experimental particle physics,实验粒子物理,neutrino oscillation | CEvNS | PVES | electron scattering | neutrino scattering | neutrino nucleus: scattering | electron: scattering | neutrino nucleus: interaction | electron nucleus: scattering | neutrino: coherent interaction | energy: low | nuclear model | numerical calculations: Monte Carlo | DUNE | gap,2,48,16,10.896208825357364,0.6666666666666666,78.58472998137803,78.49162011173185,78.55679702048417,115,116,116,INSPIRE,,2050877,https://inspirehep.net/literature/2050877,https://www.slac.stanford.edu/econf/C210711/papers/2203.06853.pdf
139,arxiv:2207.08875,Electron Sources for Accelerators,D. Filippetto et al.,"Filippetto, Daniele | Grames, Joe | Hernandez-Garcia, Carlos | Karkare, Siddharth | Piot, Philippe | Power, John | Sun, Yine | Wang, Erdong",8,2207.08875,https://arxiv.org/abs/2207.08875,2022,2022-07-18,INSPIRE earliest_date,AF,加速器科学与技术,1,AF: Accelerator Technology - Targets and Sources,physics.acc-ph,physics.acc-ph,Accelerator science,加速器科学,activity report | electron: accelerator | electron: particle source | electrode: design | accelerator: wake field | beam optics | beam dynamics | beam: injection | bibliography,1,2,1,0.4925826028320971,0.5,9.776536312849162,12.383612662942271,10.558659217877095,475,471,471,INSPIRE,,2117126,https://inspirehep.net/literature/2117126,https://www.slac.stanford.edu/econf/C210711/papers/2207.08875.pdf
140,arxiv:2204.00149,Electronics for Fast Timing,D. Braga et al.,"Braga, D. | Carini, G. | Deptuch, G. | Dragone, A. | Fahim, F. | Flood, K. | Giacomini, G. | Gorni, D. | Lipton, R. | Markovic, B. | Mazza, S. | Miryala, S. | Rubinov, P. | Saffier-Ewing, G. | Sadrozinski, H. | Schwartzman, A. | Seiden, A. | Sun, Q. | Zimmerman, T.",19,2204.00149,https://arxiv.org/abs/2204.00149,2022,2022-03-31,INSPIRE earliest_date,IF,仪器学前沿,1,IF: Electronics and ASICs,physics.ins-det,physics.ins-det | hep-ex,Instrumentation and detectors,仪器与探测器,activity report | electronics: design | time resolution | electronics: readout,1,6,4,1.376570351758794,0.3333333333333333,32.49534450651769,34.171322160148975,32.998137802607076,356,354,355,INSPIRE,,2061375,https://inspirehep.net/literature/2061375,https://www.slac.stanford.edu/econf/C210711/papers/2204.00149.pdf
141,arxiv:2203.11129,Electroweak Fragmentation at High Energies,T. Han et al.,"Han, Tao | Ma, Yang | Xie, Keping",3,2203.11129,https://arxiv.org/abs/2203.11129,2022,2022-03-21,INSPIRE earliest_date,EF | TF,能量前沿 | 理论前沿,2,EF: Electroweak Precision Physics and Constraining New Physics | TF: Collider Phenomenology,hep-ph,hep-ph | hep-th,Particle phenomenology,粒子唯象学,energy: high | parton: distribution function | radiation: initial-state interaction | radiation: final-state interaction | electroweak interaction | fragmentation | fragmentation function | splitting | initial state | resummation | collinear | gauge boson | p p: scattering | TeV,2,5,2,1.1399812734082397,0.6,28.212290502793294,28.39851024208566,28.268156424581,382,385,386,INSPIRE,,2055750,https://inspirehep.net/literature/2055750,https://www.slac.stanford.edu/econf/C210711/papers/2203.11129.pdf
142,arxiv:2209.01995,Elementary Particle Non-Perturbative Mass Generation. A Step towards a Beyond-the-Standard-Model Model,G. Rossi.,"Rossi, Giancarlo",1,2209.01995,https://arxiv.org/abs/2209.01995,2022,2022-09-05,INSPIRE earliest_date,EF,能量前沿,1,EF: Beyond the Standard Model - More General Explorations,hep-ph,hep-ph | hep-th,Particle phenomenology,粒子唯象学,BSM models | mass naturalness | fermion mass hierarchy | new physics | naturalness | renormalization group: invariance | electroweak interaction | fermion: mass: hierarchy | fermion: mass generation | fermion: coupling | coupling: gauge | interaction: gauge | W: mass generation | mass generation: nonperturbative,1,5,0,1.2735355648535565,1.0,28.212290502793294,29.7951582867784,28.687150837988824,383,377,378,INSPIRE,,2147149,https://inspirehep.net/literature/2147149,https://www.slac.stanford.edu/econf/C210711/papers/2209.01995.pdf
143,arxiv:2204.07285,Enabling Capabilities for Infrastructure and Workforce in Electronics and ASICs,M. Artuso et al.,"Artuso, M. | Grace, C. | Heim, T. | Dragone, A. | Herbst, R. | Rota, L. | Carini, G. | Deptuch, G. | Newcomer, M. | Flood, K.",10,2204.07285,https://arxiv.org/abs/2204.07285,2022,2022-04-14,INSPIRE earliest_date,IF,仪器学前沿,1,IF: Electronics and ASICs,physics.ins-det,physics.ins-det | hep-ex,Instrumentation and detectors,仪器与探测器,activity report | integrated circuit | performance | electronics: design | electronics: readout | electrical engineering,1,3,0,0.6943916349809887,1.0,16.480446927374302,19.08752327746741,17.262569832402235,440,435,436,INSPIRE,,2067855,https://inspirehep.net/literature/2067855,https://www.slac.stanford.edu/econf/C210711/papers/2204.07285.pdf
144,arxiv:2204.01992,Enabling Flagship Dark Energy Experiments to Reach their Full Potential,J. A. Blazek et al.,"Blazek, Jonathan A. | Clowe, Doug | Collett, Thomas E. | Dell'Antonio, Ian P. | Dickinson, Mark | Galbany, Lluís | Gawiser, Eric | Heitmann, Katrin | Hložek, Renée | Ishak, Mustapha | Jha, Saurabh W. | Kim, Alex G. | Leonard, C. Danielle | von der Linden, Anja | Lochner, Michelle | Mandelbaum, Rachel | Melchior, Peter | Meyers, Joel | Newman, Jeffrey A. | Nugent, Peter | Perlmutter, Saul | Perrefort, Daniel J. | Sánchez, Javier | Schmidt, Samuel J. | Singh, Sukhdeep | Sullivan, Mark | Verma, Aprajita | Zhou, Rongpu",28,2204.01992,https://arxiv.org/abs/2204.01992,2022,2022-04-05,INSPIRE earliest_date,CF,宇宙前沿,1,CF: Dark Energy and Cosmic Acceleration: The Modern Universe,astro-ph.CO,astro-ph.CO | hep-ex,Cosmology,宇宙学,galaxy: redshift | dark energy | observatory | supernova: Type I | gravitation: lens | cosmological model | gravitation: strong field | cosmic background radiation | proposed experiment | galaxy: cluster | Hubble constant,1,7,1,1.6110586011342154,0.8571428571428571,36.312849162011176,37.70949720670391,36.73184357541899,339,335,338,INSPIRE,,2063299,https://inspirehep.net/literature/2063299,https://www.slac.stanford.edu/econf/C210711/papers/2204.01992.pdf
145,arxiv:2203.06255,Enabling U.S. Participation in Future Higgs Factories,K. Black et al.,"Black, K. | Bloom, K. | Brau, J.E. | Demarteau, M. | Denisov, D. | Elvira, D. | Eno, S. | Hirosky, R. | Hirschauer, J. | Lipton, R. | Paus, C. | Stern, E. | White, A. | Wilson, G.W.",14,2203.06255,https://arxiv.org/abs/2203.06255,2022,2022-03-11,INSPIRE earliest_date,EF,能量前沿,1,EF: General - centered on this frontier,hep-ex,hep-ex,Experimental particle physics,实验粒子物理,electron positron: annihilation | muon: storage ring | Higgs particle: coupling | new physics: search for | Higgs-factory | programming | ILC Coll | CERN CLIC | FCC-ee | electron positron: colliding beams | CEPC | accelerator: proposed,1,0,0,0.0,,1.0242085661080074,1.0242085661080074,1.0242085661080074,529,529,529,INSPIRE,,2050934,https://inspirehep.net/literature/2050934,https://www.slac.stanford.edu/econf/C210711/papers/2203.06255.pdf
146,arxiv:2203.08319,Enhanced NeUtrino BEams from kaon Tagging (ENUBET),A. Longhin et al. (ENUBET Collaboration),"Longhin, A. | Terranova, F.",2,2203.08319,https://arxiv.org/abs/2203.08319,2022,2022-03-15,INSPIRE earliest_date,AF | NF,加速器科学与技术 | 中微子前沿,2,AF: Accelerators for Neutrinos | NF: Artificial Neutrino Sources,hep-ex,hep-ex,Experimental particle physics,实验粒子物理,neutrino/mu: secondary beam | neutrino: energy spectrum | accelerator: technology | neutrino: detector | neutrino/e: flux | neutrino/mu: flux | ENUBET | monitoring | detector: technology | muon | CERN Lab | transverse | lepton | wide-angle | performance | ICARUS | channel cross section | sensitivity | numerical calculations: Monte Carlo | experimental results,2,14,10,3.1800373134328357,0.2857142857142857,49.81378026070764,50.0,49.869646182495345,268,268,269,INSPIRE,,2053505,https://inspirehep.net/literature/2053505,https://www.slac.stanford.edu/econf/C210711/papers/2203.08319.pdf
147,arxiv:2203.11662,Enhancing HEP Research in Predominantly Undergraduate Institutions and Community Colleges,M. Bellis et al.,"Bellis, Matt | Bhattacharya, Bhubanjyoti | DeMuth, David | Hogan, Julie | Laureto, Kathrine | Malik, Sudhir | Pearson, Ben",7,2203.11662,https://arxiv.org/abs/2203.11662,2022,2022-03-21,INSPIRE earliest_date,CEF,社群参与,1,CEF: Career Pipeline and Development,physics.ed-ph,physics.ed-ph | hep-ex | physics.soc-ph,Physics and instrumentation,物理与仪器,buildings,1,4,1,0.9119850187265918,0.75,22.998137802607076,24.67411545623836,23.500931098696462,407,405,405,INSPIRE,,2056884,https://inspirehep.net/literature/2056884,https://www.slac.stanford.edu/econf/C210711/papers/2203.11662.pdf
148,arxiv:2203.15729,"Evaluating the ILC SUSY Reach in the Most Challenging Scenario: Stau NLSP, Low ΔM , Lowest Cross Section",M. T. Núñez Pardo de Vera et al.,"Núñez Pardo de Vera, M.T. | Berggren, M. | List, J.",3,2203.15729,https://arxiv.org/abs/2203.15729,2022,2022-03-29,INSPIRE earliest_date,EF,能量前沿,1,EF: Beyond the Standard Model - Model Specific Explorations,hep-ph,hep-ph,Particle phenomenology,粒子唯象学,sparticle: pair production | ILC Coll | supersymmetry | lepton | CERN LEP Stor | signature | efficiency | interpretation of experiments: CERN LHC Coll | kinematics | background | NLSP | mixing | electron positron | ILD detector | TeV | LSP,1,5,2,1.145702634880803,0.6,28.212290502793294,28.957169459962756,28.435754189944127,384,382,383,INSPIRE,,2059506,https://inspirehep.net/literature/2059506,https://www.slac.stanford.edu/econf/C210711/papers/2203.15729.pdf
149,arxiv:2203.11110,Event Generators for High-Energy Physics Experiments,J. M. Campbell et al.,"Campbell, J.M. | Diefenthaler, M. | Hobbs, T.J. | Höche, Stefan | Isaacson, Joshua | Kling, Felix | Mrenna, Stephen | Reuter, J. | Alioli, S. | Andersen, J.R. | Andreopoulos, C. | Ankowski, A.M. | Aschenauer, Elke Caroline | Ashkenazi, A. | Baker, M.D. | Barrow, Joshua L. | van Beekveld, Melissa | Bewick, Gavin | Bhattacharya, S. | Bierlich, Christian | Bothmann, Enrico | Bredt, P. | Broggio, A. | Buckley, Andy | Butter, A. | Butterworth, Jonathan Mark | Byrne, E.P. | Carloni-Calame, Carlo | Chakraborty, Smita | Chen, X. | Chiesa, M. | Childers, J.T. | Cruz-Martinez, J. | Currie, J. | Darvishi, N. | Dasgupta, M. | Denner, A. | Dreyer, F.A. | Dytman, S. | El-Menoufi, Basem Kamal | Engel, Tim | Ravasio, Silvia Ferrario | Figueroa, Daniel | Flower, L. | Forshaw, J.R. | Frederix, Rikkert | Friedland, Alex | Frixione, Stefano | Gallagher, H. | Gallmeister, K. | Gardiner, Simon | Gauld, Rhorry | Gaunt, Jonathan | Gavardi, A. | Gehrmann, T. | Gehrmann-De Ridder, Aude | Gellersen, Leif | Giele, Walter | Gieseke, Stefan | Giuli, Francesco | Glover, E.W. N. | Grazzini, Massimiliano | Grohsjean, A. | Gütschow, Christian | Hamilton, Keith | Han, T. | Hatcher, R. | Heinrich, G. | Helenius, Ilkka | Hen, O. | Hirschi, Valentin | Höfer, M. | Holguin, J. | Huss, Alexander | Ilten, Philip | Jadach, Stanislaw | Jentsch, A. | Jones, S.P. | Ju, W. | Kallweit, Stefan | Karlberg, Alexander | Katori, T. | Kerner, Matthias | Kilian, C. | Kilian, W. | Kirchgaeßer, M.M. | Klein, S. | Knobbe, Max | Krause, Claudius | Krauss, Frank | Lang, J. | Lang, J.-N. | Lee, G. | Li, S.W. | Lim, M.A. | Lindert, J.M. | Lombardi, D. | Lönnblad, Leif | Löschner, M. | Lurkin, N. | Ma, Y. | Machado, P. | Magerya, Vitaly | Maier, A. | Majer, I. | Maltoni, Fabio | Marcoli, M. | Marinelli, G. | Masouminia, M.R. | Mastrolia, Pierpaolo | Mattelaer, Olivier | Mazzitelli, J. | McFayden, Josh | Medves, Rok | Meinzinger, P. | Mo, J. | Monni, Pier Francesco | Montagna, Guido | Morgan, T. | Mosel, U. | Nachman, Benjamin | Nadolsky, Pavel | Nagar, R. | Nagy, Zoltan | Napoletano, Davide | Nason, Paolo | Neumann, Tobias | Nevay, L.J. | Nicrosini, Oreste | Niehues, J. | Niewczas, K. | Ohl, Thorsten | Ossola, Giovanni | Pandey, V. | Papadopoulou, A. | Papaefstathiou, Andreas | Paz, Gil | Pellen, Mathieu | Pelliccioli, Giovanni | Peraro, T. | Piccinini, Fluvio | Pickering, L. | Pires, J. | Placzek, Wieslaw | Plätzer, Simon | Plehn, Tilman | Pozzorini, Stefano | Prestel, Stefan | Preuss, Christian Tobias | Price, A.C. | Quackenbush, Seth | Re, Emanuele | Reichelt, Daniel | Reina, Laura | Reuschle, Christian | Richardson, Peter | Rocco, M. | Rocco, N. | Roda, M. | Garcia, A. Rodriguez | Roiser, Stefan | Rojo, Juan | Rottoli, Luca | Salam, Gavin P. | Schönherr, Marek | Schuchmann, S. | Schumann, Steffen | Schürmann, Robin | Scyboz, Ludovic | Seymour, Michael H. | Siegert, Frank | Signer, Adrian | Chahal, Gurpreet Singh | Siódmok, Andrzej | Sjöstrand, Torbjörn | Skands, Peter | Smillie, Jennifer M. | Sobczyk, J.T. | Soldin, Dennis | Soper, D.E. | Soto-Ontoso, Alba | Soyez, Gregory | Stagnitto, Giovanni | Tena-Vidal, J. | Tomalak, O. | Tramontano, Francesco | Trojanowski, Sebastian | Tu, Z. | Uccirati, Sandro | Ullrich, T. | Ulrich, Yannick | Utheim, Marius | Valassi, A. | Verbytskyi, Andrii | Verheyen, Rob | Wagman, M. | Walker, D. | Webber, B.R. | Weinstein, L. | White, O. | Whitehead, James | Wiesemann, Marius | Wilkinson, C. | Williams, C. | Winterhalder, Ramon | Wret, C. | Xie, K. | Yang, T-Z. | Yazgan, E. | Zanderighi, Giulia | Zanoli, S. | Zapp, Korinna",212,2203.11110,https://arxiv.org/abs/2203.11110,2022,2022-03-21,INSPIRE earliest_date,CF | CompF | EF | NF | TF,宇宙前沿 | 计算前沿 | 能量前沿 | 中微子前沿 | 理论前沿,5,CF: General - cross-listed: | CompF: Theoretical Calculations and Simulations | EF: General - centered on this frontier | NF: General - cross-listed | TF: General - centered on this frontier,hep-ph,hep-ph | hep-ex,Particle phenomenology,粒子唯象学,electron nucleon: colliding beams | ELIC | lepton lepton: colliding beams | quantum chromodynamics: perturbation theory | radiative correction | factorization | parton: showers | neutrino: beam | numerical calculations | Monte Carlo | data preservation,5,201,61,45.82724719101124,0.6965174129353234,97.2998137802607,97.48603351955308,97.3556797020484,15,14,15,INSPIRE,,2055764,https://inspirehep.net/literature/2055764,https://www.slac.stanford.edu/econf/C210711/papers/2203.11110.pdf
150,arxiv:2111.12119,Event-Based Anomaly Detection for New Physics Searches at the LHC using Machine Learning,S. V. Chekanov et al.,"Chekanov, Sergei | Hopkins, Walter",2,2111.12119,https://arxiv.org/abs/2111.12119,2021,2021-11-23,INSPIRE earliest_date,CompF | EF,计算前沿 | 能量前沿,2,CompF: Machine Learning | EF: Beyond the Standard Model - More General Explorations,hep-ph,hep-ph,Particle phenomenology,粒子唯象学,anomaly detection | RMM | deep learning | autoencoder | machine learning | numerical calculations: Monte Carlo | new physics: search for | interpretation of experiments: CERN LHC Coll | anomaly | signature,2,22,15,4.671802325581395,0.3181818181818182,62.29050279329609,61.73184357541899,62.12290502793296,203,206,202,INSPIRE,,1975588,https://inspirehep.net/literature/1975588,https://www.slac.stanford.edu/econf/C210711/papers/2111.12119.pdf
151,arxiv:2111.12156,Event-Level Variables for Semivisible Jets using Anomalous Jet Tagging,"H. Beauchesne, G. Grilli di Cortona.","Beauchesne, Hugues | Grilli di Cortona, Giovanni",2,2111.12156,https://arxiv.org/abs/2111.12156,2021,2021-11-23,INSPIRE earliest_date,EF | TF,能量前沿 | 理论前沿,2,EF: Beyond the Standard Model - Dark Matter at Colliders | TF: Collider Phenomenology,hep-ph,hep-ph,Particle phenomenology,粒子唯象学,jet: transverse momentum | transverse momentum: missing-energy | particle: stability | confinement | benchmark | kinematics | hadron | signature,2,8,6,1.6988372093023254,0.25,39.385474860335194,38.26815642458101,39.05027932960894,321,332,332,INSPIRE,,1975603,https://inspirehep.net/literature/1975603,https://www.slac.stanford.edu/econf/C210711/papers/2111.12156.pdf
152,arxiv:2203.14345,Evolution of HEP Processing Frameworks,C. D. Jones et al.,"Jones, Christopher D. | Knoepfel, Kyle | Calafiura, Paolo | Leggett, Charles | Tsulaia, Vakhtang",5,2203.14345,https://arxiv.org/abs/2203.14345,2022,2022-03-16,INSPIRE earliest_date,CompF,计算前沿,1,CompF: General - centered on this frontier:,cs.DC,cs.DC | hep-ex | physics.data-an,cs.DC,未分类,activity report | programming | cloud | data management | multiprocessor | computer: network | Grid computing,1,3,2,0.6818606098319852,0.3333333333333333,16.480446927374302,17.22532588454376,16.70391061452514,441,444,445,INSPIRE,,2058929,https://inspirehep.net/literature/2058929,https://www.slac.stanford.edu/econf/C210711/papers/2203.14345.pdf
153,arxiv:2205.12198,Exotic Higgs Decays in the Type-II 2HDMs at Current and Future pp Colliders,F. Kling et al.,"Kling, Felix | Li, Honglei | Li, Shuailong | Pyarelal, Adarsh | Song, Huayang | Su, Shufang | Su, Wei",7,2205.12198,https://arxiv.org/abs/2205.12198,2022,2022-05-24,INSPIRE earliest_date,EF | TF,能量前沿 | 理论前沿,2,EF: Higgs Boson as a Portal to New Physics | TF: Collider Phenomenology,hep-ph,hep-ph | hep-ex,Particle phenomenology,粒子唯象学,Higgs particle: doublet: 2 | Higgs particle: decay | decay: exotic | sensitivity | CERN LHC Coll | p p: colliding beams | numerical calculations | new physics,2,3,2,0.7124512353706112,0.3333333333333333,16.480446927374302,19.273743016759777,17.31843575418994,442,434,435,INSPIRE,,2087148,https://inspirehep.net/literature/2087148,https://www.slac.stanford.edu/econf/C210711/papers/2205.12198.pdf
154,arxiv:2203.08330,Expected Sensitivity to Invisible Higgs Boson Decays at the ILC with the SiD Detector,C. Potter et al.,"Potter, Chris | Steinhebel, Amanda | Brau, Jim | Pryor, Austin | White, Andy",5,2203.08330,https://arxiv.org/abs/2203.08330,2022,2022-03-15,INSPIRE earliest_date,EF,能量前沿,1,EF: Higgs Boson Properties and Couplings,hep-ph,hep-ph,Particle phenomenology,粒子唯象学,Higgs particle: decay | beam: polarization | branching ratio | ILC Coll | dark matter: mass | dark matter: hidden sector | sensitivity | interpretation of experiments: CERN LHC Coll | SiD | star | GeV | semiconductor detector,1,8,8,1.8171641791044775,0.0,39.385474860335194,39.757914338919925,39.497206703910614,322,322,324,INSPIRE,,2053754,https://inspirehep.net/literature/2053754,https://www.slac.stanford.edu/econf/C210711/papers/2203.08330.pdf
155,arxiv:2203.07089,"Experimental Searches for Muon to Electron Conversion in a Nucleus: COMET, DeeMe, and Mu2e",S. Middleton et al.,"Lee, MyeongJae | Middleton, Sophie | Seiya, Yoshihiro",3,2203.07089,https://arxiv.org/abs/2203.07089,2022,2022-03-14,INSPIRE earliest_date,RPF,稀有过程与精密测量,1,RPF: Charged Lepton Flavor Violation,hep-ex,hep-ex,Experimental particle physics,实验粒子物理,mass: scale | neutrino: mass: hierarchy | leptoquark: scalar | Higgs particle: doublet | lepton: flavor: violation | new physics: search for | electron muon: transition | sensitivity | nucleus | COMET | coherence | (0neutrino) | asymmetry: CP | leptogenesis | scale: TeV | numerical calculations: Monte Carlo | muon- nucleus --> electron nucleus,1,12,12,2.724052206339341,0.0,47.67225325884544,47.299813780260706,47.56052141527002,279,283,283,INSPIRE,,2051309,https://inspirehep.net/literature/2051309,https://www.slac.stanford.edu/econf/C210711/papers/2203.07089.pdf
156,arxiv:2206.06632,Explainable AI for High Energy Physics,M. S. Neubauer et al.,"Neubauer, Mark S. | Roy, Avik",2,2206.06632,https://arxiv.org/abs/2206.06632,2022,2022-06-14,INSPIRE earliest_date,CompF,计算前沿,1,CompF: Machine Learning,hep-ex,hep-ex | cs.LG | physics.comp-ph,Experimental particle physics,实验粒子物理,nonlinear | neural network | data analysis method,1,8,4,1.926170072511536,0.5,39.385474860335194,41.43389199255121,40.0,323,315,319,INSPIRE,,2095880,https://inspirehep.net/literature/2095880,https://www.slac.stanford.edu/econf/C210711/papers/2206.06632.pdf
157,arxiv:2207.06905,Exploring Dark Sector Portals with High Intensity Experiments,B. Batell et al.,"Batell, Brian | Blinov, Nikita | Hearty, Christopher | McGehee, Robert",4,2207.06905,https://arxiv.org/abs/2207.06905,2022,2022-07-14,INSPIRE earliest_date,CF | RPF | TF,宇宙前沿 | 稀有过程与精密测量 | 理论前沿,3,CF: Dark Matter: Particle-like | RPF: Dark Sector Studies at High Intensities | TF: Astro-Particle Physics and Cosmology,hep-ph,hep-ph | astro-ph.CO | hep-ex,Particle phenomenology,粒子唯象学,particle: interaction | axion-like particles | renormalizable | dark matter: mass | dark matter: hidden sector | mediation | higher-dimensional | cosmological model: parameter space,3,69,62,16.94838601210491,0.10144927536231885,84.45065176908753,85.75418994413408,84.8417132216015,84,77,81,INSPIRE,,2112364,https://inspirehep.net/literature/2112364,https://www.slac.stanford.edu/econf/C210711/papers/2207.06905.pdf
158,arxiv:2203.11665,Facilitating Non-HEP Career Transition,S. Malik et al.,"Malik, Sudhir | Karadzhinova-Ferrer, Aneliya | Hogan, Julie | Bray, Rachel | Kamalieddin, Rami | Flood, Kevin | El-Zant, Amr | Fidalgo, Guillermo | Bruhwiler, David | Bellis, Matt",10,2203.11665,https://arxiv.org/abs/2203.11665,2022,2022-03-21,INSPIRE earliest_date,CEF,社群参与,1,CEF: Career Pipeline and Development,physics.ed-ph,physics.ed-ph | hep-ex | physics.soc-ph,Physics and instrumentation,物理与仪器,programming | buildings | statistics,1,3,1,0.6839887640449439,0.6666666666666666,16.480446927374302,18.34264432029795,17.039106145251395,443,439,440,INSPIRE,,2056911,https://inspirehep.net/literature/2056911,https://www.slac.stanford.edu/econf/C210711/papers/2203.11665.pdf
159,arxiv:2203.15062,Fast (Optical) Links”,M. Newcomer et al.,"Newcomer, M. | Ye, J. | Paramonov, A. | Garcia-Sciveres, M. | Prosser, A.",5,2203.15062,https://arxiv.org/abs/2203.15062,2022,2022-03-28,INSPIRE earliest_date,IF,仪器学前沿,1,IF: Electronics and ASICs,physics.ins-det,physics.ins-det | hep-ex,Instrumentation and detectors,仪器与探测器,activity report | fibre: optical | integrated circuit | electronics: readout | data acquisition,1,4,2,0.915987460815047,0.5,22.998137802607076,24.953445065176908,23.584729981378025,408,403,403,INSPIRE,,2059460,https://inspirehep.net/literature/2059460,https://www.slac.stanford.edu/econf/C210711/papers/2203.15062.pdf
160,arxiv:2203.06253,Fast Cycling HTS Based Superconducting Accelerator Magnets: Feasibility Study and Readiness Demonstration Program Driven by Neutrino Physics and Muon Collider Needs,H. Piekarz et al.,"Piekarz, Henryk | Claypool, Bradley | Hays, Steven | Kufer, Matthew | Shiltsev, Vladimir | Zlobin, Alexander | Rossi, Lucio",7,2203.06253,https://arxiv.org/abs/2203.06253,2022,2022-03-11,INSPIRE earliest_date,AF,加速器科学与技术,1,AF: Accelerator Technology - Magnets,physics.acc-ph,physics.acc-ph,Accelerator science,加速器科学,accelerator: magnet | superconductivity: temperature: high | muon: storage ring | accelerator: superconductivity | magnet: design | ramping | cryogenics | booster,1,6,1,1.3594913151364763,0.8333333333333334,32.49534450651769,31.191806331471135,32.10428305400372,357,369,370,INSPIRE,,2051542,https://inspirehep.net/literature/2051542,https://www.slac.stanford.edu/econf/C210711/papers/2203.06253.pdf
161,arxiv:2203.08554,Fast Timing With Silicon Carbide Low Gain Avalanche Detectors,P. Barletta et al.,"Barletta, P. | Cerullo, M. | Haber, C. | Holland, S.E. | Muth, J. | Sekely, B.",6,2203.08554,https://arxiv.org/abs/2203.08554,2022,2022-03-16,INSPIRE earliest_date,IF,仪器学前沿,1,IF: Solid State Detectors and Tracking,physics.ins-det,physics.ins-det,Instrumentation and detectors,仪器与探测器,,1,8,7,1.8182949595519604,0.125,39.385474860335194,40.31657355679702,39.66480446927374,324,321,323,INSPIRE,,2053729,https://inspirehep.net/literature/2053729,https://www.slac.stanford.edu/econf/C210711/papers/2203.08554.pdf
162,arxiv:1906.02693,FCC-ee: Your Questions Answered,A. Blondel et al.,"Blondel, A. | Janot, P. | Alipour Tehrani, N. | Azzi, P. | Azzurri, P. | Bacchetta, N. | Benedikt, M. | Blekman, F. | Boscolo, M. | Dam, M. | De Curtis, S. | d'Enterria, D. | Ellis, J. | Ganis, G. | Gluza, J. | Helsens, C. | Jadach, S. | Koratzinos, M. | Klute, M. | Leonidopoulos, C. | Locci, E. | Mangano, M. | Monteil, S. | Oide, K. | Okorokov, V.A. | Perez, E. | Riemann, T. | Tenchini, R. | Selvaggi, M. | Voutsinas, G. | Wenninger, J. | Zimmermann, F.",32,1906.02693,https://arxiv.org/abs/1906.02693,2019,2019-06-06,INSPIRE earliest_date,AF | EF | NF | RPF | TF,加速器科学与技术 | 能量前沿 | 中微子前沿 | 稀有过程与精密测量 | 理论前沿,5,AF: Accelerators for Electroweak and Higgs | EF: General - centered on this frontier | NF: General - cross-listed | RPF: General - cross-listed | TF: General - cross-listed,hep-ph,hep-ph | hep-ex | physics.acc-ph,Particle phenomenology,粒子唯象学,FCC-ee | detector: design | CERN Lab | numerical calculations | new physics,5,42,25,5.852918733307898,0.40476190476190477,76.0707635009311,66.0148975791434,73.05400372439479,128,183,144,INSPIRE,,1738661,https://inspirehep.net/literature/1738661,https://www.slac.stanford.edu/econf/C210711/papers/1906.02693.pdf
163,arxiv:2203.07551,Fe-Based High Field Superconductors for Cost-Effective Future Accelerator Magnets,F. Kametani et al.,"Kametani, F. | Tarantini, C. | Hellstrom, E.",3,2203.07551,https://arxiv.org/abs/2203.07551,2022,2022-03-14,INSPIRE earliest_date,AF,加速器科学与技术,1,AF: Accelerator Technology - Magnets,cond-mat.supr-con,cond-mat.supr-con | cond-mat.mtrl-sci,cond-mat.supr-con,未分类,,1,1,1,0.22700435052827841,0.0,4.283054003724395,3.817504655493482,4.143389199255121,510,517,517,INSPIRE,,2053000,https://inspirehep.net/literature/2053000,https://www.slac.stanford.edu/econf/C210711/papers/2203.07551.pdf
164,arxiv:2204.00701,Feedback and Control Systems for Future Linear Colliders,D. Filippetto et al.,"Filippetto, Daniele | Serrano, Carlos | Du, Qiang | Doolittle, Lawrence | Wang, Dan | Bachtis, Michalis | Musumeci, Pietro | Scheinker, Alexander | Power, John | Bellaveglia, Marco | Gallo, Alessandro | Piersanti, Luca",12,2204.00701,https://arxiv.org/abs/2204.00701,2022,2022-04-01,INSPIRE earliest_date,AF,加速器科学与技术,1,AF: Accelerator Technology - RF,physics.acc-ph,physics.acc-ph | physics.ins-det,Accelerator science,加速器科学,activity report | beam: size | scattering: beam-beam | control system | feedback | performance | linear collider | accelerator: technology | beam monitoring | spatial resolution | stability,1,4,4,0.9182903834066625,0.0,22.998137802607076,25.605214152700185,23.78026070763501,409,400,400,INSPIRE,,2062570,https://inspirehep.net/literature/2062570,https://www.slac.stanford.edu/econf/C210711/papers/2204.00701.pdf
165,arxiv:2203.08309,Fiber-Optic Diagnostic System for Future Accelerator Magnets,M. Baldini et al.,"Baldini, Maria | Ambrosio, Giorgio | Ferracin, Paolo | Joshi, Piyush | Krave, S. | Luo, Linqing | Marchevsky, Maxim | Vallone, G. | Wang, Xiaorong",9,2203.08309,https://arxiv.org/abs/2203.08309,2022,2022-03-15,INSPIRE earliest_date,AF,加速器科学与技术,1,AF: Accelerator Technology - Magnets,physics.acc-ph,physics.acc-ph,Accelerator science,加速器科学,,1,3,1,0.681436567164179,0.6666666666666666,16.480446927374302,16.201117318435752,16.396648044692736,444,451,452,INSPIRE,,2053601,https://inspirehep.net/literature/2053601,https://www.slac.stanford.edu/econf/C210711/papers/2203.08309.pdf
166,arxiv:2203.07726,Flavor Model Building,"W. Altmannshofer, J. Zupan","Altmannshofer, Wolfgang | Zupan, Jure",2,2203.07726,https://arxiv.org/abs/2203.07726,2022,2022-03-15,INSPIRE earliest_date,TF,理论前沿,1,TF: Beyond-Standard-Model Model Building,hep-ph,hep-ph,Particle phenomenology,粒子唯象学,flavor: model | effective field theory | symmetry: flavor | space-time: warped | model: composite | fermion: mass | neutral current: flavor changing | flavor: violation: minimal | B: semileptonic decay | muon: magnetic moment | leptoquark | new physics,1,36,27,8.177238805970148,0.25,73.64990689013035,74.20856610800745,73.81750465549348,142,139,139,INSPIRE,,2052492,https://inspirehep.net/literature/2052492,https://www.slac.stanford.edu/econf/C210711/papers/2203.07726.pdf
167,arxiv:2203.07339,FNAL PIP-II Accumulator Ring,W. Pellico et al.,"Pellico, William | Bhat, Chandra | Eldred, Jeffrey | Johnstone, Carol | Johnstone, John | Seiya, Kiyomi | Tan, Cheng-Yang | Toups, Matthew | deNiverville, Patrick | Van De Water, Richard",10,2203.07339,https://arxiv.org/abs/2203.07339,2022,2022-03-14,INSPIRE earliest_date,AF,加速器科学与技术,1,AF: Accelerators for Rare Processes and Physics Beyond Colliders,physics.acc-ph,physics.acc-ph,Accelerator science,加速器科学,activity report | neutrino: particle source | magnet: technology | beam optics | booster | accumulator | beam: injection | synchrotron | LBNF | linear accelerator | accelerator: design | beam transport,1,13,11,2.9510565568676195,0.15384615384615385,48.78957169459963,48.88268156424581,48.81750465549348,275,275,276,INSPIRE,,2051636,https://inspirehep.net/literature/2051636,https://www.slac.stanford.edu/econf/C210711/papers/2203.07339.pdf
168,arxiv:2203.08129,"Forward Physics, BFKL, Saturation Physics and Diffraction",M. Hentschinski et al.,"Hentschinski, Martin | Royon, Christophe | Peredo, Marco Alcazar | Baldenegro, Cristian | Bellora, Andrea | Boussarie, Renaud | Celiberto, Francesco Giovanni | Cerci, Salim | Chachamis, Grigorios | Contreras, J.G. | Fichet, Sylvain | Fucilla, Michael | von Gersdorff, Gero | González, Pablo | van Hameren, Andreas | Jalilian-Marian, Jamal | Kampshoff, Mats | Khoze, Valery | Klasen, Michael | Klein, Spencer Robert | Krintiras, Georgios | Kotko, Piotr | Kutak, Krzysztof | Lansberg, Jean-Philippe | Li, Emilie | Loizides, Constanin | Mohammed, Mohammed M.A. | Nefedov, Maxim | Ozcelik, Melih A. | Papa, Alessandro | Pitt, Michael | Sabio Vera, Agustin | Salomon, Jens | Sapeta, Sebastian | da Silveira, Gustavo Gil | Gonçalves, Victor Paulo | Strikman, Mark | Cerci, Deniz Sunar | Szymanowski, Lech | Takaki, Daniel Tapia | Taševský, Marek | Wallon, Samuel",42,2203.08129,https://arxiv.org/abs/2203.08129,2022,2022-03-15,INSPIRE earliest_date,EF,能量前沿,1,EF: QCD and Strong Interactions - Hadronic Structure and Forward QCD Processes,hep-ph,hep-ph,Particle phenomenology,粒子唯象学,quarkonium: production | quarkonium: heavy | quark gluon: plasma | scale: saturation | jet: forward production | small-x | interpretation of experiments: CERN LHC Coll | diffraction | BFKL equation | photon photon | resummation | electroweak interaction | factorization | gap | photon hadron | structure,1,70,24,15.900186567164178,0.6571428571428571,84.72998137802607,84.82309124767225,84.75791433891992,82,82,82,INSPIRE,,2052682,https://inspirehep.net/literature/2052682,https://www.slac.stanford.edu/econf/C210711/papers/2203.08129.pdf
169,arxiv:2207.10618,"Frontiers of Quantum Gravity: Shared Challenges, Converging Directions",J. de Boer et al.,"de Boer, Jan | Dittrich, Bianca | Eichhorn, Astrid | Giddings, Steven B. | Gielen, Steffen | Liberati, Stefano | Livine, Etera R. | Oriti, Daniele | Papadodimas, Kyriakos | Pereira, Antonio D. | Sakellariadou, Mairi | Surya, Sumati | Verlinde, Herman",13,2207.10618,https://arxiv.org/abs/2207.10618,2022,2022-07-21,INSPIRE earliest_date,CF | TF,宇宙前沿 | 理论前沿,2,"CF: Cosmic Probes of Fundamental Physics | TF: String Theory, Quantum Gravity, and Black Holes",hep-th,hep-th | gr-qc,Formal theory / quantum gravity,形式理论与量子引力,quantum gravity | gravitation | space-time | cosmological model,2,53,35,13.079898648648648,0.33962264150943394,80.54003724394786,82.21601489757914,81.04283054003724,106,96,101,INSPIRE,,2120699,https://inspirehep.net/literature/2120699,https://www.slac.stanford.edu/econf/C210711/papers/2207.10618.pdf
170,arxiv:2203.07088,Functions Beyond Multiple Polylogarithms for Precision Collider Physics,J. L. Bourjaily et al.,"Bourjaily, Jacob L. | Broedel, Johannes | Chaubey, Ekta | Duhr, Claude | Frellesvig, Hjalte | Hidding, Martijn | Marzucca, Robin | McLeod, Andrew J. | Spradlin, Marcus | Tancredi, Lorenzo | Vergu, Cristian | Volk, Matthias | Volovich, Anastasia | von Hippel, Matt | Weinzierl, Stefan | Wilhelm, Matthias | Zhang, Chi",17,2203.07088,https://arxiv.org/abs/2203.07088,2022,2022-03-14,INSPIRE earliest_date,TF,理论前沿,1,TF: Scattering Amplitudes,hep-ph,hep-ph | hep-th,Particle phenomenology,粒子唯象学,mathematical methods | perturbation theory: higher-order | Feynman graph: higher-order | loop integral | orientifold: Calabi-Yau | numerical calculations,1,145,94,32.91563082660037,0.35172413793103446,93.38919925512104,93.94785847299813,93.55679702048417,36,33,36,INSPIRE,,2051224,https://inspirehep.net/literature/2051224,https://www.slac.stanford.edu/econf/C210711/papers/2203.07088.pdf
171,arxiv:2203.07479,Future Advances in Photon-Based Neutrino Detectors,J. R. Klein et al.,"Klein, Joshua R. | Akindele, Tomi | Bernstein, Adam | Biller, Steven | Bowden, Nathaniel | Brodsky, Jason | Cowen, D.F. | Ford, Michael | Gruszko, Julieta | Lebenowski, Logan | Li, Aobo | Li, Viacheslav A. | Mu, Wei | Ochoa-Ricoux, J. Pedro | Gann, Gabriel D. Orebi | Sanchez, Mayly | Svoboda, Robert | Wetstein, Matthew | Wurm, Michael | Yeh, Minfang",20,2203.07479,https://arxiv.org/abs/2203.07479,2022,2022-03-14,INSPIRE earliest_date,IF | NF,仪器学前沿 | 中微子前沿,2,IF: Photon Detectors | NF: Neutrino Detectors,physics.ins-det,physics.ins-det | hep-ex | nucl-ex,Instrumentation and detectors,仪器与探测器,activity report | neutrino: detector | scintillation counter: liquid | Cherenkov counter | data acquisition | detector: technology | electronics: readout | detector: design,2,18,7,4.086078309509012,0.6111111111111112,57.635009310986966,57.54189944134078,57.60707635009311,225,228,228,INSPIRE,,2052358,https://inspirehep.net/literature/2052358,https://www.slac.stanford.edu/econf/C210711/papers/2203.07479.pdf
172,arxiv:2203.07804,Future Circular Hadron Collider FCC-hh: Overview and Status,M. Benedikt et al.,"Benedikt, M. | Chance, A. | Dalena, B. | Denisov, D. | Giovannozzi, M. | Gutleber, J. | Losito, R. | Mangano, M. | Raubenheimer, T. | Riegler, W. | Shiltsev, V. | Schulte, D. | Tommasini, D. | Zimmermann, F.",14,2203.07804,https://arxiv.org/abs/2203.07804,2022,2022-03-15,INSPIRE earliest_date,AF,加速器科学与技术,1,AF: Multi-TeV Colliders,physics.acc-ph,physics.acc-ph,Accelerator science,加速器科学,activity report | accelerator: design | accelerator: technology | FCC-hh | performance,1,46,38,10.448694029850746,0.17391304347826086,78.02607076350093,77.74674115456239,77.94227188081936,118,120,119,INSPIRE,,2052856,https://inspirehep.net/literature/2052856,https://www.slac.stanford.edu/econf/C210711/papers/2203.07804.pdf
173,arxiv:2203.08310,Future Circular Lepton Collider FCC-ee: Overview and Status,I. Agapov et al.,"Agapov, I. | Benedikt, M. | Blondel, A. | Boscolo, M. | Brunner, O. | Llatas, M. Chamizo | Charles, T. | Denisov, D. | Fischer, W. | Gianfelice-Wendt, E. | Gutleber, J. | Janot, P. | Koratzinos, M. | Losito, R. | Nagaitsev, S. | Oide, K. | Raubenheimer, T. | Rimmer, R. | Seeman, J. | Shatilov, D. | Shiltsev, V. | Sullivan, M. | Wienands, U. | Zimmermann, F.",24,2203.08310,https://arxiv.org/abs/2203.08310,2022,2022-03-15,INSPIRE earliest_date,AF,加速器科学与技术,1,AF: Accelerators for Electroweak and Higgs,physics.acc-ph,physics.acc-ph | hep-ex,Accelerator science,加速器科学,activity report | accelerator: design | FCC-ee | Higgs-factory | performance,1,80,71,18.171641791044774,0.1125,86.1266294227188,86.31284916201118,86.18249534450652,75,74,75,INSPIRE,,2053449,https://inspirehep.net/literature/2053449,https://www.slac.stanford.edu/econf/C210711/papers/2203.08310.pdf
174,arxiv:2203.08088,Future Collider Options for the US,P. C. Bhat,"Bhat, P.C. | Jindariani, S. | Ambrosio, G. | Apollinari, G. | Belomestnykh, S. | Bross, A. | Butler, J. | Canepa, A. | Elvira, D. | Fox, P. | Gecse, Z. | Gianfelice-Wendt, E. | Merkel, P. | Nagaitsev, S. | Neuffer, D. | Piekarz, H. | Posen, S. | Sen, T. | Shiltsev, V. | Solyak, N. | Stratakis, D. | Syphers, M. | Velev, G. | Yakovlev, V. | Yonehara, K. | Zlobin, A.",26,2203.08088,https://arxiv.org/abs/2203.08088,2022,2022-03-15,INSPIRE earliest_date,AF | EF | TF,加速器科学与技术 | 能量前沿 | 理论前沿,3,AF: General - centered on this frontier | EF: General - centered on this frontier | TF: General - cross-listed,hep-ex,hep-ex | physics.acc-ph,Experimental particle physics,实验粒子物理,energy: high | particle: energy | lepton | buildings | accelerator | hadron | history,3,16,6,3.634328358208955,0.625,53.25884543761639,53.25884543761639,53.25884543761639,250,251,252,INSPIRE,,2052590,https://inspirehep.net/literature/2052590,https://www.slac.stanford.edu/econf/C210711/papers/2203.08088.pdf
175,arxiv:2203.08228,Future Gravitational-Wave Detector Facilities,S. W. Ballmer et al.,"Ballmer, Stefan W. | Adhikari, Rana | Badurina, Leonardo | Brown, Duncan A. | Chattopadhyay, Swapan | Evans, Matthew | Fritschel, Peter | Hall, Evan | Hogan, Jason M. | Jani, Karan | Kovachy, Tim | Kuns, Kevin | Schwartzman, Ariel | Sigg, Daniel | Slagmolen, Bram | Vitale, Salvatore | Wipf, Christopher",17,2203.08228,https://arxiv.org/abs/2203.08228,2022,2022-03-15,INSPIRE earliest_date,CF,宇宙前沿,1,CF: Cosmic Probes of Fundamental Physics,gr-qc,gr-qc | astro-ph.IM | hep-ex | hep-th,Gravitation and cosmology,引力与宇宙学,black hole: binary | detector: design | gravitational radiation: stochastic | space-time: warped | nuclear matter: equation of state | gravitational radiation detector | observatory | history | gravitation: strong field | critical phenomena | matter: density | dark matter: interaction | neutron star | family | cosmological model | space-time: expansion | binary: coalescence,1,45,39,10.221548507462686,0.13333333333333333,77.37430167597765,77.09497206703911,77.29050279329608,120,123,122,INSPIRE,,2053400,https://inspirehep.net/literature/2053400,https://www.slac.stanford.edu/econf/C210711/papers/2203.08228.pdf
176,external:https://cds.cern.ch/record/2806113,Future Physics Potential of LHCb,LHCb Collaboration.,,0,,https://cds.cern.ch/record/2806113,2022,2022,INSPIRE earliest_date,IF | RPF,仪器学前沿 | 稀有过程与精密测量,2,IF: General - cross-listed | RPF: General - centered on this frontier,,,Unknown,未分类,,2,23,22,4.997471743010113,0.043478260869565216,63.40782122905028,62.66294227188082,63.184357541899445,194,201,198,INSPIRE-CDS,,2071541,https://inspirehep.net/literature/2071541,https://www.slac.stanford.edu/econf/C210711/papers/CDS-2806113.pdf
177,arxiv:2203.06799,Future Prospects for Parton Showers,N. Darvishi et al.,"Darvishi, Neda | Masouminia, Joshua Isaacson M.R. | Nagy, Zoltan | Richardson, Peter | Soper, Davison E.",5,2203.06799,https://arxiv.org/abs/2203.06799,2022,2022-03-13,INSPIRE earliest_date,TF,理论前沿,1,TF: Theory Techniques for Precision Physics,hep-ph,hep-ph,Particle phenomenology,粒子唯象学,parton: showers,1,4,1,0.9074534161490683,0.75,22.998137802607076,21.135940409683425,22.439478584729983,410,424,424,INSPIRE,,2051428,https://inspirehep.net/literature/2051428,https://www.slac.stanford.edu/econf/C210711/papers/2203.06799.pdf
178,arxiv:2107.06021,Future searches for SUSY at the LHC post Fermilab (g−2)_μ,A. Aboubrahim et al.,"Aboubrahim, Amin | Klasen, Michael | Nath, Pran | Syed, Raza M.",4,2107.06021,https://arxiv.org/abs/2107.06021,2021,2021-07-13,INSPIRE earliest_date,EF | TF,能量前沿 | 理论前沿,2,EF: Beyond the Standard Model - Model Specific Explorations | TF: Collider Phenomenology,hep-ph,hep-ph,Particle phenomenology,粒子唯象学,sparticle: spectrum | luminosity: high | gluino: heavy | squark: mass | squark: heavy | energy: high | Higgs particle: mass | interpretation of experiments: CERN LHC Coll | muon: magnetic moment,2,14,11,2.759579060982191,0.21428571428571427,49.81378026070764,48.324022346368714,49.36685288640596,269,278,273,INSPIRE,,1882839,https://inspirehep.net/literature/1882839,https://www.slac.stanford.edu/econf/C210711/papers/2107.06021.pdf
179,arxiv:2205.09545,Generalized Symmetries in Quantum Field Theory and Beyond,C. Cordova et al.,"Cordova, Clay | Dumitrescu, Thomas T. | Intriligator, Kenneth | Shao, Shu-Heng",4,2205.09545,https://arxiv.org/abs/2205.09545,2022,2022-05-19,INSPIRE earliest_date,TF,理论前沿,1,TF: Conformal Field Theory and Formal Quantum Field Theory,hep-th,hep-th | hep-ph,Formal theory / quantum gravity,形式理论与量子引力,anomaly | defect,1,312,279,73.8548282566429,0.10576923076923077,98.78957169459963,98.975791433892,98.84543761638733,7,6,7,INSPIRE,,2085224,https://inspirehep.net/literature/2085224,https://www.slac.stanford.edu/econf/C210711/papers/2205.09545.pdf
180,arxiv:2203.07883,Global Fit of 2HDM with Future Collider Results,A. Beniwal et al.,"Beniwal, Ankit | Rajec, Filip | Prim, Markus Tobias | Scott, Pat | Su, Wei | White, Martin | Williams, Anthony G. | Woodcock, Alex",8,2203.07883,https://arxiv.org/abs/2203.07883,2022,2022-03-15,INSPIRE earliest_date,EF,能量前沿,1,EF: Beyond the Standard Model - Model Specific Explorations,hep-ph,hep-ph,Particle phenomenology,粒子唯象学,current: constraint | vacuum: stability | Higgs particle: doublet | CERN LHC Coll: upgrade | unitarity | electroweak interaction | ILC Coll | FCC-ee | flavor | CEPC,1,8,7,1.8171641791044775,0.125,39.385474860335194,39.757914338919925,39.497206703910614,325,323,325,INSPIRE,,2052511,https://inspirehep.net/literature/2052511,https://www.slac.stanford.edu/econf/C210711/papers/2203.07883.pdf
181,arxiv:2206.08326,Global SMEFT Fits at Future Colliders,J. de Blas et al.,"de Blas, Jorge | Du, Yong | Grojean, Christophe | Gu, Jiayin | Miralles, Victor | Peskin, Michael E. | Tian, Junping | Vos, Marcel | Vryonidou, Eleni",9,2206.08326,https://arxiv.org/abs/2206.08326,2022,2022-06-16,INSPIRE earliest_date,EF,能量前沿,1,EF: Electroweak Precision Physics and Constraining New Physics,hep-ph,hep-ph | hep-ex,Particle phenomenology,粒子唯象学,new physics | effective field theory | operator: dimension: 6 | electroweak interaction | muon: storage ring | electron positron: linear collider,1,135,100,32.5470297029703,0.25925925925925924,92.45810055865921,93.57541899441341,92.79329608938546,41,35,40,INSPIRE,,2096992,https://inspirehep.net/literature/2096992,https://www.slac.stanford.edu/econf/C210711/papers/2206.08326.pdf
182,arxiv:2203.01396,Good Things to do with Extra Higgs Doublets,H. Davoudiasl et al.,"Davoudiasl, Hooman | Lewis, Ian M. | Sullivan, Matthew",3,2203.01396,https://arxiv.org/abs/2203.01396,2022,2022-03-02,INSPIRE earliest_date,EF,能量前沿,1,EF: Higgs Boson as a Portal to New Physics,hep-ph,hep-ph | hep-ex,Particle phenomenology,粒子唯象学,Higgs particle: doublet | neutrino: mass | doublet: 1 | baryon: asymmetry | flavor: violation | neutrino: hierarchy | neutrino: Dirac: mass | condensation: chiral | scale: electroweak interaction | CP: violation | lepton: asymmetry | mass: hierarchy | p p: scattering | coupling: Yukawa | quark | quantum chromodynamics | tree approximation | flavor changing,1,4,4,0.9012954966070327,0.0,22.998137802607076,20.577281191806332,22.271880819366853,411,427,427,INSPIRE,,2044892,https://inspirehep.net/literature/2044892,https://www.slac.stanford.edu/econf/C210711/papers/2203.01396.pdf
183,arxiv:2203.12852,"Graph Neural Networks in Particle Physics: Implementations, Innovations, and Challenges",S. Thais et al.,"Thais, Savannah | Calafiura, Paolo | Chachamis, Grigorios | DeZoort, Gage | Duarte, Javier | Ganguly, Sanmay | Kagan, Michael | Murnane, Daniel | Neubauer, Mark S. | Terao, Kazuhiro",10,2203.12852,https://arxiv.org/abs/2203.12852,2022,2022-03-23,INSPIRE earliest_date,CompF,计算前沿,1,CompF: Machine Learning,hep-ex,hep-ex | cs.LG | hep-ph,Experimental particle physics,实验粒子物理,neural network | capture | landscape | gap | statistical analysis | data analysis method,1,56,43,12.783750000000001,0.23214285714285715,81.93668528864059,81.84357541899442,81.90875232774673,97,98,97,INSPIRE,,2057973,https://inspirehep.net/literature/2057973,https://www.slac.stanford.edu/econf/C210711/papers/2203.12852.pdf
184,arxiv:2204.05194,Gravitational Waves and Scattering Amplitudes,A. Buonanno et al.,"Buonanno, Alessandra | Khalil, Mohammed | O'Connell, Donal | Roiban, Radu | Solon, Mikhail P. | Zeng, Mao",6,2204.05194,https://arxiv.org/abs/2204.05194,2022,2022-04-11,INSPIRE earliest_date,CF | TF,宇宙前沿 | 理论前沿,2,CF: Cosmic Probes of Fundamental Physics | TF: Scattering Amplitudes,hep-th,hep-th | gr-qc,Formal theory / quantum gravity,形式理论与量子引力,gravitational radiation | scattering amplitude | gravitational radiation detector | binary | general relativity | black hole | neutron star | effective field theory,2,175,152,40.429316888045534,0.13142857142857142,95.43761638733706,96.18249534450652,95.66108007448788,25,21,22,INSPIRE,,2065377,https://inspirehep.net/literature/2065377,https://www.slac.stanford.edu/econf/C210711/papers/2204.05194.pdf
185,arxiv:2203.07141,Hadron Spectroscopy at STCF,F. K. Guo et al.,"Guo, Feng-Kun | Peng, Haiping | Xie, Ju-Jun | Zhou, Xiaorong",4,2203.07141,https://arxiv.org/abs/2203.07141,2022,2022-03-14,INSPIRE earliest_date,RPF,稀有过程与精密测量,1,RPF: Hadron Spectroscopy,hep-ph,hep-ph,Particle phenomenology,粒子唯象学,color: confinement | hadron: resonance | electron positron: scattering | hadron spectroscopy | quantum chromodynamics | strong interaction | nonperturbative,1,18,15,4.086078309509012,0.16666666666666666,57.635009310986966,57.54189944134078,57.60707635009311,226,229,229,INSPIRE,,2051313,https://inspirehep.net/literature/2051313,https://www.slac.stanford.edu/econf/C210711/papers/2203.07141.pdf
186,arxiv:2203.08290,Hadron Spectroscopy in Photoproduction,M. Albaladejo et al.,"Albaladejo, Miguel | Bibrzycki, Lukasz | Dobbs, Sean | Fernández-Ramírez, César | Blin, Astrid N. Hiller | Mathieu, Vincent | Pilloni, Alessandro | Stevens, Justin | Szczepaniak, Adam P. | Winney, Daniel",10,2203.08290,https://arxiv.org/abs/2203.08290,2022,2022-03-15,INSPIRE earliest_date,RPF,稀有过程与精密测量,1,RPF: Hadron Spectroscopy,hep-ex,hep-ex,Experimental particle physics,实验粒子物理,electron nucleon: colliding beams | hadron spectroscopy | photoproduction | hadron: exotic | upgrade | quark model | kinematics | Jefferson Lab | proposed experiment,1,1,0,0.22714552238805968,1.0,4.283054003724395,4.4692737430167595,4.338919925512104,511,513,513,INSPIRE,,2053492,https://inspirehep.net/literature/2053492,https://www.slac.stanford.edu/econf/C210711/papers/2203.08290.pdf
187,arxiv:2203.03230,Hadron Spectroscopy with Lattice QCD,J. Bulava et al.,"Bulava, John | Briceño, Raúl | Detmold, William | Döring, Michael | Edwards, Robert G. | Francis, Anthony | Knechtli, Francesco | Lewis, Randy | Prelovsek, Sasa | Ryan, Sinéad M. | Rusetsky, Akaki | Sharpe, Stephen R. | Szczepaniak, Adam | Thomas, Christopher E. | Wagman, Michael L. | Wagner, Marc",16,2203.03230,https://arxiv.org/abs/2203.03230,2022,2022-03-07,INSPIRE earliest_date,RPF | TF,稀有过程与精密测量 | 理论前沿,2,RPF: Hadron Spectroscopy | TF: Lattice Gauge Theory,hep-lat,hep-lat | hep-ph,Lattice gauge theory,格点规范理论,hadron: decay | hadron: exotic | lattice field theory | hadron spectroscopy | lattice,2,40,24,9.040841584158416,0.4,75.23277467411546,75.512104283054,75.31657355679702,133,132,132,INSPIRE,,2047120,https://inspirehep.net/literature/2047120,https://www.slac.stanford.edu/econf/C210711/papers/2203.03230.pdf
188,arxiv:2201.11696,Hamiltonian Truncation,A. L. Fitzpatrick et al.,"Fitzpatrick, A. Liam | Katz, Emanuel",2,2201.11696,https://arxiv.org/abs/2201.11696,2022,2022-01-27,INSPIRE earliest_date,TF,理论前沿,1,TF: Conformal Field Theory and Formal Quantum Field Theory,hep-th,hep-th | cond-mat.str-el,Formal theory / quantum gravity,形式理论与量子引力,Hamiltonian formalism | Schroedinger equation | gauge field theory | Hilbert space | continuum limit | strong coupling | nonperturbative | numerical calculations,1,28,25,6.179456193353475,0.10714285714285714,67.41154562383613,66.75977653631286,67.21601489757916,175,179,178,INSPIRE,,2020682,https://inspirehep.net/literature/2020682,https://www.slac.stanford.edu/econf/C210711/papers/2201.11696.pdf
189,arxiv:2203.06705,Heavy Neutral Lepton Searches at the Electron-Ion Collider,B. Batell et al.,"Batell, Brian | Ghosh, Tathagata | Han, Tao | Xie, Keping",4,2203.06705,https://arxiv.org/abs/2203.06705,2022,2022-03-13,INSPIRE earliest_date,EF | NF | RPF,能量前沿 | 中微子前沿 | 稀有过程与精密测量,3,EF: QCD and Strong Interactions - Heavy Ions | NF: Sterile Neutrinos | RPF: Baryon and Lepton Number Violation,hep-ph,hep-ph | hep-ex,Particle phenomenology,粒子唯象学,neutrino: heavy | neutrino: mixing | neutrino: mixing angle | neutrino: decay | particle: long-lived | background | sensitivity | electron nucleon: colliding beams | JLEIC | numerical calculations | new physics,3,10,7,2.2686335403726705,0.3,44.134078212290504,43.85474860335196,44.050279329608934,301,301,301,INSPIRE,,2050991,https://inspirehep.net/literature/2050991,https://www.slac.stanford.edu/econf/C210711/papers/2203.06705.pdf
190,arxiv:2202.06703,Heavy Neutrinos at Future Linear e+e− Colliders,K. Mękała et al.,"Mękała, Krzysztof | Reuter, Jürgen | Żarnecki, Aleksander Filip",3,2202.06703,https://arxiv.org/abs/2202.06703,2022,2022-02-14,INSPIRE earliest_date,EF | NF,能量前沿 | 中微子前沿,2,EF: Beyond the Standard Model - Model Specific Explorations | NF: Neutrinos Beyond the Standard Model,hep-ph,hep-ph | hep-ex,Particle phenomenology,粒子唯象学,Specific BSM Phenomenology | Sterile or Heavy Neutrinos | neutrino: heavy | dark matter: density | baryon: asymmetry | neutrino: mixing angle | neutrino: Majorana | mass: hierarchy | neutrino: Dirac | ILC Coll | CERN CLIC | new physics | oscillation | antiparticle | interpretation of experiments: CERN LHC Coll | neutrino lepton | hadron,2,53,41,11.82544288332315,0.22641509433962265,80.54003724394786,80.3538175046555,80.48417132216015,107,106,106,INSPIRE,,2032064,https://inspirehep.net/literature/2032064,https://www.slac.stanford.edu/econf/C210711/papers/2202.06703.pdf
191,arxiv:2203.07237,HEP Computing Collaborations for the Challenges of the Next Decade,S. Campana et al.,"Campana, Simone | Di Girolamo, Alessandro | Laycock, Paul | Marshall, Zach | Schellman, Heidi | Stewart, Graeme A.",6,2203.07237,https://arxiv.org/abs/2203.07237,2022,2022-03-14,INSPIRE earliest_date,CompF,计算前沿,1,CompF: General - centered on this frontier:,physics.comp-ph,physics.comp-ph,Computational physics,计算物理,activity report | CERN LHC Coll: upgrade | programming | BELLE | DUNE | Grid computing | data management,1,6,6,1.3620261031696705,0.0,32.49534450651769,31.936685288640597,32.32774674115456,358,365,366,INSPIRE,,2051900,https://inspirehep.net/literature/2051900,https://www.slac.stanford.edu/econf/C210711/papers/2203.07237.pdf
192,arxiv:2106.06494,Hidden Sectors and a Multi-Temperature Universe,A. Aboubrahim et al.,"Aboubrahim, Amin | Feng, Wan-Zhe | Nath, Pran | Wang, Zhu-Yao",4,2106.06494,https://arxiv.org/abs/2106.06494,2021,2021-06-11,INSPIRE earliest_date,CF | TF,宇宙前沿 | 理论前沿,2,CF: Dark Matter: Particle-like | TF: Beyond-Standard-Model Model Building,hep-ph,hep-ph,Particle phenomenology,粒子唯象学,photon: exchange | galaxy: cluster | fermion: Dirac | dark matter: mass | dark matter: hidden sector | velocity dependence | neutralino | string | supergravity | relic density | lifetime | cosmological model: parameter space | satellite: Planck,2,8,2,1.550132625994695,0.75,39.385474860335194,34.91620111731844,38.04469273743017,326,350,333,INSPIRE,,1868392,https://inspirehep.net/literature/1868392,https://www.slac.stanford.edu/econf/C210711/papers/2106.06494.pdf
193,arxiv:2202.08273,Higgs Boson Decay to Charmonia via c-Quark Fragmentation,T. Han et al.,"Han, Tao | Leibovich, Adam K. | Ma, Yang | Tan, Xiao-Ze",4,2202.08273,https://arxiv.org/abs/2202.08273,2022,2022-02-16,INSPIRE earliest_date,EF | TF,能量前沿 | 理论前沿,2,EF: Higgs Boson Properties and Couplings | TF: Collider Phenomenology,hep-ph,hep-ph | hep-ex,Particle phenomenology,粒子唯象学,Higgs Properties | Quarkonium | coupling: Yukawa | Higgs particle: decay | Higgs particle: branching ratio | quantum chromodynamics: nonrelativistic | fragmentation | mixing | CERN LHC Coll | charm | decay rate | charmonium,2,9,7,2.010550458715596,0.2222222222222222,41.71322160148976,41.80633147113594,41.74115456238361,311,313,316,INSPIRE,,2034256,https://inspirehep.net/literature/2034256,https://www.slac.stanford.edu/econf/C210711/papers/2202.08273.pdf
194,arxiv:2203.09512,Higgs Coupling Sensitivities and Model-Independent Bounds on the Scale of New Physics,F. Abu-Ajamieh et al.,"Abu-Ajamieh, Fayez | Chang, Spencer | Chen, Miranda | Liu, Da | Luty, Markus A.",5,2203.09512,https://arxiv.org/abs/2203.09512,2022,2022-03-17,INSPIRE earliest_date,EF,能量前沿,1,EF: Higgs Boson as a Portal to New Physics,hep-ph,hep-ph | hep-ex,Particle phenomenology,粒子唯象学,activity report | scale: new physics | coupling: Higgs | Higgs particle: mass | sensitivity | unitarity | CERN LHC Coll,1,6,1,1.3645703611457038,0.8333333333333334,32.49534450651769,33.05400372439479,32.66294227188082,359,360,361,INSPIRE,,2054204,https://inspirehep.net/literature/2054204,https://www.slac.stanford.edu/econf/C210711/papers/2203.09512.pdf
195,arxiv:2203.06164,Higgs Factory Considerations,J. A. Bagger et al.,"Bagger, J.A. | Barish, B.C. | Belomestnykh, S. | Bhat, P.C. | Brau, J.E. | Demarteau, M. | Denisov, D. | Eno, S.C. | Geddes, C.G.R. | Grannis, P.D. | Hutton, A. | Lankford, A.J. | Liepe, M.U. | MacFarlane, D.B. | Markiewicz, T. | Montgomery, H.E. | Patterson, J.R. | Perelstein, M. | Peskin, M.E. | Ross, M.C. | Strube, J. | White, A.P. | Wilson, G.W.",23,2203.06164,https://arxiv.org/abs/2203.06164,2022,2022-03-11,INSPIRE earliest_date,AF | EF,加速器科学与技术 | 能量前沿,2,AF: General - centered on this frontier | EF: General - centered on this frontier,hep-ex,hep-ex | hep-ph | physics.acc-ph,Experimental particle physics,实验粒子物理,Higgs particle | electroweak interaction | Higgs-factory,2,6,2,1.3594913151364763,0.6666666666666666,32.49534450651769,31.191806331471135,32.10428305400372,360,370,371,INSPIRE,,2050217,https://inspirehep.net/literature/2050217,https://www.slac.stanford.edu/econf/C210711/papers/2203.06164.pdf
196,arxiv:2107.01252,Higgs Portal Vector Dark Matter Interpretation: Review of Effective Field Theory Approach and Ultraviolet Complete Models,M. Zaazoua et al.,"Zaazoua, Mohamed | Truong, Loan | Assamagan, Kétévi Adikle | Fassi, Farida",4,2107.01252,https://arxiv.org/abs/2107.01252,2021,2021-07-02,INSPIRE earliest_date,CF | EF,宇宙前沿 | 能量前沿,2,CF: Dark Matter: Particle-like | EF: Beyond the Standard Model - Dark Matter at Colliders,hep-ph,hep-ph,Particle phenomenology,粒子唯象学,vector | dark matter | interpretation | Higgs | decay | width: measured | cross section: elastic scattering | dark matter: vector | dark matter: scattering | ultraviolet | effective field theory | nucleon | CERN LHC Coll | direct detection | ATLAS | Higgs | Higgs particle: decay,2,23,17,4.506840128755365,0.2608695652173913,63.40782122905028,59.869646182495345,62.3463687150838,195,216,201,INSPIRE,,1876592,https://inspirehep.net/literature/1876592,https://www.slac.stanford.edu/econf/C210711/papers/2107.01252.pdf
197,arxiv:2203.08042,Higgs Self Couplings Measurements at Future Proton-Proton Colliders,A. Taliercio et al.,"Taliercio, Angela | Mastrapasqua, Paola | Caputo, Claudio | Vischia, Pietro | De Filippis, Nicola | Bhat, Pushpa",6,2203.08042,https://arxiv.org/abs/2203.08042,2022,2022-03-15,INSPIRE earliest_date,EF,能量前沿,1,EF: Higgs Boson Properties and Couplings,hep-ex,hep-ex | hep-ph,Experimental particle physics,实验粒子物理,p p: scattering | p p: colliding beams | CERN LHC Coll: upgrade | detector: performance | electroweak interaction: symmetry breaking | potential: Higgs | Higgs particle: pair production | gluon gluon: fusion | Higgs particle: coupling | electroweak interaction: critical phenomena | Higgs particle: decay modes | bottom: pair production | photon: pair production | tau: pair production | FCC-hh | sensitivity | numerical calculations: Monte Carlo,1,10,8,2.2714552238805967,0.2,44.134078212290504,44.878957169459966,44.35754189944134,302,298,298,INSPIRE,,2052587,https://inspirehep.net/literature/2052587,https://www.slac.stanford.edu/econf/C210711/papers/2203.08042.pdf
198,arxiv:2203.08211,Higgs-Energy LEptoN (HELEN) Collider Based on Advanced Superconducting Radio Frequency Technology,S. Belomestnykh et al.,"Belomestnykh, S. | Bhat, P.C. | Grassellino, A. | Checchin, M. | Denisov, D. | Geng, R.L. | Jindariani, S. | Liepe, M. | Martinello, M. | Merkel, P. | Nagaitsev, S. | Padamsee, H. | Posen, S. | Rimmer, R.A. | Romanenko, A. | Shiltsev, V. | Valishev, A. | Yakovlev, V.",18,2203.08211,https://arxiv.org/abs/2203.08211,2022,2022-03-15,INSPIRE earliest_date,AF | EF,加速器科学与技术 | 能量前沿,2,AF: Accelerators for Electroweak and Higgs | EF: General - centered on this frontier,physics.acc-ph,physics.acc-ph | hep-ex,Accelerator science,加速器科学,activity report | luminosity: high | accelerator: superconductivity | RF system | electron positron: linear collider | Higgs-factory,2,14,3,3.1800373134328357,0.7857142857142857,49.81378026070764,50.0,49.869646182495345,270,269,270,INSPIRE,,2053427,https://inspirehep.net/literature/2053427,https://www.slac.stanford.edu/econf/C210711/papers/2203.08211.pdf
199,arxiv:2204.10774,High Average Power Ultrafast Laser Technologies for Driving Future Advanced Accelerators,L. Kiani et al.,"Kiani, Leily | Zhou, Tong | Bahk, Seung-Whan | Bromage, Jake | Bruhwiler, David | Campbell, E. Michael | Chang, Zenghu | Chowdhury, Enam | Downer, Michael | Du, Qiang | Esarey, Eric | Galvanauskas, Almantas | Galvin, Thomas | Hafner, Constantin | Hoffmann, Dieter | Joshi, Chan | Kanskar, Manoj | Lu, Wei | Menoni, Carmen | Messerly, Michael | Mirov, Sergey B. | Palmer, Mark | Pogorelsky, Igor | Polyanskiy, Mikhail | Power, Erik | Reagan, Brendan | Rocca, Jorge | Rothenberg, Joshua | Schmidt, Bruno E. | Sistrunk, Emily | Spinka, Thomas | Tochitsky, Sergei | Vafaei-Najafabadi, Navid | van Tilborg, Jeroen | Wilcox, Russell | Zuegel, Jonathan | Geddes, Cameron",37,2204.10774,https://arxiv.org/abs/2204.10774,2022,2022-04-22,INSPIRE earliest_date,AF,加速器科学与技术,1,AF: Advanced Accelerator Concepts,physics.acc-ph,physics.acc-ph | hep-ex,Accelerator science,加速器科学,"Lasers | Accelerator Subsystems and Technologies | Wake-field acceleration (laser-driven, electron-driven) | activity report | accelerator: plasma | electron: acceleration | beam: energy | laser | efficiency | damage | optics",1,16,13,3.7222929936305733,0.1875,53.25884543761639,54.09683426443203,53.510242085661076,251,247,248,INSPIRE,,2071199,https://inspirehep.net/literature/2071199,https://www.slac.stanford.edu/econf/C210711/papers/2204.10774.pdf
200,arxiv:2203.07291,High Density Galaxy Clustering in the Regime of Cosmic Acceleration,K. Dawson et al.,"Dawson, Kyle | Hearin, Andrew | Heitmann, Katrin | Ishak, Mustapha | Lange, Johannes Ulf | White, Martin | Zhou, Rongpu",7,2203.07291,https://arxiv.org/abs/2203.07291,2022,2022-03-14,INSPIRE earliest_date,CF,宇宙前沿,1,CF: Dark Energy and Cosmic Acceleration: The Modern Universe,astro-ph.CO,astro-ph.CO | hep-ex,Cosmology,宇宙学,density: high | neutrino: mass | galaxy: density | expansion: acceleration | dark energy | redshift: low | DESI | imaging | cosmological model | galaxy: cluster | space-time: expansion | galaxy: power spectrum | new physics,1,15,10,3.4050652579241762,0.3333333333333333,51.303538175046555,51.02420856610801,51.21973929236499,261,263,265,INSPIRE,,2051218,https://inspirehep.net/literature/2051218,https://www.slac.stanford.edu/econf/C210711/papers/2203.07291.pdf
201,arxiv:2203.12043,"High Efficiency, Low Cost, RF Sources for Accelerators and Colliders",R. L. Ives et al.,"Ives, R. Lawrence | Read, Michael | Bui, Thuc | Marsden, David | Collins, George | Walker, C. | Chase, Brian | Reid, John | Conant, Jeff | Ho, Ricky | Higgins, Leroy | Kroc, T. | Yakovlev, V. | Thangaraj, J.C.T. | Dhuley, R.C. | Potter, J. | Jensen, Aaron | Freund, Henry | Weatherford, B. | Nanni, E.A. | Tantawi, S.",21,2203.12043,https://arxiv.org/abs/2203.12043,2022,2022-03-22,INSPIRE earliest_date,AF,加速器科学与技术,1,AF: Accelerator Technology - RF,physics.acc-ph,physics.acc-ph,Accelerator science,加速器科学,Accelerator Subsystems and Technologies | Accelerator Applications | accelerator: technology | efficiency | costs | RF system: design | power supply,1,6,3,1.3688319800124922,0.5,32.49534450651769,33.89199255121043,32.91433891992551,361,355,356,INSPIRE,,2661187,https://inspirehep.net/literature/2661187,https://www.slac.stanford.edu/econf/C210711/papers/2203.12043.pdf
202,arxiv:2203.08353,High Energy & High Luminosity γγ Colliders,E. Barzi et al.,"Barzi, Emanuela | Barish, Barry C. | Barletta, William A. | Ginzburg, Ilya F. | Di Mitri, Simone",5,2203.08353,https://arxiv.org/abs/2203.08353,2022,2022-03-15,INSPIRE earliest_date,AF | CF | EF | NF | RPF | TF,加速器科学与技术 | 宇宙前沿 | 能量前沿 | 中微子前沿 | 稀有过程与精密测量 | 理论前沿,6,AF: Accelerators for Electroweak and Higgs | CF: General - cross-listed: | EF: General - centered on this frontier | NF: General - cross-listed | RPF: General - cross-listed | TF: General - cross-listed,physics.acc-ph,physics.acc-ph | hep-ex,Accelerator science,加速器科学,activity report | photon photon: linear collider | luminosity: high | free electron laser | accelerator: design,6,7,5,1.5900186567164178,0.2857142857142857,36.312849162011176,35.754189944134076,36.14525139664805,340,344,346,INSPIRE,,2053456,https://inspirehep.net/literature/2053456,https://www.slac.stanford.edu/econf/C210711/papers/2203.08353.pdf
203,arxiv:2203.07214,High Energy Physics Opportunities Using Reactor Antineutrinos,O. A. Akindele et al.,"Akindele, O.A. | Bowden, N.S. | Roca, C. | Xu, J. | Zhang, X. | Berryman, J.M. | Carr, R. | Conant, A.J. | Fernandez-Moroni, G. | Huber, P. | Link, J.M. | Langford, T.J. | Littlejohn, B.R. | Ochoa-Ricoux, J.P. | Strigari, L. | Schoppmann, S. | Zhang, C. | Awe, C. | Barbeau, P.S. | Haghighat, A. | Li, S.C. | Link, J.M. | Mascolino, V. | Subedi, T. | Walkup, K. | Aguilar-Arevalo, A. | Bertou, X. | Bonifazi, C. | Cancelo, G. | Cervantes-Vergara, B.A. | Chavez, C. | D'Olivo, J.C. | De Egea, J.M.. | dos Anjos, J.C. | Estrada, J. | Neto, A.R.F. | Foguel, A. | Ford, R. | Gasanego, J. | Gollo, V. | Izraelevitch, F. | Kilminster, B. | Lima, Jr H.P. | Makler, M. | Mendes, L.H. | Molina, J. | Mota, P. | Nasteva, I. | Paolini, E. | Romero, C. | Sarkis, Y. | Haro, M.S. | Soto, A. | Stalder, D. | Tiffenberg, J. | Torres, C. | Lindner, M. | An, F.P. | Balantekin, A.B. | Band, H.R. | Bishai, M. | Blyth, S. | Cao, G.F. | Cao, J. | Chang, J.F. | Chang, Y. | Chen, H.S. | Chen, S.M. | Chen, Y. | Chen, Y.X. | Cheng, J. | Cheng, Z.K. | Cherwinka, J.J. | Chu, M.C. | Cummings, J.P. | Dalager, O. | Deng, F.S. | Ding, Y.Y. | Diwan, M.V. | Dohnal, T. | Dove, J. | Dvořák, M. | Dwyer, D.A. | Gallo, J.P. | Gonchar, M. | Gong, G.H. | Gong, H. | Gu, W.Q. | Guo, J.Y. | Guo, L. | Guo, X.H. | Guo, Y.H. | Guo, Z. | Hackenburg, R.W. | Hans, S. | He, M. | Heeger, K.M. | Heng, Y.K. | Higuera, A. | Hor, Y.K. | Hsiung, Y.B. | Hu, B.Z. | Hu, J.R. | Hu, T. | Hu, Z.J. | Huang, H.X. | Huang, X.T. | Huber, P. | Jaffe, D.E. | Jen, K.L. | Ji, X.L. | Ji, X.P. | Johnson, R.A. | Jones, D. | Kang, L. | Kettell, S.H. | Kohn, S. | Kramer, M. | Lee, J. | Lee, J.H.C. | Lei, R.T. | Leitner, R. | Leung, J.K.C. | Li, F. | Li, H.L. | Li, J.J. | Li, Q.J. | Li, S. | Li, S.C. | Li, W.D. | Li, X.N. | Li, X.Q. | Li, Y.F. | Li, Z.B. | Liang, H. | Lin, C.J. | Lin, G.L. | Lin, S. | Ling, J.J. | Littenberg, L. | Liu, J.C. | Liu, J.L. | Lu, C. | Lu, H.Q. | Lu, J.S. | Luk, K.B. | Ma, X.B. | Ma, X.Y. | Ma, Y.Q. | Mandujano, R.C. | Marshall, C. | Martinez Caicedo, D.A. | McDonald, K.T. | McKeown, R.D. | Meng, Y. | Napolitano, J. | Naumov, D. | Naumova, E. | Olshevskiy, A. | Pan, H.-R. | Park, J. | Patton, S. | Peng, J.C. | Pun, C.S.J. | Qi, F.Z. | Qi, M. | Qian, X. | Raper, N. | Ren, J. | Reveco, C.Morales | Rosero, R. | Roskovec, B. | Ruan, X.C. | Steiner, H. | Sun, J.L. | Tmej, T. | Treskov, K. | Tse, W.-H. | Tull, C.E. | Viren, B. | Vorobel, V. | Wang, C.H. | Wang, J. | Wang, M. | Wang, N.Y. | Wang, R.G. | Wang, W. | Wang, W. | Wang, X. | Wang, Y. | Wang, Y.F. | Wang, Z. | Wang, Z. | Wang, Z.M. | Wei, H.Y. | Wei, L.H. | Wen, L.J. | Whisnant, K. | White, C.G. | Wong, H.L.H. | Worcester, E. | Wu, D.R. | Wu, F.L. | Wu, Q. | Wu, W.J. | Xia, D.M. | Xie, Z.Q. | Xing, Z.Z. | Xu, J.L. | Xu, T. | Xue, T. | Yang, C.G. | Yang, L. | Yang, Y.Z. | Yao, H.F. | Ye, M. | Yeh, M. | Young, B.L. | Yu, H.Z. | Yu, Z.Y. | Yue, B.B. | Zeng, S. | Zeng, Y. | Zhan, L. | Zhang, F.Y. | Zhang, H.H. | Zhang, J.W. | Zhang, Q.M. | Zhang, X.T. | Zhang, Y.M. | Zhang, Y.X. | Zhang, Y.Y. | Zhang, Z.J. | Zhang, Z.P. | Zhang, Z.Y. | Zhao, J. | Zhou, L. | Zhuang, H.L. | Zou, J.H. | Abusleme, A. | Adam, T. | Ahmad, S. | Ahmed, R. | Aiello, S. | An, F.P. | An, G.P. | An, Q. | Andronico, G. | Anfimov, N. | Antonelli, V. | Antoshkina, T. | Asavapibhop, B. | de André, J.P.A.M. | Auguste, D. | Babic, A. | Baldini, W. | Barresi, A. | Baussan, E. | Bellato, M. | Bergnoli, A. | Bernieri, E. | Birkenfeld, T. | Blin, S. | Blum, D. | Blyth, S. | Bolshakova, A. | Bongrand, M. | Bordereau, C. | Breton, D. | Brigatti, A. | Brugnera, R. | Bruno, R. | Budano, A. | Buesken, M. | Buscemi, M. | Busto, Jose | Butorov, I. | Cabrera, A. | Cai, H. | Cai, X. | Cai, Y.K. | Cai, Z.Y. | Cammi, A. | Campeny, A. | Cao, C.Y. | Cao, G.F. | Cao, J. | Caruso, R. | Cerna, C. | Chakaberia, I. | Chang, J.F. | Chang, Y. | Chen, P.P. | Chen, P.A. | Chen, S. | Chen, X. | Chen, Y.W. | Chen, Y. | Chen, Z. | Cheng, J. | Cheng, Y. | Chiesa, D. | Chimenti, P. | Chukanov, A. | Chuvashova, A. | Claverie, G. | Clementi, C. | Clerbaux, B. | Di Lorenzo, S. | Corti, D. | Costa, S. | Corso, F.D. | Dalager, O. | De La Taille, C. | Deng, J. | Deng, Z. | Deng, Z.Y. | Depnering, W. | Diaz, M. | Ding, X.F. | Ding, Y.Y. | Dirgantara, B. | Dmitrievsky, S. | Dohnal, T. | Donchenko, G. | Dong, J.M. | Dornic, D. | Doroshkevich, E. | Dracos, M. | Druillole, F. | Du, S.X. | Dusini, S. | Dvorak, M. | Enqvist, T. | Enzmann, H. | Fabbri, A. | Fajt, L. | Fan, D.H. | Fan, L. | Fang, C. | Fang, J. | Fang, W.X. | Fargetta, M. | Fatkina, A. | Fedoseev, D. | Fekete, V. | Feng, L.C. | Feng, Q.C. | Ford, R. | Formozov, A. | Fournier, A. | Gan, H.N. | Gao, F. | Garfagnini, A. | Göttel, A. | Genster, C. | Giammarchi, M. | Giaz, A. | Giudice, N. | Gonchar, M. | Gong, G. | Gong, H. | Gorchakov, O. | Gornushkin, Y. | Grassi, M. | Grewing, C. | Gromov, V. | Gu, M. | Gu, X. | Gu, Y. | Guan, M.Y. | Guardone, N. | Gul, M. | Guo, C. | Guo, J.Y. | Guo, W.L. | Guo, X.H. | Guo, Y.H. | Hackspacher, P. | Hagner, C. | Han, R. | Han, Y. | Hassan, M. | He, M. | He, W. | Heinz, T. | Hellmuth, P. | Heng, Y.K. | Herrera, R. | Hong, D.J. | Hou, S.J. | Hsiung, Y. | Hu, B.Z. | Hu, H. | Hu, J.R. | Hu, J. | Hu, S.Y. | Hu, T. | Hu, Z.J. | Huang, C.H. | Huang, G.H. | Huang, H.X. | Huang, Q.H. | Huang, W.H. | Huang, X. | Huang, X.T. | Huang, Y.B. | Hui, J.Q. | Huo, L. | Huo, W. | Huss, C. | Hussain, S. | Insolia, A. | Ioannisian, A. | Isocrate, R. | Jen, K.L. | Ji, X.L. | Ji, X.Z. | Jia, H.H. | Jia, J.J. | Jian, S.Y. | Jiang, D. | Jiang, X.S. | Jin, R.Y. | Jing, X.P. | Jollet, C. | Joutsenvaara, J. | Jungthawan, S. | Kalousis, L. | Kampmann, P. | Kang, L. | Karagounis, M. | Kazarian, N. | Khan, A. | Khan, W. | Khosonthongkee, K. | Kinz, P. | Korablev, D. | Kouzakov, K. | Krasnoperov, A. | Krumshteyn, Z. | Kruth, A. | Kutovskiy, N. | Kuusiniemi, P. | Lachenmaier, T. | Landini, C. | Leblanc, S. | Lebrin, V. | Lefevre, F. | Lei, R. | Leitner, R. | Leung, J. | Li, C. | Li, D. | Li, F. | Li, H. | Li, H.L. | Li, J. | Li, K.J. | Li, M.Z. | Li, M. | Li, N. | Li, N. | Li, Q.J. | Li, R.H. | Li, S.F. | Li, S.J. | Li, T. | Li, T. | Li, W.D. | Li, W.G. | Li, X.M. | Li, X.N. | Li, X.L. | Li, Y. | Li, Y.F. | Li, Z. | Li, Z.B. | Li, Z.Y. | Liang, H. | Liang, J.J. | Liebau, D. | Limphirat, A. | Limpijumnong, S. | Lin, G.L. | Lin, S.X. | Lin, T. | Ling, J.J. | Lippi, I. | Liu, F. | Liu, H.D. | Liu, H.B. | Liu, H.J. | Liu, H.T. | Liu, H. | Liu, H. | Liu, J.L. | Liu, J.C. | Liu, M. | Liu, Q. | Liu, Q. | Liu, R.X. | Liu, S.Y. | Liu, S.B. | Liu, S.L. | Liu, X.W. | Liu, X. | Liu, Y. | Liu, Y. | Lokhov, A. | Lombardi, P. | Lombardo, C. | Loo, K. | Lu, C. | Lu, H.Q. | Lu, J.B. | Lu, J.G. | Lu, S.X. | Lu, X.X. | Lubsandorzhiev, B. | Lubsandorzhiev, S. | Ludhova, L. | Luo, F.J. | Luo, G. | Luo, P.W. | Luo, S. | Luo, W.M. | Lyashuk, V. | Ma, Q.M. | Ma, S. | Ma, X.Y. | Ma, X.B. | Maalmi, J. | Malyshkin, Y. | Mantovani, F. | Manzali, F. | Mao, X. | Mao, Y.J. | Mari, S.M. | Marini, F. | Marium, S. | Martellini, C. | Martin-Chassard, G. | Martini, A. | Mayilyan, D. | Müller, A. | Mednieks, I. | Meng, Y. | Meregaglia, A. | Meroni, E. | Meyhöfer, D. | Mezzetto, M. | Miller, J. | Miramonti, L. | Monforte, S. | Montini, P. | Montuschi, M. | Morozov, N. | Muhammad, A. | Muralidharan, P. | Nastasi, M. | Naumov, D.V. | Naumova, E. | Nemchenok, I. | Ning, F.P. | Ning, Z. | Nunokawa, H. | Oberauer, L. | Ochoa-Ricoux, J.P. | Olshevskiy, A. | Orestano, D. | Ortica, F. | Pan, H.R. | Paoloni, A. | Parkalian, N. | Parmeggiano, S. | Payupol, T. | Pei, Y. | Pelliccia, N. | Peng, A. | Peng, H. | Perrot, F. | Petitjean, P.A. | Petrucci, F. | Rico, L.F. Piñeres | Pilarczyk, O. | Popov, A. | Poussot, P. | Pratumwan, W. | Previtali, E. | Qi, F. | Qi, M. | Qian, S. | Qian, X.H. | Qiao, H. | Qin, Z.H. | Qiu, S.K. | Rajput, M. | Ranucci, G. | Raper, N. | Re, A. | Rebber, H. | Rebii, A. | Ren, B. | Ren, J. | Rezinko, T. | Ricci, B. | Robens, M. | Roche, M. | Rodphai, N. | Romani, A. | Roskovec, B. | Roth, C. | Ruan, X. | Ruan, X. | Rujirawat, S. | Rybnikov, A. | Sadovsky, A. | Saggese, P. | Salamanna, G. | Sanfilippo, S. | Sangka, A. | Sanguansak, N. | Sawangwit, U. | Sawatzki, J. | Sawy, F. | Schever, M. | Schuler, J. | Schwab, C. | Schweizer, K. | Selivanov, D. | Selyunin, A. | Serafini, A. | Settanta, G. | Settimo, M. | Shao, Z. | Sharov, V. | Shi, J. | Shutov, V. | Sidorenkov, A. | Simkovic, F. | Sirignano, C. | Siripak, J. | Sisti, M. | Slupecki, M. | Smirnov, M. | Smirnov, O. | Sogo-Bezerra, T. | Songwadhana, J. | Soonthornthum, B. | Sotnikov, A. | Sramek, O. | Sreethawong, W. | Stahl, A. | Stanco, L. | Stankevich, K. | Stefanik, D. | Steiger, H. | Steinmann, J. | Sterr, T. | Stock, M.R. | Strati, V. | Studenikin, A. | Sun, G.X. | Sun, S.F. | Sun, X.L. | Sun, Y.J. | Sun, Y.Z. | Suwonjandee, N. | Szelezniak, M. | Tang, J. | Tang, Q. | Tang, Q. | Tang, X. | Tietzsch, A. | Tkachev, I. | Tmej, T. | Treskov, K. | Triossi, A. | Troni, G. | Trzaska, W. | Tuve, C. | Ushakov, N. | van Waasen, S. | Boom, J.Vanden | Vanroyen, G. | Vassilopoulos, N. | Vedin, V. | Verde, G. | Vialkov, M. | Viaud, B. | Volpe, C. | Vorobel, V. | Voronin, D. | Votano, L. | Walker, P. | Wang, C. | Wang, C.H. | Wang, E. | Wang, G. | Wang, J. | Wang, K.Y. | Wang, L. | Wang, M.F. | Wang, M. | Wang, R.G. | Wang, S.G. | Wang, W.S. | Wang, X. | Wang, X.Y. | Wang, Y.F. | Wang, Y.G. | Wang, Y. | Wang, Y.Q. | Wang, Z.M. | Wang, Z.Y. | Waqas, M. | Watcharangkool, A. | Wei, L.H. | Wei, W. | Wei, Y.D. | Wen, L.J. | Wiebusch, C. | Wong, S.C.F. | Wonsak, B. | Wu, D. | Wu, F.L. | Wu, Q. | Wu, W.J. | Wu, Z. | Wurm, M. | Wurtz, J. | Wysotzki, C. | Xi, Y.F. | Xia, D.M. | Xie, Y.G. | Xie, Z.Q. | Xing, Z.Z. | Xu, B. | Xu, C. | Xu, D.L. | Xu, F.R. | Xu, H.K. | Xu, J.L. | Xu, J. | Xu, M.H. | Xu, Y. | Xu, Y. | Yan, B.J. | Yan, T. | Yan, W.Q. | Yan, X.B. | Yan, Y.P. | Yang, A.B. | Yang, C.G. | Yang, H. | Yang, J. | Yang, L. | Yang, X.Y. | Yang, Y.. | Yang, Y.F. | Yao, H.F. | Yasin, Z. | Ye, J.X. | Ye, M. | Ye, Z.P. | Yegin, U. | Yermia, F. | Yi, P.H. | Yin, X.W. | You, Z.Y. | Yu, B.X. | Yu, C.Y. | Yu, C.X. | Yu, H.Z. | Yu, M. | Yu, X.H. | Yu, Z.Y. | Yuan, C.Z. | Yuan, Y. | Yuan, Z.X. | Yuan, Z.Y. | Yue, B.B. | Zafar, N. | Zambanini, A. | Zeng, S. | Zeng, T.X. | Zeng, Y.D. | Zhan, L. | Zhang, F.Y. | Zhang, G.Q. | Zhang, H.Q. | Zhang, H.H. | Zhang, J.W. | Zhang, J. | Zhang, J.B. | Zhang, J. | Zhang, P. | Zhang, Q.M. | Zhang, S. | Zhang, S. | Zhang, T. | Zhang, X.M. | Zhang, X.T. | Zhang, Y. | Zhang, Y.H. | Zhang, Y.Y. | Zhang, Y.P. | Zhang, Y.M. | Zhang, Z.Y. | Zhang, Z.J. | Zhao, F.Y. | Zhao, J. | Zhao, R. | Zhao, S.J. | Zhao, T.C. | Zheng, D.Q. | Zheng, H. | Zheng, M.S. | Zheng, Y.H. | Zhong, W.R. | Zhou, J. | Zhou, L. | Zhou, N. | Zhou, S. | Zhou, X. | Zhu, J. | Zhu, K.J. | Zhuang, B. | Zhuang, H.L. | Zong, L. | Zou, J.H. | Rasco, B.C. | Han, B.Y. | Jeon, E.J. | Jeong, Y. | Jo, H.S. | Kim, D.K. | Kim, J.Y. | Kim, J.G. | Kim, Y.D. | Ko, Y.J. | Lee, H.M. | Lee, M.H. | Lee, J. | Moon, C.S. | Oh, Y.M. | Park, H.K. | Park, K.S. | Seo, S.H. | Siyeon, K. | Sun, G.M. | Yoon, Y.S. | Yu, I. | Borusinski, M.J. | Dorrill, R. | Druetzler, A. | Learned, J. | Li, V. | Markoff, D. | Maricic, J. | Matsuno, S. | Mumm, H.P. | Nishimura, K. | Irani, A. | Pitt, M. | Rasco, C. | Thibodeau, B. | Varner, G. | Vogelaar, B. | Wright, T. | Andriamirado, M. | Balantekin, A.B. | Band, H.R. | Bass, C.D. | Bergeron, D.E. | Berish, D. | Brodsky, J.P. | Bryan, C.D. | Classen, T. | Deichert, G. | Diwan, M.V. | Dolinski, M.J. | Erickson, A. | Foust, B.T. | Gaison, J.K. | Galindo-Uribarri, A. | Gilbert, C.E. | Grant, C. | Hackett, B.T. | Hans, S. | Hansell, A.B. | Heeger, K.M. | Jaffe, D.E. | Ji, X. | Jones, D.C. | Kyzylova, O. | Lane, C.E. | Langford, T.J. | LaRosa, J. | Littlejohn, B.R. | Lu, X. | Maricic, J. | Mendenhall, M.P. | Meyer, A.M. | Milincic, R. | Mitchell, I. | Mueller, P.E. | Mumm, H.P. | Napolitano, J. | Nave, C. | Neilson, R. | Nikkel, J.A. | Norcini, D. | Nour, S. | Palomino, J.L. | Pushin, D.A. | Qian, X. | Romero-Romero, E. | Rosero, R. | Surukuchi, P.T. | Tyra, M.A. | Varner, R.L. | Venegas-Vargas, D. | Weatherly, P.B. | White, C. | Wilhelmi, J. | Woolverton, A. | Yeh, M. | Zhang, A. | Zhang, C. | Choi, J.H. | Jang, H.I. | Jang, J.S. | Jeon, S.H. | Joo, K.K. | Ju, K. | Jung, D.E. | Kim, J.G. | Kim, J.H. | Kim, J.Y. | Kim, S.B. | Kim, S.Y. | Kim, W. | Kwon, E. | Lee, D.H. | Lee, H.G. | Lim, I.T. | Moon, D.H. | Pac, M.Y. | Seo, H. | Seo, J.W. | Shin, C.D. | Yang, B.S. | Yoo, J. | Yoon, S.G. | Yeo, I.S. | Yu, I. | Chang, C. | Bergé, L. | Broniatowski, A. | Dumoulin, L. | Giuliani, A. | Chapellier, M. | De Marcillac, P. | Marnieros, S. | Olivieri, E. | Poda, D. | Calvo, M. | Goupy, J. | Monfardini, A. | Arnaud, Q. | Augier, C. | Billard, J. | Cazes, A. | Colas, J. | Filippini, J. | Gascon, J. | De Jesus, M. | Lattaud, H. | Juillard, A. | Salagnac, T. | Soldner, T. | Lubashevskiy, A. | Yakushev, E. | Rozov, S. | Lamblin, J. | Mom, B. | Stutz, A. | Formaggio, J.A. | Mayer, D.W. | Johnston, J. | Harrington, P. | Heine, S. | Sibille, V. | Chen, R. | Figueroa-Feliciano, E. | Ziqing, H. | Hertel, S. | Patel, P. | Pinckney, D. | Serafin, A. | Shilcusky, A. | Decheine, N. | Palladino, K. | Weber, S. | Hirjibehedin, C. | Bowden, N.S. | Carman, L. | Classen, T. | Dazeley, S. | Ford, M. | Jovanovic, I. | Li, V. | Mendenhall, M.P. | Sutanto, F. | Zaitseva, N. | Zhang, X. | Beaumont, W. | Binet, S. | Bolognino, I. | Bongrand, M. | Borg, J. | Buridon, V. | Chanal, H. | Coupé, B. | Crochet, P. | Cussans, D. | De Roeck, A. | Durand, D. | Fallot, M. | Galbinski, D. | Gallego, S. | Giot, L. | Guillon, B. | Henaff, D. | Hayashida, S. | Hosseini, B. | Kalcheva, S. | Lehaut, G. | Michiels, I. | Monteil, S. | Newbold, D. | Roy, N. | Ryckbosch, D. | Sfar, H.Rejeb | Simard, L. | Vacheret, A. | Vandierendonck, G. | Van Dyck, S. | van Remortel, N. | Vercaemer, S. | Verstraeten, M. | Viaud, B. | Weber, A. | Yeresko, M. | Yermia., F. | Bonhomme, A. | Buck, C. | del Amo Sanchez, P. | El Atmani, I. | Labit, L. | Lamblin, J. | Letourneau, A. | Lhuillier, D. | Licciardi, M. | Lindner, M. | Materna, T. | Pessard, H. | Rogly, R. | Savu, V. | Soldner, T. | Stutz, A. | Vialat, M. | Algora, A. | Beloeuvre, A. | Estienne, M. | Fallot, M. | Giot, L. | Kean, R. | Porta, A. | Tain, J.L. | Sidelnik, I. | Akindele, O.A. | Anderson, T. | Askins, M. | Bagdasarian, Z. | Baldoni, A. | Barna, A. | Benson, T. | Bergevin, M. | Bernstein, A. | Birrittella, B. | Bogetic, S. | Boissevain, J. | Borusinki, J. | Boyd, S. | Brooks, T. | Budsworth, Mat | Burns, J. | Calle, M. | Camilo, C. | Carroll, A. | Coleman, J. | Collins, R. | Connor, C. | Cowen, D. | Crow, B. | Curry, J. | Dalnoki-Veress, F. | Danielson, D. | Dazeley, S. | Diwan, M. | Dixon, S. | Drakopoulou, L. | Druetzler, A. | Duron, J. | Dye, S. | Fargher, S. | Fienberg, A. | Fischer, V. | Foster, R. | Frankiewicz, Kat | Gamble, T. | Gooding, D. | Gokhale, S. | Grant, C. | Gregorio, R. | Gribble, J. | Griskevich, J. | Hadley, D. | He, J. | Healey, K. | Hecla, J. | Holt, G. | Jabbari, C. | Jewkes, K. | Jovanovic, I. | Kaiser, R. | Keenan, M. | Keener, P. | Kneale, Liz | Kudryavtsev, V. | Kunkle, P. | Learned, J. | Litchfield, P. | Liu, X.Ran | Lynch, G. | Malek, M. | Marr-Laundrie, P. | Masic, B. | Mauger, C. | McCauley, N. | Metelko, C. | Mills, R. | Mitra, A. | Muheim, F. | Mullen, A. | Murphy, A. | Needham, M. | Neights, E. | Nishimura, K. | Ogren, K. | Orebi Gann, G. | Oxborough, L. | Paling, S. | Papatyi, A. | Paulos, B. | Pershing, T. | Pickard, L. | Quillin, S. | Resoro, R. | Richards, B. | Sabarots, L. | Scarff, A. | Schnellbach, Yan-Jie | Scovell, P. | Seitz, B. | Shea, O. | Shebalin, V. | Smith, G. | Smy, M. | Song, H. | Spooner, N. | Stanton, C. | Stone, O. | Sutanto, F. | Svoboda, R. | Szoldos, S. | Thompson, L. | Thomson, F. | Toth, C. | Vagins, M. | Van Berg, Rick | Varner, G. | Ventura, S. | Walsh, B. | Webster, J. | Weiss, M. | Westphal, D. | Wetstein, M. | Wilson, T. | Wilson, S. | Wolcott, S. | Wright, M. | Collar, J.I. | Erlandson, A. | Gariazzo, S. | Garzelli, M.V. | Giunti, C. | Goldblum, B.L. | Hayes, A. | Hedges, S. | Mariani, C. | Minic, D. | Miramonti, L. | Mougeot, X. | Naim, D. | Newby, J. | Ni, K. | O'Donnell, T. | Ozturk, S. | Périssé, L. | Pestes, R. | Sonzogni, A.A. | Tabrizi, Z. | Vivier, M. | Walkup, K.",1228,2203.07214,https://arxiv.org/abs/2203.07214,2022,2022-03-14,INSPIRE earliest_date,NF,中微子前沿,1,NF: Artificial Neutrino Sources,hep-ex,hep-ex,Experimental particle physics,实验粒子物理,antineutrino: nuclear reactor | neutrino: nuclear reactor | neutrino: flux | neutrino: energy spectrum | neutrino: oscillation | neutrino | nuclear reactor | reactor neutrino | reactor antineutrino | particle physics | reactor core | antineutrino,1,25,8,5.675108763206961,0.68,65.27001862197393,65.64245810055866,65.38175046554935,187,184,185,INSPIRE,,2051194,https://inspirehep.net/literature/2051194,https://www.slac.stanford.edu/econf/C210711/papers/2203.07214.pdf
204,arxiv:2203.08054,High Field Magnet Development for HEP in Europe: A Proposal from LDG HFM Expert Panel,P. Védrine et al.,"Védrine, Pierre | Garcia-Tabarès, Luis | Auchmann, Bernhard | Ballarino, Amalia | Baudouy, Bertrand | Bottura, Luca | Fazilleau, Philippe | Noe, Mathias | Prestemon, Soren | Rochepault, Etienne | Rossi, Lucio | Senatore, Carmine | Shepherd, Ben",13,2203.08054,https://arxiv.org/abs/2203.08054,2022,2022-03-15,INSPIRE earliest_date,AF,加速器科学与技术,1,AF: Accelerator Technology - Magnets,physics.acc-ph,physics.acc-ph,Accelerator science,加速器科学,,1,4,3,0.9085820895522387,0.25,22.998137802607076,22.81191806331471,22.942271880819366,412,414,414,INSPIRE,,2052887,https://inspirehep.net/literature/2052887,https://www.slac.stanford.edu/econf/C210711/papers/2203.08054.pdf
205,arxiv:2203.09425,High Precision Higgs from High Energy Muon Colliders,M. Forslund et al.,"Forslund, Matthew | Meade, Patrick",2,2203.09425,https://arxiv.org/abs/2203.09425,2022,2022-03-17,INSPIRE earliest_date,EF,能量前沿,1,EF: Higgs Boson Properties and Couplings,hep-ph,hep-ph,Particle phenomenology,粒子唯象学,Higgs Properties | Anomalous Higgs Couplings | Electroweak Precision Physics | muon: storage ring | energy: high | muon: energy | p p: scattering | background: induced | sensitivity | numerical calculations | interpretation of experiments: CERN LHC Coll | Higgs-factory,1,82,75,18.649128268991284,0.08536585365853659,86.59217877094972,86.87150837988827,86.67597765363128,73,71,72,INSPIRE,,2054278,https://inspirehep.net/literature/2054278,https://www.slac.stanford.edu/econf/C210711/papers/2203.09425.pdf
206,arxiv:2207.11055,High Precision in CKM Unitarity Tests in b and c Decays,"A. Lenz, S. Monteil.","Lenz, Alexander | Monteil, Stephane",2,2207.11055,https://arxiv.org/abs/2207.11055,2022,2022-07-22,INSPIRE earliest_date,RPF,稀有过程与精密测量,1,RPF: Weak Decays of b and c Quarks,hep-ex,hep-ex | hep-ph,Experimental particle physics,实验粒子物理,p p: scattering | p p: colliding beams | electron positron: annihilation | electron positron: colliding beams | LHC-B: upgrade | CERN LHC Coll | new physics: search for | CP: violation | BELLE | KEK-B | CKM matrix: unitarity | B0 anti-B0: mixing | pole | anomaly | experimental results,1,6,5,1.4817444219066935,0.16666666666666666,32.49534450651769,34.543761638733706,33.109869646182496,362,352,353,INSPIRE,,2121027,https://inspirehep.net/literature/2121027,https://www.slac.stanford.edu/econf/C210711/papers/2207.11055.pdf
207,arxiv:2203.09942,High Rate and High Precision Timing and Calorimeter Detectors,D. R. Winn et al.,"Winn, David R. | Onel, Y. | Bilki, B.",3,2203.09942,https://arxiv.org/abs/2203.09942,2022,2022-03-14,INSPIRE earliest_date,IF,仪器学前沿,1,IF: Cross-Cutting Issues and Systems Integration,physics.ins-det,physics.ins-det,Instrumentation and detectors,仪器与探测器,,1,0,0,0.0,,1.0242085661080074,1.0242085661080074,1.0242085661080074,530,530,530,INSPIRE,,2054847,https://inspirehep.net/literature/2054847,https://www.slac.stanford.edu/econf/C210711/papers/2203.09942.pdf
208,arxiv:2203.10564,High Temperature Superconducting Bi-2212 Magnets for Energy Frontier Circular Colliders,T. Shen et al.,"Shen, T. | Zlobin, A.V. | Larbalestier, D.",3,2203.10564,https://arxiv.org/abs/2203.10564,2022,2022-03-20,INSPIRE earliest_date,AF,加速器科学与技术,1,AF: Accelerator Technology - Magnets,physics.acc-ph,physics.acc-ph | cond-mat.supr-con,Accelerator science,加速器科学,activity report | accelerator: magnet | magnet: superconductivity | magnet: design | superconductivity: temperature: high | muon: storage ring | p: accelerator | bismuth,1,2,0,0.4557080474111042,1.0,9.776536312849162,10.335195530726256,9.94413407821229,476,482,482,INSPIRE,,2055827,https://inspirehep.net/literature/2055827,https://www.slac.stanford.edu/econf/C210711/papers/2203.10564.pdf
209,arxiv:2203.08096,High-Energy and Ultra-High-Energy Neutrinos,M. Ackermann et al.,"Ackermann, Markus | Bustamante, Mauricio | Lu, Lu | Otte, Nepomuk | Reno, Mary Hall | Wissel, Stephanie | Agarwalla, Sanjib K. | Alvarez-Muñiz, Jaime | Alves Batista, Rafael | Argüelles, Carlos A. | Clark, Brian A. | Cummings, Austin | Das, Sudipta | Decoene, Valentin | Denton, Peter B. | Dornic, Damien | Dzhilkibaev, Zhan-Arys | Farzan, Yasaman | Garcia, Alfonso | Garzelli, Maria Vittoria | Glaser, Christian | Heijboer, Aart | Hörandel, Jörg R. | Illuminati, Giulia | Jeong, Yu Seon | Kelley, John L. | Kelly, Kevin J. | Kheirandish, Ali | Klein, Spencer R. | Krizmanic, John F. | Larson, Michael J. | Murase, Kohta | Narang, Ashish | Otte, Nepomuk | Prechelt, Remy L. | Prohira, Steven | Resconi, Elisa | Santander, Marcos | Valera, Victor B. | Vandenbroucke, Justin | Vasil'evna Suvorova, Olga | Wiencke, Lawrence | Yoshida, Shigeru | Yuan, Tianlu | Zas, Enrique | Zhelnin, Pavel | Zhou, Bei | Anchordoqui, Luis A. | Ashida, Yosuke | Bagheri, Mahdi | Balagopal, Aswathi, V | Basu, Vedant | Beatty, James | Bechtol, Keith | Bell, Nicole | Bishop, Abigail | Book, Julia | Brown, Anthony | Burgman, Alexander | Campana, Michael | Chau, Nhan | Chen, Thomas Y. | Coleman, Alan | Connolly, Amy | Conrad, Janet M. | Correa, Pablo | Creque-Sarbinowski, Cyril | Curtis-Ginsberg, Zachary | Dasgupta, Paramita | De Kockere, Simon | de Vries, Krijn | Deaconu, Cosmin | Desai, Abhishek | DeYoung, Tyce | di Matteo, Armando | Elsaesser, Dominik | Fürst, Phillip | Kwok, Lung Fan | Fedynitch, Anatoli | Fox, Derek | Ganster, Erik | Ha Minh, Martin | Haack, Christian | Hallman, Steffen | Halzen, Francis | Haungs, Andreas | Ishihara, Aya | Judd, Eleanor | Karg, Timo | Karle, Albrecht | Katori, Teppei | Kochocki, Alina | Kopper, Claudio | Kowalski, Marek | Kravchenko, Ilya | Kurahashi, Naoko | Lamoureux, Mathieu | León Vargas, Hermes | Lincetto, Massimiliano | Liu, Qinrui | Madsen, Jim | Makino, Yuya | Mammo, Joseph | Marka, Zsuzsa | Mayotte, Eric | Meagher, Kevin | Meier, Maximilian | Miramonti, Lino | Moulai, Marjon | Mulrey, Katharine | Muzio, Marco | Naab, Richard | Nelles, Anna | Nichols, William | Nozdrina, Alisa | O'Sullivan, Erin | OD́ell, Vivian | Osborne, Jesse | Pandey, Vishvas | Paudel, Ek Narayan | Pizzuto, Alex | Plum, Mattias | Pobes Aranda, Carlos | Pyras, Lilly | Raab, Christoph | Rechav, Zoe | Rojo, Juan | Matamala, Oscar Romero | Savina, Pierpaolo | Schroeder, Frank | Schumacher, Lisa | Sciutto, Sergio | Sclafani, Stephen | Ful Hossain Seikh, Mohammad | Silva, Manuel | Singh, Rajeev | Smith, Daniel | Spencer, Samuel Timothy | Springer, Robert Wayne | Stachurska, Juliana | Suvorova, Olga Vasil'evna | Taboada, Ignacio | Toscano, Simona | Tueros, Matias | Twagirayezu, Jean Pierre | van Eijndhoven, Nick | Veres, Péter | Vieregg, Abigail | Wang, Winnie | Whitehorn, Nathan | Winter, Walter | Yildizci, Emre | Yu, Shiqi",153,2203.08096,https://arxiv.org/abs/2203.08096,2022,2022-03-15,INSPIRE earliest_date,CF | IF | NF | TF,宇宙前沿 | 仪器学前沿 | 中微子前沿 | 理论前沿,4,CF: Cosmic Probes of Fundamental Physics | IF: Radio Detection | NF: Neutrinos from Natural Sources | TF: Astro-Particle Physics and Cosmology,hep-ph,hep-ph | astro-ph.HE | hep-ex,Particle phenomenology,粒子唯象学,neutrino: energy | neutrino: energy: high | neutrino: UHE | neutrino: detector | neutrino: propagation | neutrino: decay | neutrino: flux | WIMP: dark matter | neutrino: supernova | ANITA | IceCube | KM3NeT | Baikal | numerical calculations | new physics,4,196,83,44.520522388059696,0.576530612244898,96.74115456238361,97.11359404096834,96.85288640595903,18,16,17,INSPIRE,,2052677,https://inspirehep.net/literature/2052677,https://www.slac.stanford.edu/econf/C210711/papers/2203.08096.pdf
210,arxiv:2203.06262,High-Pressure TPCs in Pressurized Caverns: Opportunities in Dark Matter and Neutrino Physics,B. Monreal.,"Monreal, Benjamin",1,2203.06262,https://arxiv.org/abs/2203.06262,2022,2022-03-11,INSPIRE earliest_date,CF | IF | NF | UF,宇宙前沿 | 仪器学前沿 | 中微子前沿 | 地下设施与基础设施,4,CF: Dark Matter: Particle-like | IF: Noble Element-Based Detectors | NF: Neutrino Detectors | UF: Underground Detectors,hep-ph,hep-ph | nucl-ex | physics.ins-det,Particle phenomenology,粒子唯象学,gas: pressure: high | pressure: high | time projection chamber | new physics | dark matter: density | dark matter: direct detection | cavity | engineering | formation | hydrogen | numerical calculations,4,3,2,0.6797456575682381,0.3333333333333333,16.480446927374302,13.873370577281191,15.698324022346368,445,462,463,INSPIRE,,2050808,https://inspirehep.net/literature/2050808,https://www.slac.stanford.edu/econf/C210711/papers/2203.06262.pdf
211,arxiv:2205.01567,Higher Spin Gravity and Higher Spin Symmetry,X. Bekaert et al.,"Bekaert, Xavier | Boulanger, Nicolas | Campoleoni, Andrea | Chiodaroli, Marco | Francia, Dario | Grigoriev, Maxim | Sezgin, Ergin | Skvortsov, Evgeny",8,2205.01567,https://arxiv.org/abs/2205.01567,2022,2022-05-03,INSPIRE earliest_date,TF,理论前沿,1,TF: Scattering Amplitudes,hep-th,hep-th,Formal theory / quantum gravity,形式理论与量子引力,spin: high | field theory: conformal | spin: symmetry | symmetry: gauge | geometry: noncommutative | geometry: conformal | quantization: deformation | black hole: binary: coalescence | particle: spin | quantum gravity: model | gravitation | string model | graded | duality | condensed matter | AdS/CFT correspondence | scattering | cosmological model,1,96,71,22.491340602950608,0.2604166666666667,89.10614525139665,90.03724394785847,89.3854748603352,59,54,58,INSPIRE,,2076040,https://inspirehep.net/literature/2076040,https://www.slac.stanford.edu/econf/C210711/papers/2205.01567.pdf
212,arxiv:2203.03698,Higher-Order Corrections for t tbar Production at High Energies,N. Kidonakis.,"Kidonakis, Nikolaos",1,2203.03698,https://arxiv.org/abs/2203.03698,2022,2022-03-07,INSPIRE earliest_date,EF,能量前沿,1,EF: Heavy Flavor and Top Quark Physics,hep-ph,hep-ph,Particle phenomenology,粒子唯象学,top: pair production | energy: high | correction: higher-order | p p: scattering | interpretation of experiments: CERN LHC Coll | TeV,1,14,10,3.1642945544554455,0.2857142857142857,49.81378026070764,49.62756052141527,49.757914338919925,271,271,272,INSPIRE,,2048027,https://inspirehep.net/literature/2048027,https://www.slac.stanford.edu/econf/C210711/papers/2203.03698.pdf
213,arxiv:2202.02194,"HL-LHC Computing Review Stage 2, Common Software Projects: Data Science Tools for Analysis",J. Pivarski et al.,"Pivarski, Jim | Rodrigues, Eduardo | Pedro, Kevin | Shadura, Oksana | Krikler, Benjamin | Stewart, Graeme A.",6,2202.02194,https://arxiv.org/abs/2202.02194,2022,2022-02-04,INSPIRE earliest_date,CompF,计算前沿,1,CompF: End User Analysis,physics.data-an,physics.data-an | hep-ex,Data analysis,数据分析,activity report | CERN LHC Coll: upgrade | programming,1,5,2,1.1088342440801457,0.6,28.212290502793294,26.16387337057728,27.597765363128488,385,397,397,INSPIRE,,2027698,https://inspirehep.net/literature/2027698,https://www.slac.stanford.edu/econf/C210711/papers/2202.02194.pdf
214,arxiv:2109.14938,"HL-LHC Computing Review Stage-2, Common Software Projects: Event Generators",E. Yazgan et al. (HSF Physics Event Generator Working Group),"Yazgan, Efe | McFayden, Josh | Valassi, Andrea | Amoroso, Simone | Bothmann, Enrico | Buckley, Andy | Campbell, John | Chahal, Gurpreet Singh | Childers, Taylor | Corti, Gloria | Frederix, Rikkert | Frixione, Stefano | Giuli, Francesco | Grohsjean, Alexander | Hoeche, Stefan | Ilten, Phil | Krauss, Frank | Kreps, Michal | Lange, David | Lonnblad, Leif | Marshall, Zach | Mattelaer, Olivier | Mrenna, Stephen | Nason, Paolo | Plaetzer, Simon | Preuss, Christian | Re, Emanuele | Roiser, Stefan | Schoenherr, Marek | Schumann, Steffen | Seidel, Markus | Sexton-Kennedy, Elizabeth | Siegert, Frank | Siodmok, Andrzej | Stewart, Graeme A. | Sugunan, Aravind Thachayath | Was, Zbigniew",37,2109.14938,https://arxiv.org/abs/2109.14938,2021,2021-09-30,INSPIRE earliest_date,CompF | TF,计算前沿 | 理论前沿,2,CompF: Theoretical Calculations and Simulations | TF: Collider Phenomenology,hep-ph,hep-ph | hep-ex | physics.comp-ph,Particle phenomenology,粒子唯象学,CERN LHC Coll: upgrade | programming: Monte Carlo,2,16,3,3.294250281848929,0.8125,53.25884543761639,50.55865921787709,52.4487895716946,252,266,256,INSPIRE,,1935816,https://inspirehep.net/literature/1935816,https://www.slac.stanford.edu/econf/C210711/papers/2109.14938.pdf
215,arxiv:2008.13636,HL-LHC Computing Review: Common Tools and Community Software,T. Aarrestad et al.,"Aarrestad, Thea | Amoroso, Simone | Atkinson, Markus Julian | Bendavid, Joshua | Boccali, Tommaso | Bocci, Andrea | Buckley, Andy | Cacciari, Matteo | Calafiura, Paolo | Canal, Philippe | Carminati, Federico | Childers, Taylor | Ciulli, Vitaliano | Corti, Gloria | Costanzo, Davide | Dezoort, Justin Gage | Doglioni, Caterina | Duarte, Javier Mauricio | Dziurda, Agnieszka | Elmer, Peter | Elsing, Markus | Elvira, V.Daniel | Eulisse, Giulio | Fernandez Menendez, Javier | Fitzpatrick, Conor | Frederix, Rikkert | Frixione, Stefano | Genser, Krzysztof L | Gheata, Andrei | Giuli, Francesco | Gligorov, Vladimir, V. | Grasland, Hadrien Benjamin | Gray, Heather | Gray, Lindsey | Grohsjean, Alexander | Gütschow, Christian | Hageboeck, Stephan | Harris, Philip Coleman | Hegner, Benedikt | Heinrich, Lukas | Holzman, Burt | Hopkins, Walter | Hsu, Shih-Chieh | Höche, Stefan | Ilten, Philip James | Ivantchenko, Vladimir | Jones, Chris | Jouvin, Michel | Khoo, Teng Jian | Kisel, Ivan | Knoepfel, Kyle | Konstantinov, Dmitri | Krasznahorkay, Attila | Krauss, Frank | Krikler, Benjamin Edward | Lange, David | Laycock, Paul | Li, Qiang | Lieret, Kilian | Liu, Miaoyuan | Loncar, Vladimir | Lönnblad, Leif | Maltoni, Fabio | Mangano, Michelangelo | Marshall, Zachary Louis | Mato, Pere | Mattelaer, Olivier | McFayden, Joshua Angus | Meehan, Samuel | Mete, Alaettin Serhan | Morgan, Ben | Mrenna, Stephen | Muralidharan, Servesh | Nachman, Ben | Neubauer, Mark S. | Neumann, Tobias | Ngadiuba, Jennifer | Ojalvo, Isobel | Pedro, Kevin | Perini, Maurizio | Piparo, Danilo | Pivarski, Jim | Plätzer, Simon | Pokorski, Witold | Pol, Adrian Alan | Prestel, Stefan | Ribon, Alberto | Ritter, Martin | Rizzi, Andrea | Rodrigues, Eduardo | Roiser, Stefan | Schulz, Holger | Schulz, Markus | Schönherr, Marek | Sexton-Kennedy, Elizabeth | Siegert, Frank | Siódmok, Andrzej | Stewart, Graeme A | Sudhir, Malik | Summers, Sioni Paris | Thais, Savannah Jennifer | Tran, Nhan Viet | Valassi, Andrea | Verderi, Marc | Vom Bruch, Dorothea | Watts, Gordon T. | Wenaus, Torre | Yazgan, Efe",108,2008.13636,https://arxiv.org/abs/2008.13636,2020,2020-08-31,INSPIRE earliest_date,CompF,计算前沿,1,CompF: General - centered on this frontier:,physics.comp-ph,physics.comp-ph | hep-ex,Computational physics,计算物理,activity report | CERN LHC Coll | upgrade | ATLAS | programming | CMS | numerical calculations,1,24,10,4.04149377593361,0.5833333333333334,64.52513966480447,56.51769087523277,62.12290502793296,190,234,203,INSPIRE,,1814031,https://inspirehep.net/literature/1814031,https://www.slac.stanford.edu/econf/C210711/papers/2008.13636.pdf
216,arxiv:2209.06755,How Community Agreements Can Improve Workplace Culture in Physics,E. Barzi et al.,"Barzi, Emanuela | Liuti, Simonetta | Nattrass, Christine | Springer, Roxanne | Bennett, Charles H.",5,2209.06755,https://arxiv.org/abs/2209.06755,2022,2022-09-14,INSPIRE earliest_date,AF | CEF | CF | CompF | EF | IF | NF | RPF | TF | UF,加速器科学与技术 | 社群参与 | 宇宙前沿 | 计算前沿 | 能量前沿 | 仪器学前沿 | 中微子前沿 | 稀有过程与精密测量 | 理论前沿 | 地下设施与基础设施,10,AF: Beam Physics and Accelerator Education | CEF: General - centered on this frontier | CF: General - cross-listed: | CompF: General - cross-listed: | EF: General - cross-listed | IF: General - cross-listed | NF: General - cross-listed | RPF: General - cross-listed | TF: General - cross-listed | UF: General - cross-listed:,physics.soc-ph,physics.soc-ph,"Community, education and society",社群、教育与社会,,10,2,1,0.5126315789473684,0.5,9.776536312849162,12.756052141527002,10.670391061452513,477,469,469,INSPIRE,,2167210,https://inspirehep.net/literature/2167210,https://www.slac.stanford.edu/econf/C210711/papers/2209.06755.pdf
217,arxiv:2203.11523,"How to Read the Snowmass White Papers on Power Dynamics in Physics, Informal Socialization in Physics Training, and Policing and Gatekeeping in STEM",A. K. Hodari et al.,"Hodari, Apriel K. | Krammes, Shayna B. | Prescod-Weinstein, Chanda | Nord, Brian D. | Esquivel, Jessica N. | Assamagan, Kétévi A.",6,2203.11523,https://arxiv.org/abs/2203.11523,2022,2022-03-22,INSPIRE earliest_date,CEF,社群参与,1,"CEF: Diversity, Equity, and Inclusion",physics.ed-ph,physics.ed-ph | physics.soc-ph,Physics and instrumentation,物理与仪器,,1,3,0,0.6844159900062461,1.0,16.480446927374302,18.528864059590315,17.094972067039105,446,438,439,INSPIRE,,2094673,https://inspirehep.net/literature/2094673,https://www.slac.stanford.edu/econf/C210711/papers/2203.11523.pdf
218,arxiv:2203.08132,Hybrid Conformal REBCO Dipole for a Next Hadron Collider,P. M. McIntyre.,"McIntyre, Peter M.",1,2203.08132,https://arxiv.org/abs/2203.08132,2022,2022-03-15,INSPIRE earliest_date,AF | EF,加速器科学与技术 | 能量前沿,2,AF: Multi-TeV Colliders | EF: General - cross-listed,physics.acc-ph,physics.acc-ph | hep-ex,Accelerator science,加速器科学,conformal | magnet: superconductivity | accelerator: magnet | fabrication | magnet: technology | niobium: tin,2,1,1,0.22714552238805968,0.0,4.283054003724395,4.4692737430167595,4.338919925512104,512,514,514,INSPIRE,,2052611,https://inspirehep.net/literature/2052611,https://www.slac.stanford.edu/econf/C210711/papers/2203.08132.pdf
219,arxiv:2203.02029,Hyper-Kamiokande Experiment,J. Bian et al. (Hyper-Kamiokande Collaboration),"Bian, J. | Di Lodovico, F. | Horiuchi, S. | Learned, J.G. | Mariani, C. | Maricic, J. | Ricoux, J. Pedro Ochoa | Rott, C. | Shiozawa, M. | Smy, M.B. | Sobel, H.W. | Vogelaar, R.B.",12,2203.02029,https://arxiv.org/abs/2203.02029,2022,2022-03-03,INSPIRE earliest_date,NF,中微子前沿,1,NF: Neutrino Oscillations,hep-ex,hep-ex | physics.ins-det,Experimental particle physics,实验粒子物理,nucleon: decay | Cherenkov counter: water | neutrino: atmosphere | energy: threshold | energy: low | neutrino: oscillation | CP: violation | new physics: search for | KAMIOKANDE | neutrino: solar | neutrino: supernova | sensitivity | proposed experiment,1,65,61,14.655092592592592,0.06153846153846154,83.70577281191807,83.89199255121042,83.76163873370577,87,87,88,INSPIRE,,2046404,https://inspirehep.net/literature/2046404,https://www.slac.stanford.edu/econf/C210711/papers/2203.02029.pdf
220,arxiv:2204.07944,Impact of Lattice s(x)−sbar(x) Data in the CTEQ-TEA Global Analysis,T.-J. Hou et al.,"Hou, Tie-Jiun | Lin, Huey-Wen | Yan, Mengshi | Yuan, C.-P.",4,2204.07944,https://arxiv.org/abs/2204.07944,2022,2022-04-17,INSPIRE earliest_date,CompF | EF | TF,计算前沿 | 能量前沿 | 理论前沿,3,CompF: Theoretical Calculations and Simulations | EF: QCD and Strong Interactions - Hadronic Structure and Forward QCD Processes | TF: Lattice Gauge Theory,hep-ph,hep-ph | hep-lat,Particle phenomenology,粒子唯象学,parton: distribution function | strangeness: asymmetry | lattice | quality | GeV,3,15,4,3.4785714285714286,0.7333333333333333,51.303538175046555,52.42085661080075,51.63873370577281,262,256,260,INSPIRE,,2068156,https://inspirehep.net/literature/2068156,https://www.slac.stanford.edu/econf/C210711/papers/2204.07944.pdf
221,arxiv:2204.02928,Implications of Energy Peak for Collider Phenomenology: Top Quark Mass Determination and Beyond,K. Agashe et al.,"Agashe, Kaustubh | Airen, Sagar | Franceschini, Roberto | Kim, Doojin | Sathyan, Deepak",5,2204.02928,https://arxiv.org/abs/2204.02928,2022,2022-04-06,INSPIRE earliest_date,EF | TF,能量前沿 | 理论前沿,2,EF: Heavy Flavor and Top Quark Physics | TF: Collider Phenomenology,hep-ph,hep-ph | hep-ex,Particle phenomenology,粒子唯象学,p p: scattering | p p: colliding beams | decay: length | top: mass | quark: energy | top: production | model: production | particle: massless | jet: bottom | bottom: energy | particle: heavy: decay | CMS | measurement methods | data analysis method,2,3,0,0.690889029003783,1.0,16.480446927374302,18.901303538175046,17.206703910614525,447,436,437,INSPIRE,,2063957,https://inspirehep.net/literature/2063957,https://www.slac.stanford.edu/econf/C210711/papers/2204.02928.pdf
222,arxiv:2203.07624,Implications of Quantum Gravity for Particle Physics,P. Draper et al.,"Draper, Patrick | Garcia, Isabel Garcia | Reece, Matthew",3,2203.07624,https://arxiv.org/abs/2203.07624,2022,2022-03-14,INSPIRE earliest_date,TF,理论前沿,1,TF: Beyond-Standard-Model Model Building,hep-ph,hep-ph | gr-qc | hep-th,Particle phenomenology,粒子唯象学,quantum gravity | effective field theory | cosmological model | symmetry: global | strong interaction: CP | axion | entropy: holography | dark matter | dark energy | new physics,1,23,18,5.221100062150404,0.21739130434782608,63.40782122905028,63.40782122905028,63.40782122905028,196,196,195,INSPIRE,,2052397,https://inspirehep.net/literature/2052397,https://www.slac.stanford.edu/econf/C210711/papers/2203.07624.pdf
223,arxiv:2203.07353,Improving Di-Higgs Sensitivity at Future Colliders in Hadronic Final States with Machine Learning,D. Diaz et al.,"Apresyan, Artur | Diaz, Daniel | Duarte, Javier | Ganguly, Sanmay | Kansal, Raghav | Lu, Nan | Suarez, Cristina Mantilla | Mukherjee, Samadrita | Peña, Cristían | Sheldon, Brian | Xie, Si",11,2203.07353,https://arxiv.org/abs/2203.07353,2022,2022-03-14,INSPIRE earliest_date,CompF | EF,计算前沿 | 能量前沿,2,CompF: Machine Learning | EF: Higgs Boson Properties and Couplings,hep-ph,hep-ph | hep-ex,Particle phenomenology,粒子唯象学,Higgs particle: pair production | Higgs particle: hadronic decay | final state: hadronic | Higgs particle: boosted particle | Higgs particle: coupling | background | sensitivity | FCC | neural network | numerical calculations | new physics,2,2,2,0.45400870105655683,0.0,9.776536312849162,8.193668528864059,9.30167597765363,478,492,492,INSPIRE,,2051230,https://inspirehep.net/literature/2051230,https://www.slac.stanford.edu/econf/C210711/papers/2203.07353.pdf
224,arxiv:2203.10393,In Search of Excellence and Equity in Physics,E. Barzi et al.,"Barzi, Emanuela | Gates, S. James | Springer, Roxanne",3,2203.10393,https://arxiv.org/abs/2203.10393,2022,2022-03-19,INSPIRE earliest_date,AF | CEF | CF | CompF | EF | IF | NF | RPF | TF | UF,加速器科学与技术 | 社群参与 | 宇宙前沿 | 计算前沿 | 能量前沿 | 仪器学前沿 | 中微子前沿 | 稀有过程与精密测量 | 理论前沿 | 地下设施与基础设施,10,AF: Beam Physics and Accelerator Education | CEF: General - centered on this frontier | CF: General - cross-listed: | CompF: General - cross-listed: | EF: General - cross-listed | IF: General - cross-listed | NF: General - cross-listed | RPF: General - cross-listed | TF: General - cross-listed | UF: General - cross-listed:,physics.soc-ph,physics.soc-ph | hep-ex,"Community, education and society",社群、教育与社会,activity report | sociology,10,4,4,0.9108478802992519,0.0,22.998137802607076,24.487895716945996,23.445065176908752,413,406,406,INSPIRE,,2055661,https://inspirehep.net/literature/2055661,https://www.slac.stanford.edu/econf/C210711/papers/2203.10393.pdf
225,arxiv:2203.08128,Inflation: Theory and Observations,A. Achúcarro et al.,"Achúcarro, Ana | Biagetti, Matteo | Braglia, Matteo | Cabass, Giovanni | Caldwell, Robert | Castorina, Emanuele | Chen, Xingang | Coulton, William | Flauger, Raphael | Fumagalli, Jacopo | Ivanov, Mikhail M. | Lee, Hayden | Maleknejad, Azadeh | Meerburg, P. Daniel | Dizgah, Azadeh Moradinezhad | Palma, Gonzalo A. | Pimentel, Guilherme L. | Renaux-Petel, Sébastien | Wallisch, Benjamin | Wandelt, Benjamin D. | Witkowski, Lukas T. | Wu, W.L. Kimmy",22,2203.08128,https://arxiv.org/abs/2203.08128,2022,2022-03-15,INSPIRE earliest_date,CF | TF,宇宙前沿 | 理论前沿,2,CF: Dark Energy and Cosmic Acceleration: Cosmic Dawn and Before | TF: Astro-Particle Physics and Cosmology,astro-ph.CO,astro-ph.CO | hep-ph | hep-th,Cosmology,宇宙学,gravitational radiation: primordial | non-Gaussianity: primordial | inflation: signature | fluctuation: primordial | energy: density | expansion: acceleration | sensitivity | statistical | cosmological model | space-time: expansion,2,320,243,72.6865671641791,0.240625,98.975791433892,98.78957169459963,98.91992551210427,6,7,6,INSPIRE,,2052552,https://inspirehep.net/literature/2052552,https://www.slac.stanford.edu/econf/C210711/papers/2203.08128.pdf
226,arxiv:2203.11518,Informal Socialization in Physics Training,A. K. Hodari et al.,"Hodari, Apriel K. | Krammes, Shayna B. | Prescod-Weinstein, Chanda | Nord, Brian D. | Esquivel, Jessica N. | Assamagan, Kétévi A.",6,2203.11518,https://arxiv.org/abs/2203.11518,2022,2022-03-22,INSPIRE earliest_date,CEF,社群参与,1,"CEF: Diversity, Equity, and Inclusion",physics.ed-ph,physics.ed-ph | physics.soc-ph,Physics and instrumentation,物理与仪器,,1,6,0,1.3688319800124922,1.0,32.49534450651769,33.89199255121043,32.91433891992551,363,356,357,INSPIRE,,2094674,https://inspirehep.net/literature/2094674,https://www.slac.stanford.edu/econf/C210711/papers/2203.11518.pdf
227,arxiv:2202.06890,"Infrared Properties of Quantum Gravity: UV/IR Mixing, Gravitizing the Quantum – Theory and Observation",P. Berglund et al.,"Berglund, Per | Freidel, Laurent | Hubsch, Tristan | Kowalski-Glikman, Jerzy | Leigh, Robert G. | Mattingly, David | Minic, Djordje",7,2202.06890,https://arxiv.org/abs/2202.06890,2022,2022-02-14,INSPIRE earliest_date,TF,理论前沿,1,"TF: String Theory, Quantum Gravity, and Black Holes",hep-th,hep-th | gr-qc,Formal theory / quantum gravity,形式理论与量子引力,quantum gravity | mixing | effective field theory | cosmological model | ultraviolet | infrared,1,21,11,4.6855528405620035,0.47619047619047616,61.452513966480446,61.91806331471136,61.592178770949715,206,205,208,INSPIRE,,2032186,https://inspirehep.net/literature/2032186,https://www.slac.stanford.edu/econf/C210711/papers/2202.06890.pdf
228,arxiv:2203.07620,Innovations in Trigger and Data Acquisition Systems for Next-Generation Physics Facilities,R. Bartoldus et al.,"Bartoldus, Rainer | Bernius, Catrin | Miller, David W.",3,2203.07620,https://arxiv.org/abs/2203.07620,2022,2022-03-14,INSPIRE earliest_date,CEF | CompF | IF,社群参与 | 计算前沿 | 仪器学前沿,3,CEF: Applications and Industry | CompF: Machine Learning | IF: Trigger and Data Acquisition,hep-ex,hep-ex | cs.LG | cs.SY | eess.SY | physics.ins-det,Experimental particle physics,实验粒子物理,trigger: design | data acquisition | buildings | CERN LHC Coll: upgrade,3,5,4,1.1350217526413922,0.2,28.212290502793294,27.467411545623836,27.988826815642454,386,389,390,INSPIRE,,2052510,https://inspirehep.net/literature/2052510,https://www.slac.stanford.edu/econf/C210711/papers/2203.07620.pdf
229,arxiv:2203.06731,Inorganic Scintillators for Future HEP Experiments,C. Hu et al.,"Hu, Chen | Zhang, Liyuan | Zhu, Ren-Yuan",3,2203.06731,https://arxiv.org/abs/2203.06731,2022,2022-03-13,INSPIRE earliest_date,IF,仪器学前沿,1,IF: Calorimetry,physics.ins-det,physics.ins-det | hep-ex,Instrumentation and detectors,仪器与探测器,X-ray: imaging | scintillation counter: crystal | calorimeter | time-of-flight counter | costs | barium: fluorine | yttrium | lutetium | ceramics | radiation: damage,1,1,0,0.22686335403726707,1.0,4.283054003724395,3.258845437616387,3.975791433891992,513,519,519,INSPIRE,,2051676,https://inspirehep.net/literature/2051676,https://www.slac.stanford.edu/econf/C210711/papers/2203.06731.pdf
230,arxiv:2203.06093,Integration and Packaging,S. Mazza et al.,"Mazza, S. | Lipton, R. | Patti, R. | Islam, R.",4,2203.06093,https://arxiv.org/abs/2203.06093,2022,2022-03-11,INSPIRE earliest_date,IF,仪器学前沿,1,IF: Solid State Detectors and Tracking,hep-ex,hep-ex,Experimental particle physics,实验粒子物理,pixel | electronics | noise | time resolution | spatial resolution | hybrid | fabrication,1,2,2,0.45316377171215877,0.0,9.776536312849162,7.262569832402234,9.022346368715084,479,498,498,INSPIRE,,2050076,https://inspirehep.net/literature/2050076,https://www.slac.stanford.edu/econf/C210711/papers/2203.06093.pdf
231,arxiv:2208.03284,Interpretable Uncertainty Quantification in AI for HEP,T. Y. Chen et al.,"Chen, Thomas Y. | Dey, Biprateep | Ghosh, Aishik | Kagan, Michael | Nord, Brian | Ramachandra, Nesar",6,2208.03284,https://arxiv.org/abs/2208.03284,2022,2022-08-05,INSPIRE earliest_date,CompF,计算前沿,1,CompF: Machine Learning,hep-ex,hep-ex | cs.LG | hep-ph | stat.ML,Experimental particle physics,实验粒子物理,error: statistical | statistical analysis: Bayesian | statistical analysis: frequentist | artificial intelligence | data analysis method,1,17,13,4.23839590443686,0.23529411764705882,55.493482309124765,58.75232774674115,56.47113594040968,237,222,233,INSPIRE,,2132723,https://inspirehep.net/literature/2132723,https://www.slac.stanford.edu/econf/C210711/papers/2208.03284.pdf
232,arxiv:2203.07901,"Introduction to a Low-Mass Dark Matter Project, ALETHEIA: A Liquid hElium Time projection cHambEr In dArk matter",J. Liao et al.,"Liao, Junhui | Gao, Yuanning | Liang, Zhuo | Ouyang, Zebang | Peng, Zhaohua | Zhang, Lifeng | Zhang, Fengshou | Zhang, Lei | Zheng, Jian | Zhou, Jiangfeng",10,2203.07901,https://arxiv.org/abs/2203.07901,2022,2022-03-15,INSPIRE earliest_date,CF | IF | NF | RPF | UF,宇宙前沿 | 仪器学前沿 | 中微子前沿 | 稀有过程与精密测量 | 地下设施与基础设施,5,CF: Dark Matter: Particle-like | IF: Noble Element-Based Detectors | NF: Neutrinos from Natural Sources | RPF: Fundamental Physics in Small Experiments | UF: Underground Detectors,astro-ph.IM,astro-ph.IM,Astrophysical instrumentation,天体物理仪器,xenon: liquid | particle: massive | dark matter | WIMP | time projection chamber | helium: liquid | GeV | argon | TeV | time projection,5,4,4,0.9085820895522387,0.0,22.998137802607076,22.81191806331471,22.942271880819366,414,415,415,INSPIRE,,2052981,https://inspirehep.net/literature/2052981,https://www.slac.stanford.edu/econf/C210711/papers/2203.07901.pdf
233,arxiv:2203.06809,Ion Coulomb Crystals in Storage Rings for Quantum Information Science,S. Brooks et al.,"Brooks, S. | Brown, K. | Méot, F. | Nomerotski, A. | Peggs, S. | Palmer, M. | Roser, T. | Shaftan, T. | Hoffstaetter, G.H. | Nagaitsev, S. | Lykken, J. | Jarvis, J. | Lebedev, V. | Stancari, G. | Valishev, A. | Taylor, A. | Hurd, A. | Moody, N. | Muggli, P. | Aslam, A. | Biedron, S.G. | Bolin, T. | Guitron, S. Sosa | Gonzalez-Zacarias, C. | Larsson, M. | Thomas, R. | Huang, B. | Robertazzi, T. | Cary, J. | Hegelich, B.M. | Blinov, B.B. | Milton, S.",32,2203.06809,https://arxiv.org/abs/2203.06809,2022,2022-03-13,INSPIRE earliest_date,AF | CompF | IF | TF,加速器科学与技术 | 计算前沿 | 仪器学前沿 | 理论前沿,4,AF: Beam Physics and Accelerator Education | CompF: Quantum Computing | IF: Quantum Sensors | TF: Quantum Information Science,physics.acc-ph,physics.acc-ph | quant-ph,Accelerator science,加速器科学,activity report | computer: quantum | correction: error | qubit | Coulomb | crystal | performance | information theory,4,2,2,0.45372670807453414,0.0,9.776536312849162,7.728119180633147,9.162011173184357,480,496,496,INSPIRE,,2051432,https://inspirehep.net/literature/2051432,https://www.slac.stanford.edu/econf/C210711/papers/2203.06809.pdf
234,arxiv:2205.12873,Ion Sources for Production of Highly Charged Ion Beams,A. Lapierre et al.,"Lapierre, Alain | Benitez, Janilee | Okamura, Masahiro | Todd, Damon | Xie, Daniel | Sun, Yine",6,2205.12873,https://arxiv.org/abs/2205.12873,2022,2022-05-25,INSPIRE earliest_date,AF,加速器科学与技术,1,AF: Accelerator Technology - Targets and Sources,physics.acc-ph,physics.acc-ph,Accelerator science,加速器科学,,1,2,0,0.4752765126870527,1.0,9.776536312849162,12.197392923649907,10.502793296089385,481,472,472,INSPIRE,,2087837,https://inspirehep.net/literature/2087837,https://www.slac.stanford.edu/econf/C210711/papers/2205.12873.pdf
235,arxiv:2203.08239,Irradiation Facilities and Irradiation Methods for High Power Target,F. Pellemoine et al.,"Pellemoine, F. | Barbier, C. | Sun, Y. | Ammigan, K. | Bidhar, S. | Zwaska, B. | McClintock, D. | Taller, S. | Winder, D. | Cutler, C.S. | Kim, D. | Chiu, Y. | Freer, M. | Wheldon, C. | Gottberg, A. | Pamies, F. Boix | Calviani, M. | Charitonidis, N. | Garcia Alia, R. | Ravotti, F. | Danzeca, S. | Bernardes, A.P. | Moncoffre, N. | Meigo, S. | Ishida, T. | Dai, Y. | Couet, A. | Kriewaldt, K. | Moorhead, M. | Was, G.S. | Toader, O. | Naab, F. | Wang, P. | Woodley, D. | Getto, E. | Raiman, S. | Grygiel, C. | Monnet, I. | Alessi, A. | Senor, D. | Casella, A.M.",41,2203.08239,https://arxiv.org/abs/2203.08239,2022,2022-03-15,INSPIRE earliest_date,AF,加速器科学与技术,1,AF: Accelerator Technology - Targets and Sources,physics.acc-ph,physics.acc-ph,Accelerator science,加速器科学,,1,8,4,1.8171641791044775,0.5,39.385474860335194,39.757914338919925,39.497206703910614,327,324,326,INSPIRE,,2053559,https://inspirehep.net/literature/2053559,https://www.slac.stanford.edu/econf/C210711/papers/2203.08239.pdf
236,arxiv:2203.08804,IsoDAR Overview,J. R. Alonso et al.,"Alonso, J.R. | Conrad, J.M. | Kim, Y.D. | Seo, S.H. | Shaevitz, M.H. | Spitz, J. | Winklehner, D.",7,2203.08804,https://arxiv.org/abs/2203.08804,2022,2022-03-15,INSPIRE earliest_date,AF | CEF | NF,加速器科学与技术 | 社群参与 | 中微子前沿,3,AF: Accelerators for Neutrinos | CEF: Applications and Industry | NF: General - centered on this frontier,hep-ex,hep-ex | physics.acc-ph,Experimental particle physics,实验粒子物理,accelerator: design | statistics | neutrino: oscillation | accelerator: technology | surface | new particle | cyclotron | signature | medicine | accelerator: proposed,3,4,1,0.9085820895522387,0.75,22.998137802607076,22.81191806331471,22.942271880819366,415,416,416,INSPIRE,,2054161,https://inspirehep.net/literature/2054161,https://www.slac.stanford.edu/econf/C210711/papers/2203.08804.pdf
237,arxiv:2203.13979,Japan’s Strategy for Future Projects in High Energy Physics,M. Endo et al.,"Endo, M. | Hamaguchi, K. | Ibe, M. | Ishibashi, T. | Ishikawa, A. | Ishino, M. | Ishitsuka, M. | Kanemura, S. | Kuriki, M. | Mori, T. | Moriyama, S. | Nanjo, H. | Ootani, W. | Sato, Y.",14,2203.13979,https://arxiv.org/abs/2203.13979,2022,2022-03-25,INSPIRE earliest_date,AF | CF | EF | NF | RPF | UF,加速器科学与技术 | 宇宙前沿 | 能量前沿 | 中微子前沿 | 稀有过程与精密测量 | 地下设施与基础设施,6,AF: General - centered on this frontier | CF: General - cross-listed: | EF: General - centered on this frontier | NF: General - cross-listed | RPF: General - centered on this frontier | UF: General - cross-listed:,hep-ex,hep-ex | hep-ph | physics.acc-ph | physics.ins-det,Experimental particle physics,实验粒子物理,energy: high,6,8,8,1.8285356695869839,0.0,39.385474860335194,40.502793296089386,39.72067039106145,328,320,322,INSPIRE,,2058931,https://inspirehep.net/literature/2058931,https://www.slac.stanford.edu/econf/C210711/papers/2203.13979.pdf
238,arxiv:2011.05329,Jas4pp - a Data-Analysis Framework for Physics and Detector Studies,S. V. Chekanov et al.,"Chekanov, S.V. | Gavalian, G. | Graf, N.A.",3,2011.05329,https://arxiv.org/abs/2011.05329,2020,2020-11-10,INSPIRE earliest_date,CompF,计算前沿,1,CompF: End User Analysis,physics.comp-ph,physics.comp-ph | hep-ph | nucl-ex,Computational physics,计算物理,End-user data analysis | Software frameworks | Python | Jython | Java | Groovy | JVM | detector: performance | track data analysis | performance | benchmark | programming | data analysis method,1,3,1,0.5222831267874166,0.6666666666666666,16.480446927374302,13.128491620111731,15.47486033519553,448,467,467,INSPIRE,,1829408,https://inspirehep.net/literature/1829408,https://www.slac.stanford.edu/econf/C210711/papers/2011.05329.pdf
239,arxiv:2202.03285,Jet Flavour Tagging for Future Colliders with Fast Simulation,F. Bedeschi et al.,"Bedeschi, Franco | Gouskos, Loukas | Selvaggi, Michele",3,2202.03285,https://arxiv.org/abs/2202.03285,2022,2022-02-07,INSPIRE earliest_date,EF,能量前沿,1,EF: Higgs Boson Properties and Couplings,hep-ex,hep-ex | hep-ph,Experimental particle physics,实验粒子物理,electron positron: annihilation | jet: flavor | detector: design | energy loss | charged particle | bottom: particle identification | charm: particle identification | geometry | covariance | tracks | FCC-ee | particle identification: performance | time-of-flight | neural network | statistical analysis | track data analysis | data analysis method | numerical calculations: Monte Carlo,1,65,51,14.441149635036496,0.2153846153846154,83.70577281191807,83.70577281191807,83.70577281191805,88,88,89,INSPIRE,,2029200,https://inspirehep.net/literature/2029200,https://www.slac.stanford.edu/econf/C210711/papers/2202.03285.pdf
240,arxiv:2203.07462,Jets and Jet Substructure at Future Colliders,B. Nachman et al.,"Bonilla, Johan | Chachamis, Grigorios | Dillon, Barry M. | Chekanov, Sergei V. | Erbacher, Robin | Gouskos, Loukas | Hinzmann, Andreas | Höche, Stefan | Huffman, B. Todd | Kotwal, Ashutosh.V. | Kar, Deepak | Kogler, Roman | Lange, Clemens | LeBlanc, Matt | Lemmon, Roy | McLean, Christine | Nachman, Benjamin | Neubauer, Mark S. | Plehn, Tilman | Rappoccio, Salvatore | Roy, Debarati | Roloff, Jennifer | Stark, Giordon | Tran, Nhan | Vos, Marcel | Yeh, Chih-Hsiang | Yu, Shin-Shan",27,2203.07462,https://arxiv.org/abs/2203.07462,2022,2022-03-14,INSPIRE earliest_date,EF,能量前沿,1,EF: QCD and Strong Interactions - Precision QCD,hep-ph,hep-ph | hep-ex,Particle phenomenology,粒子唯象学,jets | Jet substructure | Collider | artificial intelligence | machine learning | Snowmass | Top quark | Higgs boson | Electroweak boson | Bottom quark | Pileup | structure | interpretation of experiments: CERN LHC Coll,1,29,19,6.583126165320074,0.3448275862068966,68.6219739292365,68.52886405959032,68.59404096834264,168,169,170,INSPIRE,,2052458,https://inspirehep.net/literature/2052458,https://www.slac.stanford.edu/econf/C210711/papers/2203.07462.pdf
241,arxiv:2203.08059,KATRIN: Status and Prospects for the Neutrino Mass and Beyond,M. Aker et al.,"Aker, M. | Balzer, M. | Batzler, D. | Beglarian, A. | Behrens, J. | Berlev, A. | Besserer, U. | Biassoni, M. | Bieringer, B. | Block, F. | Bobien, S. | Bombelli, L. | Bormann, D. | Bornschein, B. | Bornschein, L. | Böttcher, M. | Brofferio, C. | Bruch, C. | Brunst, T. | Caldwell, T.S. | Carminati, M. | Carney, R.M.D. | Chilingaryan, S. | Choi, W. | Cremonesi, O. | Debowski, K. | Descher, M. | Barrero, D. Díaz | Doe, P.J. | Dragoun, O. | Drexlin, G. | Edzards, F. | Eitel, K. | Ellinger, E. | Engel, R. | Enomoto, S. | Felden, A. | Fink, D. | Fiorini, C. | Formaggio, J.A. | Forstner, C. | Fränkle, F.M. | Franklin, G.B. | Friedel, F. | Fulst, A. | Gauda, K. | Gavin, A.S. | Gil, W. | Glück, F. | Grande, A. | Grössle, R. | Gugiatti, M. | Gumbsheimer, R. | Hannen, V. | Hartmann, J. | Haußmann, N. | Helbing, K. | Hickford, S. | Hiller, R. | Hillesheimer, D. | Hinz, D. | Höhn, T. | Houdy, T. | Huber, A. | Jansen, A. | Karl, C. | Kellerer, J. | King, P. | Kleifges, M. | Klein, M. | Köhler, C. | Köllenberger, L. | Kopmann, A. | Korzeczek, M. | Kovalík, A. | Krasch, B. | Krause, H. | Lasserre, T. | La Cascio, L. | Lebeda, O. | Lechner, P. | Lehnert, B. | Le, T.L. | Lokhov, A. | Machatschek, M. | Malcherek, E. | Manfrin, D. | Mark, M. | Marsteller, A. | Martin, E.L. | Mazzola, E. | Melzer, C. | Mertens, S. | Mostafa, J. | Müller, K. | Nava, A. | Neumann, H. | Niemes, S. | Oelpmann, P. | Onillon, A. | Parno, D.S. | Pavan, M. | Pigliafreddo, A. | Poon, A.W.P. | Poyato, J.M.L. | Pozzi, S. | Priester, F. | Puritscher, M. | Radford, D.C. | Ráliš, J. | Ramachandran, S. | Robertson, R.G.H. | Rodejohann, W. | Rodenbeck, C. | Röllig, M. | Röttele, C. | Ryšavý, M. | Sack, R. | Saenz, A. | Salomon, R.W.J. | Schäfer, P. | Schimpf, L. | Schlösser, K. | Schlösser, M. | Schlüter, L. | Schneidewind, S. | Schrank, M. | Schütz, A.K. | Schwemmer, A. | Sedlak, A. | Šefčík, M. | Sibille, V. | Siegmann, D. | Slezák, M. | Spanier, F. | Spreng, D. | Steidl, M. | Sturm, M. | Telle, H.H. | Thorne, L.A. | Thümmler, T. | Titov, N. | Tkachev, I. | Trigilio, P. | Urban, K. | Valerius, K. | Vénos, D. | Hernández, A.P. Vizcaya | Voigt, P. | Weinheimer, C. | Weiss, E. | Welte, S. | Wendel, J. | Wiesinger, C. | Wilkerson, J.F. | Wolf, J. | Wunderl, L. | Wüstling, S. | Wydra, J. | Xu, W. | Zadoroghny, S. | Zeller, G.",162,2203.08059,https://arxiv.org/abs/2203.08059,2022,2022-03-15,INSPIRE earliest_date,NF,中微子前沿,1,NF: Neutrino Properties,nucl-ex,nucl-ex | astro-ph.CO | hep-ex | physics.ins-det,Experimental nuclear physics,实验核物理,neutrino | neutrino mass | sterile neutrino | tritium beta decay | krypton | beyond standard model | neutrino: mass | mass: scale | neutrino: sterile | electron: energy spectrum | KATRIN | sensitivity | tritium | nucleus: semileptonic decay | numerical calculations: Monte Carlo,1,93,73,21.12453358208955,0.21505376344086022,88.64059590316573,88.91992551210429,88.7243947858473,61,60,61,INSPIRE,,2052318,https://inspirehep.net/literature/2052318,https://www.slac.stanford.edu/econf/C210711/papers/2203.08059.pdf
242,arxiv:2204.01178,Key Directions for Research and Development of Superconducting Radio Frequency Cavities,S. Belomestnykh et al.,"Belomestnykh, S. | Posen, S. | Bafia, D. | Balachandran, S. | Bertucci, M. | Burrill, A. | Cano, A. | Checchin, M. | Ciovati, G. | Cooley, L.D. | Semione, G. Dalla Lana | Delayen, J. | Eremeev, G. | Furuta, F. | Gerigk, F. | Giaccone, B. | Gonnella, D. | Grassellino, A. | Gurevich, A. | Hillert, W. | Iavarone, M. | Knobloch, J. | Kubo, T. | Kwok, W.-K. | Laxdal, R. | Lee, P.J. | Liepe, M. | Martinello, M. | Melnychuk, O.S. | Nassiri, A. | Netepenko, A. | Padamsee, H. | Pagani, C. | Paparella, R. | Pudasaini, U. | Reece, C.E. | Reschke, D. | Romanenko, A. | Ross, M. | Saito, K. | Sauls, J. | Seidman, D.N. | Solyak, N. | Sung, Z. | Umemori, K. | Valente-Feliciano, A.-M. | Delsolaro Venturini, W. | Walker, N. | Weise, H. | Welp, U. | Wenskat, M. | Wu, G. | Xi, X.X. | Yakovlev, V. | Yamamoto, A. | Zasadzinski, J.",56,2204.01178,https://arxiv.org/abs/2204.01178,2022,2022-04-03,INSPIRE earliest_date,AF,加速器科学与技术,1,AF: Accelerator Technology - RF,physics.acc-ph,physics.acc-ph,Accelerator science,加速器科学,activity report | cavity: superconductivity | cavity: design | RF system | performance | accelerator: technology,1,17,3,3.90764631843927,0.8235294117647058,55.493482309124765,56.33147113594041,55.74487895716946,238,235,235,INSPIRE,,2062535,https://inspirehep.net/literature/2062535,https://www.slac.stanford.edu/econf/C210711/papers/2204.01178.pdf
243,arxiv:2206.13431,Kinematic Variables and Feature Engineering for Particle Phenomenology,R. Franceschini et al.,"Franceschini, Roberto | Kim, Doojin | Kong, Kyoungchul | Matchev, Konstantin T. | Park, Myeonghun | Shyamsundar, Prasanth",6,2206.13431,https://arxiv.org/abs/2206.13431,2022,2022-06-27,INSPIRE earliest_date,EF | TF,能量前沿 | 理论前沿,2,EF: General - centered on this frontier | TF: Collider Phenomenology,hep-ph,hep-ph | hep-ex,Particle phenomenology,粒子唯象学,kinematics: phase space | new particle | engineering | spin | interpretation of experiments: CERN LHC Coll | background,2,30,16,7.285571808510638,0.4666666666666667,69.6461824953445,71.22905027932961,70.12104283054003,162,155,163,INSPIRE,,2101803,https://inspirehep.net/literature/2101803,https://www.slac.stanford.edu/econf/C210711/papers/2206.13431.pdf
244,arxiv:2204.01860,LANSCE-PSR Short-Pulse Upgrade for Improved Dark Sector Particle Searches with the Coherent Captain Mills Experiment,R. G. Van de Water et al.,"Van de Water, R.G. | Biedron, S.G. | Huang, E.-C. | Hurd, A.J. | Louis, W.C. | Milton, S.V. | Moody, N.A. | deNiverville, P. | Taylor, C.E. | Thornton, R.T. | Fazio, M. | Sosa, S.I. | Schaub, T.J. | Lewellen, J.W.",14,2204.01860,https://arxiv.org/abs/2204.01860,2022,2022-04-04,INSPIRE earliest_date,AF | NF | RPF,加速器科学与技术 | 中微子前沿 | 稀有过程与精密测量,3,AF: Accelerators for Rare Processes and Physics Beyond Colliders | NF: Neutrinos Beyond the Standard Model | RPF: Dark Sector Studies at High Intensities,physics.ins-det,physics.ins-det | hep-ex,Instrumentation and detectors,仪器与探测器,detector: liquid argon | p: beam dump | accelerator: upgrade | p: storage ring | background | costs | Los Alamos Lab,3,7,7,1.610044080604534,0.0,36.312849162011176,37.523277467411546,36.675977653631286,341,336,339,INSPIRE,,2063274,https://inspirehep.net/literature/2063274,https://www.slac.stanford.edu/econf/C210711/papers/2204.01860.pdf
245,arxiv:2203.15902,"Large-Format, Transmission-Line-Coupled Kinetic Inductance Detector Arrays for HEP at Millimeter Wavelengths",P. S. Barry et al.,"Barry, Peter S. | Chang, Clarence.C. | Golwala, Sunil | Shirokoff, Erik",4,2203.15902,https://arxiv.org/abs/2203.15902,2022,2022-03-25,INSPIRE earliest_date,IF,仪器学前沿,1,IF: Radio Detection,physics.ins-det,physics.ins-det | astro-ph.IM | hep-ex,Instrumentation and detectors,仪器与探测器,activity report | detector: technology | detector: superconductivity | electronics: readout | microwaves | costs | fabrication | induction,1,1,0,0.22856695869837299,1.0,4.283054003724395,5.865921787709497,4.757914338919925,514,506,506,INSPIRE,,2060090,https://inspirehep.net/literature/2060090,https://www.slac.stanford.edu/econf/C210711/papers/2203.15902.pdf
246,arxiv:2203.08427,Laser Manipulation of H- Beams,A. Rakhman.,"Rakhman, Abdurahim",1,2203.08427,https://arxiv.org/abs/2203.08427,2022,2022-03-16,INSPIRE earliest_date,AF,加速器科学与技术,1,AF: Accelerators for Neutrinos,physics.acc-ph,physics.acc-ph | nucl-ex,Accelerator science,加速器科学,,1,1,1,0.22728686994399505,0.0,4.283054003724395,5.21415270018622,4.562383612662942,515,509,509,INSPIRE,,2053343,https://inspirehep.net/literature/2053343,https://www.slac.stanford.edu/econf/C210711/papers/2203.08427.pdf
247,arxiv:2203.08981,Laser-Driven Structure-Based Accelerators,R. J. England et al.,"England, R.J. | Filippetto, D. | Torrisi, G. | Bacci, A. | Della Valle, G. | Mascali, D. | Mauro, G.S. | Sorbello, G. | Musumeci, P. | Scheuer, J. | Cowan, B. | Schachter, L. | Huang, Y-C. | Niedermayer, U. | Kimura, W.D. | Li, R. | Ishebeck, R. | Simakov, E.I. | Hommelhoff, P. | Byer, R.L.",20,2203.08981,https://arxiv.org/abs/2203.08981,2022,2022-03-16,INSPIRE earliest_date,AF,加速器科学与技术,1,AF: Advanced Accelerator Concepts,physics.acc-ph,physics.acc-ph,Accelerator science,加速器科学,,1,4,3,0.9091474797759802,0.25,22.998137802607076,23.83612662942272,23.24953445065177,416,410,410,INSPIRE,,2054297,https://inspirehep.net/literature/2054297,https://www.slac.stanford.edu/econf/C210711/papers/2203.08981.pdf
248,arxiv:2207.07641,Lattice QCD and Particle Physics,A. S. Kronfeld et al.,"Kronfeld, Andreas S. | Bhattacharya, Tanmoy | Blum, Thomas | Christ, Norman H. | DeTar, Carleton | Detmold, William | Edwards, Robert | Hasenfratz, Anna | Lin, Huey-Wen | Mukherjee, Swagato | Orginos, Konstantinos | Brower, Richard | Cirigliano, Vincenzo | Davoudi, Zohreh | Jóo, Bálint | Jung, Chulwoo | Lehner, Christoph | Meinel, Stefan | Neil, Ethan T. | Petreczky, Peter | Richards, David G. | Bazavov, Alexei | Catterall, Simon | Dudek, Jozef J. | El-Khadra, Aida X. | Engelhardt, Michael | Fleming, George | Fleming, George T. | Giedt, Joel | Gupta, Rajan | Hansen, Maxwell T. | Izubuchi, Taku | Karsch, Frithjof | Laiho, Jack | Liu, Keh-Fei | Meyer, Aaron S. | Rinaldi, Enrico | Savage, Martin | Schaich, David | Shanahan, Phiala E. | Sharpe, Stephen R. | Sufian, Raza | Syritsyn, Sergey | Van de Water, Ruth S. | Wagman, Michael L. | Weinberg, Evan | Witzel, Oliver | Aubin, Christopher | Boyle, Peter | Chandrasekharan, Shailesh | Cloët, Ian C. | Constantinou, Martha | Cushman, Kimmy | DeGrand, Thomas | Fodor, Zoltan | Foreman, Sam | Gottlieb, Steven | Hoying, Daniel | Jang, Yong-Chull | Jay, William I. | Jin, Xiao-Yong | Kelly, Christopher | Kuti, Julius | Lamm, Henry | Lin, Meifeng | Lin, Yin | Lytle, Andrew T. | Neil, Ethan T. | Orginos, Konstantinos | Mackenzie, Paul | Mandula, Jeffrey | Meurice, Yannick | Monahan, Christopher | Morningstar, Colin | Osborn, James C. | Park, Sungwoo | Simone, James N. | Strelchenko, Alexei | Tomii, Masaaki | Vaquero, Alejandro | Vranas, Pavlos | Wang, Bigeng | Wilcox, Walter | Yoon, Boram | Zhao, Yong",85,2207.07641,https://arxiv.org/abs/2207.07641,2022,2022-07-15,INSPIRE earliest_date,CF | CompF | EF | NF | RPF | TF,宇宙前沿 | 计算前沿 | 能量前沿 | 中微子前沿 | 稀有过程与精密测量 | 理论前沿,6,CF: General - cross-listed: | CompF: Theoretical Calculations and Simulations | EF: General - cross-listed | NF: Neutrino Interaction Cross Sections | RPF: General - centered on this frontier | TF: Lattice Gauge Theory,hep-lat,hep-lat | hep-ex | hep-ph,Lattice gauge theory,格点规范理论,lattice field theory,6,53,24,13.027086137281293,0.5471698113207547,80.54003724394786,82.02979515828677,80.98696461824953,108,97,102,INSPIRE,,2115266,https://inspirehep.net/literature/2115266,https://www.slac.stanford.edu/econf/C210711/papers/2207.07641.pdf
249,arxiv:2204.00039,Lattice QCD and the Computational Frontier,P. Boyle et al.,"Boyle, Peter | Bollweg, Dennis | Brower, Richard | Christ, Norman | DeTar, Carleton | Edwards, Robert | Gottlieb, Steven | Izubuchi, Taku | Joo, Balint | Joswig, Fabian | Jung, Chulwoo | Kelly, Christopher | Kronfeld, Andreas | Lin, Meifeng | Osborn, James | Portelli, Antonin | Richings, James | Yamaguchi, Azusa",18,2204.00039,https://arxiv.org/abs/2204.00039,2022,2022-03-31,INSPIRE earliest_date,CompF | TF,计算前沿 | 理论前沿,2,CompF: Theoretical Calculations and Simulations | TF: Lattice Gauge Theory,hep-lat,hep-lat | physics.comp-ph,Lattice gauge theory,格点规范理论,muon: magnetic moment | computer: technology | new physics: search for | lattice field theory | lattice | heavy quark | electroweak interaction | resolution | scattering,2,29,21,6.653423366834171,0.27586206896551724,68.6219739292365,68.99441340782123,68.73370577281192,169,167,168,INSPIRE,,2061349,https://inspirehep.net/literature/2061349,https://www.slac.stanford.edu/econf/C210711/papers/2204.00039.pdf
250,arxiv:2202.07193,Lattice QCD Calculations of Parton Physics,M. Constantinou et al.,"Constantinou, Martha | Del Debbio, Luigi | Ji, Xiangdong | Lin, Huey-Wen | Liu, Keh-Fei | Monahan, Christopher | Orginos, Kostas | Petreczky, Peter | Qiu, Jian-Wei | Richards, David | Sato, Nobuo | Shanahan, Phiala | Yuan, C.-P. | Zhang, Jian-Hui | Zhao, Yong",15,2202.07193,https://arxiv.org/abs/2202.07193,2022,2022-02-15,INSPIRE earliest_date,CompF | EF | TF,计算前沿 | 能量前沿 | 理论前沿,3,CompF: Theoretical Calculations and Simulations | EF: QCD and Strong Interactions - Hadronic Structure and Forward QCD Processes | TF: Lattice Gauge Theory,hep-lat,hep-lat | hep-ph,Lattice gauge theory,格点规范理论,finite size: effect | hadron: structure | parton: distribution function | lattice field theory | nucleon | lattice | quantum chromodynamics | nuclear physics | renormalization | excited state | generalized parton distribution | transverse momentum dependence | isovector,3,60,34,13.395476772616135,0.43333333333333335,82.30912476722533,82.40223463687151,82.33705772811918,95,95,96,INSPIRE,,2032549,https://inspirehep.net/literature/2032549,https://www.slac.stanford.edu/econf/C210711/papers/2202.07193.pdf
251,arxiv:2203.07654,Leading-Edge Technology And Feasibility-Directed (LEAF) Program Aimed at Readiness Demonstration for Energy Frontier Circular Colliders by the Next Decade,G. Ambrosio et al.,"Ambrosio, G. | Apollinari, G. | Baldini, M. | Carcagno, R. | Boffo, C. | Claypool, B. | Feher, S. | Hays, S. | Hoang, D. | Kashikhin, V. | Kashikhin, V.V. | Krave, S. | Kufer, M. | Lee, J. | Lombardo, V. | Marinozzi, V. | Nobrega, F. | Peng, X. | Piekarz, H. | Shiltsev, V. | Stoynev, S. | Strauss, T. | Tran, N. | Velev, G. | Xu, X. | Zlobin, A. | Amm, K. | Anerella, M. | Yahia, A. Ben | Gupta, R. | Joshi, P. | Parker, B. | Schmalzle, J. | Ferracin, P. | Pong, I. | Prestemon, S. | Wang, X. | Sabbi, G. | Shen, T. | Cooley, L. | Rochester, J. | Sumption, M.D.",42,2203.07654,https://arxiv.org/abs/2203.07654,2022,2022-03-15,INSPIRE earliest_date,AF,加速器科学与技术,1,AF: Accelerator Technology - Magnets,physics.acc-ph,physics.acc-ph,Accelerator science,加速器科学,activity report | muon: storage ring | hadron: storage ring | magnet: design | magnet: technology | costs | accelerator: magnet,1,4,1,0.9085820895522387,0.75,22.998137802607076,22.81191806331471,22.942271880819366,417,417,417,INSPIRE,,2052748,https://inspirehep.net/literature/2052748,https://www.slac.stanford.edu/econf/C210711/papers/2203.07654.pdf
252,arxiv:2207.01851,Lepton-Flavor Violation and Lepton-Flavor-Universality Violation in b and c Decays,"D. Guadagnoli, P. Koppenburg.","Guadagnoli, Diego | Koppenburg, Patrick",2,2207.01851,https://arxiv.org/abs/2207.01851,2022,2022-07-05,INSPIRE earliest_date,RPF,稀有过程与精密测量,1,RPF: Weak Decays of b and c Quarks,hep-ph,hep-ph | hep-ex,Particle phenomenology,粒子唯象学,"heavy mesons | LHCb | symmetries of fundamental interactions | physics beyond the Standard Model | heavy mesons,LHCb,symmetries of fundamental interactions,physics beyond the Standard Model | lepton: universality: violation | lepton: flavor: violation | B: leptonic decay | B: semileptonic decay | B: branching ratio | LHC-B | BELLE | ATLAS | CMS | BES | numerical calculations | new physics",1,21,21,5.127172459893049,0.0,61.452513966480446,63.03538175046555,61.927374301675975,207,199,204,INSPIRE,,2106084,https://inspirehep.net/literature/2106084,https://www.slac.stanford.edu/econf/C210711/papers/2207.01851.pdf
253,arxiv:2203.07048,LHCb Future Dark-Sector Sensitivity Projections for Snowmass 2021,Daniel Craik et al.,"Craik, Daniel | Ilten, Phil | Johnson, Daniel | Williams, Mike",4,2203.07048,https://arxiv.org/abs/2203.07048,2022,2022-03-14,INSPIRE earliest_date,EF | RPF,能量前沿 | 稀有过程与精密测量,2,EF: Beyond the Standard Model - Dark Matter at Colliders | RPF: Dark Sector Studies at High Intensities,hep-ph,hep-ph | hep-ex,Particle phenomenology,粒子唯象学,dark matter | axion-like particles | photon | Higgs particle: interaction | sensitivity | LHC-B | numerical calculations | new physics,2,29,26,6.583126165320074,0.10344827586206896,68.6219739292365,68.52886405959032,68.59404096834264,170,170,171,INSPIRE,,2051164,https://inspirehep.net/literature/2051164,https://www.slac.stanford.edu/econf/C210711/papers/2203.07048.pdf
254,arxiv:2203.08631,Lifestyle and Personal Wellness in Particle Physics Research Activities,T. R. Lewis et al.,,0,2203.08631,https://arxiv.org/abs/2203.08631,2022,,Snowmass proceedings/external record inferred 2022,CEF,社群参与,1,"CEF: Diversity, Equity, and Inclusion",,,Unknown,未分类,,1,,,,,,,,,,,not available,,,,https://www.slac.stanford.edu/econf/C210711/papers/2203.08631.pdf
255,arxiv:2201.04219,Light Dark Matter Detection with Hydrogen-Rich Crystals and Low-Tc TES Detectors,G. Wang et al.,"Wang, G. | Chang, C.L. | Lisovenko, M. | Novosad, V. | Yefremenko, V.G. | Zhang, J.",6,2201.04219,https://arxiv.org/abs/2201.04219,2022,2022-01-11,INSPIRE earliest_date,CF | IF,宇宙前沿 | 仪器学前沿,2,CF: Dark Matter: Particle-like | IF: Quantum Sensors,physics.ins-det,physics.ins-det | hep-ex,Instrumentation and detectors,仪器与探测器,Light dark matter | Infrared photon | Acoustic phonon | Transition-edge sensor | nucleus: scattering | nucleus: recoil | spin: dependence | dark matter: direct detection | crystal | WIMP: dark matter | infrared | hydrogen | detector: design | phonon,2,8,8,1.748653500897666,0.0,39.385474860335194,38.64059590316574,39.162011173184354,329,330,331,INSPIRE,,2009638,https://inspirehep.net/literature/2009638,https://www.slac.stanford.edu/econf/C210711/papers/2201.04219.pdf
256,arxiv:2203.07492,Light Dark Matter Direct Detection at the Interface With Condensed Matter Physics,A. Mitridate et al.,"Mitridate, Andrea | Trickle, Tanner | Zhang, Zhengkang | Zurek, Kathryn M.",4,2203.07492,https://arxiv.org/abs/2203.07492,2022,2022-03-14,INSPIRE earliest_date,CF | TF,宇宙前沿 | 理论前沿,2,CF: Dark Matter: Particle-like | TF: Astro-Particle Physics and Cosmology,hep-ph,hep-ph | astro-ph.CO | cond-mat.mtrl-sci,Particle phenomenology,粒子唯象学,Dark matter | Direct detection | new physics | dark matter: direct detection | dark matter: detector | dark matter: mass | dark matter: interaction | condensed matter | excited state: collective | phonon: interaction | phonon: production | effective field theory,2,50,46,11.350217526413921,0.08,78.95716945996276,78.6778398510242,78.87337057728118,113,115,114,INSPIRE,,2052428,https://inspirehep.net/literature/2052428,https://www.slac.stanford.edu/econf/C210711/papers/2203.07492.pdf
257,arxiv:2203.07323,Light Sterile Neutrino Searches and Related Phenomenology,M. A. Acero et al.,"Acero, M.A. | Argüelles, C.A. | Hostert, M. | Kalra, D. | Karagiorgi, G. | Kelly, K.J. | Littlejohn, B.R. | Machado, P. | Pettus, W. | Toups, M. | Ross-Lonergan, M. | Sousa, A. | Surukuchi, P.T. | Wong, Y.Y.Y. | Abdallah, W. | Abdullahi, A.M. | Akutsu, R. | Alvarez-Ruso, L. | Alves, D.S.M. | Aurisano, A. | Balantekin, A.B. | Berryman, J.M. | Bertólez-Martínez, T. | Brunner, J. | Blennow, M. | Bolognesi, S. | Borusinski, M. | Chen, T.Y. | Cianci, D. | Collin, G. | Conrad, J.M. | Crow, B. | Denton, P.B. | Duvall, M. | Fernández-Martinez, E. | Fong, C.S. | Foppiani, N. | Forero, D.V. | Friend, M. | García-Soto, A. | Giganti, C. | Giunti, C. | Gandhi, R. | Ghosh, M. | Hardin, J. | Heeger, K.M. | Ishitsuka, M. | Izmaylov, A. | Jones, B.J.P. | Jordan, J.R. | Kamp, N.W. | Katori, T. | Kim, S.B. | Koerner, L.W. | Lamoureux, M. | Lasserre, T. | Leach, K.G. | Learned, J. | Li, Y.F. | Link, J.M. | Louis, W.C. | Mahn, K. | Meyers, P.D. | Maricic, J. | Marko, D. | Markoff, D. | Maruyama, T. | Mertens, S. | Minakata, H. | Mocioiu, I. | Mooney, M. | Moulai, M.H. | Nunokawa, H. | Ochoa-Ricoux, J.P. | Oh, Y.M. | Ohlsson, T. | Päs, H. | Pershey, D. | Robertson, R.G.H. | Rosauro-Alcaraz, S. | Rott, C. | Roy, S. | Salvado, J. | Scott, M. | Seo, S.H. | Shaevitz, M.H. | Smiley, M. | Spitz, J. | Stachurska, J. | Tammaro, M. | Thakore, T. | Ternes, C.A. | Thompson, A. | Tseng, S. | Vogelaar, B. | Weiss, T. | Wendell, R.A. | Wilson, R.J. | Wright, T. | Xin, Z. | Yang, B.S. | Yoo, J. | Zennamo, J. | Zettlemoyer, J. | Zornoza, J.D. | Zupan, J. | Ahmad, S. | Arrieta-Diaz, E. | Basto-Gonzalez, V.S. | Bowden, N.S. | Cañas, B.C. | Caratelli, D. | Chang, C.V. | Chen, C. | Classen, T. | Convery, M. | Davies, G.S. | Dennis, S.R. | Djurcic, Z. | Dorrill, R. | Du, Y. | Evans, J.J. | Fahrendholz, U. | Formaggio, J.A. | Foust, B.T. | Gatti, H. Frandini | Garcia-Gamez, D. | Gariazzo, S. | Gehrlein, J. | Grant, C. | Gomes, R.A. | Hansell, A.B. | Halzen, F. | Ho, S. | Zink, J. Hoefken | Jones, R.S. | Kunkle, P. | Li, J.-Y. | Li, S.C. | Luo, X. | Malyshkin, Yu. | Martoff, C.J. | Massaro, D. | Mastbaum, A. | Mohanta, R. | Mumm, H.P. | Nebot-Guinot, M. | Neilson, R. | Ni, K. | Nieves, J. | Orebi Gann, G.D. | Pandey, V. | Pascoli, S. | Paz, G. | Petrov, A.A. | Qian, X. | Rajaoalisoa, M. | Razafinime, S.H. | Roca, C. | Ron, G. | Roskovec, B. | Saul-Sala, E. | Saldaña, L. | Schmitz, D.W. | Scholberg, K. | Shakya, B. | Slocum, P.L. | Snider, E.L. | Steiger, H.Th.J. | Steklain, A.F. | Stock, M.R. | Sutanto, F. | Takhistov, V. | Tayloe, R. | Tsai, Y.-D. | Tsai, Y.-T. | Venegas-Vargas, D. | Wallbank, M. | Wang, E. | Weatherly, P. | Westerdale, S. | Worcester, E. | Wu, W. | Yang, G. | Zamorano, B.",185,2203.07323,https://arxiv.org/abs/2203.07323,2022,2022-03-14,INSPIRE earliest_date,NF,中微子前沿,1,NF: Sterile Neutrinos,hep-ex,hep-ex | astro-ph.CO | hep-ph | physics.ins-det,Experimental particle physics,实验粒子物理,neutrino physics | light sterile neutrino | experimental neutrino anomalies | new physics: signature | neutrino: sterile | anomaly | nuclear reactor | sensitivity | fluid | statistical analysis | thrust | resolution | data management | data analysis method,1,153,83,34.7316656308266,0.45751633986928103,93.94785847299813,94.1340782122905,94.00372439478585,33,32,34,INSPIRE,,2051352,https://inspirehep.net/literature/2051352,https://www.slac.stanford.edu/econf/C210711/papers/2203.07323.pdf
258,arxiv:2203.14347,Light-Weight and Highly Thermally Conductive Support Structures for Future Tracking Detectors,E. Anderssen et al.,"Anderssen, Eric | Jung, Andreas Werner | Karmarkar, Sushrut | Koshy, Abraham Matthew",4,2203.14347,https://arxiv.org/abs/2203.14347,2022,2022-03-27,INSPIRE earliest_date,IF,仪器学前沿,1,IF: Solid State Detectors and Tracking,physics.ins-det,physics.ins-det,Instrumentation and detectors,仪器与探测器,activity report | muon: storage ring | CMS: upgrade | performance | mechanics | tracking detector | mechanical engineering | fabrication | detector: design,1,2,1,0.45770676691729323,0.5,9.776536312849162,11.266294227188082,10.223463687150836,482,477,477,INSPIRE,,2059177,https://inspirehep.net/literature/2059177,https://www.slac.stanford.edu/econf/C210711/papers/2203.14347.pdf
259,arxiv:2203.08366,Linear Collider Based on Laser-Plasma Accelerators,C. Benedetti et al.,"Schroeder, C.B. | Albert, F. | Benedetti, C. | Bromage, J. | Bruhwiler, D. | Bulanov, S.S. | Campbell, E.M. | Cook, N.M. | Cros, B. | Downer, M.C. | Esarey, E. | Froula, D.H. | Fuchs, M. | Geddes, C.G.R. | Gessner, S.J. | Gonsalves, A.J. | Hogan, M.J. | Hooker, S.M. | Huebl, A. | Jing, C. | Joshi, C. | Krushelnick, K. | Leemans, W.P. | Lehe, R. | Maier, A.R. | Milchberg, H.M. | Mori, W.B. | Nakamura, K. | Osterhoff, J. | Palastro, J.P. | Palmer, M. | Poder, K. | Power, J.G. | Shadwick, B.A. | Terzani, D. | Thevenet, M. | Thomas, A.G.R. | van Tilborg, J. | Turner, M. | Vafaei-Najafabadi, N. | Vay, J.-L. | Zhou, T. | Zuegel, J.",43,2203.08366,https://arxiv.org/abs/2203.08366,2022,2022-03-15,INSPIRE earliest_date,AF,加速器科学与技术,1,AF: Advanced Accelerator Concepts,physics.acc-ph,physics.acc-ph,Accelerator science,加速器科学,"Accelerator Applications | Wake-field acceleration (laser-driven, electron-driven)",1,45,18,10.221548507462686,0.6,77.37430167597765,77.09497206703911,77.29050279329608,121,124,123,INSPIRE,,2053625,https://inspirehep.net/literature/2053625,https://www.slac.stanford.edu/econf/C210711/papers/2203.08366.pdf
260,arxiv:2107.13581,Longitudinally Polarized ZZ Scattering at the Muon Collider,T. Yang et al.,"Yang, Tianyi | Qian, Sitian | Guan, Zhe | Li, Congqiao | Meng, Fanqiang | Xiao, Jie | Lu, Meng | Li, Qiang",8,2107.13581,https://arxiv.org/abs/2107.13581,2021,2021-07-28,INSPIRE earliest_date,EF,能量前沿,1,EF: Electroweak Precision Physics and Constraining New Physics,hep-ph,hep-ph | hep-ex,Particle phenomenology,粒子唯象学,muon: storage ring | muon+ muon-: colliding beams | muon+ muon-: linear collider | vector boson: scattering | Z0 Z0: scattering | Z0: longitudinal | Z0: polarization | numerical calculations: Monte Carlo | Z0 Z0 --> 2 lepton 2 antilepton,1,10,6,1.9872143634385202,0.4,44.134078212290504,41.62011173184357,43.37988826815642,303,314,305,INSPIRE,,1895129,https://inspirehep.net/literature/1895129,https://www.slac.stanford.edu/econf/C210711/papers/2107.13581.pdf
261,arxiv:2203.08821,Low Background kTon-Scale Liquid Argon Time Projection Chambers,A. Avasthi et al.,"Avasthi, A. | Bezerra, T. | Borkum, A. | Church, E. | Genovesi, J. | Haiston, J. | Jackson, C.M. | Lazanu, I. | Monreal, B. | Munson, S. | Ortiz, C. | Parvu, M. | Peeters, S.J.M. | Pershey, D. | Poudel, S.S. | Reichenbacher, J. | Saldanha, R. | Scholberg, K. | Sinev, G. | Zennamo, J. | Back, H.O. | Beacom, J.F. | Capozzi, F. | Cuesta, C. | Djurcic, Z. | Ezeribe, A.C. | Gil-Botella, I. | Li, S.W. | Mooney, M. | Sorel, M. | Westerdale, S.",31,2203.08821,https://arxiv.org/abs/2203.08821,2022,2022-03-16,INSPIRE earliest_date,CF | IF | NF | UF,宇宙前沿 | 仪器学前沿 | 中微子前沿 | 地下设施与基础设施,4,CF: Dark Matter: Particle-like | IF: Noble Element-Based Detectors | NF: Neutrino Detectors | UF: Underground Facilities for Neutrinos,physics.ins-det,physics.ins-det | hep-ex,Instrumentation and detectors,仪器与探测器,activity report | background: low | time projection chamber: liquid argon | double-beta decay: (0neutrino) | neutrino: solar | sensitivity | dark matter: detector,4,18,9,4.091163658991911,0.5,57.635009310986966,57.82122905027933,57.69087523277467,227,227,227,INSPIRE,,2054088,https://inspirehep.net/literature/2054088,https://www.slac.stanford.edu/econf/C210711/papers/2203.08821.pdf
262,arxiv:2203.00740,Low-Energy Physics in Neutrino LArTPCs,D. Caratelli et al.,"Caratelli, D. | Foreman, W. | Friedland, A. | Gardiner, S. | Gil-Botella, I. | Karagiorgi, G. | Kirby, M. | Lehmann Miotto, G. | Littlejohn, B.R. | Mooney, M. | Reichenbacher, J. | Sousa, A. | Scholberg, K. | Yu, J. | Yang, T. | Asaadi, J. | Bezerra, T.J.C. | Capozzi, F. | Cavanna, F. | Church, E. | Himmel, A. | Junk, T. | Klein, J. | Lepetic, I. | Li, S. | Sala, P. | Schellman, H. | Sorel, M. | Wang, J. | Wang, M.H.L.S. | Wu, W. | Zennamo, J. | Adames, M.R. | Amar, H. | Andrade, D.A. | Andreopoulos, C. | Ankowski, A.M. | Arroyave, M.A. | Aushev, V. | Ayala-Torres, M.A. | Baldi, P. | Backhouse, C. | Balantekin, A.B. | Barkhouse, W.A. | Barham Alzás, P. | Barrow, J.L. | Battat, J.B.R. | Bazetto, M.C.Q. | Beacom, J.F. | Behera, B. | Bellettini, G. | Berger, J. | Bezerra, A.T. | Bian, J. | Bilki, B. | Bles, B. | Bolton, T. | Bomben, L. | Bonesini, M. | Bonilla-Diaz, C. | Boran, F. | Borkum, A.N. | Bostan, N. | Brailsford, D. | Branca, A. | Brunetti, G. | Cai, T. | Chappell, A. | Charitonidis, N. | Cintra, P.H.P. | Conley, E. | Coan, T.E. | Cova, P. | Cremaldi, L.M. | Crespo-Anadón, J.I. | Cuesta, C. | Cui, Y. | Dallavalle, R. | Davies, G.S. | De, S. | Dedin Neto, P. | Delgado, M. | Delmonte, N. | Denton, P.B. | De Roeck, A. | Dharmapalan, R. | Djurcic, Z. | Dolek, F. | Doran, S. | Dorrill, R. | Duffy, K.E. | Dutta, B. | Dvornikov, O. | Edayath, S. | Evans, J.J. | Ezeribe, A.C. | Falcone, A. | Fani, M. | Felix, J. | Feng, Y. | Fields, L. | Filip, P. | Fiorillo, G. | Franco, D. | Garcia-Gamez, D. | Giri, A. | Gogota, O. | Gollapinni, S. | Goodman, M. | Gramellini, E. | Gran, R. | Granger, P. | Grant, C. | Greenberg, S.E. | Groh, M. | Guenette, R. | Guffanti, D. | Harris, D.A. | Hatzikoutelis, A. | Heeger, K.M. | Morquecho, M. Hernandez | Herner, K. | Ho, J. | Holanda, P.C. | Ilic, N. | Jackson, C.M. | Jang, W. | Janka, H.-Th. | Jo, J.H. | Joaquim, F.R. | Jones, R.S. | Jovančević, N. | Jwa, Y.-J. | Kalra, D. | Kaplan, D.M. | Katsioulas, I. | Kearns, E. | Kelly, K.J. | Kemp, E. | Ketchum, W. | Kish, A. | Koerner, L.W. | Kosc, T. | Kothekar, K. | Kreslo, I. | Kubota, S. | Kudryavtsev, V.A. | Kumar, P. | Kutter, T. | Kvasnicka, J. | Lazanu, I. | LeCompte, T. | Li, Y. | Liu, Y. | Lokajicek, M. | Louis, W.C. | Luk, K.B. | Luo, X. | Machado, P.A.N. | Machulin, I.M. | Mahn, K. | Man, M. | Mandujano, R.C. | Maneira, J. | Corchado, S. Manthey | Marchionni, A. | Marfatia, D. | Maricic, J. | Marinho, F. | Mariani, C. | Marshall, C.M. | López, F. Martínez | Martinez Caicedo, D.A. | Mastbaum, A. | Matheny, M. | McConkey, N. | Mehta, P. | Messer, O.E.B. | Minotti, A. | Miranda, O.G. | Mishra, P. | Mocioiu, I. | Mogan, A. | Mohanta, R. | Mohayai, T. | Montanari, C. | Montano Zetina, L.M. | Moor, A.F. | Moretti, D. | Moura, C.A. | Mualem, L.M. | Nachtman, J. | Narita, S. | Navrer-Agasson, A. | Nebot-Guinot, M. | Newby, J. | Nikolov, J. | Nowak, J.A. | Ochoa-Ricoux, J.P. | O'Connor, E. | Onel, Y. | Onishchuk, Y. | Orebi Gann, G.D. | Pandey, V. | Parozzi, E.G. | Parveen, S. | Parvu, M. | Patterson, R.B. | Paulucci, L. | Pec, V. | Peeters, S.J.M. | Pompa, F. | Poonthottathil, N. | Poudel, S.S. | Psihas, F. | Rafique, A. | Rajaoalisoa, M. | Ramson, B.J. | Razafinime, S.H. | Real, J.S. | Rikalo, A. | Ross-Lonergan, M. | Russell, B. | Sacerdoti, S. | Sahoo, S.K. | Sahu, N. | Sanders, D.A. | Santoro, D. | Santos, M.V. | Schmitz, D.W. | Senise, Jr.C.R. | Shanahan, P.N. | Sharma, H.R. | Sharma, R.K. | Shi, W. | Shin, S. | Singh, J. | Nagu, S. | Singh, L. | Singh, P. | Singh, V. | Soderberg, M. | Solano Salinas, C.J. | Spurgeon, C. | Spurgeon, K. | Steklain, A.F. | Stocker, F. | Stokes, T. | Strait, J. | Strait, M. | Strauss, T. | Suter, L. | Svoboda, R. | Szelc, A.M. | Szydagis, M. | Tarpara, E. | Tatar, E. | Terranova, F. | Testera, G. | Chithirasree, N. | Todorović, N. | Tonazzo, A. | Torti, M. | Tortorici, F. | Toups, M. | Tran, D.Q. | Travar, M. | Tsai, Y.-D. | Tsai, Y.-T. | Tu, S.Z. | Urheim, J. | Utaegbulam, H. | Valder, S. | Valdiviesso, G.A. | Valentim, R. | Vergani, S. | Viren, B. | Vraničar, A. | Wang, B. | Waters, D. | Weatherly, P. | Weber, M. | Wei, H. | Wenzel, H. | Westerdale, S. | Whitehead, L.H. | Whittington, D. | Wilkinson, A. | Wilson, R.J. | Worcester, M. | Wresilo, K. | Yaeggy, B. | Yang, G. | Zalesak, J. | Zamorano, B. | Zuklin, J.",296,2203.00740,https://arxiv.org/abs/2203.00740,2022,2022-03-01,INSPIRE earliest_date,IF | NF,仪器学前沿 | 中微子前沿,2,IF: Noble Element-Based Detectors | NF: Neutrino Detectors,physics.ins-det,physics.ins-det | hep-ex,Instrumentation and detectors,仪器与探测器,activity report | neutrino: detector | time projection chamber: liquid argon | sensitivity | data acquisition | background | nuclear physics | detector: technology | xenon: admixture | supernova | burst | calibration,2,42,8,9.457768187422936,0.8095238095238095,76.0707635009311,76.0707635009311,76.0707635009311,129,129,129,INSPIRE,,2043497,https://inspirehep.net/literature/2043497,https://www.slac.stanford.edu/econf/C210711/papers/2203.00740.pdf
263,arxiv:2203.08056,Machine Learning and Cosmology,C. Dvorkin et al.,"Dvorkin, Cora | Mishra-Sharma, Siddharth | Nord, Brian | Villar, V. Ashley | Avestruz, Camille | Bechtol, Keith | Ćiprijanović, Aleksandra | Connolly, Andrew J. | Garrison, Lehman H. | Narayan, Gautham | Villaescusa-Navarro, Francisco",11,2203.08056,https://arxiv.org/abs/2203.08056,2022,2022-03-15,INSPIRE earliest_date,CF | CompF,宇宙前沿 | 计算前沿,2,CF: Dark Matter: Cosmic Probes | CompF: Machine Learning,hep-ph,hep-ph | astro-ph.CO | astro-ph.IM | cs.LG | stat.ML,Particle phenomenology,粒子唯象学,cosmological model | computer: technology | programming | data analysis method | artificial intelligence,2,31,25,7.04151119402985,0.1935483870967742,70.39106145251397,70.48417132216015,70.41899441340782,159,159,159,INSPIRE,,2052713,https://inspirehep.net/literature/2052713,https://www.slac.stanford.edu/econf/C210711/papers/2203.08056.pdf
264,arxiv:2203.07154,Materials for Future Calorimeters,"M. Yeh, R.-Y. Zhu.","Yeh, Minfang | Zhu, Ren-Yuan | Demarteau, Marcel | Eno, Sarah | Hitlin, David | Porter, Frank | Rosero, Richard | Ruchti, Randy | Wang, Jui-Jen",9,2203.07154,https://arxiv.org/abs/2203.07154,2022,2022-03-14,INSPIRE earliest_date,IF,仪器学前沿,1,IF: Calorimetry,physics.ins-det,physics.ins-det | hep-ex,Instrumentation and detectors,仪器与探测器,X-ray: imaging | radiation: damage | calorimeter | nuclear physics | wavelength shifter | liquid | scintillation counter | costs | medicine | time-of-flight,1,3,3,0.6810130515848353,0.0,16.480446927374302,15.270018621973929,16.11731843575419,449,455,456,INSPIRE,,2051108,https://inspirehep.net/literature/2051108,https://www.slac.stanford.edu/econf/C210711/papers/2203.07154.pdf
265,arxiv:2203.07944,Measurement of ALR using Radiative REturn at ILC 250,T. Mizuno et al.,"Mizuno, Takahiro | Fujii, Keisuke | Tian, Junping",3,2203.07944,https://arxiv.org/abs/2203.07944,2022,2022-03-15,INSPIRE earliest_date,EF,能量前沿,1,EF: Electroweak Precision Physics and Constraining New Physics,hep-ex,hep-ex,Experimental particle physics,实验粒子物理,electron positron: annihilation | electron positron: colliding beams | electron: polarized beam | positron: polarized beam | production: asymmetry | angular distribution: asymmetry | error: statistical | scale: TeV | beam: polarization | ILC Coll | linear collider | SLAC SLC Linac | efficiency | new physics: search for | sensitivity | numerical calculations: Monte Carlo | proposed experiment | 250 GeV-cms,1,6,3,1.362873134328358,0.5,32.49534450651769,32.49534450651769,32.49534450651769,364,362,363,INSPIRE,,2052490,https://inspirehep.net/literature/2052490,https://www.slac.stanford.edu/econf/C210711/papers/2203.07944.pdf
266,arxiv:2203.06819,Measuring the CP properties of the Higgs Sector at Electron-Positron Colliders,I. Božović-Jelisavucić et al.,"Božović-Jelisavucić, I. | Vukausinović, N. | Jeans, D.",3,2203.06819,https://arxiv.org/abs/2203.06819,2022,2022-03-13,INSPIRE earliest_date,EF,能量前沿,1,EF: Higgs Boson Properties and Couplings,hep-ex,hep-ex | hep-ph,Experimental particle physics,实验粒子物理,electron positron: colliding beams | symmetry: CP | CP: violation | electron positron: annihilation | baryogenesis | Higgs particle: leptonic decay | tau: pair production | Z0 Z0: fusion | ILC Coll | linear collider | CERN CLIC | mixing | Higgs-factory | sensitivity | numerical calculations: Monte Carlo | proposed experiment,1,1,0,0.22686335403726707,1.0,4.283054003724395,3.258845437616387,3.975791433891992,516,520,520,INSPIRE,,2051089,https://inspirehep.net/literature/2051089,https://www.slac.stanford.edu/econf/C210711/papers/2203.06819.pdf
267,arxiv:2203.07572,Measuring the Electron Neutrino Mass using the Electron Capture Decay of 163Ho,J. Ullom et al.,"Ullom, Joel | Schmidt, Daniel | Bandler, Simon | Stevenson, Thomas | Croce, Mark | Koehler, Katrina | De Gerone, Matteo | Gastaldo, Loredana | Enss, Christian | Kim, Geonbo | Nucciotti, Angelo | Ragazzi, Stefano | Leach, Kyle | Parno, Diana | Mong, Brian | Frisch, Josef | Kenney, Christopher",17,2203.07572,https://arxiv.org/abs/2203.07572,2022,2022-03-14,INSPIRE earliest_date,IF | NF,仪器学前沿 | 中微子前沿,2,IF: Quantum Sensors | NF: Neutrino Properties,nucl-ex,nucl-ex | hep-ph | physics.ins-det,Experimental nuclear physics,实验核物理,neutrino: mass | electron: capture | neutrino: mass: hierarchy | neutrino: mass difference | kinematics | calorimeter | holmium | new physics,2,5,2,1.1350217526413922,0.6,28.212290502793294,27.467411545623836,27.988826815642454,387,390,391,INSPIRE,,2052377,https://inspirehep.net/literature/2052377,https://www.slac.stanford.edu/econf/C210711/papers/2203.07572.pdf
268,arxiv:2004.00580,Measuring the Neutrino Event Time in Liquid Argon by a Post-Reconstruction One-parameter Fit,E. Angelico et al.,"Angelico, Evan | Elagin, Andrey | Frisch, Henry J. | Wetstein, Matthew",4,2004.00580,https://arxiv.org/abs/2004.00580,2020,2020-04-01,INSPIRE earliest_date,IF | NF,仪器学前沿 | 中微子前沿,2,IF: Noble Element-Based Detectors | NF: Neutrino Detectors,physics.ins-det,physics.ins-det | hep-ex,Instrumentation and detectors,仪器与探测器,neutrino: detector | calibration | photon: detector | time projection chamber: liquid argon | data analysis method | numerical calculations: Monte Carlo | performance,2,2,2,0.3147350280051702,0.0,9.776536312849162,6.610800744878957,8.8268156424581,483,502,502,INSPIRE,,1789225,https://inspirehep.net/literature/1789225,https://www.slac.stanford.edu/econf/C210711/papers/2004.00580.pdf
269,arxiv:2203.07668,Measuring the Tau Polarization at ILC,"K. Yumino, D. Jeans.","Yumino, Keita | Jeans, Daniel",2,2203.07668,https://arxiv.org/abs/2203.07668,2022,2022-03-15,INSPIRE earliest_date,EF,能量前沿,1,EF: Electroweak Precision Physics and Constraining New Physics,hep-ex,hep-ex | hep-ph,Experimental particle physics,实验粒子物理,electron positron: colliding beams | tau: pair production | tau: polarization | tau: momentum | beam: polarization | radiation: initial-state interaction | ILC Coll | linear collider | electron positron: annihilation | impact parameter | initial state | sensitivity | charged particle | tracks | track data analysis | data analysis method | proposed experiment,1,6,2,1.362873134328358,0.6666666666666666,32.49534450651769,32.49534450651769,32.49534450651769,365,363,364,INSPIRE,,2052592,https://inspirehep.net/literature/2052592,https://www.slac.stanford.edu/econf/C210711/papers/2203.07668.pdf
270,arxiv:2203.07371,Medium-Grain Niobium SRF Cavity Production Technology for Science Frontiers and Accelerator Applications,G. Myneni et al.,"Myneni, G. | Hani E. Elsayed-Ali | Islam, Md Obidul | Sayeed, Md Nizam | Ciovati, G. | Dhakal, P. | Rimmer, R.A. | Carl, M. | Fajardo, A. | Lannoy, N. | Khanal, B.D. | Dohmae, T. | Kumar, A. | Saeki, T. | Umemori, K. | Yamanaka, M. | Michizono, S. | Yamamoto, A.",18,2203.07371,https://arxiv.org/abs/2203.07371,2022,2022-03-11,INSPIRE earliest_date,AF,加速器科学与技术,1,AF: Accelerator Technology - RF,physics.acc-ph,physics.acc-ph,Accelerator science,加速器科学,Acceleration cavities and superconducting magnets (high-temperature superconductor | radiation hardened magnets | normal-conducting | permanent magnet devices | wigglers and undulators) | Accelerator Applications | cavity: superconductivity | niobium | stability | fabrication,1,11,4,2.4924007444168734,0.6363636363636364,46.2756052141527,46.089385474860336,46.219739292364984,289,290,290,INSPIRE,,2653913,https://inspirehep.net/literature/2653913,https://www.slac.stanford.edu/econf/C210711/papers/2203.07371.pdf
271,arxiv:2203.06309,Micro Pattern Gaseous Detectors for Nuclear Physics,F. Barbosa et al.,"Barbosa, Fernando | Bazin, Daniel | Bossú, Francesco | Cortesi, Marco | Torre, Silvia Dalla | Furletov, Sergey | Furletova, Yulia | Gueye, Paul | Gnanvo, Kondo | Hohlmann, Marcus | Mittig, Wolfgang | Neyret, Damien | Posik, Matthiew | Wrede, Christopher",14,2203.06309,https://arxiv.org/abs/2203.06309,2022,2022-03-11,INSPIRE earliest_date,IF,仪器学前沿,1,IF: Micro Pattern Gas Detectors,physics.ins-det,physics.ins-det | nucl-ex,Instrumentation and detectors,仪器与探测器,,1,3,2,0.6797456575682381,0.3333333333333333,16.480446927374302,13.873370577281191,15.698324022346368,450,463,464,INSPIRE,,2050852,https://inspirehep.net/literature/2050852,https://www.slac.stanford.edu/econf/C210711/papers/2203.06309.pdf
272,arxiv:2203.04981,Micro- and Macro-Structure of Black Holes,I. Bena et al.,"Bena, Iosif | Martinec, Emil J. | Mathur, Samir D. | Warner, Nicholas P.",4,2203.04981,https://arxiv.org/abs/2203.04981,2022,2022-03-09,INSPIRE earliest_date,TF,理论前沿,1,"TF: String Theory, Quantum Gravity, and Black Holes",hep-th,hep-th,Formal theory / quantum gravity,形式理论与量子引力,sphere: fuzzy | black hole: information theory | string model | geometry | microstate | gravitation | string | quantum gravity | horizon | singularity | resolution,1,70,56,15.841078066914497,0.2,84.72998137802607,84.63687150837988,84.7020484171322,83,83,83,INSPIRE,,2049605,https://inspirehep.net/literature/2049605,https://www.slac.stanford.edu/econf/C210711/papers/2203.04981.pdf
273,arxiv:2202.11578,Mini-Review: Expectations for Supersymmetry from the String Landscape,H. Baer et al.,"Baer, Howard | Barger, Vernon | Salam, Shadman | Sengupta, Dibyashree",4,2202.11578,https://arxiv.org/abs/2202.11578,2022,2022-02-23,INSPIRE earliest_date,EF | TF,能量前沿 | 理论前沿,2,EF: Beyond the Standard Model - Model Specific Explorations | TF: Beyond-Standard-Model Model Building,hep-ph,hep-ph,Particle phenomenology,粒子唯象学,supersymmetry: symmetry breaking | string: compactification | scale: electroweak interaction | energy: low | Higgs particle: mass | string model: landscape | scale: TeV | interpretation of experiments: CERN LHC Coll | sparticle | anthropic principle | dark matter: density | minimal supersymmetric standard model | WIMP | same sign | admixture | effective field theory | axion,2,9,4,2.019195331695332,0.5555555555555556,41.71322160148976,42.08566108007449,41.82495344506518,312,311,314,INSPIRE,,2037018,https://inspirehep.net/literature/2037018,https://www.slac.stanford.edu/econf/C210711/papers/2202.11578.pdf
274,arxiv:2209.03303,Model-Agnostic Exploration of the Mass Reach of Precision Higgs Boson Coupling Measurements,M. E. Peskin.,"Peskin, Michael E.",1,2209.03303,https://arxiv.org/abs/2209.03303,2022,2022-09-07,INSPIRE earliest_date,EF,能量前沿,1,EF: Higgs Boson as a Portal to New Physics,hep-ph,hep-ph | hep-ex,Particle phenomenology,粒子唯象学,Higgs particle: coupling | CERN LHC Coll: upgrade | numerical calculations | new particle,1,5,3,1.275314245810056,0.4,28.212290502793294,30.16759776536313,28.798882681564244,388,375,376,INSPIRE,,2148154,https://inspirehep.net/literature/2148154,https://www.slac.stanford.edu/econf/C210711/papers/2209.03303.pdf
275,arxiv:2103.10217,Model-Independent Searches for New Physics in Multi-Body Invariant Masses,S. V. Chekanov et al.,"Chekanov, Sergei | Darmora, Smita | Islam, Wasikul | Wagner, Carlos E.M. | Zhang, Jinlong",5,2103.10217,https://arxiv.org/abs/2103.10217,2021,2021-03-18,INSPIRE earliest_date,EF | TF,能量前沿 | 理论前沿,2,EF: Beyond the Standard Model - More General Explorations | TF: Collider Phenomenology,hep-ph,hep-ph,Particle phenomenology,粒子唯象学,beyond the Standard Model (BSM) | invariant mass | jets | leptons | large hadron collider (LHC) | new physics: search for | jet: mass | lepton | signature | photon,2,6,2,1.1124365482233503,0.6666666666666666,32.49534450651769,26.350093109869647,30.651769087523277,366,396,374,INSPIRE,,1852327,https://inspirehep.net/literature/1852327,https://www.slac.stanford.edu/econf/C210711/papers/2103.10217.pdf
276,arxiv:2203.04714,Modeling Needs for High Power Target,C. Barbier et al.,"Barbier, Charlotte | Bidhar, Sujit | Calviani, Marco | Dooling, Jeff | Gao, Jian | Jacques, Aaron | Lu, Wei | Voti, Roberto Li | Pellemoine, Frederique | Mach, Justin | Senor, David | Sordo, Fernando | Szlufarska, Izabela | Tipton, Joseph | Wilcox, Dan | Winder, Drew",16,2203.04714,https://arxiv.org/abs/2203.04714,2022,2022-03-09,INSPIRE earliest_date,AF,加速器科学与技术,1,AF: Accelerator Technology - Targets and Sources,physics.acc-ph,physics.acc-ph,Accelerator science,加速器科学,,1,5,1,1.1315055762081785,0.8,28.212290502793294,26.90875232774674,27.821229050279324,389,393,394,INSPIRE,,2049104,https://inspirehep.net/literature/2049104,https://www.slac.stanford.edu/econf/C210711/papers/2203.04714.pdf
277,arxiv:2203.07700,"Modeling, Statistics, Simulations, and Computing Needs for Direct Dark Matter Detection",Y. Kahn et al.,"Kahn, Yonatan | Monzani, Maria Elena | Palladino, Kimberly J. | Anderson, Tyler | Bard, Deborah | Baxter, Daniel | Buuck, Micah | Cartaro, Concetta | Collar, Juan I. | Diamond, Miriam | Fan, Alden | Knapen, Simon | Kravitz, Scott | Lang, Rafael F. | Nachman, Benjamin | Samblas, Ibles Olcina | Ostrovskiy, Igor | Parikh, Aditya | Riffard, Quentin | Roberts, Amy | Stifter, Kelly | Szydagis, Matthew | Tunnell, Christopher | von Krosigk, Belina | Wright, Dennis | Yu, Tien-Tien | Akerib, Dan | Bunker, Ray | Chen, Thomas Y. | Gelmini, Graciela B. | Kim, Doojin | Park, Jong-Chul | Saab, Tarek | Singh, Rajeev | Su, Shufang | Tsai, Yu-Dai | Westerdale, Shawn",37,2203.07700,https://arxiv.org/abs/2203.07700,2022,2022-03-15,INSPIRE earliest_date,CF | CompF,宇宙前沿 | 计算前沿,2,CF: Dark Matter: Particle-like | CompF: General - centered on this frontier:,hep-ex,hep-ex | physics.comp-ph | physics.data-an,Experimental particle physics,实验粒子物理,dark matter: direct detection | statistics | statistical analysis | data analysis method | numerical calculations: Monte Carlo,2,11,6,2.4986007462686564,0.45454545454545453,46.2756052141527,46.554934823091244,46.359404096834254,290,288,288,INSPIRE,,2052506,https://inspirehep.net/literature/2052506,https://www.slac.stanford.edu/econf/C210711/papers/2203.07700.pdf
278,arxiv:2003.09084,Modern and Future Colliders,"V. Shiltsev, F. Zimmermann","Shiltsev, Vladimir | Zimmermann, Frank",2,2003.09084,https://arxiv.org/abs/2003.09084,2019,2019,INSPIRE earliest_date,AF,加速器科学与技术,1,AF: General - centered on this frontier,physics.acc-ph,physics.acc-ph | hep-ex | nucl-ex,Accelerator science,加速器科学,Particle-beam physics | activity report | accelerator: technology | accelerator: design | colliding beams | history,1,181,153,23.806355779618293,0.15469613259668508,96.18249534450652,90.40968342644321,94.45065176908751,21,52,30,INSPIRE,,1764966,https://inspirehep.net/literature/1764966,https://www.slac.stanford.edu/econf/C210711/papers/2003.09084.pdf
279,arxiv:2209.03988,"MoEDAL-MAPP, an LHC Dedicated Detector Search Facility",J. Pinfold.,"Acharya, B. | Alexandre, J. | Benes, P. | Bergmann, B. | Bertolucci, S. | Bevan, A. | Branzas, H. | Burian, P. | Campbell, M. | Cecchini, S. | Cho, Y.M. | de Montigny, M. | De Roeck, A. | Ellis, J.R. | Sawy, M. El | Fairbairn, M. | Felea, D. | Frank, M. | Hays, J. | Hirt, A.M. | Hung, P.Q. | Janecek, J. | Kalliokoski, M. | Korzenev, A. | Lacarrere, D.H. | Leroy, C. | Levi, G. | Lionti, A. | Margiotta, A. | lek, R. Mase | Maulik, A. | Mauri, N. | Mavromatos, N.E. | Mieskolainen, M. | Millward, L. | Mitsou, V.A. | Musumeci, E. | Orava, R. | Ostrovskiy, I. | Ouimet, P.-P. | Papavassiliou, J. | Patrizii, L. | P˘av˘ala¸s, G.E. | Pinfold, J.L. | Popa, L.A. | Popa, V. | Pozzato, M. | Pospisil, S. | Rajantie, A. | de Austri, R. Ruiz | Sahnoun, Z. | Sakellariadou, M. | Sakurai, K. | Santra, A. | Sarkar, S. | Semenoff, G. | Shaa, A. | Sirri, G. | Sliwa, K. | Soluk, R. | Spurio, M. | Staelens, M. | Suk, M. | Tenti, M. | Togo, V. | Tuszy´nski, J.A. | Upreti, A. | Vento, V. | Vives, O.",69,2209.03988,https://arxiv.org/abs/2209.03988,2022,2022-09-08,INSPIRE earliest_date,EF,能量前沿,1,EF: Beyond the Standard Model - More General Explorations,hep-ph,hep-ph | hep-ex,Particle phenomenology,粒子唯象学,new physics | MOEDAL | CERN Lab | CERN LHC Coll: upgrade | luminosity: high | p p: scattering | heavy ion: scattering | new particle: production | charged particle: detector | charged particle: long-lived,1,46,28,11.741090146750524,0.391304347826087,78.02607076350093,79.60893854748603,78.50093109869646,119,110,117,INSPIRE,,2149546,https://inspirehep.net/literature/2149546,https://www.slac.stanford.edu/econf/C210711/papers/2209.03988.pdf
280,arxiv:2203.07626,Monolithic Active Pixel Sensors on CMOS technologies,N. Apadula et al.,"Apadula, Nicole | Armstrong, Whitney | Brau, James | Breidenbach, Martin | Caputo, R. | Carinii, Gabriella | Collu, Alberto | Demarteau, Marcel | Deptuch, Grzegorz | Dragone, Angelo | Giacomini, Gabriele | Grace, Carl | Graf, Norman | Greiner, Leo | Herbst, Ryan | Haller, Gunther | Jadhav, Manoj | Joosten, Sylvester | Kenney, Christopher J. | Kierans, C. | Kim, Jihee | Markiewicz, Thomas | Mei, Yuan | Metcalfe, Jessica | Meziani, Zein-Eddine | Nelson, Tim K. | Peng, Chao | Pinaroli, Giovanni | Reimer, Paul E. | Rota, Lorenzo | Scott, Marshall | Segal, Julie | Sichterman, Ernst | Sinev, Nikolai | Steinhebel, A. | Strom, David | Tricoli, Alessandro | Vernieri, Caterina | Young, Charles | Zurek, Maria",40,2203.07626,https://arxiv.org/abs/2203.07626,2022,2022-03-14,INSPIRE earliest_date,IF,仪器学前沿,1,IF: Solid State Detectors and Tracking,physics.ins-det,physics.ins-det | hep-ex | nucl-ex,Instrumentation and detectors,仪器与探测器,activity report | semiconductor detector: pixel | semiconductor detector: technology | calorimeter: electromagnetic | tracking detector,1,12,6,2.724052206339341,0.5,47.67225325884544,47.299813780260706,47.56052141527002,280,284,284,INSPIRE,,2052300,https://inspirehep.net/literature/2052300,https://www.slac.stanford.edu/econf/C210711/papers/2203.07626.pdf
281,arxiv:2201.13321,Moonshine,S. M. Harrison et al.,"Harrison, Sarah M. | Harvey, Jeffrey A. | Paquette, Natalie M.",3,2201.13321,https://arxiv.org/abs/2201.13321,2022,2022-01-31,INSPIRE earliest_date,TF,理论前沿,1,TF: Conformal Field Theory and Formal Quantum Field Theory,hep-th,hep-th | math.RT,Formal theory / quantum gravity,形式理论与量子引力,operator: algebra | operator: vertex | field theory: conformal | group theory | string model | duality | number theory | BPS | monster,1,12,11,2.654754694124773,0.08333333333333333,47.67225325884544,47.02048417132216,47.476722532588454,281,285,285,INSPIRE,,2022663,https://inspirehep.net/literature/2022663,https://www.slac.stanford.edu/econf/C210711/papers/2201.13321.pdf
282,arxiv:2203.17258,"More is Different: Non-Minimal Dark Sectors and Their Implications for Particle Physics, Astrophysics, and Cosmology – 13 Take-Away Lessons for Snowmass 2021",K. R. Dienes et al.,"Dienes, Keith R. | Thomas, Brooks",2,2203.17258,https://arxiv.org/abs/2203.17258,2022,2022-03-31,INSPIRE earliest_date,CF | EF | TF,宇宙前沿 | 能量前沿 | 理论前沿,3,CF: Dark Matter: Cosmic Probes | EF: Beyond the Standard Model - Dark Matter at Colliders | TF: Astro-Particle Physics and Cosmology,hep-ph,hep-ph | astro-ph.CO,Particle phenomenology,粒子唯象学,signature | dark matter: scattering | dark matter: hidden sector | collective phenomena | nonminimal | dark matter: direct detection | cosmological model: parameter space,3,16,11,3.670854271356784,0.3125,53.25884543761639,53.910614525139664,53.45437616387337,253,248,249,INSPIRE,,2060837,https://inspirehep.net/literature/2060837,https://www.slac.stanford.edu/econf/C210711/papers/2203.17258.pdf
283,arxiv:2203.06267,MPGDs for TPCs at Future Lepton Colliders,A. Bellerive et al.,"Bellerive, Alain | Kaminski, Jochen | Lewis, Peter M. | Colas, Paul | Diener, Ralf | Kluit, Peter | Settles, Ronald Dean | Timmermans, Jan | Titov, Maxim | Centeno, Andreas Loschcke | Wessel, Christian | Hartbrich, Oskar | Vahsen, Sven | Marinas, Carlos | Qi, Huiron | Zhang, Zhiyong",16,2203.06267,https://arxiv.org/abs/2203.06267,2022,2022-03-11,INSPIRE earliest_date,IF,仪器学前沿,1,IF: Micro Pattern Gas Detectors,physics.ins-det,physics.ins-det | hep-ex,Instrumentation and detectors,仪器与探测器,activity report | BELLE: upgrade | time projection chamber | micro-pattern detector | CEPC | KEK-B | tracking detector | ILD detector | detector: design | detector: technology,1,2,0,0.45316377171215877,1.0,9.776536312849162,7.262569832402234,9.022346368715084,484,499,499,INSPIRE,,2050939,https://inspirehep.net/literature/2050939,https://www.slac.stanford.edu/econf/C210711/papers/2203.06267.pdf
284,arxiv:2203.06525,MPGDs for Tracking and Muon Detection at Future High Energy Physics Colliders,K. Black et al.,"Black, K. | Colaleo, A. | Aimè, C. | Alviggi, M. | Aruta, C. | Bianco, M. | Balossino, I. | Bencivenni, G. | Bertani, M. | Braghieri, A. | Cafaro, V. | Calzaferri, S. | Camerlingo, M.T. | Canale, V. | Cibinetto, G. | Corbetta, M. | D'Amico, V. | De Lucia, E. | Della Pietra, M. | Di Donato, C. | Di Nardo, R. | Domenici, D. | Errico, F. | Everaerts, P. | Fallavollita, F. | Farinelli, R. | Felici, G. | Fiorina, D. | Garzia, I. | Gatta, M. | Giacomelli, P. | Giovannetti, M. | Gramigna, S. | Guida, R. | Hohlmann, M. | Iengo, P. | Iodice, M. | Lavezzi, L. | Maggi, M. | Mandelli, B. | Melchiorri, M. | Merlin, J.A. | Mezzadri, G. | Montagna, P. | Morello, G. | Papalino, G. | Pellecchia, A. | Petrucci, F. | Lener, M. Poli | Radogna, R. | Riccardi, C. | Rigoletti, M.G. | Salvini, P. | Scodeggio, M. | Sekhniaidze, G. | Sessa, M. | Simone, F.M. | Sharma, A. | Stamerra, A. | Vai, I. | Venditti, R. | Verwilligen, P. | Vitulo, P. | Zaza, A.",64,2203.06525,https://arxiv.org/abs/2203.06525,2022,2022-03-12,INSPIRE earliest_date,IF,仪器学前沿,1,IF: Micro Pattern Gas Detectors,physics.ins-det,physics.ins-det,Instrumentation and detectors,仪器与探测器,activity report | micro-pattern detector | ionization chamber | detector: design | detector: technology | tracking detector | gas: admixture,1,6,4,1.3603351955307261,0.3333333333333333,32.49534450651769,31.564245810055866,32.21601489757914,367,368,369,INSPIRE,,2051609,https://inspirehep.net/literature/2051609,https://www.slac.stanford.edu/econf/C210711/papers/2203.06525.pdf
285,arxiv:2203.06562,MPGDs: Recent Advances and Current R&D,K. Dehmelt et al.,"Dehmelt, K. | Della Pietra, M. | Muller, H. | Tzamarias, S.E. | White, A. | White, S. | Zhang, Z. | Alviggi, M. | Angelis, I. | Aune, S. | Bortfeldt, J. | Bregant, M. | Brunbauer, F. | Camerlingo, M.T. | Canale, V. | D'Amico, V. | Desforge, D. | Di Donato, C. | Di Nardo, R. | Fanourakis, G. | Floethner, K.J. | Gallinaro, M. | Garcia, F. | Giomataris, I. | Gnanvo, K. | Gustavsson, T. | Hall-Wilton, R. | Iengo, P. | Iguaz, F.J. | Iodice, M. | Janssens, D. | Kallitsopoulou, A. | Kebbiri, M. | Kordas, K. | Lampoudis, C. | Legou, P. | Lisowska, M. | Liu, J. | Lupberger, M. | Malace, S. | Maniatis, I. | Manthos, I. | Meng, Y. | Natal da Luz, H. | Oliveri, E. | Orlandini, G. | Papaevangelou, T. | Paraschou, K. | Petrucci, F. | Pfeiffer, D. | Pomorski, M. | Popescu, S. | Resnati, F. | Ropelewski, L. | Rusu, A. | Sampsonidis, D. | Scharenberg, L. | Schneider, T. | Sekhniaidze, G. | Sessa, M. | Shao, M. | Sohl, L. | Toledo-Alarcon, J. | Tsiamis, A. | Tsipolitis, Y. | Utrobicic, A. | van Stenis, M. | Veenhof, R. | Wang, X. | Zhou, Y.",70,2203.06562,https://arxiv.org/abs/2203.06562,2022,2022-03-12,INSPIRE earliest_date,IF,仪器学前沿,1,IF: Micro Pattern Gas Detectors,physics.ins-det,physics.ins-det | hep-ex | nucl-ex,Instrumentation and detectors,仪器与探测器,activity report | micro-pattern detector | detector: design | detector: technology | spatial resolution | time resolution,1,3,1,0.6801675977653631,0.6666666666666666,16.480446927374302,14.245810055865922,15.810055865921786,451,461,462,INSPIRE,,2050822,https://inspirehep.net/literature/2050822,https://www.slac.stanford.edu/econf/C210711/papers/2203.06562.pdf
286,arxiv:2205.11920,MSSM Under Higgs Factories,H. Li et al.,"Li, Honglei | Song, Huayang | Su, Shufang | Su, Wei | Yang, Jin Min",5,2205.11920,https://arxiv.org/abs/2205.11920,2022,2022-05-24,INSPIRE earliest_date,EF | TF,能量前沿 | 理论前沿,2,EF: Higgs Boson as a Portal to New Physics | TF: Collider Phenomenology,hep-ph,hep-ph,Particle phenomenology,粒子唯象学,minimal supersymmetric standard model: parameter space | Higgs particle: mass | Higgs-factory | interpretation of experiments: CERN LHC Coll,2,1,0,0.23748374512353707,1.0,4.283054003724395,6.238361266294227,4.8696461824953445,517,504,504,INSPIRE,,2087161,https://inspirehep.net/literature/2087161,https://www.slac.stanford.edu/econf/C210711/papers/2205.11920.pdf
287,arxiv:2203.07569,Mu2e-II: Muon to Electron Conversion with PIP-II,K. Byrum et al.,"Byrum, K. | Corrodi, S. | Oksuzian, Y. | Winter, P. | Xia, L. | Edmonds, A.W.J. | Miller, J.P. | Mott, J. | Marciano, W.J. | Szafron, R. | Bonventre, R. | Brown, D.N. | Kolomensky, Yu.G. | Ning, O. | Singh, V. | Prebys, E. | Borrel, L. | Echenard, B. | Hitlin, D.G. | Hu, C. | Lin, D.X. | Middleton, S. | Porter, F.C. | Zhang, L. | Zhu, R.-Y. | Ambrose, D. | Badgley, K. | Bernstein, R.H. | Boi, S. | Casey, B.C.K. | Culbertson, R. | Gaponenko, A. | Glass, H.D. | Glenzinski, D. | Goodenough, L. | Hocker, A. | Kargiantoulakis, M. | Kashikhin, V. | Kiburg, B. | Kutschke, R.K. | Murat, P.A. | Neuffer, D. | Pronskikh, V.S. | Pushka, D. | Rakness, G. | Strauss, T. | Yucel, M. | Bloise, C. | Diociaiuti, E. | Giovannella, S. | Happacher, F. | Miscetti, S. | Sarra, I. | Martini, M. | Ferrari, A. | Müller, S.E. | Rachamin, R. | Barlas-Yucel, E. | Artikov, A. | Atanov, N. | Davydov, Yu.I. | Glagolev, V. | Vasilyev, I.I. | Uesaka, Y. | Denisov, S.P. | Evdokimov, V. | Kozelov, A.V. | Popov, A.V. | Vasilyev, I.A. | Tassielli, G. | Teubner, T. | Chislett, R.T. | Hesketh, G.G. | Lancaster, M. | Campbell, M. | Ciampa, K. | Heller, K. | Messerly, B. | Cummings, M.A.C. | Calibbi, L. | Blazey, G.C. | Syphers, M.J. | Zutshi, V. | Kampa, C. | MacKenzie, M. | Di Falco, S. | Donati, S. | Gioiosa, A. | Giusti, V. | Morescalchi, L. | Pasciuto, D. | Pedreschi, E. | Spinella, F. | Hedges, M.T. | Jones, M. | You, Z.Y. | Zanetti, A.M. | Valetov, E.V. | Dukes, E.C. | Ehrlich, R. | Group, R. C. | Heeck, J. | Hung, P.Q. | Demers, S.M. | Pezzullo, G. | Lynch, K.R. | Popp, J.L.",107,2203.07569,https://arxiv.org/abs/2203.07569,2022,2022-03-14,INSPIRE earliest_date,RPF,稀有过程与精密测量,1,RPF: Charged Lepton Flavor Violation,hep-ex,hep-ex,Experimental particle physics,实验粒子物理,lepton: flavor: violation | upgrade: proposed | sensitivity | electron muon: transition | new physics: search for | COMET | proposed experiment,1,36,14,8.172156619018024,0.6111111111111112,73.64990689013035,73.9292364990689,73.73370577281192,143,141,141,INSPIRE,,2052525,https://inspirehep.net/literature/2052525,https://www.slac.stanford.edu/econf/C210711/papers/2203.07569.pdf
288,arxiv:2203.11226,Multi-Experiment Probes for Dark Energy – Transients,A. G. Kim et al.,"Kim, Alex G. | Palmese, Antonella | Pereira, Maria E.S. | Aldering, Greg | Andrade-Oliveira, Felipe | Annis, James | Bailey, Stephen | BenZvi, Segev | Braga-Neto, Ulysses | Courbin, Frédéric | Garcia, Alyssa | Jeffery, David | Narayan, Gautham | Perlmutter, Saul | Soares-Santos, Marcelle | Treu, Tommaso | Wang, Lifan",17,2203.11226,https://arxiv.org/abs/2203.11226,2022,2022-03-21,INSPIRE earliest_date,CF,宇宙前沿,1,CF: Dark Energy and Cosmic Acceleration: Complementarity of Probes and New Facilities,astro-ph.CO,astro-ph.CO | astro-ph.IM | hep-ex | hep-ph,Cosmology,宇宙学,supernova: Type I | quasar | optical | gravitational radiation | dark energy | proposed experiment | energy: high | gravitation: lens | strong field,1,6,1,1.3679775280898878,0.8333333333333334,32.49534450651769,33.61266294227188,32.83054003724395,368,357,358,INSPIRE,,2056850,https://inspirehep.net/literature/2056850,https://www.slac.stanford.edu/econf/C210711/papers/2203.11226.pdf
289,arxiv:2203.07256,Muon Collider Physics Summary,C. Aimè et al.,"Aime, Chiara | Apyan, Aram | Mahmoud Mohammed, Mohammed Attia | Bartosik, Nazar | Batsch, Fabian | Bertolin, Alessandro | Bonesini, Maurizio | Bottaro, Salvatore | Buttazzo, Dario | Capdevilla Roldan, Rodolfo Mario | Casarsa, Massimo | Castelli, Luca | Catanesi, Maria Gabriella | Celiberto, Francesco Giovanni | Cerri, Alessandro | Cesarotti, Cari | Chachamis, Grigorios | Chen, Siyu | Chien, Yang-Ting | Chiesa, Mauro | Collazuol, Gianmaria | Costa, Marco | Craig, Nathaniel Jay | Curtin, David | Dasu, Sridhara Rao | de Blas, Jorge | Denisov, Dmitri S | Denizli, Haluk | Dermisek, Radovan | Di Luzio, Luca | Di Micco, Biagio | Dienes, Keith R | Dorigo, Tommaso | Ferrari, Anna | Fiorina, Davide | Franceschini, Roberto | Garosi, Francesco | Glioti, Alfredo | Greco, Mario | Greljo, Admir | Grober, Ramona | Grojean, Christophe | Gu, Jiayin | Han, Tao | Henning, Brian | Hermanek, Keith | Holmes, Tova Ray | Homiller, Samuel | Jana, Sudip | Jindariani, Sergo Robert | Kahn, Yonatan | Karpov, Ivan | Kilian, Wolfgang | Kong, Kyoungchul | Koppenburg, Patrick Stefan | Krizka, Karol | Lee, Lawrence | Li, Qiang | Lipton, Ronald J | Liu, Zhen | Long, Kenneth Richard | Low, Ian | Lucchesi, Donatella | Ma, Yang | Ma, Lian Liang | Maltoni, Fabio | Mansoulie, Bruno | Mantani, Luca | Marzocca, David | McGinnis, Navin | Mele, Barbara | Meloni, Federico | Merlassino, Claudia | Montella, Alessandro | Nardecchia, M | Nardi, Federico | Panci, Paolo | Pagan Griso, Simone | Panico, Giuliano | Paparella, Rocco | Paradisi, Paride | Pastrone, Nadia | Piccinini, Fulvio | Potamianos, Karolos Jozef | Radicioni, Emilio | Rattazzi, Riccardo | Redigolo, Diego | Reina, Laura | Reuter, Jürgen | Riccardi, Cristina | Ricci, Lorenzo | Ristori, Luciano | Robens, Tania Natalie | Ruiz, Richard Efrain | Sala, Filippo | Šalko, Jakub | Salvini, Paola | Salvioni, Ennio | Schulte, Daniel | Selvaggi, Michele | Senol, Abdulkadir | Sestini, Lorenzo | Sharma, Varun | Shu, Jing | Simoniello, Rosa | Stark, Giordon Holtsberg | Stolarski, Daniel | Su, Shufang | Su, Wei | De Lima Sumensari, Olcyr | Sun, Xiaohu | Sundrum, Raman | Tang, Jian | Tesi, Andrea | Thomas, Brooks | Torre, Riccardo | Trifinopoulos, Sokratis | Vai, Ilaria | Valenti, Alessandro | Vittorio, Ludovico | Wang, Lian-Tao | Wu, Yongcheng | Wulzer, Andrea | Zhao, Xiaoran | Zurita, José Francisco | van Rienen, Ursula",126,2203.07256,https://arxiv.org/abs/2203.07256,2022,2022-03-14,INSPIRE earliest_date,EF | TF,能量前沿 | 理论前沿,2,EF: General - centered on this frontier | TF: General - cross-listed,hep-ph,hep-ph | hep-ex,Particle phenomenology,粒子唯象学,muon: storage ring | muon+ muon-: colliding beams | energy: high | supersymmetry | Higgs particle: composite | FCC-hh | CERN LHC Coll: upgrade | numerical calculations | new physics,2,182,92,41.31479179614667,0.4945054945054945,96.36871508379889,96.36871508379889,96.36871508379888,20,20,19,INSPIRE,,2051198,https://inspirehep.net/literature/2051198,https://www.slac.stanford.edu/econf/C210711/papers/2203.07256.pdf
290,arxiv:2203.11406,Muonium to Antimuonium Conversion,A.-Y. Bai et al.,"Bai, Ai-Yu | Chen, Yu | Chen, Yukai | Fan, Rui-Rui | Hou, Zhilong | Jing, Han-Tao | Li, Hai-Bo | Li, Yang | Miao, Han | Peng, Huaxing | Petrov, Alexey A. | Song, Ying-Peng | Tang, Jian | Tang, Jing-Yu | Vassilopoulos, Nikolaos | Vihonen, Sampsa | Wu, Chen | Xing, Tian-Yu | Xu, Yu | Yuan, Ye | Zhang, Yao | Zhao, Guang | Zhao, Shi-Han | Zhou, Luping",24,2203.11406,https://arxiv.org/abs/2203.11406,2022,2022-03-21,INSPIRE earliest_date,RPF,稀有过程与精密测量,1,RPF: Charged Lepton Flavor Violation,hep-ph,hep-ph | hep-ex,Particle phenomenology,粒子唯象学,lepton: flavor: violation | muonium: oscillation | muonium: production | proposed experiment | detector: design | muon: beam | sensitivity | PSI Cycl | new physics,1,28,22,6.383895131086143,0.21428571428571427,67.41154562383613,68.24953445065177,67.66294227188082,176,171,172,INSPIRE,,2056869,https://inspirehep.net/literature/2056869,https://www.slac.stanford.edu/econf/C210711/papers/2203.11406.pdf
291,arxiv:2205.05708,Naturalness,N. Craig.,"Craig, Nathaniel",1,2205.05708,https://arxiv.org/abs/2205.05708,2022,2022-05-11,INSPIRE earliest_date,EF | TF,能量前沿 | 理论前沿,2,EF: Beyond the Standard Model - Model Specific Explorations | TF: Effective Field Theory Techniques,hep-ph,hep-ph | hep-th,Particle phenomenology,粒子唯象学,strong interaction: CP | naturalness | hierarchy | cosmological constant | electroweak interaction | new physics | electroweak interaction: symmetry breaking | symmetry breaking: scale | scale: hierarchy | Higgs particle: mass,2,118,114,27.78820116054159,0.03389830508474576,91.34078212290503,91.89944134078212,91.50837988826815,47,44,47,INSPIRE,,2698478,https://inspirehep.net/literature/2698478,https://www.slac.stanford.edu/econf/C210711/papers/2203.12118.pdf | https://www.slac.stanford.edu/econf/C210711/papers/2205.05708.pdf
292,arxiv:2203.06752,Nb3Sn Superconducting Radiofrequency Cavities: a Maturing Technology for Particle Accelerators and Detectors,S. Posen et al.,"Posen, S. | Liepe, M. | Eremeev, G. | Pudasaini, U. | Reece, C.E.",5,2203.06752,https://arxiv.org/abs/2203.06752,2022,2022-03-13,INSPIRE earliest_date,AF,加速器科学与技术,1,AF: Accelerator Technology - RF,physics.acc-ph,physics.acc-ph,Accelerator science,加速器科学,activity report | cavity: superconductivity | cavity: design | niobium: tin | accelerator | performance,1,9,3,2.0417701863354036,0.6666666666666666,41.71322160148976,42.364990689013034,41.90875232774674,313,310,313,INSPIRE,,2051592,https://inspirehep.net/literature/2051592,https://www.slac.stanford.edu/econf/C210711/papers/2203.06752.pdf
293,arxiv:2203.09094,Near Term Applications driven by Advanced Accelerator Concepts,C. Emma et al.,"Emma, Claudio | van Tilborg, Jeroen | Albert, Félicie | Labate, Luca | England, Joel | Gessner, Spencer | Fiuza, Frederico | Obst-Huebl, Lieselotte | Zholents, Alexander | Murokh, Alex | Rosenzweig, James",11,2203.09094,https://arxiv.org/abs/2203.09094,2022,2022-03-17,INSPIRE earliest_date,AF,加速器科学与技术,1,AF: Advanced Accelerator Concepts,physics.acc-ph,physics.acc-ph | hep-ex,Accelerator science,加速器科学,activity report | accelerator: design | accelerator: technology,1,4,3,0.9097135740971358,0.25,22.998137802607076,24.115456238361265,23.333333333333332,418,408,408,INSPIRE,,2054187,https://inspirehep.net/literature/2054187,https://www.slac.stanford.edu/econf/C210711/papers/2203.09094.pdf
294,arxiv:2203.08208,Need for Amplitude Analysis in the Discovery of New Hadrons,M. Albaladejo et al.,"Albaladejo, Miguel | Battaglieri, Marco | Bibrzycki, Lukasz | Celentano, Andrea | Danilkin, Igor V. | Dawid, Sebastian M. | Doring, Michael | Fanelli, Cristiano | Fernandez-Ramirez, Cesar | Gonzalez-Solis, Sergi | Blin, Astrid N. Hiller | Jackura, Andrew W. | Mathieu, Vincent | Mikhasenko, Mikhail | Mokeev, Victor I. | Passemar, Emilie | Perry, Robert J. | Pilloni, Alessandro | Rodas, Arkaitz | Shepherd, Matthew R. | Sherrill, Nathaniel | Silva-Castro, Jorge A. | Skwarnicki, Tomasz | Szczepaniak, Adam P. | Winney, Daniel",25,2203.08208,https://arxiv.org/abs/2203.08208,2022,2022-03-15,INSPIRE earliest_date,RPF,稀有过程与精密测量,1,RPF: Hadron Spectroscopy,hep-ph,hep-ph | hep-ex | nucl-th,Particle phenomenology,粒子唯象学,amplitude analysis | hadron spectroscopy | quantum chromodynamics | S-matrix | lattice,1,7,6,1.5900186567164178,0.14285714285714285,36.312849162011176,35.754189944134076,36.14525139664805,342,345,347,INSPIRE,,2053325,https://inspirehep.net/literature/2053325,https://www.slac.stanford.edu/econf/C210711/papers/2203.08208.pdf
295,arxiv:2204.08668,Neutrino Flavor Model Building and the Origins of Flavor and CP Violation,Y. Almumin et al.,"Almumin, Yahya | Chen, Mu-Chun | Cheng, Murong | Knapp-Perez, Victor | Li, Yulun | Mondol, Adreja | Ramos-Sanchez, Saul | Ratz, Michael | Shukla, Shreya",9,2204.08668,https://arxiv.org/abs/2204.08668,2022,2022-04-19,INSPIRE earliest_date,NF | TF,中微子前沿 | 理论前沿,2,NF: Neutrinos Beyond the Standard Model | TF: Theory of Neutrino Physics,hep-ph,hep-ph | hep-th,Particle phenomenology,粒子唯象学,fermion masses | flavor mixing | 𝒞𝒫 violation | flavor: model | symmetry: flavor | symmetry: A(4) | group: modular | neutrino: mass | neutrino: mass: hierarchy | neutrino: mass generation | neutrino: mixing | neutrino: mixing angle | neutrino: Majorana | CP: violation | phase: CP | new physics,2,32,24,7.430387794024158,0.25,71.22905027932961,71.97392923649907,71.45251396648044,153,151,154,INSPIRE,,2069317,https://inspirehep.net/literature/2069317,https://www.slac.stanford.edu/econf/C210711/papers/2204.08668.pdf
296,arxiv:2203.11298,Neutrino Scattering Measurements on Hydrogen and Deuterium,L. Alvarez Ruso et al.,"Alvarez-Ruso, Luis | Barrow, Joshua L. | Bellantoni, Leo | Betancourt, Minerba | Bross, Alan | Cremonesi, Linda | Duffy, Kirsty | Dytman, Steven | Fields, Laura | Fukuda, Tsutomu | González-Díaz, Diego | Gorchtein, Mikhail | Hill, Richard J. | Junk, Thomas | Keller, Dustin | Lin, Huey-Wen | Lu, Xianguo | Mahn, Kendall | Meyer, Aaron S. | Mohayai, Tanaz | Morfín, Jorge G. | Owens, Joseph | Paley, Jonathan | Pandey, Vishvas | Paz, Gil | Petti, Roberto | Plestid, Ryan | Ramson, Bryan | Russell, Brooke | Nieto, Federico Sanchez | Tomalak, Oleksandr | Wilkinson, Callum | Wret, Clarence",33,2203.11298,https://arxiv.org/abs/2203.11298,2022,2022-03-21,INSPIRE earliest_date,NF | TF,中微子前沿 | 理论前沿,2,NF: Neutrino Interaction Cross Sections | TF: Theory of Neutrino Physics,hep-ex,hep-ex | hep-ph,Experimental particle physics,实验粒子物理,talk: Seattle 2021/07/11 | neutrino nucleon: interaction | neutrino nucleon: scattering amplitude | neutrino: scattering | nucleus: heavy | neutrino: detector | deuterium: target | hydrogen: target | new physics: search for | DUNE | near detector | error: statistical | experimental results,2,23,14,5.243913857677903,0.391304347826087,63.40782122905028,64.15270018621973,63.63128491620111,197,193,192,INSPIRE,,2056721,https://inspirehep.net/literature/2056721,https://www.slac.stanford.edu/econf/C210711/papers/2203.11298.pdf
297,arxiv:2203.01955,Neutrino Self-Interactions,J. M. Berryman et al.,"Berryman, Jeffrey M. | Blinov, Nikita | Brdar, Vedran | Brinckmann, Thejs | Bustamante, Mauricio | Cyr-Racine, Francis-Yan | Das, Anirban | de Gouvêa, André | Denton, Peter B. | Dev, P.S. Bhupal | Dutta, Bhaskar | Esteban, Ivan | Fiorillo, Damiano F.G. | Gerbino, Martina | Ghosh, Subhajit | Ghosh, Tathagata | Grohs, Evan | Han, Tao | Hannestad, Steen | Hostert, Matheus | Huber, Patrick | Hyde, Jeffrey | Kelly, Kevin J. | Kling, Felix | Liu, Zhen | Lattanzi, Massimiliano | Loverde, Marilena | Pandey, Sujata | Saviano, Ninetta | Sen, Manibrata | Shoemaker, Ian M. | Tangarife, Walter | Zhang, Yongchao | Zhang, Yue",34,2203.01955,https://arxiv.org/abs/2203.01955,2022,2022-03-03,INSPIRE earliest_date,NF | TF,中微子前沿 | 理论前沿,2,NF: Neutrinos Beyond the Standard Model | TF: Theory of Neutrino Physics,hep-ph,hep-ph | astro-ph.HE | hep-ex | hep-th,Particle phenomenology,粒子唯象学,Neutrino self-interactions | Cosmological probes | Astrophysical probes | Laboratory probes | Theoretical models | neutrino: mass | dark matter: mass | cosmological model: parameter space,2,142,95,32.01574074074074,0.33098591549295775,93.20297951582867,93.20297951582867,93.20297951582867,37,37,37,INSPIRE,,2046321,https://inspirehep.net/literature/2046321,https://www.slac.stanford.edu/econf/C210711/papers/2203.01955.pdf
298,arxiv:2203.12169,Neutrinoless Double-Beta Decay: A Roadmap for Matching Theory to Experiment,V. Cirigliano et al.,"Cirigliano, Vincenzo | Davoudi, Zohreh | Dekens, Wouter | de Vries, Jordy | Engel, Jonathan | Feng, Xu | Gehrlein, Julia | Graesser, Michael L. | Gráf, Lukáš | Hergert, Heiko | Jin, Luchang | Mereghetti, Emanuele | Nicholson, Amy | Pastore, Saori | Ramsey-Musolf, Michael J. | Ruiz, Richard | Spinrath, Martin | van Kolck, Ubirajara | Walker-Loud, André",19,2203.12169,https://arxiv.org/abs/2203.12169,2022,2022-03-22,INSPIRE earliest_date,NF | RPF | TF,中微子前沿 | 稀有过程与精密测量 | 理论前沿,3,NF: Neutrino Properties | RPF: Baryon and Lepton Number Violation | TF: Theory of Neutrino Physics,hep-ph,hep-ph | hep-ex | hep-lat | nucl-ex | nucl-th,Particle phenomenology,粒子唯象学,double-beta decay: (0neutrino) | neutrino: mass | lepton number: violation | lepton number: conservation law | neutrino: Majorana | neutrino: oscillation | nucleus: many-body problem | scale: TeV | new physics | lattice field theory | decay rate | interpretation of experiments: CERN LHC Coll | effective field theory | leptogenesis | cosmological model: parameter space,3,93,70,21.21689569019363,0.24731182795698925,88.64059590316573,89.10614525139665,88.78026070763501,62,59,60,INSPIRE,,2057341,https://inspirehep.net/literature/2057341,https://www.slac.stanford.edu/econf/C210711/papers/2203.12169.pdf
299,arxiv:2203.07545,Neutrinos from Stored Muons (nuSTORM),L. Alvarez Ruso et al. (nuSTORM Collaboration),"Ruso, L. Alvarez | Alves, T. | Boyd, S. | Bross, A. | Hobson, P.R. | Kyberd, P. | Lagrange, J.B. | Long, K. | Lu, X.-G. | Pasternak, J. | Pfaff, M. | Rogers, C.",12,2203.07545,https://arxiv.org/abs/2203.07545,2022,2022-03-14,INSPIRE earliest_date,NF | RPF,中微子前沿 | 稀有过程与精密测量,2,NF: Artificial Neutrino Sources | RPF: Baryon and Lepton Number Violation,hep-ex,hep-ex | physics.acc-ph,Experimental particle physics,实验粒子物理,muon: storage ring | muon: beam | ENUBET | ionization | CERN Lab | new physics: search for | sensitivity | DUNE | channel cross section | proposed experiment,2,24,21,5.448104412678682,0.125,64.52513966480447,64.80446927374301,64.60893854748603,191,189,190,INSPIRE,,2052496,https://inspirehep.net/literature/2052496,https://www.slac.stanford.edu/econf/C210711/papers/2203.07545.pdf
300,arxiv:2203.06776,New Approach to DM Searches with Mono-Photon Signature,J. Kalinowski et al.,"Kalinowski, Jan | Kotlarski, Wojciech | Mekala, Krzysztof | Zembaczynski, Kamil | Zarnecki, Aleksander Filip",5,2203.06776,https://arxiv.org/abs/2203.06776,2022,2022-03-13,INSPIRE earliest_date,EF,能量前沿,1,EF: Beyond the Standard Model - Dark Matter at Colliders,hep-ph,hep-ph,Particle phenomenology,粒子唯象学,energy: high | dark matter: production | photon: angular distribution | radiation: initial-state interaction | mediation | sensitivity | ILC Coll | signature | linear collider | initial state | CERN CLIC | energy spectrum,1,3,1,0.6805900621118012,0.6666666666666666,16.480446927374302,14.618249534450651,15.921787709497206,452,460,461,INSPIRE,,2051322,https://inspirehep.net/literature/2051322,https://www.slac.stanford.edu/econf/C210711/papers/2203.06776.pdf
301,arxiv:2203.08806,New Directions for Surrogate Models and Differentiable Programming for High Energy Physics Detector Simulation,A. Adelmann et al.,"Adelmann, Andreas | Hopkins, Walter | Kourlitis, Evangelos | Kagan, Michael | Kasieczka, Gregor | Krause, Claudius | Shih, David | Mikuni, Vinicius | Nachman, Benjamin | Pedro, Kevin | Winklehner, Daniel",11,2203.08806,https://arxiv.org/abs/2203.08806,2022,2022-03-15,INSPIRE earliest_date,CompF,计算前沿,1,CompF: Machine Learning,hep-ph,hep-ph | cs.LG | hep-ex | physics.comp-ph | physics.ins-det,Particle phenomenology,粒子唯象学,activity report | programming | artificial intelligence | numerical calculations,1,37,15,8.404384328358208,0.5945945945945946,74.30167597765363,74.86033519553072,74.46927374301676,139,136,137,INSPIRE,,2054074,https://inspirehep.net/literature/2054074,https://www.slac.stanford.edu/econf/C210711/papers/2203.08806.pdf
302,arxiv:2203.14915,New Horizons: Scalar and Vector Ultralight Dark Matter,D. Antypas et al.,"Antypas, D. | Banerjee, A. | Bartram, C. | Baryakhtar, M. | Betz, J. | Bollinger, J.J. | Boutan, C. | Bowring, D. | Budker, D. | Carney, D. | Carosi, G. | Chaudhuri, S. | Cheong, S. | Chou, A. | Chowdhury, M.D. | Co, R.T. | Crespo López-Urrutia, J.R. | Demarteau, M. | DePorzio, N. | Derbin, A.V. | Deshpande, T. | Chowdhury, M.D. | Di Luzio, L. | Diaz-Morcillo, A. | Doyle, J.M. | Drlica-Wagner, A. | Droster, A. | Du, N. | Döbrich, B. | Eby, J. | Essig, R. | Farren, G.S. | Figueroa, N.L. | Fry, J.T. | Gardner, S. | Geraci, A.A. | Ghalsasi, A. | Ghosh, S. | Giannotti, M. | Gimeno, B. | Griffin, S.M. | Grin, D. | Grin, D. | Grote, H. | Gundlach, J.H. | Guzzetti, M. | Hanneke, D. | Harnik, R. | Henning, R. | Irsic, V. | Jackson, H. | Kimball, D.F. Jackson | Jaeckel, J. | Kagan, M. | Kedar, D. | Khatiwada, R. | Knirck, S. | Kolkowitz, S. | Kovachy, T. | Kuenstner, S.E. | Lasner, Z. | Leder, A.F. | Lehnert, R. | Leibrandt, D.R. | Lentz, E. | Lewis, S.M. | Liu, Z. | Manley, J. | Maruyama, R.H. | Millar, A.J. | Muratova, V.N. | Musoke, N. | Nagaitsev, S. | Noroozian, O. | O'Hare, C.A.J. | Ouellet, J.L. | Pappas, K.M.W. | Peik, E. | Perez, G. | Phipps, A. | Rapidis, N.M. | Robinson, J.M. | Robles, V.H. | Rogers, K.K. | Rudolph, J. | Rybka, G. | Safdari, M. | Safdari, M. | Safronova, M.S. | Salemi, C.P. | Schmidt, P.O. | Schumm, T. | Schwartzman, A. | Shu, J. | Simanovskaia, M. | Singh, J. | Singh, S. | Smith, M.S. | Snow, W.M. | Stadnik, Y.V. | Sun, C. | Sushkov, A.O. | Tait, T.M.P. | Takhistov, V. | Tanner, D.B. | Temples, D.J. | Thirolf, P.G. | Thomas, J.H. | Tobar, M.E. | Tretiak, O. | Tsai, Y.-D. | Tyson, J.A. | Vandegar, M. | Vermeulen, S. | Visinelli, L. | Vitagliano, E. | Wang, Z. | Wilson, D.J. | Winslow, L. | Withington, S. | Wooten, M. | Yang, J. | Ye, J. | Young, B.A. | Yu, F. | Zaheer, M.H. | Zelevinsky, T. | Zhao, Y. | Zhou, K.",129,2203.14915,https://arxiv.org/abs/2203.14915,2022,2022-03-28,INSPIRE earliest_date,CF | IF | RPF | TF,宇宙前沿 | 仪器学前沿 | 稀有过程与精密测量 | 理论前沿,4,CF: Dark Matter: Wave-like | IF: Quantum Sensors | RPF: Fundamental Physics in Small Experiments | TF: Astro-Particle Physics and Cosmology,hep-ex,hep-ex | astro-ph.CO | hep-ph | physics.ins-det | quant-ph,Experimental particle physics,实验粒子物理,talk: Seattle 2021/07/11 | dark matter: direct detection | boson: dark matter | dark matter: detector | detector: technology | mass: scale | dark matter: vector | dark matter: scalar | cavity: optical | laser: interferometer | dark matter: signature | soliton: topological | buildings | coherence | oscillation | horizon | bibliography,4,261,158,59.768181818181816,0.3946360153256705,98.04469273743017,98.23091247672254,98.10055865921787,11,10,11,INSPIRE,,2059892,https://inspirehep.net/literature/2059892,https://www.slac.stanford.edu/econf/C210711/papers/2203.14915.pdf
303,arxiv:2203.05010,New Ideas in Baryogenesis,G. Elor et al.,"Elor, Gilly | Harz, Julia | Ipek, Seyda | Shakya, Bibhushan | Blinov, Nikita | Co, Raymond T. | Cui, Yanou | Dasgupta, Arnab | Davoudiasl, Hooman | Elahi, Fatemeh | Fridell, Kåre | Ghalsasi, Akshay | Harigaya, Keisuke | Hati, Chandan | Huang, Peisi | Maleknejad, Azadeh | McGehee, Robert | Morrissey, David E. | Schmitz, Kai | Shamma, Michael | Shuve, Brian | Tucker-Smith, David | van de Vis, Jorinde | White, Graham",24,2203.05010,https://arxiv.org/abs/2203.05010,2022,2022-03-09,INSPIRE earliest_date,TF,理论前沿,1,TF: Beyond-Standard-Model Model Building,hep-ph,hep-ph | astro-ph.CO | hep-ex,Particle phenomenology,粒子唯象学,baryon: asymmetry | baryogenesis | axion | dark matter | WIMP | leptogenesis | lepton number: violation | cosmic string | numerical calculations | new physics,1,42,26,9.504646840148698,0.38095238095238093,76.0707635009311,76.25698324022346,76.1266294227188,130,128,128,INSPIRE,,2049545,https://inspirehep.net/literature/2049545,https://www.slac.stanford.edu/econf/C210711/papers/2203.05010.pdf
304,arxiv:2006.04824,New Physics in B Meson Mixing: Future Sensitivity and Limitations,J. Charles et al.,"Charles, Jérôme | Descotes-Genon, Sébastien | Ligeti, Zoltan | Monteil, Stéphane | Papucci, Michele | Trabelsi, Karim | Vale Silva, Luiz",7,2006.04824,https://arxiv.org/abs/2006.04824,2020,2020-06-08,INSPIRE earliest_date,RPF | TF,稀有过程与精密测量 | 理论前沿,2,RPF: Weak Decays of b and c Quarks | TF: Theory Techniques for Precision Physics,hep-ph,hep-ph | hep-ex,Particle phenomenology,粒子唯象学,"Phenomenological aspects of field theory, general methods | meson: mixing | effective field theory | CKM matrix | sensitivity | FCC-ee | luminosity: high | LHC-B: upgrade | BELLE: upgrade",2,74,53,11.996671105193075,0.28378378378378377,85.28864059590316,80.54003724394786,83.86405959031657,79,105,87,INSPIRE,,1800385,https://inspirehep.net/literature/1800385,https://www.slac.stanford.edu/econf/C210711/papers/2006.04824.pdf
305,arxiv:2201.07805,New Physics Searches at Kaon and Hyperon Factories,E. Goudzovski et al.,"Goudzovski, Evgueni | Redigolo, Diego | Tobioka, Kohsaku | Zupan, Jure | Alonso-Álvarez, Gonzalo | Alves, Daniele S.M. | Bansal, Saurabh | Bauer, Martin | Brod, Joachim | Chobanova, Veronika | D'Ambrosio, Giancarlo | Datta, Alakabha | Dery, Avital | Dettori, Francesco | Dobrescu, Bogdan A. | Döbrich, Babette | Egana-Ugrinovic, Daniel | Elor, Gilly | Escudero, Miguel | Fabbrichesi, Marco | Fornal, Bartosz | Fox, Patrick J. | Gabrielli, Emidio | Geng, Li-Sheng | Gligorov, Vladimir V. | Gorbahn, Martin | Gori, Stefania | Grinstein, Benjamín | Grossman, Yuval | Guadagnoli, Diego | Homiller, Samuel | Hostert, Matheus | Kelly, Kevin J. | Kitahara, Teppei | Knapen, Simon | Krnjaic, Gordan | Kupsc, Andrzej | Kvedaraitė, Sandra | Lanfranchi, Gaia | Marfatia, Danny | Martin Camalich, Jorge | Martínez Santos, Diego | Massri, Karim | Meade, Patrick | Moulson, Matthew | Nanjo, Hajime | Neubert, Matthias | Pospelov, Maxim | Renner, Sophie | Schacht, Stefan | Schnubel, Marvin | Shi, Rui-Xiang | Shuve, Brian | Spadaro, Tommaso | Soreq, Yotam | Stamou, Emmanuel | Sumensari, Olcyr | Tammaro, Michele | Terol-Calvo, Jorge | Thamm, Andrea | Tung, Yu-Chen | Wang, Dayong | Yamamoto, Kei | Ziegler, Robert",64,2201.07805,https://arxiv.org/abs/2201.07805,2022,2022-01-19,INSPIRE earliest_date,RPF,稀有过程与精密测量,1,RPF: Weak Decays of Strange and Light Quarks,hep-ph,hep-ph,Particle phenomenology,粒子唯象学,kaon | hyperon | beyond the standard model | new light particles | KOTO experiment | NA62 experiment | LHCb experiment | new physics | flavor: violation | K: rare decay | K: branching ratio | hyperon: rare decay | hyperon: branching ratio | decay: flavor changing | neutral current: flavor changing,1,175,93,38.43580877931449,0.4685714285714286,95.43761638733706,95.06517690875233,95.32588454376163,26,27,25,INSPIRE,,2014186,https://inspirehep.net/literature/2014186,https://www.slac.stanford.edu/econf/C210711/papers/2201.07805.pdf
306,arxiv:2203.07913,New Physics with Missing Energy at Future Lepton Colliders,J. Kalinowski et al.,"Kalinowski, Jan | Robens, Tania | Zarnecki, Aleksander Filip",3,2203.07913,https://arxiv.org/abs/2203.07913,2022,2022-03-15,INSPIRE earliest_date,EF | TF,能量前沿 | 理论前沿,2,EF: Beyond the Standard Model - Dark Matter at Colliders | TF: Collider Phenomenology,hep-ph,hep-ph,Particle phenomenology,粒子唯象学,lepton | doublet | new physics | dark matter: density | pair production | missing-energy | pseudoscalar,2,8,4,1.8171641791044775,0.5,39.385474860335194,39.757914338919925,39.497206703910614,330,325,327,INSPIRE,,2052527,https://inspirehep.net/literature/2052527,https://www.slac.stanford.edu/econf/C210711/papers/2203.07913.pdf
307,arxiv:2204.02536,Next-Generation Superconducting RF Technology based on Advanced Thin Film Technologies and Innovative Materials for Accelerator Enhanced Performance and Energy Reach,A.- M. Valente-Feliciano et al.,"Valente-Feliciano, A.-.M. | Antoine, C. | Anlage, S. | Ciovati, G. | Delayen, J. | Gerigk, F. | Gurevich, A. | Junginger, T. | Keckert, S. | Keppe, G. | Knobloch, J. | Kubo, T. | Kugeler, O. | Manos, D. | Pira, C. | Proslier, T. | Pudasaini, U. | Reece, C.E. | Rimmer, R.A. | Rosaz, G.J. | Saeki, T. | Vaglio, R. | Valizadeh, R. | Vennekate, H. | Delsolaro, W. Venturini | Vogel, M. | Welander, P.B. | Wenskat, M.",28,2204.02536,https://arxiv.org/abs/2204.02536,2022,2022-04-05,INSPIRE earliest_date,AF,加速器科学与技术,1,AF: Accelerator Technology - RF,physics.acc-ph,physics.acc-ph,Accelerator science,加速器科学,,1,20,12,4.6030245746691865,0.4,60.055865921787706,61.35940409683426,60.44692737430167,215,208,211,INSPIRE,,2064088,https://inspirehep.net/literature/2064088,https://www.slac.stanford.edu/econf/C210711/papers/2204.02536.pdf
308,arxiv:2203.09939,"Novel Low Workfunction Semiconductors for Calorimetry and Detection: High Energy, Dark Matter and Neutrino Phenomena",D. R. Winn.,"Winn, David R.",1,2203.09939,https://arxiv.org/abs/2203.09939,2022,2022-03-14,INSPIRE earliest_date,IF,仪器学前沿,1,IF: Calorimetry,physics.ins-det,physics.ins-det | hep-ex,Instrumentation and detectors,仪器与探测器,activity report | photon: detector | efficiency: quantum | semiconductor detector: technology | semiconductor detector: design | fabrication | cesium | antimony | silver | oxygen,1,0,0,0.0,,1.0242085661080074,1.0242085661080074,1.0242085661080074,531,531,531,INSPIRE,,2054704,https://inspirehep.net/literature/2054704,https://www.slac.stanford.edu/econf/C210711/papers/2203.09939.pdf
309,arxiv:2203.08357,Novel Materials and Concepts for Next-Generation High Power Target Applications,K. Ammigan et al.,"Ammigan, K. | Bidhar, S. | Pellemoine, F. | Pronskikh, V. | Pushka, D. | Yonehara, K. | Zwaska, R. | Couet, A. | Moorehead, M. | Ishida, T. | Makimura, S. | Densham, C. | Fitton, M. | Harvey-Fishenden, E. | Davenne, T. | Jenkins, D. | Loveridge, P. | O'Dell, J. | Rogers, C. | Wilcox D. | Calviani, M. | Gilardoni, S. | Nuiry, F.-X. | Perillo-Marcone, A. | Bultman, N. | Gao, J. | Larmann, M. | LaVere, M. | Mittig, W. | Reaume, M. | Wei, J. | Xu, Y. | Muhrer, G. | Shea, T. | Thomas, C. | Wohlmuther, M. | Wakai, E. | Barbier, C. | Riemer, B.",39,2203.08357,https://arxiv.org/abs/2203.08357,2022,2022-03-15,INSPIRE earliest_date,AF,加速器科学与技术,1,AF: Accelerator Technology - Targets and Sources,physics.acc-ph,physics.acc-ph,Accelerator science,加速器科学,,1,15,7,3.4071828358208953,0.5333333333333333,51.303538175046555,51.48975791433892,51.35940409683426,263,262,264,INSPIRE,,2053659,https://inspirehep.net/literature/2053659,https://www.slac.stanford.edu/econf/C210711/papers/2203.08357.pdf
310,arxiv:2202.11828,Novel Sensors for Particle Tracking,M. R. Hoeferkamp et al.,"Hoeferkamp, M.R. | Seidel, S. | Kim, S. | Metcalfe, J. | Sumant, A. | Kagan, H. | Trischuk, W. | Boscardin, M. | Betta, G.-F. Dalla | Sultan, D.M.S. | Fourches, N.T. | Renard, C. | Barbier, A. | Mahajan, T. | Minns, A. | Tokranov, V. | Yakimov, M. | Oktyabrsky, S. | Gingu, C. | Murat, P. | Hedges, M.T.",21,2202.11828,https://arxiv.org/abs/2202.11828,2022,2022-02-23,INSPIRE earliest_date,IF,仪器学前沿,1,IF: Solid State Detectors and Tracking,physics.ins-det,physics.ins-det | hep-ex,Instrumentation and detectors,仪器与探测器,activity report | radiation: damage | diamond | gallium | semiconductor detector: pixel | silicon | costs | scintillation counter | time resolution | spatial resolution | quantum dot | detector: technology | dimension: 3,1,9,6,2.019195331695332,0.3333333333333333,41.71322160148976,42.08566108007449,41.82495344506518,314,312,315,INSPIRE,,2037660,https://inspirehep.net/literature/2037660,https://www.slac.stanford.edu/econf/C210711/papers/2202.11828.pdf
311,arxiv:2112.12593,Nu Tools: Exploring Practical Roles for Neutrinos in Nuclear Energy and Security,O. A. Akindele et al.,"Akindele, Oluwatomi | Bowden, Nathaniel | Carr, Rachel | Conant, Andrew | Diwan, Milind | Erickson, Anna | Foxe, Michael | Goldblum, Bethany L. | Huber, Patrick | Jovanovic, Igor | Link, Jonathan | Littlejohn, Bryce | Mumm, Pieter | Newby, Jason",14,2112.12593,https://arxiv.org/abs/2112.12593,2021,2021-12-20,INSPIRE earliest_date,NF,中微子前沿,1,NF: Neutrino Applications,hep-ph,hep-ph | hep-ex | nucl-ex,Particle phenomenology,粒子唯象学,nucleus: energy | neutrino: detector | category | capture | nuclear reactor | numerical calculations,1,21,14,4.530567040756054,0.3333333333333333,61.452513966480446,60.055865921787706,61.03351955307262,208,215,209,INSPIRE,,1996507,https://inspirehep.net/literature/1996507,https://www.slac.stanford.edu/econf/C210711/papers/2112.12593.pdf
312,arxiv:2203.08139,Numerical Relativity for Next-Generation Gravitational-Wave Probes of Fundamental Physics,F. Foucart et al.,"Foucart, Francois | Laguna, Pablo | Lovelace, Geoffrey | Radice, David | Witek, Helvi",5,2203.08139,https://arxiv.org/abs/2203.08139,2022,2022-03-15,INSPIRE earliest_date,CF | CompF,宇宙前沿 | 计算前沿,2,CF: Cosmic Probes of Fundamental Physics | CompF: Theoretical Calculations and Simulations,gr-qc,gr-qc,Gravitation and cosmology,引力与宇宙学,space-time: warped | relativity theory | gravitational radiation detector | nonlinear | black hole | gravitational radiation | sensitivity | general relativity: validity test | computer: technology | nuclear matter: equation of state | numerical methods | family,2,30,28,6.814365671641791,0.06666666666666667,69.6461824953445,69.36685288640597,69.56238361266294,163,165,165,INSPIRE,,2052485,https://inspirehep.net/literature/2052485,https://www.slac.stanford.edu/econf/C210711/papers/2203.08139.pdf
313,arxiv:2203.10377,Nurturing the Industrial Accelerator Technology Base in the US,A. M. M. Todd,"Todd, A.M.M. | Agustsson, R. | Bruhwiler, D.L. | Chunguang, J. | Gottschalk, S.C. | Kanareykin, A. | Murokh, A. | Rathke, J.W. | Ruelas, M. | Yakovlev, V. | Yoshimura, K.",11,2203.10377,https://arxiv.org/abs/2203.10377,2022,2022-03-19,INSPIRE earliest_date,AF | CEF,加速器科学与技术 | 社群参与,2,AF: General - centered on this frontier | CEF: Applications and Industry,physics.acc-ph,physics.acc-ph,Accelerator science,加速器科学,,2,3,2,0.683135910224439,0.3333333333333333,16.480446927374302,18.156424581005588,16.98324022346369,453,440,441,INSPIRE,,2055810,https://inspirehep.net/literature/2055810,https://www.slac.stanford.edu/econf/C210711/papers/2203.10377.pdf
314,arxiv:2203.06200,Observational Facilities to Study Dark Matter,S.Chakrabarti et al.,"Chakrabarti, Sukanya | Drlica-Wagner, Alex | Li, Ting S. | Sehgal, Neelima | Simon, Joshua D. | Birrer, Simon | Brown, Duncan A. | Bernstein, Rebecca | Bolatto, Alberto D. | Chang, Philip | Dawson, Kyle | Demorest, Paul | Grin, Daniel | Kaplan, David L. | Lazio, Joseph | Marshall, Jennifer | Murphy, Eric J. | Ransom, Scott | Robertson, Brant E. | Singh, Rajeev | Slosar, Anže | Treu, Tommaso | Tsai, Yu-Dai | Williams, Benjamin F.",24,2203.06200,https://arxiv.org/abs/2203.06200,2022,2022-03-11,INSPIRE earliest_date,CF,宇宙前沿,1,CF: Dark Matter: Cosmic Probes,astro-ph.CO,astro-ph.CO | astro-ph.IM | hep-ex | hep-ph,Cosmology,宇宙学,redshift: high | dark matter | dark energy | gravitational radiation | cosmic background radiation | inflation: model | imaging | pulsar | optical | hydrogen,1,33,19,7.47720223325062,0.42424242424242425,72.25325884543761,72.43947858472998,72.30912476722533,148,148,149,INSPIRE,,2050926,https://inspirehep.net/literature/2050926,https://www.slac.stanford.edu/econf/C210711/papers/2203.06200.pdf
315,arxiv:2205.01799,Observational Signatures of Quantum Gravity,K. M. Zurek et al.,"Zurek, Kathryn M.",1,2205.01799,https://arxiv.org/abs/2205.01799,2022,2022-05-03,INSPIRE earliest_date,CF | TF,宇宙前沿 | 理论前沿,2,"CF: Cosmic Probes of Fundamental Physics | TF: String Theory, Quantum Gravity, and Black Holes",gr-qc,gr-qc | hep-ph | hep-th,Gravitation and cosmology,引力与宇宙学,field theory: conformal | action: Einstein-Hilbert | quantum gravity: effect | vacuum state: energy | energy: fluctuation | gravitation: dilaton | random walk | infrared | dimensional reduction | observatory | gravitational radiation | fluid | AdS/CFT correspondence | interferometer | ultraviolet | horizon | signature | scale: Planck | shock waves,2,27,15,6.325689544579858,0.4444444444444444,66.4804469273743,67.31843575418995,66.73184357541899,180,176,179,INSPIRE,,2077177,https://inspirehep.net/literature/2077177,https://www.slac.stanford.edu/econf/C210711/papers/2205.01799.pdf
316,arxiv:2203.09524,On the Importance of Rare Kaon Decays,J. Aebischer et al.,"Aebischer, Jason | Buras, Andrzej J. | Kumar, Jacky",3,2203.09524,https://arxiv.org/abs/2203.09524,2022,2022-03-17,INSPIRE earliest_date,RPF,稀有过程与精密测量,1,RPF: Weak Decays of Strange and Light Quarks,hep-ph,hep-ph | hep-ex | hep-lat,Particle phenomenology,粒子唯象学,K: rare decay | K: leptonic decay | K: semileptonic decay | K: branching ratio | CKM matrix: unitarity | CP: violation | effective field theory | angular distribution | sensitivity | CERN LHC Coll | numerical calculations | new physics,1,35,22,7.959993773349939,0.37142857142857144,73.18435754189944,73.64990689013035,73.32402234636871,145,142,142,INSPIRE,,2054663,https://inspirehep.net/literature/2054663,https://www.slac.stanford.edu/econf/C210711/papers/2203.09524.pdf
317,arxiv:2109.15181,On the Modeling Uncertainties of ttbar W± Multi-Lepton Signatures,G. Bevilacqua et al.,"Bevilacqua, G. | Bi, H.Y. | Febres Cordero, F. | Hartanto, H.B. | Kraus, M. | Nasufi, J. | Reina, L. | Worek, M.",8,2109.15181,https://arxiv.org/abs/2109.15181,2021,2021-09-30,INSPIRE earliest_date,EF,能量前沿,1,EF: Heavy Flavor and Top Quark Physics,hep-ph,hep-ph | hep-ex,Particle phenomenology,粒子唯象学,top: pair production | parton: showers | effect: off-shell | interference: effect | interpretation of experiments: CERN LHC Coll | numerical calculations | energy | resonance: production | gauge boson,1,40,20,8.235625704622322,0.5,75.23277467411546,74.39478584729981,74.98137802607077,134,138,134,INSPIRE,,1935822,https://inspirehep.net/literature/1935822,https://www.slac.stanford.edu/econf/C210711/papers/2109.15181.pdf
318,arxiv:2203.05939,Opportunities for New Physics Searches with Heavy Ions at Colliders,David d'Enterria et al.,"d'Enterria, David | Drewes, Marco | Giammanco, Andrea | Hajer, Jan | Bratkovskaya, Elena | Bruce, Roderik | Burmasov, Nazar | Dyndal, Mateusz | Gould, Oliver | Grabowska-Bold, Iwona | Gumberidze, Malgorzata | Gunji, Taku | Holzmann, Romain | Jowett, John M. | Kryshen, Evgeny | Okorokov, Vitalii A. | Schmidt, Ida | Upreti, Aditya",18,2203.05939,https://arxiv.org/abs/2203.05939,2022,2022-03-11,INSPIRE earliest_date,EF,能量前沿,1,EF: QCD and Strong Interactions - Heavy Ions,hep-ph,hep-ph | hep-ex | nucl-ex | nucl-th,Particle phenomenology,粒子唯象学,physics beyond the standard model | heavy-ion collisions | hadron colliders | axion-like particles | magnetic monopoles | dark photons | tau lepton moments | energy: high | beam: heavy ion | quantum chromodynamics: matter | CP: violation | new physics | cosmic radiation | axion-like particles | axion: mass | electromagnetic | sensitivity | photon | magnetic monopole | interpretation of experiments: CERN LHC Coll,1,52,31,11.782258064516128,0.40384615384615385,79.60893854748603,79.7951582867784,79.66480446927375,110,109,110,INSPIRE,,2050432,https://inspirehep.net/literature/2050432,https://www.slac.stanford.edu/econf/C210711/papers/2203.05939.pdf
319,arxiv:2204.02280,Opportunities for Precision QCD Physics in Hadronization at Belle II,A. Accardi et al.,"Accardi, A. | Chien, Y.T. | d'Enterria, D. | Deshpande, A. | Dilks, C. | Gutierrez Garcia, P.A. | Jacobs, W.W. | Krauss, F. | Gomez, S. Leal | Mondal, M. Mouli | Parham, K. | Ringer, F. | Sanchez-Puertas, P. | Schneider, S. | Schnell, G. | Scimemi, I. | Seidl, R. | Signori, A. | Sjöstrand, T. | Sterman, G. | Vossen, A.",21,2204.02280,https://arxiv.org/abs/2204.02280,2022,2022-04-05,INSPIRE earliest_date,EF,能量前沿,1,EF: QCD and Strong Interactions - Precision QCD,hep-ex,hep-ex,Experimental particle physics,实验粒子物理,electron positron: annihilation | electron positron: colliding beams | hyperon: electroproduction | dihadron: electroproduction | parton: hadronization | jet: fragmentation function | hadron: fragmentation function | final state: hadronic | track data analysis: vertex | quark: mass generation | quantum chromodynamics | parton: distribution function | transverse momentum dependence | BELLE | KEK-B | tau: hadronic decay | cross section: ratio | strong interaction: coupling constant | particle identification | exceptional | muon: magnetic moment | precision measurement | sensitivity | numerical calculations: Monte Carlo | bibliography,1,21,11,4.833175803402646,0.47619047619047616,61.452513966480446,62.476722532588454,61.75977653631284,209,202,205,INSPIRE,,2063309,https://inspirehep.net/literature/2063309,https://www.slac.stanford.edu/econf/C210711/papers/2204.02280.pdf
320,arxiv:2203.06795,Opportunities from Cross-survey Analyses of Static Probes,E. J. Baxter et al.,"Baxter, Eric J. | Chang, Chihway | Hearin, Andrew | Blazek, Jonathan | Bleem, Lindsey E. | Ferraro, Simone | Ishak, Mustapha | Karkare, Kirit S. | Leauthaud, Alexie | Liu, Jia | Mandelbaum, Rachel | Meyers, Joel | Dizgah, Azadeh Moradinezhad | Nagai, Daisuke | Newman, Jeffrey A. | Omori, Yuuki | Sehgal, Neelima | White, Martin | Zuntz, Joe | Alvarez, Marcelo A. | Avestruz, Camille | Bianchini, Federico | Bocquet, Sebastian | Bolliet, Boris | Carlstrom, John E. | Doux, Cyrille | van Engelen, Alexander | Goh, Tze | Grandis, Sebastian | Hill, J. Colin | von der Linden, Anja | Maniyar, Abhishek S. | Marques, Gabriela A. | Porredon, Anna | Prat, Judit | Robertson, Naomi | Schaan, Emmanuel | Shaikh, Shabbir | Shin, Tae-hyeon | Zhang, Yuanyuan",40,2203.06795,https://arxiv.org/abs/2203.06795,2022,2022-03-13,INSPIRE earliest_date,CF,宇宙前沿,1,CF: Dark Energy and Cosmic Acceleration: Complementarity of Probes and New Facilities,hep-ex,hep-ex | astro-ph.CO | astro-ph.IM,Experimental particle physics,实验粒子物理,cosmological model | on-line | data management | data analysis method,1,10,4,2.2686335403726705,0.6,44.134078212290504,43.85474860335196,44.050279329608934,304,302,302,INSPIRE,,2051042,https://inspirehep.net/literature/2051042,https://www.slac.stanford.edu/econf/C210711/papers/2203.06795.pdf
321,arxiv:2103.00522,Optimising Top-Quark Threshold Scan at CLIC using Genetic Algorithm,"K. Nowak, A. F. Zarnecki.","Nowak, Kacper | Zarnecki, Aleksander Filip",2,2103.00522,https://arxiv.org/abs/2103.00522,2021,2021-02-28,INSPIRE earliest_date,EF,能量前沿,1,EF: Heavy Flavor and Top Quark Physics,hep-ex,hep-ex,Experimental particle physics,实验粒子物理,e+-e− Experiments | Top physics | electron positron: annihilation | electron positron: colliding beams | top: mass | top: width | top: coupling | top: threshold | luminosity: spectrum | coupling: Yukawa | top: pair production | CERN CLIC | sensitivity | linear collider | statistical | data analysis method | proposed experiment | numerical calculations: Monte Carlo,1,10,5,1.8372736418511066,0.5,44.134078212290504,40.87523277467412,43.15642458100558,305,318,306,INSPIRE,,1849304,https://inspirehep.net/literature/1849304,https://www.slac.stanford.edu/econf/C210711/papers/2103.00522pdf
322,arxiv:2203.15138,Particle Flow Calorimetry,"R. Ruchti, K. Kruger.","Ruchti, Randal | Krüger, Katja",2,2203.15138,https://arxiv.org/abs/2203.15138,2022,2022-03-28,INSPIRE earliest_date,EF | IF,能量前沿 | 仪器学前沿,2,EF: General - cross-listed | IF: Calorimetry,physics.ins-det,physics.ins-det,Instrumentation and detectors,仪器与探测器,hadron: energy | jet: energy | calorimeter | particle flow | pile-up | background | measurement methods | energy resolution,2,2,2,0.4579937304075235,0.0,9.776536312849162,11.452513966480447,10.279329608938546,485,476,476,INSPIRE,,2059607,https://inspirehep.net/literature/2059607,https://www.slac.stanford.edu/econf/C210711/papers/2203.15138.pdf
323,arxiv:2203.09585,Particle Physics Outreach at Non-Traditional Venues,J. Cochran et al.,"Cochran, Jim | Huth, John | Jones, Roger | Laycock, Paul | Lee, Claire | Lee, Lawrence | Potter, Connie | Watts, Gordon",8,2203.09585,https://arxiv.org/abs/2203.09585,2022,2022-03-17,INSPIRE earliest_date,CEF,社群参与,1,CEF: Public Education and Outreach,physics.ed-ph,physics.ed-ph | physics.soc-ph,Physics and instrumentation,物理与仪器,,1,2,2,0.4548567870485679,0.0,9.776536312849162,9.776536312849162,9.776536312849162,486,485,485,INSPIRE,,2055298,https://inspirehep.net/literature/2055298,https://www.slac.stanford.edu/econf/C210711/papers/2203.09585.pdf
324,arxiv:2203.10953,Particle Physics Outreach to K-12 Schools and Opportunities in Undergraduate Education,M. G. Bardeen et al.,"Bardeen, Marge G. | Bitter, Olivia M. | Glover, Marla | de Jong, Sijbrand J. | Lewis, Tiffany R. | Fetsko, Michael | LaMee, Adam | Rosenzweig, Christian | Roudebush, Deborah | Santos, Andrew D. | Wood, Shane | Cecire, Kenneth | Ruchti, Randal | Fidalgo, Guillermo | Malik, Sudhir",15,2203.10953,https://arxiv.org/abs/2203.10953,2022,2022-03-18,INSPIRE earliest_date,CEF,社群参与,1,CEF: Physics Education,physics.ed-ph,physics.ed-ph | hep-ex,Physics and instrumentation,物理与仪器,structure | capture | mathematical methods,1,3,1,0.6827102803738319,0.6666666666666666,16.480446927374302,17.970204841713223,16.927374301675975,454,441,442,INSPIRE,,2055665,https://inspirehep.net/literature/2055665,https://www.slac.stanford.edu/econf/C210711/papers/2203.10953.pdf
325,arxiv:2203.05525,Passive Low Energy Nuclear Recoil Detection with Color Centers – PALEOCCENE,K. Alfonso et al.,"Alfonso, Krystal | Araujo, Gabriela R. | Baudis, Laura | Bowden, Nathaniel | Cogswell, Bernadette K. | Erickson, Anna | Galloway, Michelle | Hecht, Adam A. | Mudiyanselage, Rathsara R.H. Herath | Huber, Patrick | Jovanovic, Igor | Khodaparast, Giti A. | Magill, Brenden A. | O'Donnell, Thomas | Smith, Nicholas W.G. | Zhang, Xianyi",16,2203.05525,https://arxiv.org/abs/2203.05525,2022,2022-03-10,INSPIRE earliest_date,CF | IF | NF,宇宙前沿 | 仪器学前沿 | 中微子前沿,3,CF: Dark Matter: Particle-like | IF: Solid State Detectors and Tracking | NF: Neutrino Detectors,hep-ex,hep-ex,Experimental particle physics,实验粒子物理,nucleus: recoil | neutrino nucleus: elastic scattering | nucleus: energy | n: scattering | energy: low | dark matter: scattering | color | coherence | experimental methods,3,8,2,1.8115313081215125,0.75,39.385474860335194,39.01303538175046,39.273743016759774,331,328,330,INSPIRE,,2049571,https://inspirehep.net/literature/2049571,https://www.slac.stanford.edu/econf/C210711/papers/2203.05525.pdf
326,arxiv:2203.09202,Performance of the LHC Injector Chain after the Upgrade and Potential Development,"H. Bartosik, G. Rumolo.","Bartosik, Hannes | Rumolo, Giovanni",2,2203.09202,https://arxiv.org/abs/2203.09202,2022,2022-03-17,INSPIRE earliest_date,AF,加速器科学与技术,1,AF: Accelerators for Neutrinos,physics.acc-ph,physics.acc-ph,Accelerator science,加速器科学,activity report | CERN LHC Coll | upgrade | performance | brightness | beam: injection | beam transport,1,20,19,4.548567870485679,0.05,60.055865921787706,60.80074487895717,60.279329608938546,216,211,214,INSPIRE,,2054372,https://inspirehep.net/literature/2054372,https://www.slac.stanford.edu/econf/C210711/papers/2203.09202.pdf
327,arxiv:2203.11623,PetaVolts per Meter Plasmonics,A. A. Sahai et al.,"Sahai, Aakash A. | Golkowski, Mark | Gedney, Stephen | Katsouleas, Thomas | Andonian, Gerard | White, Glen | Stohr, Joachim | Muggli, Patric | Filipetto, Daniele | Zimmermann, Frank | Tajima, Toshiki | Mourou, Gerard | Resta-Lopez, Javier",13,2203.11623,https://arxiv.org/abs/2203.11623,2022,2022-03-22,INSPIRE earliest_date,AF | CompF | EF,加速器科学与技术 | 计算前沿 | 能量前沿,3,AF: Advanced Accelerator Concepts | CompF: Theoretical Calculations and Simulations | EF: Beyond the Standard Model - More General Explorations,physics.acc-ph,physics.acc-ph | cond-mat.mes-hall | cond-mat.mtrl-sci | hep-ex | physics.plasm-ph,Accelerator science,加速器科学,activity report | quantum mechanics: effect | electron: density | electron: gas | oscillation: collective | crystal: lattice | Fermi gas | electromagnetic field | plasmon | accelerator: design | accelerator: technology,3,0,0,0.0,,1.0242085661080074,1.0242085661080074,1.0242085661080074,532,532,532,INSPIRE,,2056887,https://inspirehep.net/literature/2056887,https://www.slac.stanford.edu/econf/C210711/papers/2203.11623.pdf
328,arxiv:2203.07270,Phenomenological Aspects of Composite Higgs Scenarios: Exotic Scalars and Vector-Like Quarks,A. Banerjee et al.,"Banerjee, Avik | Franzosi, Diogo Buarque | Cacciapaglia, Giacomo | Deandrea, Aldo | Ferretti, Gabriele | Flacke, Thomas | Fuks, Benjamin | Kunkel, Manuel | Panizzi, Luca | Porod, Werner | Schwarze, Leonard",11,2203.07270,https://arxiv.org/abs/2203.07270,2022,2022-03-14,INSPIRE earliest_date,EF | TF,能量前沿 | 理论前沿,2,EF: Beyond the Standard Model - Model Specific Explorations | TF: Collider Phenomenology,hep-ph,hep-ph | hep-ex,Particle phenomenology,粒子唯象学,quark: composite | Higgs model: composite | numerical calculations: Monte Carlo | Goldstone particle | programming | interpretation of experiments: CERN LHC Coll | SU(5)/SO(5) | parametrization,2,44,27,9.98819142324425,0.38636363636363635,76.81564245810056,76.6294227188082,76.75977653631284,125,126,126,INSPIRE,,2051222,https://inspirehep.net/literature/2051222,https://www.slac.stanford.edu/econf/C210711/papers/2203.07270.pdf
329,arxiv:2203.09941,Photomultipliers as High Rate Radiation-Resistant In-Situ Sensors in Future Experiments,"D. R Winn, Y. Onel.","Winn, David R. | Onel, Yasar",2,2203.09941,https://arxiv.org/abs/2203.09941,2022,2022-03-14,INSPIRE earliest_date,IF,仪器学前沿,1,IF: Calorimetry,physics.ins-det,physics.ins-det,Instrumentation and detectors,仪器与探测器,,1,1,1,0.22700435052827841,0.0,4.283054003724395,3.817504655493482,4.143389199255121,518,518,518,INSPIRE,,2054850,https://inspirehep.net/literature/2054850,https://www.slac.stanford.edu/econf/C210711/papers/2203.09941.pdf
330,arxiv:2203.12542,Photon Counting from the Vacuum Ultraviolet to the Short Wavelength Infrared using Semiconductor and Superconducting Technologies,J. Asaadi et al.,"Asaadi, Jonathan | Baxter, Dan | Berggren, Karl K. | Braga, Davide | Charlebois, Serge A. | Chang, Clarence | Dragone, Angelo | Drlica-Wagner, Alex | Escobar, Carlos O. | Estrada, Juan | Fahim, Farah | Febbraro, Michael | Moroni, Guillermo Fernandez | Holland, Stephen | Hossbach, Todd | Koppell, Stewart | Leitz, Christopher | Magnoni, Agustina | Mazin, Benjamin A. | Pratte, Jean-François | Rauscher, Bernie | Rodrigues, Dario | Shen, Lingjia | Sofo-Haro, Miguel | Tiffenberg, Javier | Turner, Joshua | Rota, Lorenzo | Kenney, Christopher J. | Vachon, Frédéric | Wang, Gensheng",30,2203.12542,https://arxiv.org/abs/2203.12542,2022,2022-03-23,INSPIRE earliest_date,IF,仪器学前沿,1,IF: Photon Detectors,physics.ins-det,physics.ins-det | hep-ex,Instrumentation and detectors,仪器与探测器,activity report | photon: detector | semiconductor detector: germanium | photomultiplier: silicon | superconductivity | ultraviolet | infrared | detector: technology | CCD | bibliography,1,3,0,0.6848437500000001,1.0,16.480446927374302,18.71508379888268,17.150837988826815,455,437,438,INSPIRE,,2057457,https://inspirehep.net/literature/2057457,https://www.slac.stanford.edu/econf/C210711/papers/2203.12542.pdf
331,arxiv:2203.05078,Physical Mathematics 2021,I. Bah et al.,"Bah, Ibrahima | Freed, Daniel | Moore, Gregory W. | Nekrasov, Nikita | Razamat, Shlomo S. | Schäfer-Nameki, Sakura",6,2203.05078,https://arxiv.org/abs/2203.05078,2022,2022-03-09,INSPIRE earliest_date,TF,理论前沿,1,TF: Conformal Field Theory and Formal Quantum Field Theory,hep-th,hep-th,Formal theory / quantum gravity,形式理论与量子引力,,1,11,9,2.4893122676579926,0.18181818181818182,46.2756052141527,45.90316573556797,46.16387337057727,291,291,291,INSPIRE,,2049620,https://inspirehep.net/literature/2049620,https://www.slac.stanford.edu/econf/C210711/papers/2203.05078.pdf
332,arxiv:2205.00031,Physics at Future Colliders: the Interplay Between Energy and Luminosity,"Z. Liu, L.-T. Wang.","Liu, Zhen | Wang, Lian-Tao",2,2205.00031,https://arxiv.org/abs/2205.00031,2022,2022-04-29,INSPIRE earliest_date,AF | EF,加速器科学与技术 | 能量前沿,2,AF: General - centered on this frontier | EF: General - centered on this frontier,hep-ph,hep-ph | hep-ex,Particle phenomenology,粒子唯象学,lepton | scaling | Higgs particle | benchmark | hadron,2,5,4,1.168426103646833,0.2,28.212290502793294,29.329608938547487,28.547486033519547,390,380,381,INSPIRE,,2075435,https://inspirehep.net/literature/2075435,https://www.slac.stanford.edu/econf/C210711/papers/2205.00031.pdf
333,arxiv:2203.16255,"Physics Community Needs, Tools, and Resources for Machine Learning",P. Harris et al.,"Harris, Philip | Katsavounidis, Erik | McCormack, William Patrick | Rankin, Dylan | Feng, Yongbin | Gandrakota, Abhijith | Herwig, Christian | Holzman, Burt | Pedro, Kevin | Tran, Nhan | Yang, Tingjun | Ngadiuba, Jennifer | Coughlin, Michael | Hauck, Scott | Hsu, Shih-Chieh | Khoda, Elham E. | Chen, Deming | Neubauer, Mark | Duarte, Javier | Karagiorgi, Georgia | Liu, Mia",21,2203.16255,https://arxiv.org/abs/2203.16255,2022,2022-03-30,INSPIRE earliest_date,CF | CompF | EF | IF | NF,宇宙前沿 | 计算前沿 | 能量前沿 | 仪器学前沿 | 中微子前沿,5,CF: Cosmic Probes of Fundamental Physics | CompF: Machine Learning | EF: General - cross-listed | IF: Trigger and Data Acquisition | NF: Neutrino Oscillations,cs.LG,cs.LG | gr-qc | hep-ex | physics.ins-det,cs.LG,未分类,,5,17,7,3.897834274952919,0.5882352941176471,55.493482309124765,56.14525139664804,55.68901303538175,239,236,236,INSPIRE,,2060087,https://inspirehep.net/literature/2060087,https://www.slac.stanford.edu/econf/C210711/papers/2203.16255.pdf
334,arxiv:2204.08943,Physics in the Tau-Charm Region at BESIII,H. B. Li et al.,"Li, H.B. | Gradl, W. | Lyu, X.R. | Yuan, C.Z. | Dong, M.Y. | Gao, Y.N. | Lo, X.C. | Maggiora, M. | Mao, Y.J. | Mitchell, R.E. | Peng, H.P. | Shen, X.Y. | Dong, L.Y. | Wang, D.Y. | Zheng, B. | Fang, S.S. | Garzia, I. | Hüsken, N. | Kups, A. | Pelizaeus, M. | Guo, Y.P. | Kühn, W. | Zhu, K. | Ke, B.C. | Libby, J. | Ma, H.L. | Wilkinson, G. | Aliberti, R. | Redmer, C.F. | Zhang, J.Y. | Zhou, X.R. | Liu, Z.Q. | You, Z.Y. | Zhao, M.G.",34,2204.08943,https://arxiv.org/abs/2204.08943,2022,2022-04-19,INSPIRE earliest_date,RPF,稀有过程与精密测量,1,RPF: General - centered on this frontier,hep-ex,hep-ex | hep-ph,Experimental particle physics,实验粒子物理,electron positron: annihilation | electron positron: colliding beams | meson: exotic | new physics: search for | charmed baryon | BES | Beijing Stor | charmonium | charmed meson | spectrometer | quantum chromodynamics | experimental results,1,29,22,6.733788938334393,0.2413793103448276,68.6219739292365,69.1806331471136,68.78957169459963,171,166,167,INSPIRE,,2069262,https://inspirehep.net/literature/2069262,https://www.slac.stanford.edu/econf/C210711/papers/arXiv:2204.08943.pdf
335,arxiv:2203.03925,Physics Opportunities for the Fermilab Booster Replacement,J. Arrington et al.,"Arrington, John | Barrow, Joshua | Batell, Brian | Bernstein, Robert | Blinov, Nikita | Brice, S.J. | Culbertson, Ray | deNiverville, Patrick | Di Benedetto, Vito | Eldred, Jeff | Fava, Angela | Fields, Laura | Friedland, Alex | Gaponenko, Andrei | Gatto, Corrado | Gori, Stefania | Harnik, Roni | Hill, Richard J. | Kaplan, Daniel M. | Kelly, Kevin J. | Kiburg, Mandy | Kobilarcik, Tom | Krnjaic, Gordan | Lee, Gabriel | Littlejohn, B.R. | Louis, W.C. | Machado, Pedro | Mazzacane, Anna | Merkel, Petra | Morse, William M. | Neuffer, David | Niner, Evan | Pavlovic, Zarko | Pellico, William | Plestid, Ryan | Pospelov, Maxim | Prebys, Eric | Semertzidis, Yannis K. | Shaevitz, M.H. | Snopok, P. | Syphers, M.J. | Tayloe, Rex | Thornton, R.T. | Tomalak, Oleksandr | Toups, M. | Tran, Nhan | Tsai, Yu-Dai | Van de Water, Richard | Yonehara, Katsuya | Zettlemoyer, Jacob | Zhong, Yi-Ming | Zwaska, Robert",52,2203.03925,https://arxiv.org/abs/2203.03925,2022,2022-03-08,INSPIRE earliest_date,AF | NF | RPF | TF,加速器科学与技术 | 中微子前沿 | 稀有过程与精密测量 | 理论前沿,4,AF: General - centered on this frontier | NF: General - centered on this frontier | RPF: General - centered on this frontier | TF: General - cross-listed,hep-ph,hep-ph | hep-ex | physics.acc-ph,Particle phenomenology,粒子唯象学,booster | muon | accelerator,4,18,7,4.070897832817337,0.6111111111111112,57.635009310986966,56.70391061452514,57.35567970204842,228,233,232,INSPIRE,,2048096,https://inspirehep.net/literature/2048096,https://www.slac.stanford.edu/econf/C210711/papers/2203.03925.pdf
336,arxiv:2209.02883,Physics Opportunities in the ORNL Spallation Neutron Source Second Target Station Era,J. Asaadi et al.,"Asaadi, J. | Barbeau, P.S. | Bodur, B. | Bross, A. | Conley, E. | Efremenko, Y. | Febbraro, M. | Galindo-Uribarri, A. | Gardiner, S. | Gonzalez-Diaz, D. | Green, M.P. | Heath, M.R. | Hedges, S. | Liu, J. | Major, A. | Markoff, D.M. | Newby, J. | Parno, D.S. | Pershey, D. | Rapp, R. | Salvat, D.J. | Scholberg, K. | Strigari, L. | Suh, B. | Tayloe, R. | Tsai, Y.-T. | Vahsen, S.E. | Wongjirad, T. | Zettlemoyer, J.",29,2209.02883,https://arxiv.org/abs/2209.02883,2022,2022-09-06,INSPIRE earliest_date,CF | IF | NF,宇宙前沿 | 仪器学前沿 | 中微子前沿,3,CF: Dark Matter: Particle-like | IF: Noble Element-Based Detectors | NF: General - centered on this frontier,hep-ex,hep-ex | nucl-ex | physics.ins-det,Experimental particle physics,实验粒子物理,n: fission | neutrino: particle source | neutrino: flux | Oak Ridge SNS PS | pulsed | nuclear physics | upgrade | quality,3,16,6,4.078157711095604,0.625,53.25884543761639,56.890130353817504,54.34823091247672,254,232,247,INSPIRE,,2148110,https://inspirehep.net/literature/2148110,https://www.slac.stanford.edu/econf/C210711/papers/2209.02883.pdf
337,arxiv:2202.12343,Physics Opportunities with PROSPECT-II,M. Andriamirado et al.,"Andriamirado, M. | Balantekin, A.B. | Bass, C.D. | Bergeron, D.E. | Bernard, E. | Bowden, N.S. | Bryan, C.D. | Carr, R. | Classen, T. | Conant, A.J. | Deichert, G. | Delgado, A. | Diwan, M.V. | Dolinski, M.J. | Erickson, A. | Foust, B.T. | Gaison, J.K. | Galindo-Uribari, A. | Gilbert, C.E. | Gokhale, S. | Grant, C. | Hans, S. | Hansell, A.B. | Heeger, K.M. | Heffron, B. | Jaffe, D.E. | Jayakumar, S. | Ji, X. | Jones, D.C. | Koblanski, J. | Kunkle, P. | Kyzylova, O. | Lane, C.E. | Langford, T.J. | LaRosa, J. | Littlejohn, B.R. | Lu, X. | Maricic, J. | Mendenhall, M.P. | Meyer, A.M. | Milincic, R. | Mueller, P.E. | Mumm, H.P. | Napolitano, J. | Neilson, R. | Nikkel, J.A. | Nour, S. | Palomino, J.L. | Pushin, D.A. | Qian, X. | Roca, C. | Rosero, R. | Searles, M. | Surukuchi, P.T. | Sutanto, F. | Tyra, M.A. | Varner, R.L. | Venegas-Vargas, D. | Weatherly, P.B. | Wilhelmi, J. | Woolverton, A. | Yeh, M. | Zhang, C. | Zhang, X.",64,2202.12343,https://arxiv.org/abs/2202.12343,2022,2022-02-24,INSPIRE earliest_date,NF,中微子前沿,1,NF: Sterile Neutrinos,hep-ex,hep-ex | nucl-ex,Experimental particle physics,实验粒子物理,neutrino: sterile | neutrino: particle source | antineutrino: nuclear reactor | detector: design | neutrino: oscillation | neutrino: mass difference | anomaly | spectral | landscape | gallium | BooNE | signature | proposed experiment,1,4,2,0.8979717271051014,0.5,22.998137802607076,20.391061452513966,22.216014897579143,419,428,428,INSPIRE,,2039044,https://inspirehep.net/literature/2039044,https://www.slac.stanford.edu/econf/C210711/papers/2202.12343.pdf
338,arxiv:2005.05221,Physics Potential of Timing Layers in Future Collider Detectors,S.V. Chekanov et al.,"Chekanov, S.V. | Kotwal, A.V. | Yeh, C.-H. | Yu, S.-S.",4,2005.05221,https://arxiv.org/abs/2005.05221,2020,2020-05-11,INSPIRE earliest_date,EF | IF,能量前沿 | 仪器学前沿,2,EF: Beyond the Standard Model - More General Explorations | IF: Calorimetry,physics.ins-det,physics.ins-det | hep-ph,Instrumentation and detectors,仪器与探测器,particle identification | calorimeter | time resolution | detector: design,2,10,7,1.6012713722051732,0.3,44.134078212290504,37.33705772811918,42.0949720670391,306,337,309,INSPIRE,,1795111,https://inspirehep.net/literature/1795111,https://www.slac.stanford.edu/econf/C210711/papers/2005.05221.pdf
339,arxiv:2105.12962,Physics Reach of a Long-Lived Particle Detector at Belle II,S. Dreyer et al.,"Dreyer, Sascha | Ferber, Torben | Filimonova, Anastasiia | Garcia-Cely, Camilo | Hearty, Christopher | Longo, Savino | Schäfer, Ruth | Schmidt-Hoberg, Kai | Tammaro, Michele | Trabelsi, Karim | Westhoff, Susanne | Zupan, Jure",12,2105.12962,https://arxiv.org/abs/2105.12962,2021,2021-05-27,INSPIRE earliest_date,RPF,稀有过程与精密测量,1,RPF: Dark Sector Studies at High Intensities,hep-ph,hep-ph | hep-ex,Particle phenomenology,粒子唯象学,particle: long-lived | meson: decay | far detector: design | tau: decay | BELLE | new physics | lepton | buildings | CEPC | dark matter: density | acceptance | benchmark | ILC Coll | geometry | confinement | FCC-ee | background | photon | electron positron | axion-like particles,1,29,21,5.574868421052631,0.27586206896551724,68.6219739292365,65.08379888268156,67.56052141527002,172,188,174,INSPIRE,,1865781,https://inspirehep.net/literature/1865781,https://www.slac.stanford.edu/econf/C210711/papers/2105.12962.pdf
340,external:https://cds.cern.ch/record/2806962,Physics with the Phase-2 ATLAS and CMS Detectors,ATLAS and CMS Collaborations.,,0,,https://cds.cern.ch/record/2806962,2022,2022,INSPIRE earliest_date,CF | EF | RPF,宇宙前沿 | 能量前沿 | 稀有过程与精密测量,3,CF: Dark Matter: Particle-like | EF: General - centered on this frontier | RPF: Weak Decays of b and c Quarks,,,Unknown,未分类,,3,2,2,0.434562760261749,0.0,9.776536312849162,6.797020484171322,8.882681564245809,487,501,501,INSPIRE-CDS,,2071528,https://inspirehep.net/literature/2071528,https://www.slac.stanford.edu/econf/C210711/papers/CDS-2806962.pdf
341,arxiv:2203.08079,PIP2-BD: GeV Proton Beam Dump at Fermilab's PIP-II Linac,M. Toups et al.,"Toups, M. | Van de Water, R.G. | Batell, Brian | Brice, S.J. | deNiverville, Patrick | Dutta, Bhaskar | Eldred, Jeff | Hapitas, Timothy | Harnik, Roni | Karthikeyan, Aparajitha | Kelly, Kevin J. | Kim, Doojin | Kobilarcik, Tom | Krnjaic, Gordan | Littlejohn, B.R. | Louis, Bill | Machado, Pedro A.N. | Mishra, Nityasa | Pandey, V. | Pavlovic, Z. | Pellico, William | Shaevitz, Michael | Snopok, P. | Tayloe, Rex | Thompson, Adrian | Thornton, R.T. | Tuckler, Douglas | Yu, Jaehoon | Zettlemoyer, Jacob | Zwaska, Bob",30,2203.08079,https://arxiv.org/abs/2203.08079,2022,2022-03-15,INSPIRE earliest_date,AF | NF | RPF,加速器科学与技术 | 中微子前沿 | 稀有过程与精密测量,3,AF: Accelerators for Rare Processes and Physics Beyond Colliders | NF: Neutrinos Beyond the Standard Model | RPF: Dark Sector Studies at High Intensities,hep-ex,hep-ex,Experimental particle physics,实验粒子物理,p: beam dump | p: accumulator | detector: design | dark matter | linear accelerator | superconductivity | sensitivity | DUNE | LBNF | liquid argon | proposed experiment,3,32,12,7.26865671641791,0.625,71.22905027932961,70.94972067039106,71.14525139664804,154,156,156,INSPIRE,,2052914,https://inspirehep.net/literature/2052914,https://www.slac.stanford.edu/econf/C210711/papers/2203.08079.pdf
342,arxiv:2203.12442,Plasma Processing for In-Situ Field Emission Mitigation of Superconducting Radiofrequency (SRF) Cryomodules,M. Martinello et al.,"Martinello, M. | Berrutti, P. | Giaccone, B. | Belomestnykh, S. | Checchin, M. | Eremeev, G.V. | Grassellino, A. | Khabibouilline, T. | Netepenko, A. | Pilipenko, R. | Romanenko, A. | Posen, S. | Wu, G. | Gonnella, D. | Ross, M. | Maniscalco, J.T. | Powers, T.",17,2203.12442,https://arxiv.org/abs/2203.12442,2022,2022-03-23,INSPIRE earliest_date,AF,加速器科学与技术,1,AF: Accelerator Technology - RF,physics.acc-ph,physics.acc-ph,Accelerator science,加速器科学,,1,12,7,2.7393750000000003,0.4166666666666667,47.67225325884544,48.13780260707635,47.811918063314714,282,279,279,INSPIRE,,2057669,https://inspirehep.net/literature/2057669,https://www.slac.stanford.edu/econf/C210711/papers/2203.12442.pdf
343,arxiv:2203.08379,Plasma-Based Particle Sources,M. Fuchs et al.,"Fuchs, M. | Shadwick, B.A. | Vafaei-Najafabadi, N. | Thomas, A.G.R. | Andonian, G. | Büscher, M. | Lehrach, A. | Apsimon, O. | Xia, G. | Filippetto, D. | Schroeder, C.B. | Downer, M.C.",12,2203.08379,https://arxiv.org/abs/2203.08379,2022,2022-03-15,INSPIRE earliest_date,AF,加速器科学与技术,1,AF: Advanced Accelerator Concepts,physics.acc-ph,physics.acc-ph | physics.plasm-ph,Accelerator science,加速器科学,activity report | accelerator: technology | accelerator: design | free electron laser: X-ray | polarization: monitoring | particle source | phase space | dimension: 6 | brightness | wiggler | performance,1,8,3,1.8171641791044775,0.625,39.385474860335194,39.757914338919925,39.497206703910614,332,326,328,INSPIRE,,2053627,https://inspirehep.net/literature/2053627,https://www.slac.stanford.edu/econf/C210711/papers/2203.08379.pdf
344,arxiv:2203.11508,Policing and Gatekeeping in STEM,A. K. Hodari et al.,"Hodari, Apriel K. | Krammes, Shayna B. | Prescod-Weinstein, Chanda | Nord, Brian D. | Esquivel, Jessica N. | Assamagan, Kétévi A.",6,2203.11508,https://arxiv.org/abs/2203.11508,2022,2022-03-22,INSPIRE earliest_date,CEF,社群参与,1,"CEF: Diversity, Equity, and Inclusion",physics.ed-ph,physics.ed-ph | physics.soc-ph,Physics and instrumentation,物理与仪器,,1,5,0,1.140693316677077,1.0,28.212290502793294,28.584729981378025,28.32402234636871,391,384,385,INSPIRE,,2094672,https://inspirehep.net/literature/2094672,https://www.slac.stanford.edu/econf/C210711/papers/2203.11508.pdf
345,arxiv:2203.09945,Portability: A Necessary Approach for Future Scientific Software,M. Bhattacharya et al.,"Bhattacharya, Meghna | Calafiura, Paolo | Childers, Taylor | Dewing, Mark | Dong, Zhihua | Gutsche, Oliver | Habib, Salman | Ju, Xiangyang | Kirby, Michael | Knoepfel, Kyle | Kortelainen, Matti | Kwok, Martin | Leggett, Charles | Lin, Meifeng | Pascuzzi, Vincent R. | Strelchenko, Alexei | Viren, Brett | Yeo, Beomki | Yu, Haiwang",19,2203.09945,https://arxiv.org/abs/2203.09945,2022,2022-03-15,INSPIRE earliest_date,CompF,计算前沿,1,CompF: Experimental Algorithm Parallelization,physics.comp-ph,physics.comp-ph | hep-ex | physics.data-an | physics.ins-det,Computational physics,计算物理,activity report | hardware | programming | multiprocessor: graphics | FPGA,1,3,1,0.681436567164179,0.6666666666666666,16.480446927374302,16.201117318435752,16.396648044692736,456,452,453,INSPIRE,,2054702,https://inspirehep.net/literature/2054702,https://www.slac.stanford.edu/econf/C210711/papers/2203.09945.pdf
346,arxiv:2202.02222,Portal Matter and Dark Sector Phenomenology at Colliders,T. G. Rizzo.,"Rizzo, Thomas G.",1,2202.02222,https://arxiv.org/abs/2202.02222,2022,2022-02-04,INSPIRE earliest_date,CF | EF | TF,宇宙前沿 | 能量前沿 | 理论前沿,3,CF: Dark Matter: Particle-like | EF: Beyond the Standard Model - Dark Matter at Colliders | TF: Collider Phenomenology,hep-ph,hep-ph,Particle phenomenology,粒子唯象学,energy: high | mass: scale | mixing: kinetic | dark matter: mass | new particle | buildings | nonabelian | quantum number | new physics | ILC Coll | interpretation of experiments: CERN LHC Coll | kinematics | FCC-ee | signature | CEPC | TeV,3,27,14,5.987704918032787,0.48148148148148145,66.4804469273743,66.20111731843575,66.39664804469274,181,182,182,INSPIRE,,2027816,https://inspirehep.net/literature/2027816,https://www.slac.stanford.edu/econf/C210711/papers/2202.02222.pdf
347,arxiv:2204.13245,Positron Sources for Future High Energy Physics Colliders,P. Musumeci et al.,"Musumeci, P. | Boffo, C. | Bulanov, S.S. | Chaikovska, I. | Faus Golfe, A. | Gessner, S. | Grames, J. | Hessami, R. | Ivanyushenkov, Y. | Lankford, A. | Loisch, G. | Moortgat-Pick, G. | Nagaitsev, S. | Riemann, S. | Sievers, P. | Tenholt, C. | Yokoya, K.",17,2204.13245,https://arxiv.org/abs/2204.13245,2022,2022-04-27,INSPIRE earliest_date,AF,加速器科学与技术,1,AF: Accelerator Technology - Targets and Sources,physics.acc-ph,physics.acc-ph,Accelerator science,加速器科学,activity report | positron: polarized beam | positron: particle source | accelerator: technology | beam: current | ILC Coll | engineering,1,20,13,4.667731629392971,0.35,60.055865921787706,61.54562383612663,60.50279329608938,217,207,210,INSPIRE,,2074254,https://inspirehep.net/literature/2074254,https://www.slac.stanford.edu/econf/C210711/papers/2204.13245.pdf
348,arxiv:2203.11513,Power Dynamics in Physics,A. K. Hodari et al.,"Hodari, Apriel K. | Krammes, Shayna B. | Prescod-Weinstein, Chanda | Nord, Brian D. | Esquivel, Jessica N. | Assamagan, Kétévi A.",6,2203.11513,https://arxiv.org/abs/2203.11513,2022,2022-03-22,INSPIRE earliest_date,CEF,社群参与,1,"CEF: Diversity, Equity, and Inclusion",physics.soc-ph,physics.soc-ph,"Community, education and society",社群、教育与社会,,1,7,1,1.5969706433479076,0.8571428571428571,36.312849162011176,36.778398510242084,36.452513966480446,343,340,342,INSPIRE,,2094668,https://inspirehep.net/literature/2094668,https://www.slac.stanford.edu/econf/C210711/papers/2203.11513.pdf
349,arxiv:2203.09691,Precision Studies of Spacetime Symmetries and Gravitational Physics,E. Adelberger et al.,"Adelberger, Eric | Budker, Dmitry | Folman, Ron | Geraci, Andrew A. | Harke, Jason T. | Kaplan, Daniel M. | Kimball, Derek F. Jackson | Lehnert, Ralf | Moore, David | Morley, Gavin W. | Palladino, Anthony | Phillips, Thomas J. | Piacentino, Giovanni M. | Snow, William Michael | Sudhir, Vivishek",15,2203.09691,https://arxiv.org/abs/2203.09691,2022,2022-03-17,INSPIRE earliest_date,AF | CF | IF | RPF,加速器科学与技术 | 宇宙前沿 | 仪器学前沿 | 稀有过程与精密测量,4,AF: General - cross-listed | CF: General - centered on this frontier: | IF: General - centered on this frontier | RPF: General - centered on this frontier,hep-ex,hep-ex | gr-qc | hep-ph | hep-th,Experimental particle physics,实验粒子物理,energy: high | symmetry: space-time | new physics: search for | weak coupling | experimental methods | suppression,4,13,12,2.9565691158156913,0.07692307692307693,48.78957169459963,49.25512104283054,48.9292364990689,276,273,274,INSPIRE,,2054694,https://inspirehep.net/literature/2054694,https://www.slac.stanford.edu/econf/C210711/papers/2203.09691.pdf
350,arxiv:2203.07286,Precision Timing for Collider-Experiment-Based Calorimetry,S. V. Chekanov et al.,"Chekanov, S.V. | Simon, F. | Boudry, V. | Chung, W. | Gorham, P.W. | Nguyen, M. | Tully, C.G. | Eno, S.C. | Lai, Y. | Kotwal, A.V. | Ko, S. | Laktineh, I. | Lee, S. | Lee, J.S.H. | Lucchini, M.T. | Prechelt, R. | Yoo, H. | Yeh, C. -H | Yu, S.-S. | Varner, G.S. | Zhu, R.",21,2203.07286,https://arxiv.org/abs/2203.07286,2022,2022-03-14,INSPIRE earliest_date,IF,仪器学前沿,1,IF: Calorimetry,physics.ins-det,physics.ins-det | hep-ex,Instrumentation and detectors,仪器与探测器,activity report | calorimeter: hadronic | calorimeter: electromagnetic | pile-up | particle identification | detector: design | detector: technology,1,4,1,0.9080174021131137,0.75,22.998137802607076,21.60148975791434,22.579143389199256,420,422,422,INSPIRE,,2051228,https://inspirehep.net/literature/2051228,https://www.slac.stanford.edu/econf/C210711/papers/2203.07286.pdf
351,arxiv:2203.08967,Primordial Black Hole Dark Matter,S. Bird et al.,"Bird, Simeon | Albert, Andrea | Dawson, Will | Ali-Haimoud, Yacine | Coogan, Adam | Drlica-Wagner, Alex | Feng, Qi | Inman, Derek | Inomata, Keisuke | Kovetz, Ely | Kusenko, Alexander | Lehmann, Benjamin V. | Munoz, Julian B. | Singh, Rajeev | Takhistov, Volodymyr | Tsai, Yu-Dai",16,2203.08967,https://arxiv.org/abs/2203.08967,2022,2022-03-16,INSPIRE earliest_date,CF,宇宙前沿,1,CF: Dark Matter: Cosmic Probes,hep-ph,hep-ph | astro-ph.CO,Particle phenomenology,粒子唯象学,Primordial black holes | Dark matter | Snowmass2021 | black hole: primordial | dark matter: density | dark matter: mass | black hole: mass | sensitivity | numerical calculations | black hole: formation,1,85,72,19.31938394523958,0.15294117647058825,87.43016759776536,87.61638733705773,87.48603351955308,68,67,68,INSPIRE,,2054306,https://inspirehep.net/literature/2054306,https://www.slac.stanford.edu/econf/C210711/papers/2203.08967.pdf
352,arxiv:2203.15954,Probing dark matter with small-scale astrophysical observations,R. Brito et al.,"Brito, Richard | Chakrabarti, Sukanya | Clesse, Sebastien | Dvorkin, Cora | Garcia-Bellido, Juan | Meyers, Joel | Ng, Ken K.Y. | Miller, Andrew L. | Shandera, Sarah | Sun, Ling",10,2203.15954,https://arxiv.org/abs/2203.15954,2022,2022-03-29,INSPIRE earliest_date,CF,宇宙前沿,1,CF: Cosmic Probes of Fundamental Physics,hep-ph,hep-ph | astro-ph.CO | gr-qc,Particle phenomenology,粒子唯象学,velocity: dispersion | dark matter: density | structure | gravitational radiation detector | gravitation | cosmic background radiation: power spectrum | new particle | signature | rotation,1,22,15,5.041091593475533,0.3181818181818182,62.29050279329609,62.849162011173185,62.45810055865921,204,200,200,INSPIRE,,2060148,https://inspirehep.net/literature/2060148,https://www.slac.stanford.edu/econf/C210711/papers/2203.15954.pdf
353,arxiv:2204.04045,Probing Fundamental Physics With Multi-Modal Cosmic Ray Events,D. Beznosko et al.,"Beznosko, D. | Baigarin, K. | Beisembaev, R. | Beisembaeva, E. | Gladysz-Dziadu, E. | Ryabov, V. | Sadykov, T. | Shaulov, S. | Shiltsev, V. | Stepanov, A. | Vildanova, M. | Zhitnitsky, A. | Zhukov, V.",13,2204.04045,https://arxiv.org/abs/2204.04045,2022,2022-04-04,INSPIRE earliest_date,CF,宇宙前沿,1,CF: Cosmic Probes of Fundamental Physics,hep-ex,hep-ex,Experimental particle physics,实验粒子物理,showers: atmosphere | radiation: Cherenkov | charged particle | cosmic radiation | glass | scintillation counter | resolution | structure | data analysis method | experimental results,1,5,0,1.1500314861460956,1.0,28.212290502793294,29.14338919925512,28.49162011173184,392,381,382,INSPIRE,,2064815,https://inspirehep.net/literature/2064815,https://www.slac.stanford.edu/econf/C210711/papers/2204.04045.pdf
354,arxiv:2203.06929,Probing Heavy Majorana Neutrino Pair Production at ILC in a U(1)_{B−L} Extension of the Standard Model,J. Nakajima et al.,"Nakajima, Jurina | Das, Arindam | Fujii, Keisuke | Jeans, Daniel | Okada, Nobuchika | Okada, Satomi | Yonamine, Ryo",7,2203.06929,https://arxiv.org/abs/2203.06929,2022,2022-03-14,INSPIRE earliest_date,EF,能量前沿,1,EF: Beyond the Standard Model - Model Specific Explorations,hep-ex,hep-ex | hep-ph,Experimental particle physics,实验粒子物理,electron positron: annihilation | electron positron: colliding beams | neutrino: pair production | mass: Majorana | neutrino: Majorana | symmetry breaking: gauge | neutrino: right-handed | momentum: missing-energy | jet: hadronic | electroweak interaction: symmetry breaking | neutrino: heavy | Z': electroproduction | ILC Coll | seesaw model | linear collider | signature | CERN LHC Coll | final state: ((n)jet dilepton) | lepton number | singlet | same sign | suppression | neutrino: mixing | gauge boson | anomaly | baryon number | sensitivity | numerical calculations: Monte Carlo,1,4,2,0.9080174021131137,0.5,22.998137802607076,21.60148975791434,22.579143389199256,421,423,423,INSPIRE,,2051103,https://inspirehep.net/literature/2051103,https://www.slac.stanford.edu/econf/C210711/papers/2203.06929.pdf
355,arxiv:2203.06207,Probing Heavy-Flavor Parton Distribution Functions at Hadron Colliders,K. Xie et al.,"Xie, Keping | Guzzi, Marco | Nadolsky, Pavel",3,2203.06207,https://arxiv.org/abs/2203.06207,2022,2022-03-11,INSPIRE earliest_date,EF,能量前沿,1,EF: Heavy Flavor and Top Quark Physics,hep-ph,hep-ph,Particle phenomenology,粒子唯象学,parton: distribution function | meson: production | heavy quark: production | quantum chromodynamics: factorization | p p: scattering | heavy quark: hadroproduction | boson: production | interpretation of experiments: CERN LHC Coll | sensitivity | interpretation of experiments: LHC-B | hadron | flavor | TeV,1,3,0,0.6797456575682381,1.0,16.480446927374302,13.873370577281191,15.698324022346368,457,464,465,INSPIRE,,2050952,https://inspirehep.net/literature/2050952,https://www.slac.stanford.edu/econf/C210711/papers/2203.06207.pdf
356,arxiv:2203.07495,Probing New Physics with mu+mu− → bs at a Muon Collider,W. Altmannshofer et al.,"Altmannshofer, Wolfgang | Gadam, Sri Aditya | Profumo, Stefano",3,2203.07495,https://arxiv.org/abs/2203.07495,2022,2022-03-14,INSPIRE earliest_date,EF,能量前沿,1,EF: Beyond the Standard Model - More General Explorations,hep-ph,hep-ph,Particle phenomenology,粒子唯象学,muon: storage ring | angular distribution: asymmetry | scale: new physics | new physics: sensitivity | beam: polarization | anomaly | TeV | numerical calculations | structure,1,17,13,3.859073958980733,0.23529411764705882,55.493482309124765,55.493482309124765,55.493482309124765,240,238,238,INSPIRE,,2052440,https://inspirehep.net/literature/2052440,https://www.slac.stanford.edu/econf/C210711/papers/2203.07495.pdf
357,arxiv:2205.05745,Probing the Cosmic Dark Ages with the Lunar Crater Radio Telescope,A. Goel et al.,"Goel, Ashish | Bandyopadhyay, Saptarshi | Lazio, Joseph | Goldsmith, Paul | Bacon, David | Amara, Adam | Furnaletto, Steven | McGarey, Patrick | Rafizadeh, Ramin | Delapierre, Melanie | Arya, Manan | Pisanti, Dario | Gupta, Gaurangi | Chahat, Nacer | Stoica, Adrian | Nesnas, Issa | Quadrelli, Marco | Hallinan, Gregg | Jenks, Kenneth | Wilson, Ronald",20,2205.05745,https://arxiv.org/abs/2205.05745,2022,2022-05-11,INSPIRE earliest_date,CF,宇宙前沿,1,CF: Dark Energy and Cosmic Acceleration: Cosmic Dawn and Before,astro-ph.CO,astro-ph.CO,Cosmology,宇宙学,,1,7,7,1.648452611218569,0.0,36.312849162011176,38.08193668528864,36.84357541899441,344,333,336,INSPIRE,,2080676,https://inspirehep.net/literature/2080676,https://www.slac.stanford.edu/econf/C210711/papers/arXiv:2205.05745.pdf
358,arxiv:2203.08206,Probing the Electroweak Phase Transition with Exotic Higgs Decays,M. Carena et al.,"Carena, Marcela | Kozaczuk, Jonathan | Liu, Zhen | Ou, Tong | Ramsey-Musolf, Michael J. | Shelton, Jessie | Wang, Yikun | Xie, Ke-Pan",8,2203.08206,https://arxiv.org/abs/2203.08206,2022,2022-03-15,INSPIRE earliest_date,CF | EF,宇宙前沿 | 能量前沿,2,CF: Cosmic Probes of Fundamental Physics | EF: Beyond the Standard Model - More General Explorations,hep-ph,hep-ph | astro-ph.CO | hep-ex,Particle phenomenology,粒子唯象学,Higgs | Electroweak Phase Transition | Exotic Decays | LHC | Future Colliders | ILC | FCC | CEPC | electroweak interaction: critical phenomena | potential: Higgs | decay: exotic | electroweak interaction: symmetry breaking | Higgs particle: coupling | interpretation of experiments: CERN LHC Coll | Higgs-factory,2,50,38,11.357276119402984,0.24,78.95716945996276,78.86405959031657,78.92923649906889,114,114,113,INSPIRE,,2053763,https://inspirehep.net/literature/2053763,https://www.slac.stanford.edu/econf/C210711/papers/2203.08206.pdf
359,arxiv:2203.15128,Programs Enabling Deep Technology Transfer from National Labs,A. Arai et al.,,0,2203.15128,https://arxiv.org/abs/2203.15128,2022,,Snowmass proceedings/external record inferred 2022,CEF,社群参与,1,CEF: Applications and Industry,,,Unknown,未分类,,1,,,,,,,,,,,not available,,,,https://www.slac.stanford.edu/econf/C210711/papers/2203.15128.pdf
360,arxiv:2203.07224,Promising Technologies and R&D Directions for the Future Muon Collider Detectors,S. Jindariani et al.,"Jindariani, S. | Meloni, F. | Aimè, C. | Bartosik, N. | Barzi, E. | Bertolin, A. | Braghieri, A. | Buonincontri, L. | Calzaferri, S. | Casarsa, M. | Catanesi, M.G. | Cerri, A. | Chachamis, G. | Colaleo, A. | Curatolo, C. | Da Molin, G. | Delahaye, J. | Di Micco, B. | Dorigo, T. | Errico, F. | Fiorina, D. | Gianelle, A. | Giraldin, C. | Hauptman, J. | Holmes, T.R. | Krizka, K. | Lee, L. | Long, K.R. | Lucchesi, D. | Mokhov, N. | Montella, A. | Nardi, F. | Neufeld, N. | Neuffer, D. | Pagan Griso, S. | Pellecchia, A. | Potamianos, K. | Radicioni, E. | Radogna, R. | Riccardi, C. | Ristori, L. | Rossi, L. | Salvini, P. | Schulte, D. | Sestini, L. | Shiltsev, V. | Simone, F.M. | Stamerra, A. | Sun, X. | Tang, J. | Thompson, E.A. | Vai, I. | Valle, N. | Venditti, R. | Verwilligen, P. | Vitulo, P. | Weber, H. | Yonehara, K. | Zaza, A. | Agashe, K. | Allanach, B.C. | Asadi, P. | Mahmoud., M.A. | Azatov, A. | Batsch, F. | Bersani, A. | Biagini, M.E. | Black, K.M. | Bogacz, S.A. | Bonesini, M. | Bross, A. | Buttazzo, D. | Caiffi, B. | Calderini, G. | Capdevilla, R. | Castelli, L. | Cesarotti, C. | Chacko, Z. | Chancé, A. | Chen, S. | Chien, Y.-T. | Costa, M. | Craig, N. | Curtin, D. | D'Agnolo, R.T. | Dam, M. | Damerau, H. | Dasu, S. | de Blas, J. | De Matteis, E. | Deandrea, A. | Delgado, A. | Denizli, H. | Dermisek, R. | Di Petrillo, K.F. | Dickinson, J. | Everaerts, P. | Everett, L. | Farinon, S. | Ferretti, G. | Filthaut, F. | Forslund, M. | Franceschini, R. | Gabrielli, E. | Garosi, F. | Giambastiani, L. | Glioti, A. | Gray, L. | Greljo, A. | Grojean, C. | Gu, J. | Han, C. | Han, T. | Henning, B. | Hermanek, K. | Homiller, S. | Jana, S. | Jia, H. | Kahn, Y. | Kaplan, D.M. | Kilian, W. | Kong, K. | Koppenburg, P. | Krintiras, G.K. | Li, W. | Li, Q. | Liu, Z. | Lu, Q. | Ma, Y. | Maltoni, F. | Mantani, L. | Mariotto, S. | Marzocca, D. | Mastrapasqua, P. | Matchev, K. | Mazzacane, A. | McGinnis, N. | Meade, P. | Mele, B. | Merkel, P. | Merlassino, C. | Mishra, R.K. | Mohammadi, A. | Mohapatra, R. | Montagna, P. | Musenich, R. | Nomura, Y. | Ojalvo, I. | Panci, P. | Paradisi, P. | Perloff, A. | Piccinini, F. | Pierini, M. | Prioli, M. | Procura, M. | Raubenheimer, T. | Redigolo, D. | Reina, L. | Reuter, J. | Riva, F. | Robens, T. | Sala, F. | Salko, J. | Salvioni, E. | Santiago, J. | Sarra, I. | Schieck, J. | Selvaggi, M. | Senol, A. | Sharma, V. | Sorbi, M. | Stark, G. | Statera, M. | Stupak, J. | Su, S. | Sundrum, R. | Swiatlowski, M. | Torre, R. | Tortora, L. | Trifinopoulos, S. | Valente, M. | Valente, R.U. | Vittorio, L. | Vryonidou, E. | Vuosalo, C. | Wendt, M. | Wu, Y. | Wulzer, A. | Xie, K. | Yu, H.-B. | Zheng, Y.J. | Zurita, J.",192,2203.07224,https://arxiv.org/abs/2203.07224,2022,2022-03-14,INSPIRE earliest_date,EF | IF,能量前沿 | 仪器学前沿,2,EF: General - centered on this frontier | IF: General - centered on this frontier,physics.ins-det,physics.ins-det | hep-ex,Instrumentation and detectors,仪器与探测器,muon: storage ring | flux: background | performance | accelerator: technology,2,56,17,12.712243629583591,0.6964285714285714,81.93668528864059,81.65735567970205,81.85288640595903,98,99,98,INSPIRE,,2051166,https://inspirehep.net/literature/2051166,https://www.slac.stanford.edu/econf/C210711/papers/2203.07224.pdf
361,arxiv:2203.07212,Prompt Electron and Tau Neutrinos and Antineutrinos in the Forward Region at the LHC,W. Bai et al.,"Bai, Weidong | Diwan, Milind Vaman | Garzelli, Maria Vittoria | Jeong, Yu Seon | Kumar, Karan | Reno, Mary Hall",6,2203.07212,https://arxiv.org/abs/2203.07212,2022,2022-03-14,INSPIRE earliest_date,CF | EF | NF,宇宙前沿 | 能量前沿 | 中微子前沿,3,CF: Cosmic Probes of Fundamental Physics | EF: QCD and Strong Interactions - Hadronic Structure and Forward QCD Processes | NF: Artificial Neutrino Sources,hep-ph,hep-ph | hep-ex,Particle phenomenology,粒子唯象学,Prompt neutrinos | NLO pQCD | rapidity: high | energy: high | p p: scattering | neutrino: energy | heavy quark: production | interpretation of experiments: CERN LHC Coll | quantum chromodynamics | antineutrino | SND | electron | kinematics | TeV,3,17,8,3.859073958980733,0.5294117647058824,55.493482309124765,55.493482309124765,55.493482309124765,241,239,239,INSPIRE,,2051674,https://inspirehep.net/literature/2051674,https://www.slac.stanford.edu/econf/C210711/papers/2203.07212.pdf
362,arxiv:2205.10404,Prospects for Heavy WIMP Dark Matter Searches at Muon Colliders,K. Black et al.,"Black, Kevin | Bose, Tulika | Chen, Yuze | Dasu, Sridhara | Jia, Haoyi | Pinna, Deborah | Sharma, Varun | Venkatasubramanian, Nikhilesh | Vuosalo, Carl",9,2205.10404,https://arxiv.org/abs/2205.10404,2022,2022-05-20,INSPIRE earliest_date,EF,能量前沿,1,EF: Beyond the Standard Model - Dark Matter at Colliders,hep-ex,hep-ex | hep-ph,Experimental particle physics,实验粒子物理,WIMP: dark matter | muon: storage ring | CERN LHC Coll | new physics | benchmark | experimental results,1,18,14,4.2636186770428015,0.2222222222222222,57.635009310986966,58.93854748603352,58.026070763500925,229,221,223,INSPIRE,,2086416,https://inspirehep.net/literature/2086416,https://www.slac.stanford.edu/econf/C210711/papers/2205.10404.pdf
363,arxiv:2203.16994,Prospects for Measurements of the Bottom Quark Mass,J. Aparisi et al.,"Aparisi, Javier | Fuster, Juan | Hoang, Andre | Irles, Adrian | Lepenik, Christopher | Mateu, Vicent | Rodrigo, German | Spira, Michael | Tairafune, Seidai | Tian, Junping | Vos, Marcel | Yamamoto, Hitoshi | Yonamine, Ryo",13,2203.16994,https://arxiv.org/abs/2203.16994,2022,2022-03-31,INSPIRE earliest_date,EF,能量前沿,1,EF: Heavy Flavor and Top Quark Physics,hep-ex,hep-ex | hep-ph,Experimental particle physics,实验粒子物理,jet: hadroproduction | jet: bottom | Higgs particle: hadronic decay | Z0: hadronic decay | bottom: pair production | bottom: mass | quantum chromodynamics | strong coupling | measurement methods,1,9,5,2.064855527638191,0.4444444444444444,41.71322160148976,43.109869646182496,42.13221601489758,315,306,308,INSPIRE,,2060737,https://inspirehep.net/literature/2060737,https://www.slac.stanford.edu/econf/C210711/papers/2203.16994.pdf
364,arxiv:2203.07491,Prospects for obtaining Dark Matter Constraints with DESI,M. Valluri et al.,"Valluri, Monica | Chabanier, Solene | Irsic, Vid | Armengaud, Eric | Walther, Michael | Rockosi, Connie | Sanchez-Conde, Miguel A. | Silva, Leandro Beraldo e | Cooper, Andrew P. | Darragh-Ford, Elise | Dawson, Kyle | Deason, Alis J. | Ferraro, Simone | Forero-Romero, Jaime E. | Garzilli, Antonella | Li, Ting | Lukic, Zarija | Manser, Christopher J. | Palanque-Delabrouille, Nathalie | Ravoux, Corentin | Tan, Ting | Wang, Wenting | Wechsler, Risa | Carrillo, Andreia | Dey, Arjun | Koposov, Sergey E. | Mao, Yao-Yuan | Montero-Camacho, Paulo | Patel, Ekta | Rossi, Graziano | Urena-Lopez, L. Arturo | Valenzuela, Octavio",32,2203.07491,https://arxiv.org/abs/2203.07491,2022,2022-03-14,INSPIRE earliest_date,CF,宇宙前沿,1,CF: Dark Matter: Cosmic Probes,astro-ph.CO,astro-ph.CO | astro-ph.GA | hep-ph,Cosmology,宇宙学,mass: scale | dark matter: fuzzy | dark matter: halo | redshift: high | redshift: low | kinematics | DESI | satellite | star | gas | dark energy | formation | direct detection | velocity | structure | cosmological model: parameter space | energy: density | WIMP | self-force | hydrogen | galaxy | cluster | numerical methods | artificial intelligence,1,17,10,3.859073958980733,0.4117647058823529,55.493482309124765,55.493482309124765,55.493482309124765,242,240,240,INSPIRE,,2052451,https://inspirehep.net/literature/2052451,https://www.slac.stanford.edu/econf/C210711/papers/2203.07491.pdf
365,arxiv:2203.15810,Prospects for Precise Predictions of a_μ in the Standard Model,G. Colangelo et al.,"Colangelo, G. | Davier, M. | El-Khadra, A.X. | Hoferichter, M. | Lehner, C. | Lellouch, L. | Mibe, T. | Roberts, B.L. | Teubner, T. | Wittig, H. | Ananthanarayan, B. | Bashir, A. | Bijnens, J. | Blum, T. | Boyle, P. | Bray-Ali, N. | Caprini, I. | Carloni Calame, C.M. | Catà, O. | Cè, M. | Charles, J. | Christ, N.H. | Curciarello, F. | Danilkin, I. | Das, D. | Deineka, O. | Della Morte, M. | Denig, A. | DeTar, C.E. | Dominguez, C.A. | Eichmann, G. | Fischer, C.S. | Gérardin, A. | Giusti, D. | Golterman, M. | Gottlieb, Steven | Gülpers, V. | Hagelstein, F. | Hayakawa, M. | Hermansson-Truedsson, N. | Hoid, B.-L. | Holz, S. | Izubuchi, T. | Jüttner, A. | Keshavarzi, A. | Knecht, M. | Kronfeld, A.S. | Kubis, B. | Kupść, A. | Lahert, S. | Liu, K.F. | Lüdtke, J. | Lynch, M. | Malaescu, B. | Maltman, K. | Marciano, W. | Marinković, M.K. | Masjuan, P. | Meyer, H.B. | Müller, S.E. | Neil, E.T. | Passera, M. | Pepe, M. | Peris, S. | Petrov, A.A. | Procura, M. | Raya, K. | Rebhan, A. | Risch, A. | Rodríguez-Sánchez, A. | Roig, P. | Sánchez-Puertas, P. | Simula, S. | Stoffer, P. | Stokes, F.M. | Sugar, R. | Tsang, J.T. | van de Water, R.S. | Avilés-Casco, A. Vaquero | Venanzoni, G. | von Hippel, G.M. | Zhang, Z.",82,2203.15810,https://arxiv.org/abs/2203.15810,2022,2022-03-29,INSPIRE earliest_date,RPF | TF,稀有过程与精密测量 | 理论前沿,2,RPF: Fundamental Physics in Small Experiments | TF: Lattice Gauge Theory,hep-ph,hep-ph | hep-ex | hep-lat | nucl-ex | nucl-th,Particle phenomenology,粒子唯象学,muon: magnetic moment | magnetic moment: anomaly | magnetic moment: calculated | correction: hadronic | effect: hadronic,2,134,59,30.70483061480552,0.5597014925373134,92.27188081936686,92.45810055865921,92.32774674115456,42,41,42,INSPIRE,,2060022,https://inspirehep.net/literature/2060022,https://www.slac.stanford.edu/econf/C210711/papers/2203.15810.pdf
366,arxiv:2203.08270,Prospects for Searches for Higgs Boson Decays to Dark Photons at the ILC,S. Snyder et al.,"Snyder, Scott | Weber, Christian | Zhang, Danyi",3,2203.08270,https://arxiv.org/abs/2203.08270,2022,2022-03-15,INSPIRE earliest_date,EF,能量前沿,1,EF: Beyond the Standard Model - Dark Matter at Colliders,hep-ph,hep-ph | hep-ex,Particle phenomenology,粒子唯象学,Higgs model: abelian | photon: decay | Higgs particle: decay | ILC Coll | GeV | decoupling | dark matter | interpretation of experiments: CERN LHC Coll | SiD | hidden sector,1,1,1,0.22714552238805968,0.0,4.283054003724395,4.4692737430167595,4.338919925512104,519,515,515,INSPIRE,,2053422,https://inspirehep.net/literature/2053422,https://www.slac.stanford.edu/econf/C210711/papers/2203.08270.pdf
367,arxiv:2203.08874,Prospects for the Measurement of the Standard Model Higgs Pair Production at the Muon Colliders,K. Black et al. (ENUBET Collaboration),"Black, K. | Bose, T. | Dasu, S. | Jia, H. | Lomte, S. | Sharma, V. | Vuosalo, C. | Ojalvo, I. | Holmes, T. | Lee, L. | Swiatlowski, M. | Valente, M. | Oliver, J.",13,2203.08874,https://arxiv.org/abs/2203.08874,2022,2022-03-16,INSPIRE earliest_date,EF,能量前沿,1,EF: Higgs Boson Properties and Couplings,hep-ex,hep-ex,Experimental particle physics,实验粒子物理,muon: storage ring | jet: bottom | Higgs particle: hadronic decay | bottom: pair production | Higgs particle: pair production | dijet: mass spectrum | background | benchmark | suppression | calorimeter | performance | mass resolution | numerical calculations: Monte Carlo,1,1,1,0.22728686994399505,0.0,4.283054003724395,5.21415270018622,4.562383612662942,520,510,510,INSPIRE,,2054086,https://inspirehep.net/literature/2054086,https://www.slac.stanford.edu/econf/C210711/papers/2203.08874.pdf
368,arxiv:2205.02140,Prospects for the Measurement of Top-Quark Couplings,G. Durieux et al.,"Durieux, Gauthier | Camacho, Abel Gutiérrez | Mantani, Luca | Miralles, Víctor | López, Marcos Miralles | Llácer Moreno, María | Poncelet, René | Vryonidou, Eleni | Vos, Marcel",9,2205.02140,https://arxiv.org/abs/2205.02140,2022,2022-05-04,INSPIRE earliest_date,EF,能量前沿,1,EF: Heavy Flavor and Top Quark Physics,hep-ph,hep-ph,Particle phenomenology,粒子唯象学,top: coupling | top: particle source | luminosity: high | electron positron | interpretation of experiments: CERN LHC Coll | electroweak interaction,1,30,17,7.033055198973042,0.43333333333333335,69.6461824953445,70.11173184357541,69.78584729981378,164,161,164,INSPIRE,,2077199,https://inspirehep.net/literature/2077199,https://www.slac.stanford.edu/econf/C210711/papers/2205.02140.pdf
369,arxiv:2203.13923,Proton structure at the Precision Frontier,S. Amoroso et al.,"Amoroso, S. | Apyan, A. | Armesto, N. | Ball, R.D. | Bertone, V. | Bissolotti, C. | Bluemlein, J. | Boughezal, R. | Bozzi, G. | Britzger, D. | Buckley, A. | Candido, A. | Carrazza, S. | Celiberto, F.G. | Cerci, S. | Chachamis, G. | Cooper-Sarkar, A.M. | Courtoy, A. | Cridge, T. | Cruz-Martinez, J.M. | Giuli, F. | Guzzi, M.G. | Gwenlan, C. | Harland-Lang, L.A. | Hekhorn, F. | Hentschinski, M. | Hobbs, T.J. | Hoeche, S. | Huss, A. | Huston, J. | Jadach, S. | Jalilian-Marian, J. | Klein, M. | Krintiras, G.K. | Lin, H.-W. | Loizides, C. | Magni, G. | Malaescu, B. | Mistlberger, B. | Moch, S. | Nadolsky, P.M. | Nocera, E.R. | Olness, F.I. | Petriello, F. | Pires, J. | Rabbertz, K. | Rojo, J. | Royon, C. | Schnell, G. | Schwan, C. | Siodmok, A. | Soper, D.E. | Sutton, M. | Thorne, R.S. | Ubiali, M. | Vita, G. | Weber, J.H. | Whitehead, J. | Xie, K. | Yuan, C.-P. | Zhou, B.",61,2203.13923,https://arxiv.org/abs/2203.13923,2022,2022-03-25,INSPIRE earliest_date,EF | TF,能量前沿 | 理论前沿,2,EF: QCD and Strong Interactions - Hadronic Structure and Forward QCD Processes | TF: Theory Techniques for Precision Physics,hep-ph,hep-ph | hep-ex,Particle phenomenology,粒子唯象学,parton: distribution function | electron nucleon: colliding beams | hadron: structure | quantum chromodynamics | new physics | coupling constant | nucleon | electroweak interaction | transverse momentum | lattice | CERN LHC Coll | nucleus | precision measurement | electron nucleus | meson,2,175,61,39.99921777221527,0.6514285714285715,95.43761638733706,95.81005586592178,95.54934823091247,27,23,23,INSPIRE,,2059340,https://inspirehep.net/literature/2059340,https://www.slac.stanford.edu/econf/C210711/papers/2203.13923.pdf
370,arxiv:2207.00124,Public Policy and Government Engagement: Congressional Advocacy for Areas Beyond HEP Funding,R. Diurba et al.,"Diurba, Richie | Fine, Rob | Gill, Mandeep | Newman, Harvey | Pedro, Kevin | Perloff, Alexx | Quinn, Breese | Suter, Louise | Westerdale, Shawn",9,2207.00124,https://arxiv.org/abs/2207.00124,2022,2022-06-30,INSPIRE earliest_date,CEF,社群参与,1,CEF: Public Policy and Government Engagement,physics.soc-ph,physics.soc-ph,"Community, education and society",社群、教育与社会,,1,3,0,0.7300133244503664,1.0,16.480446927374302,19.73929236499069,17.45810055865922,458,430,431,INSPIRE,,2104991,https://inspirehep.net/literature/2104991,https://www.slac.stanford.edu/econf/C210711/papers/2207.00124.pdf
371,arxiv:2207.00122,Public Policy and Government Engagement: Congressional Advocacy for HEP Funding (The 'DC Trip'),M. Carneiro et al.,"Carneiro, Mateus | Diurba, Richie | Fine, Rob | Gill, Mandeep | Kaadze, Ketino | Newman, Harvey | Pedro, Kevin | Perloff, Alexx | Suter, Louise | Westerdale, Shawn",10,2207.00122,https://arxiv.org/abs/2207.00122,2022,2022-06-30,INSPIRE earliest_date,CEF,社群参与,1,CEF: Public Policy and Government Engagement,physics.soc-ph,physics.soc-ph,"Community, education and society",社群、教育与社会,,1,3,0,0.7300133244503664,1.0,16.480446927374302,19.73929236499069,17.45810055865922,459,431,432,INSPIRE,,2104993,https://inspirehep.net/literature/2104993,https://www.slac.stanford.edu/econf/C210711/papers/2207.00122.pdf
372,arxiv:2207.00125,Public Policy and Government Engagement: Non-Congressional Government Engagement,R. Diurba et al.,"Diurba, Richie | Fine, Rob | Gill, Mandeep | Newman, Harvey | Pedro, Kevin | Perloff, Alexx | Suter, Louise",7,2207.00125,https://arxiv.org/abs/2207.00125,2022,2022-06-30,INSPIRE earliest_date,CEF,社群参与,1,CEF: Public Policy and Government Engagement,physics.soc-ph,physics.soc-ph,"Community, education and society",社群、教育与社会,,1,3,0,0.7300133244503664,1.0,16.480446927374302,19.73929236499069,17.45810055865922,460,432,433,INSPIRE,,2104992,https://inspirehep.net/literature/2104992,https://www.slac.stanford.edu/econf/C210711/papers/2207.00125.pdf
373,arxiv:2203.06859,Puzzling Excesses in Dark Matter Searches and How to Resolve Them,R. K. Leane et al.,"Leane, Rebecca K. | Shin, Seodong | Yang, Liang | Adhikari, Govinda | Alhazmi, Haider | Aramaki, Tsuguo | Baxter, Daniel | Calore, Francesca | Caputo, Regina | Cholis, Ilias | Daylan, Tansu | Di Mauro, Mattia | von Doetinchem, Philip | Han, Ke | Hooper, Dan | Horiuchi, Shunsaku | Kim, Doojin | Kong, Kyoungchul | Lang, Rafael F. | Lin, Qing | Linden, Tim | Liu, Jianglai | Macias, Oscar | Mishra-Sharma, Siddharth | Murphy, Alexander | Rajaee, Meshkat | Rodd, Nicholas L. | Parikh, Aditya | Park, Jong-Chul | Sarsa, Maria Luisa | Shockley, Evan | Slatyer, Tracy R. | Takhistov, Volodymyr | Wagner, Felix | Ye, Jingqiang | Zaharijas, Gabrijela | Zhong, Yi-Ming | Zhou, Ning | Zhou, Xiaopeng",39,2203.06859,https://arxiv.org/abs/2203.06859,2022,2022-03-14,INSPIRE earliest_date,CF | TF,宇宙前沿 | 理论前沿,2,CF: Dark Matter: Particle-like | TF: Astro-Particle Physics and Cosmology,hep-ph,hep-ph | astro-ph.HE | hep-ex,Particle phenomenology,粒子唯象学,flux: time dependence | dark matter: density | anti-p | gamma ray: emission | positron | modulation | background | GLAST | solid-state counter | dark matter: direct detection | galaxy | AMS | DAMA | X-ray: emission | GeV,2,47,32,10.669204474829085,0.3191489361702128,78.30540037243948,78.30540037243948,78.30540037243948,117,117,118,INSPIRE,,2051092,https://inspirehep.net/literature/2051092,https://www.slac.stanford.edu/econf/C210711/papers/2203.06859.pdf
374,arxiv:2201.03096,Quantum Aspects of Black Holes and the Emergence of Spacetime,R. Bousso et al.,"Bousso, Raphael | Dong, Xi | Engelhardt, Netta | Faulkner, Thomas | Hartman, Thomas | Shenker, Stephen H. | Stanford, Douglas",7,2201.03096,https://arxiv.org/abs/2201.03096,2022,2022-01-09,INSPIRE earliest_date,TF,理论前沿,1,"TF: String Theory, Quantum Gravity, and Black Holes",hep-th,hep-th | cond-mat.str-el | gr-qc | quant-ph,Formal theory / quantum gravity,形式理论与量子引力,radiation: Hawking | space-time: emergence | space-time: black hole | black hole: evaporation | space-time: wormhole | holography | fine structure | unitarity | quantum gravity | quantum mechanics | quantum cosmology | gravitation | structure,1,75,71,16.3740286909743,0.05333333333333334,85.6610800744879,85.19553072625699,85.52141527001862,78,80,78,INSPIRE,,2007273,https://inspirehep.net/literature/2007273,https://www.slac.stanford.edu/econf/C210711/papers/2201.03096.pdf
375,arxiv:2203.08805,Quantum Computing for Data Analysis in High-Energy Physics,A. Delgado et al.,"Delgado, Andrea | Hamilton, Kathleen E. | Date, Prasanna | Vlimant, Jean-Roch | Magano, Duarte | Omar, Yasser | Bargassa, Pedrame | Francis, Anthony | Gianelle, Alessio | Sestini, Lorenzo | Lucchesi, Donatella | Zuliani, Davide | Nicotra, Davide | de Vries, Jacco | Dibenedetto, Dominica | Martinez, Miriam Lucio | Rodrigues, Eduardo | Sierra, Carlos Vazquez | Vallecorsa, Sofia | Thaler, Jesse | Bravo-Prieto, Carlos | Chang, su Yeon | Lazar, Jeffrey | Argüelles, Carlos A. | de Lejarza, Jorge J. Martinez | Cieri, Leandro | Rodrigo, Germán",27,2203.08805,https://arxiv.org/abs/2203.08805,2022,2022-03-15,INSPIRE earliest_date,CompF,计算前沿,1,CompF: Quantum Computing,physics.data-an,physics.data-an | hep-ex | quant-ph,Data analysis,数据分析,activity report | computer: quantum | numerical calculations,1,43,24,9.767257462686565,0.4418604651162791,76.53631284916202,76.44320297951583,76.50837988826817,127,127,127,INSPIRE,,2054075,https://inspirehep.net/literature/2054075,https://www.slac.stanford.edu/econf/C210711/papers/2203.08805.pdf
376,arxiv:2204.08605,Quantum Computing Hardware for HEP Algorithms and Sensing,M. S. Alam et al.,"Alam, M. Sohaib | Belomestnykh, Sergey | Bornman, Nicholas | Cancelo, Gustavo | Chao, Yu-Chiu | Checchin, Mattia | San Dinh, Vinh | Grassellino, Anna | Gustafson, Erik J. | Harnik, Roni | McRae, Corey Rae Harrington | Huang, Ziwen | Kapoor, Keshav | Kim, Taeyoon | Kowalkowski, James B. | Kramer, Matthew J. | Krasnikova, Yulia | Kumar, Prem | Kurkcuoglu, Doga Murat | Lamm, Henry | Lyon, Adam L. | Milathianaki, Despina | Murthy, Akshay | Mutus, Josh | Nekrashevich, Ivan | Oh, JinSu | BarışÖzgüler, A. | Perdue, Gabriel Nathan | Reagor, Matthew | Romanenko, Alexander | Sauls, James A. | Stefanazzi, Leandro | Tubman, Norm M. | Venturelli, Davide | Wang, Changqing | You, Xinyuan | van Zanten, David M.T. | Zhou, Lin | Zhu, Shaojiang | Zorzetti, Silvia",40,2204.08605,https://arxiv.org/abs/2204.08605,2022,2022-04-18,INSPIRE earliest_date,CompF | TF,计算前沿 | 理论前沿,2,CompF: Quantum Computing | TF: Quantum Information Science,quant-ph,quant-ph | hep-ex,Quantum information and sensors,量子信息与量子传感器,computer: quantum | hardware | superconductivity | performance | cavity | mediation | energy levels | quantum mechanics | engineering | chemistry,2,31,15,7.193614993646761,0.5161290322580645,70.39106145251397,70.67039106145252,70.47486033519553,160,158,158,INSPIRE,,2069448,https://inspirehep.net/literature/2069448,https://www.slac.stanford.edu/econf/C210711/papers/2204.08605.pdf
377,arxiv:2203.07091,Quantum Computing Systems and Software for High-energy Physics Research,T. S. Humble et al.,"Humble, Travis S. | Delgado, Andrea | Pooser, Raphael | Seck, Christopher | Bennink, Ryan | Leyton-Ortega, Vicente | Wang, C.-C. Joseph | Dumitrescu, Eugene | Morris, Titus | Hamilton, Kathleen | Lyakh, Dmitry | Date, Prasanna | Wang, Yan | Peters, Nicholas A. | Evans, Katherine J. | Demarteau, Marcel | McCaskey, Alex | Nguyen, Thien | Clark, Susan | Reville, Melissa | Di Meglio, Alberto | Grossi, Michele | Vallecorsa, Sofia | Borras, Kerstin | Jansen, Karl | Krücker, Dirk",26,2203.07091,https://arxiv.org/abs/2203.07091,2022,2022-03-14,INSPIRE earliest_date,CompF,计算前沿,1,CompF: Quantum Computing,quant-ph,quant-ph,Quantum information and sensors,量子信息与量子传感器,,1,23,19,5.221100062150404,0.17391304347826086,63.40782122905028,63.40782122905028,63.40782122905028,198,197,196,INSPIRE,,2051498,https://inspirehep.net/literature/2051498,https://www.slac.stanford.edu/econf/C210711/papers/2203.07091.pdf
378,arxiv:2202.05104,"Quantum Gravity and Phenomenology: Dark Matter, Dark Energy, Vacuum Selection, Emergent Spacetime, and Wormholes",P. Berglund et al.,"Berglund, Per | Dai, De-Chang | Edmonds, Douglas | He, Yang-Hui | Hubsch, Tristan | Jejjala, Vishnu | Kavic, Michael J. | Minic, Djordje | Powers, Samuel | Simonetti, John H. | Stojkovic, Dejan | Takeuchi, Tatsu",12,2202.05104,https://arxiv.org/abs/2202.05104,2022,2022-02-10,INSPIRE earliest_date,TF,理论前沿,1,"TF: String Theory, Quantum Gravity, and Black Holes",hep-th,hep-th | gr-qc,Formal theory / quantum gravity,形式理论与量子引力,space-time: emergence | energy: high | quantum gravity: model | dark matter | dark energy | wormhole | string model,1,1,1,0.22257769652650822,0.0,4.283054003724395,2.3277467411545625,3.696461824953445,521,525,525,INSPIRE,,2030712,https://inspirehep.net/literature/2030712,https://www.slac.stanford.edu/econf/C210711/papers/2202.05104.pdf
379,arxiv:2203.07117,Quantum Information in Quantum Field Theory and Quantum Gravity,T. Faulkner et al.,"Faulkner, Thomas | Hartman, Thomas | Headrick, Matthew | Rangamani, Mukund | Swingle, Brian",5,2203.07117,https://arxiv.org/abs/2203.07117,2022,2022-03-14,INSPIRE earliest_date,TF,理论前沿,1,TF: Quantum Information Science,hep-th,hep-th | quant-ph,Formal theory / quantum gravity,形式理论与量子引力,renormalization group: flow | duality: holography | entropy: entanglement | information theory: quantum | quantum gravity | chaos,1,51,48,11.577221876942199,0.058823529411764705,79.23649906890131,79.23649906890131,79.23649906890131,112,112,112,INSPIRE,,2051219,https://inspirehep.net/literature/2051219,https://www.slac.stanford.edu/econf/C210711/papers/2203.07117.pdf
380,arxiv:2203.16979,Quantum Networks for High Energy Physics,A. Derevianko et al.,"Derevianko, Andrei | Figueroa, Eden | Martínez-Rincón, Julián | Monga, Inder | Nomerotski, Andrei | Peña, Cristián H. | Peters, Nicholas A. | Pooser, Raphael | Rao, Nageswara | Slosar, Anze | Spentzouris, Panagiotis | Spiropulu, Maria | Stankus, Paul | Wu, Wenji | Xie, Si",15,2203.16979,https://arxiv.org/abs/2203.16979,2022,2022-03-31,INSPIRE earliest_date,CompF,计算前沿,1,CompF: Quantum Computing,quant-ph,quant-ph | hep-ex,Quantum information and sensors,量子信息与量子传感器,,1,4,3,0.917713567839196,0.25,22.998137802607076,25.41899441340782,23.7243947858473,422,401,401,INSPIRE,,2060734,https://inspirehep.net/literature/2060734,https://www.slac.stanford.edu/econf/C210711/papers/2203.16979.pdf
381,arxiv:2203.07250,"Quantum Sensors for HEP Science – Interferometers, Mechanics, Traps, and Clocks",D. Carney et al.,"Buchmueller, Oliver | Carney, Daniel | Cecil, Thomas | Ellis, John | Ruiz, R.F. Garcia | Geraci, Andrew A. | Hanneke, David | Hogan, Jason | Hutzler, Nicholas R. | Jayich, Andrew | Kolkowitz, Shimon | Morley, Gavin W. | Muller, Holger | Pagel, Zachary | Panda, Christian | Safronova, Marianna S.",16,2203.07250,https://arxiv.org/abs/2203.07250,2022,2022-03-14,INSPIRE earliest_date,CF | IF | RPF,宇宙前沿 | 仪器学前沿 | 稀有过程与精密测量,3,CF: General - cross-listed: | IF: Quantum Sensors | RPF: General - centered on this frontier,quant-ph,quant-ph | hep-ex | hep-ph | physics.atom-ph | physics.ins-det,Quantum information and sensors,量子信息与量子传感器,fundamental constant: fine structure | detector: technology | moment: dipole | gravitation | interferometer | mechanics | fifth force | dark matter | electromagnetic | microwaves | ion | electron | optical | nucleus | atom,3,17,10,3.859073958980733,0.4117647058823529,55.493482309124765,55.493482309124765,55.493482309124765,243,241,241,INSPIRE,,2051476,https://inspirehep.net/literature/2051476,https://www.slac.stanford.edu/econf/C210711/papers/2203.07250.pdf
382,arxiv:2203.09488,Quantum Sensors for High Precision Measurements of Spin-dependent Interactions,D. Budker et al.,"Budker, Dmitry | Cecil, Thomas | Chupp, Timothy E. | Geraci, Andrew A. | Kimball, Derek F. Jackson | Kolkowitz, Shimon | Rajendran, Surjeet | Singh, Jaideep T. | Sushkov, Alexander O.",9,2203.09488,https://arxiv.org/abs/2203.09488,2022,2022-03-17,INSPIRE earliest_date,CF | IF,宇宙前沿 | 仪器学前沿,2,CF: Dark Matter: Wave-like | IF: Quantum Sensors,quant-ph,quant-ph | hep-ex | hep-ph | physics.atom-ph | physics.ins-det,Quantum information and sensors,量子信息与量子传感器,boson: dark matter | symmetry: violation | spin: dependence | particle: spin | spin: coupling | new physics | experimental methods | electromagnetic | sensitivity,2,9,6,2.0468555417185557,0.3333333333333333,41.71322160148976,42.737430167597765,42.02048417132216,316,308,311,INSPIRE,,2054239,https://inspirehep.net/literature/2054239,https://www.slac.stanford.edu/econf/C210711/papers/2203.09488.pdf
383,arxiv:2204.03381,Quantum Simulation for High Energy Physics,C. W. Bauer et al.,"Bauer, Christian W. | Davoudi, Zohreh | Balantekin, A. Baha | Bhattacharya, Tanmoy | Carena, Marcela | de Jong, Wibe A. | Draper, Patrick | El-Khadra, Aida | Gemelke, Nate | Hanada, Masanori | Kharzeev, Dmitri | Lamm, Henry | Li, Ying-Ying | Liu, Junyu | Lukin, Mikhail | Meurice, Yannick | Monroe, Christopher | Nachman, Benjamin | Pagano, Guido | Preskill, John | Rinaldi, Enrico | Roggero, Alessandro | Santiago, David I. | Savage, Martin J. | Siddiqi, Irfan | Siopsis, George | Van Zanten, David | Wiebe, Nathan | Yamauchi, Yukari | Yeter-Aydeniz, Kübra | Zorzetti, Silvia",31,2204.03381,https://arxiv.org/abs/2204.03381,2022,2022-04-07,INSPIRE earliest_date,CompF | TF,计算前沿 | 理论前沿,2,CompF: Quantum Computing | TF: Quantum Information Science,quant-ph,quant-ph | hep-lat | hep-ph | hep-th | nucl-th,Quantum information and sensors,量子信息与量子传感器,,2,544,399,125.36025236593059,0.2665441176470588,99.72067039106145,99.72067039106145,99.72067039106145,2,2,2,INSPIRE,,2064292,https://inspirehep.net/literature/2064292,https://www.slac.stanford.edu/econf/C210711/papers/2204.03381.pdf
384,arxiv:2203.06961,R Measurement and QCD Studies at Future Super Tau−Charm Factory,G. Huang et al.,"Huang, Guangshun | Yan, Wenbiao | Zhou, Xiaorong",3,2203.06961,https://arxiv.org/abs/2203.06961,2022,2022-03-14,INSPIRE earliest_date,RPF,稀有过程与精密测量,1,RPF: Fundamental Physics in Small Experiments,hep-ex,hep-ex,Experimental particle physics,实验粒子物理,electron positron: annihilation | electron positron: colliding beams | form factor: electromagnetic | strong interaction: coupling constant | coupling constant: energy dependence | hadron: fragmentation function | meson: form factor | energy: low | muon: magnetic moment | tau: particle source | charm: particle source | charm: mass | quantum chromodynamics | statistics | quantum electrodynamics | charmonium | rho(770): excited state | omega(783): excited state | Phi(1020): excited state | baryon: form factor | strong coupling | Y(2175) | particle: exotic | sensitivity | cross section: ratio | numerical calculations: Monte Carlo | proposed experiment,1,2,1,0.45400870105655683,0.5,9.776536312849162,8.193668528864059,9.30167597765363,488,493,493,INSPIRE,,2051078,https://inspirehep.net/literature/2051078,https://www.slac.stanford.edu/econf/C210711/papers/2203.06961.pdf
385,arxiv:2203.12118,R&D Works for Superconducting Magnets for Future Accelerator Applications in Japan,T. Ogitsu et al.,"Ogitsu, Toru | Nakamoto, Tatsushi | Sasaki, Ken-ichi | Sugano, Michinaka | Iio, Masami | Suzuki, Kento | Yoshida, Makoto | Awaji, Satoshi | Amemiya, Naoyuki",9,2203.12118,https://arxiv.org/abs/2203.12118,2022,2022-03-22,INSPIRE earliest_date,AF,加速器科学与技术,1,AF: Accelerator Technology - Magnets,physics.acc-ph,physics.acc-ph,Accelerator science,加速器科学,High precision superconducting magnet | Rad-hard superconducting magnet | High field superconducting magnet | activity report | magnet: superconductivity | magnet: technology | magnetic field: high | beam optics | KEK Lab | cryogenics,1,2,1,0.45627732667083076,0.5,9.776536312849162,10.707635009310987,10.05586592178771,489,480,480,INSPIRE,,2057636,https://inspirehep.net/literature/2057636,https://www.slac.stanford.edu/econf/C210711/papers/2203.12118.pdf
386,arxiv:2203.06024,Radiation Hardened Beam Instrumentations for Multi-Mega-Watt Beam Facilities,K. Yonehara.,"Yonehara, Katsuya",1,2203.06024,https://arxiv.org/abs/2203.06024,2022,2022-03-11,INSPIRE earliest_date,AF,加速器科学与技术,1,AF: Accelerator Technology - Targets and Sources,physics.acc-ph,physics.acc-ph,Accelerator science,加速器科学,activity report | detector: design | accelerator | beam monitoring | radiation: damage,1,6,4,1.3594913151364763,0.3333333333333333,32.49534450651769,31.191806331471135,32.10428305400372,369,371,372,INSPIRE,,2050405,https://inspirehep.net/literature/2050405,https://www.slac.stanford.edu/econf/C210711/papers/2203.06024.pdf
387,arxiv:2203.12806,"RADiCAL: Precision-Timing, Ultracompact, Radiation-Hard Electromagnetic Calorimetry",T. Anderson et al.,"Anderson, T. | Barbera, T. | Blend, D. | Chigurupati, N. | Cox, B. | Debbins, P. | Dubnowski, M. | Herrmann, M. | Hu, C. | Ford, K. | Jessop, C. | Kamer-Koseyan, O. | Karaman, G. | Ledovskoy, A. | Onel, Y. | Perez-Lara, C. | Ruchti, R. | Ruggiero, D. | Smith, D. | Vigneault, M. | Wan, Y. | Wayne, M. | Wetzel, J. | Zhang, L. | Zhu, R-Y.",25,2203.12806,https://arxiv.org/abs/2203.12806,2022,2022-03-23,INSPIRE earliest_date,EF | IF,能量前沿 | 仪器学前沿,2,EF: Electroweak Precision Physics and Constraining New Physics | IF: Calorimetry,physics.ins-det,physics.ins-det,Instrumentation and detectors,仪器与探测器,activity report | photomultiplier: silicon | calorimeter: electromagnetic | performance | scintillation counter | wavelength shifter | FCC-hh | calorimeter: design | radiation: damage,2,2,0,0.45656250000000004,1.0,9.776536312849162,10.893854748603353,10.111731843575418,490,479,479,INSPIRE,,2058072,https://inspirehep.net/literature/2058072,https://www.slac.stanford.edu/econf/C210711/papers/2203.12806.pdf
388,arxiv:2206.11331,Rare Decays of b and c Hadrons,"W. Altmannshofer, F. Archilli.","Altmannshofer, Wolfgang | Archilli, Flavio",2,2206.11331,https://arxiv.org/abs/2206.11331,2022,2022-06-22,INSPIRE earliest_date,RPF,稀有过程与精密测量,1,RPF: Weak Decays of b and c Quarks,hep-ph,hep-ph | hep-ex,Particle phenomenology,粒子唯象学,B: rare decay | K: rare decay | B: leptonic decay | B: semileptonic decay | B: radiative decay | effective Hamiltonian | sensitivity | BELLE | LHC-B | BES | ATLAS | CMS | numerical calculations | new physics,1,26,19,6.29324055666004,0.2692307692307692,65.92178770949721,66.94599627560521,66.22905027932961,184,178,183,INSPIRE,,2099988,https://inspirehep.net/literature/2099988,https://www.slac.stanford.edu/econf/C210711/papers/2206.11331.pdf
389,arxiv:2204.00098,Readout for Calorimetry at Future Colliders,T. Andeen et al.,"Andeen, Timothy | Gonski, Julia | Hirschauer, James | Hoff, James | Matos, Gabriel | Parsons, John",6,2204.00098,https://arxiv.org/abs/2204.00098,2022,2022-03-31,INSPIRE earliest_date,IF,仪器学前沿,1,IF: Electronics and ASICs,physics.ins-det,physics.ins-det | hep-ex,Instrumentation and detectors,仪器与探测器,activity report | calorimeter: readout | electronics: readout | electronics: design | electrical engineering,1,2,0,0.458856783919598,1.0,9.776536312849162,11.638733705772811,10.335195530726256,491,475,475,INSPIRE,,2061487,https://inspirehep.net/literature/2061487,https://www.slac.stanford.edu/econf/C210711/papers/2204.00098.pdf
390,arxiv:2203.14894,Readout Technologies for Future Detectors,M. Begel et al.,"Begel, M. | Eisch, J. | Garcia-Sciveres, M. | Paramonov, A. | Trovato, M. | Zhang, J.",6,2203.14894,https://arxiv.org/abs/2203.14894,2022,2022-03-28,INSPIRE earliest_date,IF,仪器学前沿,1,IF: Trigger and Data Acquisition,physics.ins-det,physics.ins-det | hep-ex,Instrumentation and detectors,仪器与探测器,activity report | electronics: readout | electronics: design | costs | data acquisition,1,4,3,0.915987460815047,0.25,22.998137802607076,24.953445065176908,23.584729981378025,423,404,404,INSPIRE,,2059457,https://inspirehep.net/literature/2059457,https://www.slac.stanford.edu/econf/C210711/papers/2203.14894.pdf
391,arxiv:2203.05924,Real-time Cosmology with High Precision Spectroscopy and Astrometry,S. Chakrabarti et al.,"Chakrabarti, Sukanya | Gonzalez, Anthony H. | Eikenberry, Steve | Erskine, David | Ishak, Mustapha | Kim, Alex | Linder, Eric | Nomerotski, Andrei | Pierce, Michael | Slosar, Anze | Stankus, Paul | Tsai, Yu-Dai",12,2203.05924,https://arxiv.org/abs/2203.05924,2022,2022-03-11,INSPIRE earliest_date,CF,宇宙前沿,1,CF: Dark Energy and Cosmic Acceleration: The Modern Universe,astro-ph.CO,astro-ph.CO | astro-ph.GA,Cosmology,宇宙学,,1,13,10,2.945564516129032,0.23076923076923078,48.78957169459963,48.696461824953445,48.76163873370577,277,276,277,INSPIRE,,2050278,https://inspirehep.net/literature/2050278,https://www.slac.stanford.edu/econf/C210711/papers/2203.05924.pdf
392,arxiv:2203.08736,REBCO – a Silver Bullet for our Next High-Field Magnet and Collider Budget?,X. Wang et al.,"Wang, Xiaorong | Yahia, Anis Ben | Bosque, Ernesto | Ferracin, Paolo | Gourlay, Stephen | Gupta, Ramesh | Higley, Hugh | Kashikhin, Vadim | Kumar, Mithlesh | Lombardo, Vito | Marchevsky, Maxim | Teyber, Reed | Viarengo, Sofia",13,2203.08736,https://arxiv.org/abs/2203.08736,2022,2022-03-16,INSPIRE earliest_date,AF,加速器科学与技术,1,AF: Accelerator Technology - Magnets,physics.acc-ph,physics.acc-ph | hep-ex,Accelerator science,加速器科学,activity report | magnet: superconductivity | fabrication: costs | magnet: technology | accelerator: magnet | bending magnet,1,7,5,1.5910080896079652,0.2857142857142857,36.312849162011176,36.21973929236499,36.28491620111732,345,343,345,INSPIRE,,2053469,https://inspirehep.net/literature/2053469,https://www.slac.stanford.edu/econf/C210711/papers/2203.08736.pdf
393,arxiv:2203.08126,Recent Progress and Next Steps for the MATHUSLA LLP Detector,C. Alpigiani et al.,"Alpigiani, Cristiano | Arteaga-Velázquez, Juan Carlos | Ball, Austin | Barak, Liron | Barron, Jared | Batell, Brian | Beacham, James | Benhammo, Yan | Brau, Benjamin | Caballero-Mora, Karen Salomé | Camarri, Paolo | Cardarelli, Roberto | Chou, John Paul | Cui, Wentao | Curtin, David | Diamond, Miriam | Dienes, Keith R. | Dougherty, Liam Andrew | Dougherty, William | Drewes, Marco | Erramilli, Sameer | Essig, Rouven | Etzion, Erez | Evans, Jared | Téllez, Arturo Fernández | Finlayson, Grace | Fischer, Oliver | Freeman, Jim | Gall, Jonathan | Garabaglu, Ali | Garcia-Bellido, Aran | Giagu, Stefano | Gomber, Bhawna | Greenberg, Stephen Elliott | Guida, Roberto | Haas, Andy | Hassan, Bahgat | Heng, Yuekun | Hsu, Shih-Chieh | Humphrey, Keegan | Iaselli, Giuseppe | Johns, Ken | Kvam, Audrey | Lazic, Dragoslav | Li, Liang | Liao, Jiahao | Liberti, Barbara | Liu, Zhen | Lubatti, Henry | Luo, Lillian | Marsella, Giovanni | Hernández, Mario Iván Martínez | McCullough, Matthew | McKeen, David | Meade, Patrick | Mizrachi, Gilad | Morales-Olivares, O.G. | Morrissey, David | Morvai, Ljiljana | Moshe, Meny Raviv | Panagiotou, Michalis | Proffitt, Mason | Ramirez, Dennis Cazar | Reece, Matthew | Robertson, Steven H. | Rodríguez-Cahuantzi, Mario | de Roeck, Albert | Roepe, Amber | Ruckman, Larry | Russell, James John | Russell, Heather | Saka, Halil | Santonico, Rinaldo | Schioppa, Marco | Di Sciascio, Giuseppe | Shelton, Jessie | Shuve, Brian | Silver, Yiftah | Di Stante, Luigi | Stolarski, Daniel | Strauss, Mike | Strom, David | Stupak, John | Vasquez, Martin A. Subieta | Swain, Sanjay Kumar | Tan, Chin Lung | Muñoz, Guillermo Tejeda | Thayil, Steffie Ann | Thomas, Brooks | Torro, Emma | Tsai, Yuhsin | Watts, Gordon | Xu, Zijun | Young, Charles | Zolkin, Igor | Zurita, Jose",96,2203.08126,https://arxiv.org/abs/2203.08126,2022,2022-03-15,INSPIRE earliest_date,EF | IF,能量前沿 | 仪器学前沿,2,EF: Beyond the Standard Model - More General Explorations | IF: Cross-Cutting Issues and Systems Integration,hep-ex,hep-ex,Experimental particle physics,实验粒子物理,CERN LHC Coll: upgrade | particle: long-lived | MATHUSLA | sensitivity | tracks | background | scintillation counter | detector: performance | numerical calculations: Monte Carlo,2,32,23,7.26865671641791,0.28125,71.22905027932961,70.94972067039106,71.14525139664804,155,157,157,INSPIRE,,2052601,https://inspirehep.net/literature/2052601,https://www.slac.stanford.edu/econf/C210711/papers/2203.08126.pdf
394,arxiv:2203.05914,"Recoil Imaging for Dark Matter, Neutrinos, and Physics Beyond the Standard Model",C. A. J. O'Hare et al.,"O'Hare, C.A.J. | Loomba, D. | Altenmuller, K. | Alvarez-Pol, H. | Amaro, F.D. | Araujo, H.M. | Aristizabal Sierra, D. | Asaadi, J. | Attie, D. | Aune, S. | Awe, C. | Ayyad, Y. | Baracchini, E. | Barbeau, P. | Battat, J.B.R. | Bell, N.F. | Biasuzzi, B. | Bignell, L.J. | Boehm, C. | Bolognino, I. | Brunbauer, F.M. | Caamano, M. | Cabo, C. | Caratelli, D. | Carmona, J.M. | Castel, J.F. | Cebrián, S. | Cogollos, C. | Collison, D. | Costa, E. | Dafni, T. | Dastgiri, F. | Deaconu, C. | De Romeri, V. | Desch, K. | Dho, G. | Di Giambattista, F. | DezIbánez, D. | D'Imperio, G. | Dutta, B. | Eldridge, C. | Elliott, S.R. | Ezeribe, A.C. | Fava, A. | Felkl, T. | Fernández-Domnguez, B. | Ferrer Ribas, E. | Flothner, K.J. | Froehlich, M. | Galán, J. | Galindo, J. | Garca, F. | Garca Pascual, J.A. | Gelli, B.P. | Ghrear, M. | Giomataris, Y. | Gnanvo, K. | Gramellini, E. | Di Cortona, G. Grilli | Hall-Wilton, R. | Harton, J. | Hedges, S. | Higashino, S. | Hill, G. | Holanda, P.C. | Ikeda, T. | Irastorza, I.G. | Jackson, P. | Janssens, D. | Jones, B. | Kaminski, J. | Katsioulas, I. | Kelly, K. | Kemmerich, N. | Kemp, E. | Korandla, H.B. | Kraus, H. | Lackner, A. | Lane, G.J. | Lewis, P.M. | Lisowska, M. | Luzón, G. | Lynch, W.A. | Maccarrone, G. | Mack, K.J. | Majewski, P.A. | Mano, R.D.P. | Margalejo, C. | Markoff, D. | Marley, T. | Marques, D.J.G. | Massarczyk, R. | Mazzitelli, G. | McCabe, C. | McKie, L.J. | McLean, A.G. | McNamara, P.C. | Mei, Y. | Messina, A. | Mills, A.F. | Mirallas, H. | Miuchi, K. | Monteiro, C.M.B. | Mosbech, M.R. | Muller, H. | Natal da Luz, H. | Nakamura, K.D. | Natochii, A. | Neep, T. | Newstead, J.L. | Nikolopoulos, K. | Obis, L. | Oliveri, E. | Orlandini, G. | Ortiz de Solórzano, A. | von Oy, J. | Papaevangelou, T. | Pérez, O. | Perez-Gonzalez, Y.F. | Pfeiffer, D. | Phan, N.S. | Piacentini, S. | Picatoste Olloqui, E. | Pinci, D. | Popescu, S. | Prajapati, A. | Queiroz, F.S. | Raaf, J.L. | Resnati, F. | Ropelewski, L. | Roque, R.C. | Ruiz-Choliz, E. | Rusu, A. | Ruz, J. | Samarati, J. | Santos, E.M. | dos Santos, J.M.F. | Sauli, F. | Scharenberg, L. | Schiffer, T. | Schmidt, S. | Scholberg, K. | Schott, M. | Schueler, J. | Segui, L. | Sekiya, H. | Sengupta, D. | Slavkovska, Z. | Snowden-Ifft, D. | Soffitta, P. | van Stenis, M. | Spooner, N.J.C. | Strigari, L. | Stuchbery, A.E. | Sun, X. | Torelli, S. | Tilly, E.G. | Thomas, A.W. | Thorpe, T.N. | Urquijo, P. | Utrobicic, A. | Vahsen, S.E. | Veenhof, R. | Vogel, J.K. | Williams, A.G. | Wood, M.H. | Zettlemoyer, J.",167,2203.05914,https://arxiv.org/abs/2203.05914,2022,2022-03-11,INSPIRE earliest_date,CF | IF | NF,宇宙前沿 | 仪器学前沿 | 中微子前沿,3,CF: Dark Matter: Particle-like | IF: Micro Pattern Gas Detectors | NF: Neutrino Detectors,physics.ins-det,physics.ins-det | astro-ph.CO | hep-ex | hep-ph,Instrumentation and detectors,仪器与探测器,activity report | detector: design | performance | neutrino nucleus: coherent interaction | axion: solar | polarization: monitoring | nucleus: recoil | neutrino: solar | imaging | dark matter: detector | dark matter: direct detection | time projection chamber | spatial resolution | electronics: readout,3,33,11,7.47720223325062,0.6666666666666666,72.25325884543761,72.43947858472998,72.30912476722533,149,149,150,INSPIRE,,2050141,https://inspirehep.net/literature/2050141,https://www.slac.stanford.edu/econf/C210711/papers/2203.05914.pdf
395,arxiv:2203.07919,Report of the Snowmass'21 Workshop on High-Power Cyclotrons and FFAs,D. Winklehner et al.,"Winklehner, Daniel | Adelmann, Andreas | Alonso, Jose R. | Calabretta, Luciano | Okuno, Hiroki | Planche, Thomas | Tahar, Malek Haj",7,2203.07919,https://arxiv.org/abs/2203.07919,2022,2022-03-15,INSPIRE earliest_date,AF | NF,加速器科学与技术 | 中微子前沿,2,AF: Accelerators for Neutrinos | NF: Artificial Neutrino Sources,physics.acc-ph,physics.acc-ph,Accelerator science,加速器科学,activity report | cyclotron | accelerator: design | accelerator: technology | FFAG,2,4,3,0.9085820895522387,0.25,22.998137802607076,22.81191806331471,22.942271880819366,424,418,418,INSPIRE,,2052885,https://inspirehep.net/literature/2052885,https://www.slac.stanford.edu/econf/C210711/papers/2203.07919.pdf
396,arxiv:2203.07907,Resummation for Future Colliders,M. van Beekveld et al.,"van Beekveld, Melissa | Jaskiewicz, Sebastian | Liu, Tao | Liu, Xiaohui | Neill, Duff | Penin, Alexander | Ringer, Felix | Szafron, Robert | Vernazza, Leonardo | Vita, Gherardo | Wang, Jian",11,2203.07907,https://arxiv.org/abs/2203.07907,2022,2022-03-15,INSPIRE earliest_date,TF,理论前沿,1,TF: Theory Techniques for Precision Physics,hep-ph,hep-ph,Particle phenomenology,粒子唯象学,shape analysis: jet | energy: high | resummation | small-x | new physics | fragmentation | quantum chromodynamics,1,3,1,0.681436567164179,0.6666666666666666,16.480446927374302,16.201117318435752,16.396648044692736,461,453,454,INSPIRE,,2052538,https://inspirehep.net/literature/2052538,https://www.slac.stanford.edu/econf/C210711/papers/2203.07907.pdf
397,arxiv:2204.06667,Review of CMS Contributions to Hadron Spectroscopy,R. Chistov et al.,"Chistov, Ruslan | Papadimitriou, Vaia | Polikarpov, Sergey | Pompili, Alexis | Sanchez-Hernandez, Alberto",5,2204.06667,https://arxiv.org/abs/2204.06667,2022,2022-04-13,INSPIRE earliest_date,RPF,稀有过程与精密测量,1,RPF: Hadron Spectroscopy,hep-ex,hep-ex,Experimental particle physics,实验粒子物理,review | hadron spectroscopy | CMS | hadron: exotic | X(3872) | B/c: excited state | B/s2*(5840) | Xi/b | B: rare decay | Lambda/b0: rare decay,1,2,1,0.4626345788473718,0.5,9.776536312849162,11.824953445065177,10.391061452513966,492,474,474,INSPIRE,,2067368,https://inspirehep.net/literature/2067368,https://www.slac.stanford.edu/econf/C210711/papers/2204.06667.pdf
398,arxiv:2203.05531,Review of Neutral Naturalness,B. Batell et al.,"Batell, Brian | Low, Matthew | Neil, Ethan T. | Verhaaren, Christopher B.",4,2203.05531,https://arxiv.org/abs/2203.05531,2022,2022-03-10,INSPIRE earliest_date,TF,理论前沿,1,TF: Beyond-Standard-Model Model Building,hep-ph,hep-ph,Particle phenomenology,粒子唯象学,Beyond the standard model | Phenomenology | Model building | Hierarchy problem | Higgs | Quirks | Dark matter | energy: high | mass: scale | quark: symmetry | Higgs particle: mass | naturalness | hierarchy | dark matter: density | interpretation of experiments: CERN LHC Coll | lattice | flavor | color | cosmological model: parameter space,1,38,27,8.604773713577185,0.2894736842105263,74.86033519553072,75.13966480446928,74.94413407821229,135,134,135,INSPIRE,,3089945,https://inspirehep.net/literature/3089945,https://www.slac.stanford.edu/econf/C210711/papers/2203.05531.pdf
399,arxiv:2203.07220,Rubin Observatory after LSST,B. Blum et al.,"Blum, Bob | Digel, Seth W. | Drlica-Wagner, Alex | Habib, Salman | Heitmann, Katrin | Ishak, Mustapha | Jha, Saurabh W. | Kahn, Steven M. | Mandelbaum, Rachel | Marshall, Phil | Newman, Jeffrey A. | Roodman, Aaron | Stubbs, Christopher W.",13,2203.07220,https://arxiv.org/abs/2203.07220,2022,2022-03-14,INSPIRE earliest_date,CF,宇宙前沿,1,CF: Dark Energy and Cosmic Acceleration: The Modern Universe,astro-ph.CO,astro-ph.CO | hep-ph,Cosmology,宇宙学,expansion: acceleration | observatory | tension | new physics | dark matter: density | formation | structure,1,28,21,6.356121814791796,0.25,67.41154562383613,67.87709497206704,67.55121042830541,177,173,175,INSPIRE,,2051310,https://inspirehep.net/literature/2051310,https://www.slac.stanford.edu/econf/C210711/papers/2203.07220.pdf
400,arxiv:2203.02421,S-Matrix Bootstrap,M. Kruczenski et al.,"Kruczenski, Martin | Penedones, Joao | van Rees, Balt C.",3,2203.02421,https://arxiv.org/abs/2203.02421,2022,2022-03-04,INSPIRE earliest_date,TF,理论前沿,1,TF: Conformal Field Theory and Formal Quantum Field Theory,hep-th,hep-th,Formal theory / quantum gravity,形式理论与量子引力,symmetry: global | S-matrix | bootstrap | quantum gravity | unitarity | analytic properties | crossing | numerical calculations,1,140,133,31.584311303273626,0.05,93.01675977653632,93.01675977653632,93.0167597765363,38,38,39,INSPIRE,,2046440,https://inspirehep.net/literature/2046440,https://www.slac.stanford.edu/econf/C210711/papers/2203.02421.pdf
401,arxiv:2203.08102,SBN-BD: O(10 GeV) Proton Beam Dump at Fermilab's PIP-II Linac,M. Toups et al.,"Toups, Matt | Van de Water, R.G. | Batell, Brian | Brice, S.J. | deNiverville, Patrick | Eldred, Jeff | Fava, A. | Kelly, Kevin J. | Kobilarcik, Tom | Louis, W.C. | Machado, Pedro A.N. | Pellico, Bill | Spitz, Josh | Tayloe, Rex | Thornton, R.T. | Pavlovic, Z. | Yu, Jaehoon | Zettlemoyer, J.",18,2203.08102,https://arxiv.org/abs/2203.08102,2022,2022-03-15,INSPIRE earliest_date,AF | NF | RPF,加速器科学与技术 | 中微子前沿 | 稀有过程与精密测量,3,AF: Accelerators for Rare Processes and Physics Beyond Colliders | NF: Neutrinos Beyond the Standard Model | RPF: Dark Sector Studies at High Intensities,hep-ex,hep-ex,Experimental particle physics,实验粒子物理,p: beam dump | energy: low | dark matter: coupling | p: linear accelerator | BooNE | buildings | upgrade | sensitivity | mediation | relic density | costs | booster,3,14,6,3.1800373134328357,0.5714285714285714,49.81378026070764,50.0,49.869646182495345,272,270,271,INSPIRE,,2052882,https://inspirehep.net/literature/2052882,https://www.slac.stanford.edu/econf/C210711/papers/2203.08102.pdf
402,arxiv:2203.10046,Scalar-Mediated Dark Matter Model at Colliders and Gravitational Wave Detectors,J. Liu et al.,"Liu, Jia | Wang, Xiao-Ping | Xie, Ke-Pan",3,2203.10046,https://arxiv.org/abs/2203.10046,2022,2022-03-18,INSPIRE earliest_date,EF,能量前沿,1,EF: Beyond the Standard Model - Dark Matter at Colliders,hep-ph,hep-ph | astro-ph.CO | hep-ex,Particle phenomenology,粒子唯象学,dark matter: relic density | WIMP | dark matter: hidden sector | lepton | gravitational radiation detector | critical phenomena | gravitational radiation | mediation | suppression | Majorana,1,2,0,0.45514018691588787,1.0,9.776536312849162,10.05586592178771,9.860335195530727,493,484,484,INSPIRE,,2054751,https://inspirehep.net/literature/2054751,https://www.slac.stanford.edu/econf/C210711/papers/2203.10046.pdf
403,arxiv:2207.12400,Scintillating Bubble Chambers: Liquid-Noble Bubble Chambers for Dark Matter and CEνNS Detection,E. Alfonso-Pita et al.,"Alfonso-Pita, E. | Baker, M. | Behnke, E. | Brandon, A. | Bressler, M. | Broerman, B. | Clark, K. | Coppejans, R. | Corbett, J. | Cripe, C. | Crisler, M. | Dahl, C.E. | Dering, K. | St. Croix, A.de | Durnford, D. | Foy, K. | Giampa, P. | Gresl, J. | Hall, J. | Harris, O. | Hawley-Herrera, H. | Jackson, C.M. | Khatri, M. | Ko, Y. | Lamb, N. | Laurin, M. | Levine, I. | Lippincott, W.H. | Liu, X. | Neilson, R. | Pal, S. | Phelan, J. | Piro, M.-C. | Priya, S. | Ray, S. | Rich, E. | Sheng, Z. | Sloss, A. | Struyk, X. | Vázquez-Jáuregui, E. | Velasco, D. | Westerdale, S. | Whitis, T.J. | Zha, W. | Zhang, R.",45,2207.12400,https://arxiv.org/abs/2207.12400,2022,2022-07-21,INSPIRE earliest_date,CF | IF | NF,宇宙前沿 | 仪器学前沿 | 中微子前沿,3,CF: Dark Matter: Particle-like | IF: Noble Element-Based Detectors | NF: Neutrino Detectors,physics.ins-det,physics.ins-det | astro-ph.IM | hep-ex | nucl-ex,Instrumentation and detectors,仪器与探测器,activity report | nucleus: recoil | neutrino: coherent interaction | dark matter: detector | bubble chamber | background | sensitivity | calibration | liquid argon | detector: design,3,30,16,7.403716216216216,0.4666666666666667,69.6461824953445,71.7877094972067,70.28864059590316,165,152,161,INSPIRE,,2126035,https://inspirehep.net/literature/2126035,https://www.slac.stanford.edu/econf/C210711/papers/2207.12400.pdf
404,arxiv:2203.08771,Searches for Baryon Number Violation in Neutrino Experiments,P. S. B. Dev et al.,"Dev, P.S.B. | Koerner, L.W. | Saad, S. | Antusch, S. | Askins, M. | Babu, K.S. | Barrow, J.L. | Chakrabortty, J. | de Gouvêa, A. | Djurcic, Z. | Girmohanta, S. | Gogoladze, I. | Goodman, M.C. | Higuera, A. | Kalra, D. | Karagiorgi, G. | Kearns, E. | Kudryavtsev, V.A. | Kutter, T. | Malinský, M. | Martinez Caicedo, D.A. | Mohapatra, R.N. | Nath, P. | Nussinov, S. | Ochoa-Ricoux, J.P. | Pec, V. | Rafique, A. | Rodriguez Rondon, J. | Shrock, R. | Sobel, H.W. | Stokes, T. | Strait, M. | Svoboda, R. | Syritsyn, S. | Takhistov, V. | Tsai, Y.-T. | Wendell, R.A. | Zhou, Y.-L.",38,2203.08771,https://arxiv.org/abs/2203.08771,2022,2022-03-16,INSPIRE earliest_date,NF | RPF,中微子前沿 | 稀有过程与精密测量,2,NF: Neutrinos Beyond the Standard Model | RPF: Baryon and Lepton Number Violation,hep-ex,hep-ex | hep-ph,Experimental particle physics,实验粒子物理,Proton decay | neutrino experiments | baryon number violation | review | new physics: search for | p: decay | n: decay | n anti-n: oscillation | dark matter | leptogenesis | baryogenesis | neutrino: Majorana | lepton number: violation | baryon number: violation | neutrino: detector | baryon number: conservation law | lifetime | deep underground detector | grand unified theory | DUNE | JUNO | KAMIOKANDE | NOvA | detector: technology | experimental results | p --> positron pi0 | p --> K antineutrino | n --> 3neutrino,2,61,34,13.864499066583697,0.4426229508196721,82.68156424581005,82.77467411545624,82.7094972067039,93,93,94,INSPIRE,,2053590,https://inspirehep.net/literature/2053590,https://www.slac.stanford.edu/econf/C210711/papers/2203.08771.pdf
405,arxiv:2203.05502,Searches for Long-Lived Particles at the Future FCC-ee,C. B. Verhaaren et al.,"Blondel, A. | Verhaaren, C.B. | Alimena, J. | Bauer, M. | Azzi, P. | Ruiz, R. | Neubert, M. | Mikulenko, O. | Ovchynnikov, M. | Drewes, M. | Klaric, J. | Rizzi, C. | Sfyrla, A. | Sharma, T. | Kulkarni, S. | Thamm, A. | Gonzalez Suarez, R. | Rygaard, L.",18,2203.05502,https://arxiv.org/abs/2203.05502,2022,2022-03-10,INSPIRE earliest_date,EF,能量前沿,1,EF: Beyond the Standard Model - More General Explorations,hep-ex,hep-ex | hep-ph | hep-th,Experimental particle physics,实验粒子物理,future circular collider (FCC) | Particle physics | Axion Like Particles | heavy neutral lepton | Higgs | electron positron: annihilation | electron positron: colliding beams | particle: long-lived | decay: exotic | vertex: primary | Higgs particle: rare decay | FCC-ee | new physics: search for | statistics | axion-like particles | CERN Lab | electroweak interaction | lepton: heavy | neutrino: heavy | FCC | signature | flavor | particle source | sensitivity | numerical calculations: Monte Carlo | proposed experiment,1,115,71,26.040762554246744,0.3826086956521739,91.15456238361266,91.5270018621974,91.26629422718807,48,46,48,INSPIRE,,2049590,https://inspirehep.net/literature/2049590,https://www.slac.stanford.edu/econf/C210711/papers/2203.05502.pdf
406,arxiv:2203.12714,"Searches for New Particles, Dark Matter, and Gravitational Waves with SRF Cavities",A. Berlin et al.,"Berlin, Asher | Belomestnykh, Sergey | Blas, Diego | Frolov, Daniil | Brady, Anthony J. | Braggio, Caterina | Carena, Marcela | Cervantes, Raphael | Checchin, Mattia | Contreras-Martinez, Crispin | Tito D'Agnolo, Raffaele | Ellis, Sebastian A.R. | Eremeev, Grigory | Gao, Christina | Giaccone, Bianca | Grassellino, Anna | Harnik, Roni | Hollister, Matthew | Janish, Ryan | Kahn, Yonatan | Kazakov, Sergey | Kurkcuoglu, Doga Murat | Liu, Zhen | Lunin, Andrei | Netepenko, Alexander | Melnychuk, Oleksandr | Pilipenko, Roman | Pischalnikov, Yuriy | Posen, Sam | Romanenko, Alex | Schutte-Engel, Jan | Wang, Changqing | Yakovlev, Vyacheslav | Zhou, Kevin | Zorzetti, Silvia | Zhuang, Quntao",36,2203.12714,https://arxiv.org/abs/2203.12714,2022,2022-03-23,INSPIRE earliest_date,CF | CompF | IF | TF,宇宙前沿 | 计算前沿 | 仪器学前沿 | 理论前沿,4,CF: General - centered on this frontier: | CompF: Quantum Computing | IF: Quantum Sensors | TF: General - cross-listed,hep-ph,hep-ph | hep-ex,Particle phenomenology,粒子唯象学,cavity: superconductivity | quantum chromodynamics: axion | new physics: search for | accelerator | dark matter: density | gravitational radiation | new particle | coherence | quality,4,61,37,13.92515625,0.39344262295081966,82.68156424581005,82.9608938547486,82.76536312849161,94,92,93,INSPIRE,,2057981,https://inspirehep.net/literature/2057981,https://www.slac.stanford.edu/econf/C210711/papers/2203.12714.pdf
407,arxiv:2204.13394,Searches for New Physics with High-Intensity Kaon Beams,"KOTO, LHCb, NA62/KLEVER Collaborations, the US Kaon Interest Group.",,0,2204.13394,https://arxiv.org/abs/2204.13394,2022,2022-04-28,INSPIRE earliest_date,RPF,稀有过程与精密测量,1,RPF: Weak Decays of Strange and Light Quarks,hep-ex,hep-ex,Experimental particle physics,实验粒子物理,K: secondary beam | hyperon: decay | trigger: upgrade | lepton: flavor: universality | K0(S): rare decay | K0(L): rare decay | K+: rare decay | neutrino: pair production | new physics: search for | neutral current: flavor changing | particle: exotic | quark: flavor | K: branching ratio | buildings | CKM matrix: unitarity | forward production | lepton number | LHC-B | J-PARC Lab | CERN LHC Coll | conservation law | CERN SPS | sensitivity | precision measurement | experimental results | K+ --> pi+ neutrino antineutrino | K0(L) --> pi0 neutrino antineutrino,1,27,26,6.305466751918158,0.037037037037037035,66.4804469273743,67.13221601489758,66.67597765363128,182,177,180,INSPIRE,,2074136,https://inspirehep.net/literature/2074136,https://www.slac.stanford.edu/econf/C210711/papers/2204.13394.pdf
408,arxiv:2203.08347,Sensitivity to Decays of Long-Lived Dark Photons at the ILC,L. Jeanty et al.,"Jeanty, Laura | Nosler, Laura | Potter, Chris",3,2203.08347,https://arxiv.org/abs/2203.08347,2022,2022-03-15,INSPIRE earliest_date,EF,能量前沿,1,EF: Beyond the Standard Model - More General Explorations,hep-ph,hep-ph | hep-ex,Particle phenomenology,粒子唯象学,particle: long-lived | ILC Coll | sensitivity | photon | benchmark | vertex detector | semiconductor detector | SiD | performance | Higgs particle | Higgs-factory,1,7,6,1.5900186567164178,0.14285714285714285,36.312849162011176,35.754189944134076,36.14525139664805,346,346,348,INSPIRE,,2053447,https://inspirehep.net/literature/2053447,https://www.slac.stanford.edu/econf/C210711/papers/2203.08347pdf
409,arxiv:2202.03389,Sensitivity to Dijet Resonances at Proton-Proton Colliders,R. M. Harris et al.,"Harris, Robert M. | Guler, Emine Gurpinar | Guler, Yalcin",3,2202.03389,https://arxiv.org/abs/2202.03389,2022,2022-02-07,INSPIRE earliest_date,EF,能量前沿,1,EF: Beyond the Standard Model - More General Explorations,hep-ex,hep-ex | hep-ph,Experimental particle physics,实验粒子物理,p p: colliding beams | resonance: production | resonance: mass | resonance: hadronic decay | p p: scattering | sensitivity | dijet | benchmark | gravitation | diquark | quark: excited state | coloron | graviton | Randall-Sundrum model | mass spectrum | intermediate state | numerical calculations: Monte Carlo | 13000 GeV-cms | 14000 GeV-cms | 27000 GeV-cms | 75000 GeV-cms | 100000 GeV-cms | 150000 GeV-cms | 500000 GeV-cms,1,11,7,2.4438868613138687,0.36363636363636365,46.2756052141527,45.53072625698324,46.05214152700186,292,293,292,INSPIRE,,2029192,https://inspirehep.net/literature/2029192,https://www.slac.stanford.edu/econf/C210711/papers/2202.03389.pdf
410,arxiv:2209.01899,Sensitivity to Heavy Neutral Leptons with the SAND Detector at the DUNE ND Complex,Z. G. Moghaddam et al.,"Moghaddam, Zahra Ghorbani",1,2209.01899,https://arxiv.org/abs/2209.01899,2022,2022-09-05,INSPIRE earliest_date,NF,中微子前沿,1,NF: Neutrinos Beyond the Standard Model,hep-ex,hep-ex,Experimental particle physics,实验粒子物理,D/s: leptonic decay | electron | muon | tau | meson: heavy | sensitivity | DUNE | deep underground detector | neutrino: detector | neutrino: heavy | heavy lepton: semileptonic decay | efficiency | kinematics | near detector | background | track data analysis | charmed meson | numerical calculations: Monte Carlo | data analysis method,1,5,5,1.2735355648535565,0.0,28.212290502793294,29.7951582867784,28.687150837988824,393,378,379,INSPIRE,,2147069,https://inspirehep.net/literature/2147069,https://www.slac.stanford.edu/econf/C210711/papers/2209.01899.pdf
411,arxiv:2203.07994,Sensitivity to Longitudinal Vector Boson Scattering in W±W±jj at Future Hadron Colliders,A. Apyan et al.,"Apyan, Aram | Kelson, Samuel | Mwewa, Chilufya | Pleier, Marc-André | Nedic, Luka | Potamianos, Karolos",6,2203.07994,https://arxiv.org/abs/2203.07994,2022,2022-03-15,INSPIRE earliest_date,EF,能量前沿,1,EF: Electroweak Precision Physics and Constraining New Physics,hep-ph,hep-ph | hep-ex,Particle phenomenology,粒子唯象学,vector boson: scattering | p p: scattering | sensitivity | longitudinal | TeV | hadron,1,4,3,0.9085820895522387,0.25,22.998137802607076,22.81191806331471,22.942271880819366,425,419,419,INSPIRE,,2052509,https://inspirehep.net/literature/2052509,https://www.slac.stanford.edu/econf/C210711/papers/2203.07994.pdf
412,arxiv:2205.14379,Signal Strength and W-boson Mass Measurements as a Probe of the Electroweak Phase Transition at colliders,A. Papaefstathiou et al.,"Papaefstathiou, Andreas | Robens, Tania | White, Graham",3,2205.14379,https://arxiv.org/abs/2205.14379,2022,2022-05-28,INSPIRE earliest_date,EF | TF,能量前沿 | 理论前沿,2,EF: Higgs Boson Properties and Couplings | TF: Collider Phenomenology,hep-ph,hep-ph,Particle phenomenology,粒子唯象学,singlet: gauge | Higgs particle: doublet | critical phenomena | baryogenesis,2,15,8,3.5715449804432855,0.4666666666666667,51.303538175046555,52.60707635009311,51.69459962756052,264,255,259,INSPIRE,,2089025,https://inspirehep.net/literature/2089025,https://www.slac.stanford.edu/econf/C210711/papers/2205.14379.pdf
413,arxiv:2203.08107,Simplified Dark Matter Models with Charged Mediators,T. Ghosh et al.,"Ghosh, Tathagata | Kelso, Chris | Kumar, Jason | Sandick, Pearl | Stengel, Patrick",5,2203.08107,https://arxiv.org/abs/2203.08107,2022,2022-03-15,INSPIRE earliest_date,EF | RPF | TF,能量前沿 | 稀有过程与精密测量 | 理论前沿,3,EF: Beyond the Standard Model - Dark Matter at Colliders | RPF: Fundamental Physics in Small Experiments | TF: Astro-Particle Physics and Cosmology,hep-ph,hep-ph,Particle phenomenology,粒子唯象学,mass: scale | dark matter: annihilation | bremsstrahlung: emission | bremsstrahlung: internal | new physics: search for | mediation | sensitivity | lepton | interpretation of experiments: CERN LHC Coll | left-right | muon | dipole | singlet | gamma ray: emission | mixing | dark matter: direct detection | Majorana,3,7,4,1.5900186567164178,0.42857142857142855,36.312849162011176,35.754189944134076,36.14525139664805,347,347,349,INSPIRE,,2052595,https://inspirehep.net/literature/2052595,https://www.slac.stanford.edu/econf/C210711/papers/2203.08107.pdf
414,arxiv:2203.07964,Simulated Detector Performance at the Muon Collider,N. Bartosik et al.,"Bartosik, N. | Krizka, K. | Pagan Griso, S. | Aimè, C. | Apyan, A. | Agashe, K. | Allanach, B.C. | Andreetto, P. | Asadi, P. | Mahmoud, Mohammed Attia | Bertolin, A. | Braghieri, A. | Buonincontri, L. | Calzaferri, S. | Casarsa, M. | Azatov, A. | Barzi, E. | Batsch, F. | Berryhill, J. | Bersani, A. | Black, K.M. | Bonesini, M. | Bross, A. | Buttazzo, D. | Caiffi, B. | Calderini, G. | Capdevilla, R. | Castelli, Luca | Catanesi, M.G. | Celiberto, Francesco Giovanni | Cerri, A. | Chachamis, G. | Colaleo, A. | Curatolo, C. | Da Molin, G. | Dasu, S. | Desinov, Dmitri | Denizli, H. | Di Micco, B. | Dorigo, T. | Errico, F. | Ferrari, Anna | Fiorina, D. | Giambastiani, L. | Gianelle, A. | Giraldin, C. | Herndon, M. | Holmes, T.R. | Jindariani, S. | Krintiras, G.K. | Lee, L. | Li, Q. | Lipton, Ronald | Lomte, S. | Long, K.R. | Lucchesi, D. | Mastrapasqua, P. | Meloni, F. | Montella, A. | Nardi, F. | Pastrone, N. | Pellecchia, A. | Potamianos, K. | Radicioni, E. | Radogna, R. | Riccardi, C. | Ristori, L. | Salvini, P. | Cesarotti, C. | Chacko, Z. | Chancé, A. | Chen, S. | Chien, Y.-T. | Costa, M. | Craig, N. | Curtin, D. | D'Agnolo, R.T. | Dam, M. | Damerau, H. | de Blas, J. | De Matteis, E. | Deandrea, A. | Delahaye, J. | Delgado, A. | Dermisek, R. | Di Petrillo, K.F. | Dickinson, J. | Everaerts, P. | Everett, L. | Farinon, S. | Ferretti, G. | Filthaut, F. | Forslund, M. | Franceschini, R. | Gabrielli, E. | Garosi, F. | Glioti, A. | Gray, L. | Greljo, A. | Grojean, C. | Gu, J. | Han, C. | Han, T. | Hauptman, J. | Henning, B. | Hermanek, K. | Homiller, S. | Jana, S. | Jia, H. | Kahn, Y. | Kaplan, D.M. | Kilian, W. | Kong, K. | Koppenburg, P. | Li, W. | Liu, Z. | Lu, Q. | Ma, Y. | Maltoni, F. | Mantani, L. | Mariotto, S. | Marzocca, D. | Matchev, K. | Mazzacane, A. | McGinnis, N. | Meade, P. | Mele, B. | Merkel, P. | Merlassino, C. | Mishra, R.K. | Mohammadi, A. | Mohapatra, R. | Mokhov, N. | Montagna, P. | Musenich, R. | Neuffer, D. | Nomura, Y. | Ojalvo, I. | Panci, P. | Paradisi, P. | Perloff, A. | Piccinini, F. | Pierini, M. | Prioli, M. | Procura, M. | Redigolo, D. | Reina, L. | Reuter, J. | Riva, F. | Robens, T. | Rossi, L. | Sala, F. | Salko, J. | Salvioni, E. | Santiago, J. | Sarra, I. | Schulte, D. | Senol, A. | Sestini, L. | Simone, F.M. | Simoniello, R. | Stamerra, A. | Sun, X. | Swiatlowski, M. | Tang, J. | Thompson, E.A. | Vai, I. | Valente, M. | Valle, N. | Venditti, R. | Verwilligen, P. | Weber, H. | Zaza, A. | Zuliani, D. | Schieck, J. | Sharma, V. | Shiltsev, V. | Sorbi, M. | Stark, G. | Statera, M. | Stupak, J. | Su, S. | Sundrum, R. | Torre, R. | Tortora, L. | Trifinopoulos, S. | Valente, R.U. | Vittorio, L. | Vitulo, P. | Vryonidou, E. | Vuosalo, C. | Wu, Y. | Wulzer, A. | Xie, K. | Yonehara, K. | Yu, H.-B. | Zheng, Y.J. | Zurita, J.",198,2203.07964,https://arxiv.org/abs/2203.07964,2022,2022-03-15,INSPIRE earliest_date,EF | IF,能量前沿 | 仪器学前沿,2,EF: General - centered on this frontier | IF: General - centered on this frontier,hep-ex,hep-ex | hep-ph,Experimental particle physics,实验粒子物理,detector: design | muon: storage ring | detector: performance | heavy quark: jet | transverse momentum: high | background | programming | electron: particle identification | photon: particle identification | muon: particle identification | charged particle: particle identification | particle identification: performance | numerical calculations: Monte Carlo,2,87,29,19.76166044776119,0.6666666666666666,87.8026070763501,87.98882681564245,87.8584729981378,66,65,65,INSPIRE,,2052548,https://inspirehep.net/literature/2052548,https://www.slac.stanford.edu/econf/C210711/papers/2203.07964.pdf
415,arxiv:2203.09740,Simulations for the Development of Quantum Computational Devices for HEP,"J. B. Kowalkowski, A. L. Lyon.","Kowalkowski, James B. | Lyon, Adam L.",2,2203.09740,https://arxiv.org/abs/2203.09740,2022,2022-03-18,INSPIRE earliest_date,CompF,计算前沿,1,CompF: Quantum Computing,quant-ph,quant-ph,Quantum information and sensors,量子信息与量子传感器,,1,0,0,0.0,,1.0242085661080074,1.0242085661080074,1.0242085661080074,533,533,533,INSPIRE,,2054561,https://inspirehep.net/literature/2054561,https://www.slac.stanford.edu/econf/C210711/papers/2203.09740.pdf
416,arxiv:2203.06216,Simulations of Silicon Radiation Detectors for High Energy Physics Experiments,B. Nachman et al.,"Nachman, B. | Peltola, T. | Asenov, P. | Bomben, M. | Lipton, R. | Moscatelli, F. | Narayanan, E.A. | Palomo, F.R. | Passeri, D. | Seidel, S. | Shi, X. | Sonneveld, J.",12,2203.06216,https://arxiv.org/abs/2203.06216,2022,2022-03-11,INSPIRE earliest_date,IF,仪器学前沿,1,IF: Solid State Detectors and Tracking,physics.ins-det,physics.ins-det | hep-ex,Instrumentation and detectors,仪器与探测器,activity report | radiation detector | semiconductor detector | numerical calculations | programming | CERN LHC Coll | FCC-hh,1,2,2,0.45316377171215877,0.0,9.776536312849162,7.262569832402234,9.022346368715084,494,500,500,INSPIRE,,2050937,https://inspirehep.net/literature/2050937,https://www.slac.stanford.edu/econf/C210711/papers/2203.06216.pdf
417,arxiv:2209.03333,Single Vector-Like Top Quark Production via Chromomagnetic Interactions at Present and Future Hadron Colliders at the LHC and FCC-hh/SppC Colliders,A. Belyaev et al.,"Belyaev, Alexander | Chivukula, R. Sekhar | Fuks, Benjamin | Simmons, Elizabeth H. | Wang, Xing",5,2209.03333,https://arxiv.org/abs/2209.03333,2022,2022-09-07,INSPIRE earliest_date,EF,能量前沿,1,EF: Beyond the Standard Model - More General Explorations,hep-ph,hep-ph | hep-ex,Particle phenomenology,粒子唯象学,CERN LHC Coll: upgrade | top: pair production | interaction: chromomagnetic | top: single production | top: production | resonance: production | up: mass | moment: chromomagnetic | p p: scattering | TeV | quark | Higgs particle | electroweak interaction | hadron,1,5,3,1.275314245810056,0.4,28.212290502793294,30.16759776536313,28.798882681564244,394,376,377,INSPIRE,,2148151,https://inspirehep.net/literature/2148151,https://www.slac.stanford.edu/econf/C210711/papers/2209.03333.pdf
418,arxiv:2203.07406,SMEFT at the LHC and Beyond,W. Shepherd.,"Shepherd, William",1,2203.07406,https://arxiv.org/abs/2203.07406,2022,2022-03-14,INSPIRE earliest_date,EF | TF,能量前沿 | 理论前沿,2,EF: Electroweak Precision Physics and Constraining New Physics | TF: Effective Field Theory Techniques,hep-ph,hep-ph,Particle phenomenology,粒子唯象学,interpretation of experiments: CERN LHC Coll | numerical calculations,2,5,2,1.1350217526413922,0.6,28.212290502793294,27.467411545623836,27.988826815642454,395,391,392,INSPIRE,,2052401,https://inspirehep.net/literature/2052401,https://www.slac.stanford.edu/econf/C210711/papers/2203.07406.pdf
419,arxiv:2203.07328,Snowmass 2021 Community Survey Report,G. Agarwal et al.,"Agarwal, Garvita | Barrow, Joshua L. | Carneiro, Mateus F. | Conley, Erin | da Silva Pereira, Maria Elidaiana | Hedges, Sam | Homiller, Samuel | Lepetic, Ivan | Luo, Tianhuan",9,2203.07328,https://arxiv.org/abs/2203.07328,2022,2022-03-14,INSPIRE earliest_date,CEF,社群参与,1,CEF: General - centered on this frontier,hep-ex,hep-ex | astro-ph.IM | hep-ph | physics.soc-ph,Experimental particle physics,实验粒子物理,sociology,1,6,5,1.3620261031696705,0.16666666666666666,32.49534450651769,31.936685288640597,32.32774674115456,370,366,367,INSPIRE,,2051242,https://inspirehep.net/literature/2051242,https://www.slac.stanford.edu/econf/C210711/papers/2203.07328.pdf
420,arxiv:2207.07508,Snowmass Early Career: The Key Initiatives Organization,J. Barrow et al.,"Barrow, Joshua | Engel, Kristi L. | Lewis, Tiffany R. | Simon, Sara M. | Torres, Jorge",5,2207.07508,https://arxiv.org/abs/2207.07508,2022,2022-07-15,INSPIRE earliest_date,CEF,社群参与,1,CEF: General - centered on this frontier,physics.soc-ph,physics.soc-ph | hep-ph,"Community, education and society",社群、教育与社会,,1,0,0,0.0,,1.0242085661080074,1.0242085661080074,1.0242085661080074,534,534,534,INSPIRE,,2115318,https://inspirehep.net/literature/2115318,https://www.slac.stanford.edu/econf/C210711/papers/2207.07508.pdf
421,arxiv:2203.07995,Societal Impacts of Particle Physics Projects,R. Zens et al.,"Zens, Rochelle | Headley, Michael | Wolf, Debra | Markovitz, Alison | Dukes, Faith | Tang, Jennifer | Bloom, K. | Boisvert, V.",8,2203.07995,https://arxiv.org/abs/2203.07995,2022,2022-03-15,INSPIRE earliest_date,CEF,社群参与,1,CEF: Environmental and Societal Impacts,hep-ex,hep-ex | physics.soc-ph,Experimental particle physics,实验粒子物理,,1,2,0,0.45429104477611937,1.0,9.776536312849162,9.031657355679702,9.553072625698324,495,489,489,INSPIRE,,2052241,https://inspirehep.net/literature/2052241,https://www.slac.stanford.edu/econf/C210711/papers/2203.07995.pdf
422,arxiv:2203.07645,Software and Computing for Small HEP Experiments,D. Casper et al.,"Casper, Dave | Monzani, Maria Elena | Nachman, Benjamin | Andreopoulos, Costas | Bailey, Stephen | Bard, Deborah | Bhimji, Wahid | Cerati, Giuseppe | Chachamis, Grigorios | Daughhetee, Jacob | Diamond, Miriam | Daniel Elvira, V. | Fan, Alden | Genser, Krzysztof | Girotti, Paolo | Kravitz, Scott | Kutschke, Robert | Pascuzzi, Vincent R. | Perdue, Gabriel N. | Snider, Erica | Sexton-Kennedy, Elizabeth | Stewart, Graeme Andrew | Szydagis, Matthew | Torrence, Eric | Tunnell, Christopher",25,2203.07645,https://arxiv.org/abs/2203.07645,2022,2022-03-15,INSPIRE earliest_date,CF | CompF | EF | NF | RPF,宇宙前沿 | 计算前沿 | 能量前沿 | 中微子前沿 | 稀有过程与精密测量,5,CF: General - cross-listed: | CompF: General - centered on this frontier: | EF: General - cross-listed | NF: General - cross-listed | RPF: General - cross-listed,hep-ex,hep-ex | physics.comp-ph,Experimental particle physics,实验粒子物理,programming | data management,5,9,4,2.044309701492537,0.5555555555555556,41.71322160148976,42.5512104283054,41.964618249534446,317,309,312,INSPIRE,,2052594,https://inspirehep.net/literature/2052594,https://www.slac.stanford.edu/econf/C210711/papers/2203.07645.pdf
423,arxiv:2203.07501,SoLAr: Solar Neutrinos in Liquid Argon,S. Para et al.,"Parsa, Saba | Weber, Michele | Cuesta, Clara | Gil-Botella, Ines | Manthey, Sergio | Szelc, Andrzej M. | Li, Shirley Weishi | Pallavicini, Marco | Evans, Justin | Guenette, Roxanne | Marsden, David | McConkey, Nicola | Navrer-Agasson, Anyssa | Ruiz, Guilherme | Soldner-Rembold, Stefan | Cristaldo, Esteban | Falcone, Andrea | Gonzales, Maritza Delgado | Gotti, Claudio | Guffanti, Daniele | Pessina, Gianluigi | Terranova, Francesco | Torti, Marta | Di Capua, Francesco | Fiorillo, Giuliana | Beacom, John F. | Capozzi, Francesco",27,2203.07501,https://arxiv.org/abs/2203.07501,2022,2022-03-14,INSPIRE earliest_date,NF,中微子前沿,1,NF: Neutrino Detectors,hep-ex,hep-ex,Experimental particle physics,实验粒子物理,neutrino: solar | neutrino: oscillation | neutrino: mixing | neutrino: detector | energy: threshold | detector: technology | background: suppression | p p: fusion | energy: low | liquid argon | DUNE | energy resolution | observatory | sensitivity | readout | neutrino: flux,1,23,6,5.221100062150404,0.7391304347826086,63.40782122905028,63.40782122905028,63.40782122905028,199,198,197,INSPIRE,,2052409,https://inspirehep.net/literature/2052409,https://www.slac.stanford.edu/econf/C210711/papers/2203.07501.pdf
424,arxiv:2203.09010,"Solving Critical Problems of the Muon Collider Higgs Factory: Optics, Magnets and their Protection, Detector Backgrounds",Yu. I. Alexahin et al.,"Alexahin, Yu. | Gianfelice-Wendt, E. | Kapin, V. | Kashikhin, V.V. | Mokhov, N.V. | Striganov, S.I. | Tropin, I.S. | Zlobin, A.V.",8,2203.09010,https://arxiv.org/abs/2203.09010,2022,2022-03-16,INSPIRE earliest_date,AF,加速器科学与技术,1,AF: Accelerator Technology - Magnets,physics.acc-ph,physics.acc-ph,Accelerator science,加速器科学,muon: storage ring | magnet: superconductivity | magnet: design | electron: decay | background | Higgs-factory | radiation protection | showers | beam optics,1,1,0,0.22728686994399505,1.0,4.283054003724395,5.21415270018622,4.562383612662942,522,511,511,INSPIRE,,2054279,https://inspirehep.net/literature/2054279,https://www.slac.stanford.edu/econf/C210711/papers/2203.09010.pdf
425,arxiv:2207.10636,Solving Scattering in N=4 Super-Yang-Mills Theory,N. Arkani-Hamed et al.,"Arkani-Hamed, Nima | Dixon, Lance J. | McLeod, Andrew J. | Spradlin, Marcus | Trnka, Jaroslav | Volovich, Anastasia",6,2207.10636,https://arxiv.org/abs/2207.10636,2022,2022-07-21,INSPIRE earliest_date,TF,理论前沿,1,TF: Scattering Amplitudes,hep-th,hep-th | hep-ph,Formal theory / quantum gravity,形式理论与量子引力,supersymmetry: 4 | field theory: conformal | dimension: 4 | hydrogen: atom | scattering: relativistic | string model | color | scattering amplitude | AdS/CFT correspondence | integrability | structure,1,32,21,7.897297297297297,0.34375,71.22905027932961,73.27746741154563,71.84357541899442,156,144,153,INSPIRE,,2120761,https://inspirehep.net/literature/2120761,https://www.slac.stanford.edu/econf/C210711/papers/2207.10636.pdf
426,arxiv:2203.06112,Solving Simulation Systematics in and with AI/ML,B. Viren et al.,"Viren, Brett | Huang, Jin | Huang, Yi | Lin, Meifeng | Ren, Yihui | Terao, Kazuhiro | Torbunov, Dmitrii | Yu, Haiwang",8,2203.06112,https://arxiv.org/abs/2203.06112,2022,2022-03-11,INSPIRE earliest_date,CompF,计算前沿,1,CompF: Machine Learning,hep-ex,hep-ex | physics.data-an,Experimental particle physics,实验粒子物理,network | neural network | statistical analysis | data analysis method | numerical calculations: Monte Carlo,1,4,3,0.9063275434243175,0.25,22.998137802607076,20.949720670391063,22.383612662942273,426,425,425,INSPIRE,,2050096,https://inspirehep.net/literature/2050096,https://www.slac.stanford.edu/econf/C210711/papers/2203.06112.pdf
427,arxiv:2202.11529,Some Aspects of the Impact of the Electron Ion Collider on Particle Physics at the Energy Frontier,"S.V. Chekanov, S. Magill.","Chekanov, S.V. | Magill, S.",2,2202.11529,https://arxiv.org/abs/2202.11529,2022,2022-02-23,INSPIRE earliest_date,EF,能量前沿,1,EF: QCD and Strong Interactions - Hadronic Structure and Forward QCD Processes,hep-ph,hep-ph,Particle phenomenology,粒子唯象学,EIC | DIS | HEP | electron nucleus: scattering | final state: correlation | parton: density | experimental results | quantum chromodynamics | multiquark,1,4,3,0.8974201474201474,0.25,22.998137802607076,20.2048417132216,22.160148975791433,427,429,429,INSPIRE,,2037043,https://inspirehep.net/literature/2037043,https://www.slac.stanford.edu/econf/C210711/papers/2202.11529.pdf
428,arxiv:2203.08026,Some Open Questions in Axion Theory,P. Agrawal et al.,"Agrawal, Prateek | Berghaus, Kim V. | Fan, JiJi | Hook, Anson | Marques-Tavares, Gustavo | Rudelius, Tom",6,2203.08026,https://arxiv.org/abs/2203.08026,2022,2022-03-15,INSPIRE earliest_date,TF,理论前沿,1,TF: Beyond-Standard-Model Model Building,hep-ph,hep-ph | hep-th,Particle phenomenology,粒子唯象学,axion: coupling | axion: string | domain wall | quantum gravity | monopole | thermal | quantization,1,19,14,4.315764925373134,0.2631578947368421,58.93854748603352,59.497206703910614,59.10614525139665,220,218,220,INSPIRE,,2052430,https://inspirehep.net/literature/2052430,https://www.slac.stanford.edu/econf/C210711/papers/2203.08026.pdf
429,arxiv:2206.15345,Spin Polarized Electron Beams Production Beyond III-V Semiconductors,L. Cultrera.,"Cultrera, Luca",1,2206.15345,https://arxiv.org/abs/2206.15345,2022,2022-06-30,INSPIRE earliest_date,AF,加速器科学与技术,1,AF: Accelerator Technology - Targets and Sources,physics.acc-ph,physics.acc-ph | physics.app-ph,Accelerator science,加速器科学,electron: polarized beam | spin: polarization | electrode: design | semiconductor,1,3,3,0.7300133244503664,0.0,16.480446927374302,19.73929236499069,17.45810055865922,462,433,434,INSPIRE,,2104137,https://inspirehep.net/literature/2104137,https://www.slac.stanford.edu/econf/C210711/papers/2206.15345.pdf
430,arxiv:2203.07056,Stau Study at the ILC and its Implication for the Muon g-2 Anomaly,M. Endo et al.,"Endo, Motoi | Hamaguchi, Koichi | Iwamoto, Sho | Kawada, Shin-ichi | Kitahara, Teppei | Moroi, Takeo | Suehara, Taikan",7,2203.07056,https://arxiv.org/abs/2203.07056,2022,2022-03-14,INSPIRE earliest_date,EF,能量前沿,1,EF: Beyond the Standard Model - Model Specific Explorations,hep-ph,hep-ph | hep-ex,Particle phenomenology,粒子唯象学,new physics | supersymmetry | minimal supersymmetric standard model | muon: magnetic moment | magnetic moment: dipole | magnetic moment: anomaly | ILC Coll | electron positron: scattering | electron positron: colliding beams | bino: production | slepton: production,1,7,3,1.589030453697949,0.5714285714285714,36.312849162011176,35.19553072625698,35.977653631284916,348,348,350,INSPIRE,,2051083,https://inspirehep.net/literature/2051083,https://www.slac.stanford.edu/econf/C210711/papers/2203.07056.pdf
431,arxiv:2203.07535,Strange Quark as a Probe for New Physics in the Higgs Sector,A. Albert et al.,"Albert, Alexander | Basso, Matthew J. | Bright-Thonney, Samuel K. | Cairo, Valentina M.M. | Damerell, Chris | Egana-Ugrinovic, Daniel | Einhaus, Ulrich | Heintz, Ulrich | Homiller, Samuel | Kawada, Shin-ichi | Luo, Jingyu | Mantel, Chester | Meade, Patrick | Monroy, Jose | Narain, Meenakshi | Orr, Robert S. | Reichert, Joseph | Ryd, Anders | Strube, Jan | Su, Dong | Schwartzman, Ariel G. | Tanabe, Tomohiko | Tian, Junping | Usai, Emanuele | Va'vra, Jerry | Vernieri, Caterina | Young, Charles C. | Zou, Rui",28,2203.07535,https://arxiv.org/abs/2203.07535,2022,2022-03-14,INSPIRE earliest_date,EF,能量前沿,1,EF: Higgs Boson Properties and Couplings,hep-ex,hep-ex,Experimental particle physics,实验粒子物理,electron positron: annihilation | electron positron: colliding beams | electron: polarized beam | positron: polarized beam | momentum: high | strangeness: particle identification | ILC Coll | ILD detector | linear collider | polarization: longitudinal | new physics: search for | hadronization | coupling constant: upper limit | imaging | RICH | particle identification: performance | Cherenkov | Higgs-factory | programming | sensitivity | numerical calculations: Monte Carlo | 250 GeV-cms,1,33,15,7.491143567433188,0.5454545454545454,72.25325884543761,72.71880819366852,72.39292364990689,150,147,148,INSPIRE,,2052514,https://inspirehep.net/literature/2052514,https://www.slac.stanford.edu/econf/C210711/papers/2203.07535.pdf
432,arxiv:2203.06773,Strategies for Beam-Induced Background Reduction at Muon Colliders,D. Ally et al.,"Ally, D. | Carpenter, L. | Holmes, T. | Lee, L. | Wagenknecht, P.",5,2203.06773,https://arxiv.org/abs/2203.06773,2022,2022-03-13,INSPIRE earliest_date,EF | IF,能量前沿 | 仪器学前沿,2,EF: General - centered on this frontier | IF: Solid State Detectors and Tracking,physics.ins-det,physics.ins-det | hep-ex,Instrumentation and detectors,仪器与探测器,activity report | muon: storage ring | calorimeter | background: induced | background: suppression | tungsten | tracking detector | detector: design,2,18,15,4.083540372670807,0.16666666666666666,57.635009310986966,57.262569832402235,57.523277467411546,230,230,230,INSPIRE,,2050949,https://inspirehep.net/literature/2050949,https://www.slac.stanford.edu/econf/C210711/papers/2203.06773.pdf
433,arxiv:2203.06800,Strategies for Conformal REBCO Windings,J. Rogers et al.,"Rogers, John | McIntyre, Peter | Elliott, Timothy | May, Gareth | Ratcliffe, Christian",5,2203.06800,https://arxiv.org/abs/2203.06800,2022,2022-03-13,INSPIRE earliest_date,AF | EF,加速器科学与技术 | 能量前沿,2,AF: Multi-TeV Colliders | EF: General - cross-listed,hep-ex,hep-ex,Experimental particle physics,实验粒子物理,conformal | dipole | magnetic field | transverse | numerical calculations: Monte Carlo,2,1,1,0.22686335403726707,0.0,4.283054003724395,3.258845437616387,3.975791433891992,523,521,521,INSPIRE,,2051085,https://inspirehep.net/literature/2051085,https://www.slac.stanford.edu/econf/C210711/papers/2203.06800.pdf
434,arxiv:2203.08919,"Strategies in Education, Outreach, and Inclusion to Enhance the US Workforce in Accelerator Science and Engineering",M. Bai et al.,"Bai, M. | Barletta, W.A. | Bruhwiler, D.L. | Chattopadhyay, S. | Hao, Y. | Holder, S. | Holzbauer, J. | Huang, Z. | Harkay, K. | Kim, Y.-K. | Lu, X. | Lund, S.M. | Neveu, N. | Ostroumov, P. | Patterson, J.R. | Piot, P. | Satogata, T. | Seryi, A. | Soha, A.K. | Winchester, S.",20,2203.08919,https://arxiv.org/abs/2203.08919,2022,2022-03-16,INSPIRE earliest_date,AF | CEF,加速器科学与技术 | 社群参与,2,"AF: Beam Physics and Accelerator Education | CEF: Diversity, Equity, and Inclusion",physics.acc-ph,physics.acc-ph | physics.app-ph | physics.ed-ph,Accelerator science,加速器科学,,2,3,3,0.6818606098319852,0.0,16.480446927374302,17.22532588454376,16.70391061452514,463,445,446,INSPIRE,,2054274,https://inspirehep.net/literature/2054274,https://www.slac.stanford.edu/econf/C210711/papers/2203.08919.pdf
435,arxiv:2203.07646,Strategy for Understanding the Higgs Physics: The Cool Copper Collider,S. Dasu et al.,"Vernieri, Caterina | Nanni, Emilio A. | Dasu, Sridhara | Peskin, Michael E. | Barklow, Tim | Agashe, Kaustubh | Bartoldus, Rainer | Bhat, Pushpalatha C. | Black, Kevin | Brau, James E. | Brau, Jim | Breidenbach, Martin | Bullard, Brendon | Craig, Nathaniel | Basso, Matthew | Belomestnykh, Sergey | Bloom, Ken | Bose, Tulika | Canepa, Anadi | Cavaliere, Viviana | Cheong, Sanha | Conway, John | Das, Pallabi | Damerell, Chris | Dawson, Sally | Demarteau, Marcel W. | Denisov, Dmitri | Gray, Lindsey | Harris, Philip C. | Kagan, Michael | Liu, Zhen | Meade, Patrick | Majernik, Nathan | Erbacher, Robin | Everaerts, Pieter | Gabriel, Annika | Gibbons, Lawrence | Gomber, Bhawna | Gonski, Julia | Gori, Stefania | Grannis, Paul | Haber, Howard E. | Hartman, Nicole M. | Herndon, Matt | Hook, Anson | Jia, Haoyi Kenny | Kaadze, Ketino | Kenney, Christopher J. | Koraka, Charis Kleio | Liu, Miaoyuan | Low, Ian | Ma, Yang | Markiewicz, Thomas | Mistlberger, Bernhard | Mohammadi, Abdollah | Nagaitsev, Sergei | Ntounis, Dimitris | Ojalvo, Isobel | Narain, Meenakshi | Nielsen, Jason | Othman, Mohamed A.K. | Pachal, Katherine | Griso, Simone Pagan | Patterson, Ritchie | Paus, Christoph | Pearkes, Jannicke | Profumo, Stefano | Rizzo, Thomas G. | Rosenzweig, James | Schroeder, Carl | Schwartzman, Ariel G. | Safdari, Murtaza | Savin, Alexander | Schumm, Bruce A. | Sharma, Varun | Simakov, Evgenya | Snively, Emma | Stark, Giordon | Wang, LianTao | Swiatlowski, Maximilian | Spataro, Bruno | Strube, Jan | Dong, Su | Tantawi, Sami | Wang, Lian-Tao | White, Andy | Thom, Julia | Vuosalo, Carl | Wilson, Graham W. | Yadav, Monika | Yakovlev, Vyacheslav | Young, Charles | Xu, Zijun | Zhang, Jinlong | Zheng, Zhi",95,2203.07646,https://arxiv.org/abs/2203.07646,2022,2022-03-15,INSPIRE earliest_date,AF | EF | IF,加速器科学与技术 | 能量前沿 | 仪器学前沿,3,AF: Accelerators for Electroweak and Higgs | EF: Higgs Boson Properties and Couplings | IF: General - cross-listed,hep-ex,hep-ex | physics.acc-ph | physics.ins-det,Experimental particle physics,实验粒子物理,"energy: high | Higgs particle: coupling | coupling: Yukawa | accelerator: design | accelerator: technology | copper | new physics: search for | costs | Higgs-factory | Accelerator Subsystems and Technologies | Instrumentation for particle accelerators and storage rings - high energy (linear accelerators, synchrotrons) | activity report | linear accelerator: technology",3,99,49,22.487406716417908,0.5050505050505051,89.8510242085661,89.75791433891993,89.82309124767225,56,56,56,INSPIRE,,2052501,https://inspirehep.net/literature/2052501,https://www.slac.stanford.edu/econf/C210711/papers/2203.07646.pdf
436,arxiv:2204.01742,String Theory and Particle Physics,M. Cvetic et al.,"Cvetic, Mirjam | Halverson, James | Shiu, Gary | Taylor, Washington",4,2204.01742,https://arxiv.org/abs/2204.01742,2022,2022-04-04,INSPIRE earliest_date,TF,理论前沿,1,"TF: String Theory, Quantum Gravity, and Black Holes",hep-th,hep-th,Formal theory / quantum gravity,形式理论与量子引力,F-theory | new physics | string model | string | nonperturbative,1,33,22,7.590207808564231,0.3333333333333333,72.25325884543761,72.90502793296089,72.44878957169459,151,146,147,INSPIRE,,2063384,https://inspirehep.net/literature/2063384,https://www.slac.stanford.edu/econf/C210711/papers/2204.01742.pdf
437,arxiv:2203.07218,Strong CP Beyond Axion Direct Detection,N. Blinov et al.,"Blinov, Nikita | Craig, Nathaniel | Dolan, Matthew J. | de Vries, Jordy | Draper, Patrick | Garcia, Isabel Garcia | Lillard, Benjamin | Shelton, Jessie",8,2203.07218,https://arxiv.org/abs/2203.07218,2022,2022-03-14,INSPIRE earliest_date,CF | EF | TF,宇宙前沿 | 能量前沿 | 理论前沿,3,CF: Dark Matter: Wave-like | EF: Beyond the Standard Model - More General Explorations | TF: Beyond-Standard-Model Model Building,hep-ph,hep-ph | hep-ex | hep-lat,Particle phenomenology,粒子唯象学,axion: dark matter | strong interaction: CP | axion: direct detection | axion: mass | model: axion | buildings | gravitation | lattice field theory | ultraviolet | quality | structure,3,15,11,3.4050652579241762,0.26666666666666666,51.303538175046555,51.02420856610801,51.21973929236499,265,264,266,INSPIRE,,2050809,https://inspirehep.net/literature/2050809,https://www.slac.stanford.edu/econf/C210711/papers/2203.07218.pdf
438,arxiv:1901.11146,Studies of Granularity of a Hadronic Calorimeter for Tens-of-TeV Jets at a 100 TeV pp Collider,C.-H. Yeh et al.,"Yeh, C.-H. | Chekanov, S.V. | Kotwal, A.V. | Proudfoot, J. | Sen, S. | Tran, N.V. | Yu, S.-S.",7,1901.11146,https://arxiv.org/abs/1901.11146,2019,2019-01-30,INSPIRE earliest_date,EF | IF,能量前沿 | 仪器学前沿,2,EF: Beyond the Standard Model - More General Explorations | IF: Calorimetry,physics.ins-det,physics.ins-det | hep-ex | hep-ph,Instrumentation and detectors,仪器与探测器,multi-TeV physics | pp collider | future hadron colliders | FCC | SppC | p p: colliding beams | calorimeter: hadronic | calorimeter: cluster | jet: hadronic | p p: scattering | jet: transverse momentum | shape analysis: jet | performance | structure | numerical calculations: Monte Carlo,2,10,5,1.3291484716157207,0.5,44.134078212290504,30.633147113594042,40.08379888268156,307,373,318,INSPIRE,,1717858,https://inspirehep.net/literature/1717858,https://www.slac.stanford.edu/econf/C210711/papers/1901.11146.pdf
439,arxiv:2203.03035,Study of CP violation in Hyperon Decays at Super Charm-Tau Factories with a Polarized Electron Beam,N. Salone et al.,"Salone, Nora | Adlarson, Patrik | Batozskaya, Varvara | Kupsc, Andrzej | Leupold, Stefan | Tandean, Jusak",6,2203.03035,https://arxiv.org/abs/2203.03035,2022,2022-03-06,INSPIRE earliest_date,RPF,稀有过程与精密测量,1,RPF: Weak Decays of Strange and Light Quarks,hep-ph,hep-ph | hep-ex,Particle phenomenology,粒子唯象学,hyperon: decay | baryon: decay | CP: violation | decay: asymmetry | spin: correlation | J/psi(3100) | isospin | kinematics | precision measurement | electron positron: colliding beams | electron: polarized beam | BES | statistical analysis | numerical calculations,1,62,31,14.004638218923933,0.5,83.05400372439479,83.14711359404097,83.08193668528864,91,91,92,INSPIRE,,2047192,https://inspirehep.net/literature/2047192,https://www.slac.stanford.edu/econf/C210711/papers/2203.03035.pdf
440,arxiv:2203.10184,Study of Electroweak Phase Transition in Exotic Higgs Decays at the CEPC,Z. Wang et al.,"Wang, Zhen | Zhu, Xuliang | Khoda, Elham E. | Hsu, Shih-Chieh | Konstantinidis, Nikolaos | Li, Ke | Li, Shu | Ramsey-Musolf, Michael J. | Wu, Yanda | Zhang, Yuwen E.",10,2203.10184,https://arxiv.org/abs/2203.10184,2022,2022-03-18,INSPIRE earliest_date,EF,能量前沿,1,EF: Higgs Boson as a Portal to New Physics,hep-ex,hep-ex | hep-ph,Experimental particle physics,实验粒子物理,electron positron: annihilation | electron positron: colliding beams | Higgs particle: electroproduction | Z0: associated production | electroweak interaction: critical phenomena | decay: exotic | Higgs particle: rare decay | jet: bottom | final state: ((n)jet dilepton) | CEPC | sensitivity | muon: pair production | new physics: search for | CERN LHC Coll | Z0: leptonic decay | electron: pair production | signature | 240 GeV-cms,1,18,13,4.096261682242991,0.2777777777777778,57.635009310986966,58.0074487895717,57.746741154562386,231,226,226,INSPIRE,,2055631,https://inspirehep.net/literature/2055631,https://www.slac.stanford.edu/econf/C210711/papers/2203.10184.pdf
441,arxiv:2203.07202,Study of the hγZ coupling at the ILC,Y. Aoki et al.,"Aoki, Yumi | Fujii, Keisuke | Tian, Junping",3,2203.07202,https://arxiv.org/abs/2203.07202,2022,2022-03-14,INSPIRE earliest_date,EF,能量前沿,1,EF: Higgs Boson Properties and Couplings,hep-ex,hep-ex | hep-ph,Experimental particle physics,实验粒子物理,electron positron: annihilation | electron positron: colliding beams | electron: polarized beam | positron: polarized beam | polarization: longitudinal | Higgs particle: electroproduction | photon: associated production | ILC Coll | effective field theory | ILD detector | linear collider | sensitivity | cross section: ratio: upper limit | numerical calculations: Monte Carlo | proposed experiment | electron positron --> Higgs particle photon,1,3,2,0.6810130515848353,0.3333333333333333,16.480446927374302,15.270018621973929,16.11731843575419,464,456,457,INSPIRE,,2051671,https://inspirehep.net/literature/2051671,https://www.slac.stanford.edu/econf/C210711/papers/2203.07202.pdf
442,arxiv:2203.07987,Study Overview for Super Proton-Proton Collider,J. Tang et al.,"Tang, Jingyu | Zhang, Yuhong | Xu, Qingjin | Gao, Jie | Lou, Xinchou | Wang, Yifang",6,2203.07987,https://arxiv.org/abs/2203.07987,2022,2022-03-15,INSPIRE earliest_date,AF,加速器科学与技术,1,AF: Multi-TeV Colliders,hep-ex,hep-ex | physics.acc-ph,Experimental particle physics,实验粒子物理,p p: colliding beams | performance | upgrade | dipole | accelerator: design | accelerator: technology,1,20,15,4.5429104477611935,0.25,60.055865921787706,60.52141527001862,60.195530726256976,218,212,215,INSPIRE,,2052529,https://inspirehep.net/literature/2052529,https://www.slac.stanford.edu/econf/C210711/papers/2203.07987.pdf
443,arxiv:2203.16583,Substructure of Multiquark Hadrons,N. Brambilla et al.,"Brambilla, Nora | Chen, Hua-Xing | Esposito, Angelo | Ferretti, Jacopo | Francis, Anthony | Guo, Feng-Kun | Hanhart, Christoph | Hosaka, Atsushi | Jaffe, Robert L. | Karliner, Marek | Lebed, Richard | Lewis, Randy | Maiani, Luciano | Mathur, Nilmani | Meißner, Ulf-G. | Pilloni, Alessandro | Polosa, Antonio Davide | Prelovsek, Sasa | Richard, Jean-Marc | Riquer, Veronica | Rosina, Mitja | Rosner, Jonathan L. | Santopinto, Elena | Swanson, Eric S. | Szczepaniak, Adam P. | Takeuchi, Sachiko | Takizawa, Makoto | Wilczek, Frank | Yamaguchi, Yasuhiro | Zou, Bing-Song",30,2203.16583,https://arxiv.org/abs/2203.16583,2022,2022-03-30,INSPIRE earliest_date,RPF,稀有过程与精密测量,1,RPF: Hadron Spectroscopy,hep-ph,hep-ph,Particle phenomenology,粒子唯象学,quark antiquark: pair | color: force | multiquark | structure | heavy quark | hadron | quantum chromodynamics | baryon | diquark | confinement | meson,1,32,16,7.337099811676083,0.5,71.22905027932961,71.41527001862197,71.28491620111731,157,154,155,INSPIRE,,2060761,https://inspirehep.net/literature/2060761,https://www.slac.stanford.edu/econf/C210711/papers/2203.16583.pdf
444,arxiv:2206.03456,Summarizing Experimental Sensitivities of Collider Experiments to Dark Matter Models and Comparison to Other Experiments,A. Boveia et al.,"Boveia, Antonio | Doglioni, Caterina | Gao, Boyu | Greaves, Josh | Harris, Philip | Pachal, Katherine | Dreyer, Etienne | Gustavino, Giuliano | Harris, Robert | Hayden, Daniel | Hrynova, Tetiana | Kotwal, Ashutosh | Little, Jared | Black, Kevin | Bose, Tulika | Chen, Yuze | Dasu, Sridhara | Jia, Haoyi | Pinna, Deborah | Sharma, Varun | Venkatasubramanian, Nikhilesh | Vuosalo, Carl",22,2206.03456,https://arxiv.org/abs/2206.03456,2022,2022-06-07,INSPIRE earliest_date,EF,能量前沿,1,EF: Beyond the Standard Model - Dark Matter at Colliders,hep-ph,hep-ph | hep-ex,Particle phenomenology,粒子唯象学,dark matter | interpretation of experiments: CERN LHC Coll | sensitivity,1,12,6,2.875984251968504,0.5,47.67225325884544,48.51024208566108,47.923649906890134,283,277,278,INSPIRE,,2092603,https://inspirehep.net/literature/2092603,https://www.slac.stanford.edu/econf/C210711/papers/2206.03456.pdf
445,arxiv:2203.07799,Superconducting Detector Magnets for High Energy Physics,M. Mentink et al.,"Mentink, Matthias | Sasaki, Ken-ichi | Cure, Benoit | Deelen, Nikkie | Dudarev, Alexey | Abe, Mitsushi | Iio, Masami | Makida, Yasuhiro | Okamura, Takahiro | Ogitsu, Toru | Sumi, Naoyuki | Yamamoto, Akira | Yoshida, Makoto | Iinuma, Hiromi",14,2203.07799,https://arxiv.org/abs/2203.07799,2022,2022-03-15,INSPIRE earliest_date,AF,加速器科学与技术,1,AF: Accelerator Technology - Magnets,physics.ins-det,physics.ins-det | physics.acc-ph,Instrumentation and detectors,仪器与探测器,"Acceleration cavities and superconducting magnets (high-temperature superconductor | radiation hardened magnets | normal-conducting | permanent magnet devices | wigglers and undulators) | Instrumentation for particle accelerators and storage rings - high energy (linear accelerators, synchrotrons) | Instrumentation for particle accelerators and storage rings - low energy (linear accelerators, cyclotrons, electrostatic accelerators) | activity report | coil: fabrication | fabrication: technology | solenoid: design | magnet: superconductivity | ILC Coll | FCC | performance | Superconducting detector solenoid | Aluminum-stabilized conductor | Indirect cooling | Inner coil winding technique",1,23,21,5.224347014925373,0.08695652173913043,63.40782122905028,63.87337057728119,63.54748603351955,200,194,193,INSPIRE,,2052783,https://inspirehep.net/literature/2052783,https://www.slac.stanford.edu/econf/C210711/papers/2203.07799.pdf
446,arxiv:2204.01919,Superconducting Nanowire Single-Photon Detectors and Effect of Accumulation and Unsteady Releases of Excess Energy in Materials,S. Pereverzev et al.,"Pereverzev, Sergey | Carosi, Gianpaolo | Li, Viacheslav",3,2204.01919,https://arxiv.org/abs/2204.01919,2022,2022-04-04,INSPIRE earliest_date,CF | IF | NF,宇宙前沿 | 仪器学前沿 | 中微子前沿,3,CF: General - cross-listed: | IF: Calorimetry | NF: General - cross-listed,quant-ph,quant-ph | astro-ph.IM | physics.ins-det,Quantum information and sensors,量子信息与量子传感器,,3,1,0,0.23000629722921914,1.0,4.283054003724395,6.052141527001862,4.8137802607076345,524,505,505,INSPIRE,,2063574,https://inspirehep.net/literature/2063574,https://www.slac.stanford.edu/econf/C210711/papers/2204.01919.pdf
447,arxiv:2203.15978,Superconducting Sensor Fabrication Capabilities for HEP Science,T. Cecil et al.,"Cecil, Thomas | Chang, Clarence L. | Duff, Shannon M. | Li, Dale | Mahapatra, Rupak | Platt, Mark | Ryu, Kevin K.",7,2203.15978,https://arxiv.org/abs/2203.15978,2022,2022-03-29,INSPIRE earliest_date,IF,仪器学前沿,1,IF: Cross-Cutting Issues and Systems Integration,physics.ins-det,physics.ins-det | hep-ex,Instrumentation and detectors,仪器与探测器,activity report | detector: fabrication | detector: superconductivity | detector: technology | computer: quantum | electronics,1,0,0,0.0,,1.0242085661080074,1.0242085661080074,1.0242085661080074,535,535,535,INSPIRE,,2060080,https://inspirehep.net/literature/2060080,https://www.slac.stanford.edu/econf/C210711/papers/2203.15978.pdf
448,arxiv:2202.08154,Supersymmetric Lattice Theories,S. Catterall et al.,"Catterall, Simon | Giedt, Joel",2,2202.08154,https://arxiv.org/abs/2202.08154,2022,2022-02-16,INSPIRE earliest_date,TF,理论前沿,1,TF: Lattice Gauge Theory,hep-lat,hep-lat | hep-th,Lattice gauge theory,格点规范理论,field theory: conformal | gauge field theory: Yang-Mills | lattice | holography | quantum gravity | nonperturbative | numerical calculations | strong coupling | supersymmetry,1,5,3,1.11697247706422,0.4,28.212290502793294,26.536312849162012,27.709497206703908,396,395,396,INSPIRE,,2033361,https://inspirehep.net/literature/2033361,https://www.slac.stanford.edu/econf/C210711/papers/2202.08154.pdf
449,arxiv:2203.07423,Sustainability Considerations for Accelerator and Collider Facilities,T. Roser.,"Roser, Thomas",1,2203.07423,https://arxiv.org/abs/2203.07423,2022,2022-03-14,INSPIRE earliest_date,AF | CEF,加速器科学与技术 | 社群参与,2,AF: Accelerator Technology - RF | CEF: Environmental and Societal Impacts,physics.acc-ph,physics.acc-ph,Accelerator science,加速器科学,activity report | performance | accelerator: technology | accelerator: design,2,6,6,1.3620261031696705,0.0,32.49534450651769,31.936685288640597,32.32774674115456,371,367,368,INSPIRE,,2052680,https://inspirehep.net/literature/2052680,https://www.slac.stanford.edu/econf/C210711/papers/2203.07423.pdf
450,arxiv:2203.06153,Symmetry Group Equivariant Architectures for Physics,A. Bogatskiy et al.,"Bogatskiy, Alexander | Ganguly, Sanmay | Kipf, Thomas | Kondor, Risi | Miller, David W. | Murnane, Daniel | Offermann, Jan T. | Pettee, Mariel | Shanahan, Phiala | Shimmin, Chase | Thais, Savannah",11,2203.06153,https://arxiv.org/abs/2203.06153,2022,2022-03-11,INSPIRE earliest_date,CompF,计算前沿,1,CompF: Machine Learning,cs.LG,cs.LG | astro-ph.IM | cs.AI | hep-ex | hep-ph,cs.LG,未分类,performance | rotation | computer,1,31,23,7.024038461538461,0.25806451612903225,70.39106145251397,69.92551210428306,70.25139664804469,161,162,162,INSPIRE,,2050183,https://inspirehep.net/literature/2050183,https://www.slac.stanford.edu/econf/C210711/papers/2203.06153.pdf
451,arxiv:2203.06781,Synergies between Dark Matter Searches and Multiwavelength/Multimessenger Astrophysics,S. Ando et al.,"Ando, Shin'ichiro | Baum, Sebastian | Boylan-Kolchin, Michael | Bulbul, Esra | Burgess, Michael | Cholis, Ilias | von Doetinchem, Philip | Fan, JiJi | Harding, Patrick J. | Horiuchi, Shunsaku | Leane, Rebecca K. | Macias, Oscar | Mack, Katie | Murase, Kohta | Necib, Lina | Olcina, Ibles | Olivera-Nieto, Laura | Park, Jong-Chul | Perez, Kerstin | Regis, Marco | Rodd, Nicholas L. | Rott, Carsten | Sinha, Kuver | Takhistov, Volodymyr | Tsai, Yun-Tse | Walker, Devin",26,2203.06781,https://arxiv.org/abs/2203.06781,2022,2022-03-13,INSPIRE earliest_date,CF,宇宙前沿,1,CF: Dark Matter: Particle-like,hep-ph,hep-ph | astro-ph.GA | astro-ph.HE | astro-ph.IM | astro-ph.SR,Particle phenomenology,粒子唯象学,dark matter: signature | background | sensitivity | galaxy | cosmic radiation | black hole: mass | magnetic field | photon | messenger | gamma ray: emission | gravitational radiation | gas | kinematics | nucleus,1,10,7,2.2686335403726705,0.3,44.134078212290504,43.85474860335196,44.050279329608934,308,303,303,INSPIRE,,2051171,https://inspirehep.net/literature/2051171,https://www.slac.stanford.edu/econf/C210711/papers/2203.06781.pdf
452,arxiv:2203.07377,Synergy between Cosmological and Laboratory Searches in Neutrino Physics,K. N. Abazajian et al.,"Gerbino, Martina | Grohs, Evan | Lattanzi, Massimiliano | Abazajian, Kevork N. | Blinov, Nikita | Brinckmann, Thejs | Chen, Mu-Chun | Djurcic, Zelimir | Du, Peizhi | Escudero, Miguel | Hagstotz, Steffen | Kelly, Kevin J. | Lorenz, Christiane S. | Loverde, Marilena | Martínez-Miravé, Pablo | Mena, Olga | Meyers, Joel | Pettus, Walter C. | Saviano, Ninetta | Suliga, Anna M. | Takhistov, Volodymyr | Tórtola, Mariam | Valle, José W.F. | Wallisch, Benjamin",24,2203.07377,https://arxiv.org/abs/2203.07377,2022,2022-03-14,INSPIRE earliest_date,CF | NF | TF,宇宙前沿 | 中微子前沿 | 理论前沿,3,CF: Cosmic Probes of Fundamental Physics | NF: Neutrino Properties | TF: Theory of Neutrino Physics,hep-ph,hep-ph | astro-ph.CO,Particle phenomenology,粒子唯象学,Neutrinos | Cosmology | Neutrino phenomenology | energy: density | cosmological model | neutrino: spectrum | neutrino: oscillation | neutrino: mass | neutrino: mixing | double-beta decay: (0neutrino) | nucleosynthesis: big bang | statistical analysis | numerical calculations | new physics,3,73,42,16.571317588564323,0.4246575342465753,85.00931098696462,85.38175046554935,85.12104283054003,81,79,80,INSPIRE,,2052515,https://inspirehep.net/literature/2052515,https://www.slac.stanford.edu/econf/C210711/papers/2203.07377.pdf
453,arxiv:2203.11846,Tabletop Experiments for Infrared Quantum Gravity,D. Carney et al.,"Carney, Daniel | Chen, Yanbei | Geraci, Andrew | Müller, Holger | Panda, Cristian D. | Stamp, Philip C.E. | Taylor, Jacob M.",7,2203.11846,https://arxiv.org/abs/2203.11846,2022,2022-03-22,INSPIRE earliest_date,TF,理论前沿,1,TF: Quantum Information Science,gr-qc,gr-qc | hep-ph | quant-ph,Gravitation and cosmology,引力与宇宙学,gravitation: field theory | gravitation: interaction | infrared | readout | quantum gravity | atom | graviton | proposed experiment | effective field theory | ultraviolet,1,18,14,4.106495940037477,0.2222222222222222,57.635009310986966,58.37988826815643,57.8584729981378,232,224,225,INSPIRE,,2056990,https://inspirehep.net/literature/2056990,https://www.slac.stanford.edu/econf/C210711/papers/2203.11846.pdf
454,external:https://hal.archives-ouvertes.fr/hal-03634918,Tagged Neutrino Beams,M. Perrin-Terrin.,Mathieu Perrin-Terrin,1,,https://hal.archives-ouvertes.fr/hal-03634918,2022,2022,HAL record,AF | IF | NF,加速器科学与技术 | 仪器学前沿 | 中微子前沿,3,AF: Accelerators for Neutrinos | IF: Solid State Detectors and Tracking | NF: Neutrino Oscillations,,,Unknown,未分类,,3,,,,,,,,,,,not available from INSPIRE/HAL query,,,,https://www.slac.stanford.edu/econf/C210711/papers/HAL-03634918.pdf | https://www.slac.stanford.edu/econf/C210711/papers/hal-03634918.pdf
455,arxiv:2203.05591,Tau Neutrinos in the Next Decade: from GeV to EeV,R. Mammen Abraham et al.,"Mammen Abraham, Roshan | Alvarez-Muñiz, Jaime | Argüelles, Carlos A. | Ariga, Akitaka | Ariga, Tomoko | Aurisano, Adam | Autiero, Dario | Bishai, Mary | Bostan, Nilay | Bustamante, Mauricio | Cummings, Austin | Decoene, Valentin | de Gouvêa, André | De Lellis, Giovanni | De Roeck, Albert | Denton, Peter B. | Di Crescenzo, Antonia | Diwan, Milind V. | Farzan, Yasaman | Fedynitch, Anatoli | Feng, Jonathan L. | Fields, Laura J. | Garcia, Alfonso | Garzelli, Maria Vittoria | Gehrlein, Julia | Glaser, Christian | Grzelak, Katarzyna | Hallmann, Steffen | Hewes, V. | Hewes, Jeremy | Indumathi, D. | Ismail, Ahmed | Jana, Sudip | Jeong, Yu Seon | Kelly, Kevin J. | Klein, Spencer R. | Kling, Felix | Kosc, Thomas | Kose, Umut | Koskinen, D. Jason | Krizmanic, John | Lazar, Jeff | Li, Yichen | Martinez-Soler, Ivan | Mocioiu, Irina | Nam, Jiwoo | Niess, Valentin | Otte, Nepomuk | Patel, Sameer | Petti, Roberto | Prechelt, Remy L. | Prohira, Steven | Rajaoalisoa, Miriama | Reno, Mary Hall | Safa, Ibrahim | Sarasty-Segura, Carlos | Senthil, R. Thiru | Stachurska, Juliana | Tomalak, Oleksandr | Trojanowski, Sebastian | Wendell, Roger Alexandre | Williams, Dawn | Wissel, Stephanie | Yaeggy, Barbara | Zas, Enrique | Zhelnin, Pavel | Zhu, Jing-yu",67,2203.05591,https://arxiv.org/abs/2203.05591,2022,2022-03-10,INSPIRE earliest_date,CF | EF | IF | NF | TF | UF,宇宙前沿 | 能量前沿 | 仪器学前沿 | 中微子前沿 | 理论前沿 | 地下设施与基础设施,6,CF: Cosmic Probes of Fundamental Physics | EF: Beyond the Standard Model - More General Explorations | IF: General - cross-listed | NF: Neutrinos Beyond the Standard Model | TF: Theory of Neutrino Physics | UF: Underground Facilities for Neutrinos,hep-ph,hep-ph | astro-ph.HE | hep-ex,Particle phenomenology,粒子唯象学,tau neutrinos | neutrino experiments | tau neutrino theory | beam dump | GeV | landscape,6,74,24,16.75666460012399,0.6756756756756757,85.28864059590316,85.56797020484171,85.37243947858472,80,78,79,INSPIRE,,2050231,https://inspirehep.net/literature/2050231,https://www.slac.stanford.edu/econf/C210711/papers/2203.05591.pdf
456,arxiv:2203.04902,Tensor Networks for High Energy Physics,Y. Meurice et al.,"Meurice, Yannick | Osborn, James C. | Sakai, Ryo | Unmuth-Yockey, Judah | Catterall, Simon | Somma, Rolando D.",6,2203.04902,https://arxiv.org/abs/2203.04902,2022,2022-03-09,INSPIRE earliest_date,CompF | TF,计算前沿 | 理论前沿,2,CompF: Quantum Computing | TF: Quantum Information Science,hep-lat,hep-lat | hep-th,Lattice gauge theory,格点规范理论,network | quantum chromodynamics | Monte Carlo | quantum gravity | programming | overlap | lattice field theory | computer | condensed matter,2,21,17,4.752323420074349,0.19047619047619047,61.452513966480446,62.10428305400372,61.64804469273743,210,204,207,INSPIRE,,2048957,https://inspirehep.net/literature/2048957,https://www.slac.stanford.edu/econf/C210711/papers/2203.04902.pdf
457,arxiv:2203.09944,Test Beam and Irradiation Facilities,M. Hartz et al.,"Hartz, M. | Merkel, P. | Niner, E. | Prebys, E. | Toro, N.",5,2203.09944,https://arxiv.org/abs/2203.09944,2022,2022-03-15,INSPIRE earliest_date,IF,仪器学前沿,1,IF: Cross-Cutting Issues and Systems Integration,physics.acc-ph,physics.acc-ph | hep-ex | physics.ins-det,Accelerator science,加速器科学,activity report | detector: technology | irradiation | accelerator | site,1,2,1,0.45429104477611937,0.5,9.776536312849162,9.031657355679702,9.553072625698324,496,490,490,INSPIRE,,2054690,https://inspirehep.net/literature/2054690,https://www.slac.stanford.edu/econf/C210711/papers/2203.09944.pdf
458,arxiv:2203.07274,Test Samples and Infrastructure for Accelerator Magnet Developments,S. Stoynev.,"Stoynev, Stoyan",1,2203.07274,https://arxiv.org/abs/2203.07274,2022,2022-03-14,INSPIRE earliest_date,AF,加速器科学与技术,1,AF: Accelerator Technology - Magnets,physics.acc-ph,physics.acc-ph,Accelerator science,加速器科学,accelerator: magnet | magnet: superconductivity | quenching | performance | CERN LHC Coll | niobium: tin | niobium: titanium,1,2,1,0.45400870105655683,0.5,9.776536312849162,8.193668528864059,9.30167597765363,497,494,494,INSPIRE,,2051630,https://inspirehep.net/literature/2051630,https://www.slac.stanford.edu/econf/C210711/papers/2203.07274.pdf
459,arxiv:2203.05505,Testing Lepton Flavor Universality and CKM Unitarity with Rare Pion Decays in the PIONEER experiment,W. Altmannshofer et al. (PIONEER Collaboration),"Altmannshofer, W. | Binney, H. | Blucher, E. | Bryman, D. | Caminada, L. | Chen, S. | Cirigliano, V. | Corrodi, S. | Crivellin, A. | Cuen-Rochin, S. | Di Canto, A. | Doria, L. | Gaponenko, A. | Garcia, A. | Gibbons, L. | Glaser, C. | Godoy, M. Escobar | Göldi, D. | Gori, S. | Gorringe, T. | Hertzog, D. | Hodge, Z. | Hoferichter, M. | Ito, S. | Iwamoto, T. | Kammel, P. | Kiburg, B. | Labe, K. | LaBounty, J. | Langenegger, U. | Malbrunot, C. | Mazza, S.M. | Mihara, S. | Mischke, R. | Mori, T. | Mott, J. | Numao, T. | Ootani, W. | Ott, J. | Pachal, K. | Polly, C. | Počanić, D. | Qian, X. | Ries, D. | Roehnelt, R. | Schumm, B. | Schwendimann, P. | Seiden, A. | Sher, A. | Shrock, R. | Soter, A. | Sullivan, T. | Tarka, M. | Tischenko, V. | Tricoli, A. | Velghe, B. | Wong, V. | Worcester, E. | Worcester, M. | Zhang, C.",60,2203.05505,https://arxiv.org/abs/2203.05505,2022,2022-03-10,INSPIRE earliest_date,RPF,稀有过程与精密测量,1,RPF: Fundamental Physics in Small Experiments,hep-ex,hep-ex | hep-ph | physics.ins-det,Experimental particle physics,实验粒子物理,lepton: flavor: universality | new particle: effect | pi+: rare decay | pi+: leptonic decay | pi+: semileptonic decay | lepton: flavor: violation | mass: scale | pi+: branching ratio | branching ratio: ratio | effect: quantum | CKM matrix: unitarity | anomaly | muon | experimental results | sensitivity | electron | Cabibbo angle | proposed experiment | pi+ --> positron neutrino/e | pi+ --> muon+ neutrino/mu | pi+ --> positron neutrino/e photon | pi+ --> muon+ neutrino/mu photon | pi+ --> pi0 positron neutrino/e | pi+ --> pi0 positron neutrino/e photon,1,28,16,6.340359578425294,0.42857142857142855,67.41154562383613,67.5046554934823,67.43947858472998,178,175,177,INSPIRE,,2049578,https://inspirehep.net/literature/2049578,https://www.slac.stanford.edu/econf/C210711/papers/2203.05505.pdf
460,arxiv:2203.06219,Testing Neutrino Flavor Models,J. Gehrlein et al.,"Gehrlein, Julia | Petcov, Serguey | Spinrath, Martin | Titov, Arsenii",4,2203.06219,https://arxiv.org/abs/2203.06219,2022,2022-03-11,INSPIRE earliest_date,NF | TF,中微子前沿 | 理论前沿,2,NF: Neutrino Oscillations | TF: Theory of Neutrino Physics,hep-ph,hep-ph | hep-ex,Particle phenomenology,粒子唯象学,flavor: model | neutrino: flavor | neutrino: mixing | lepton: mass | symmetry: discrete | lepton: symmetry | sum rule | oscillation | correlation,2,17,12,3.8518920595533497,0.29411764705882354,55.493482309124765,55.02793296089386,55.353817504655495,244,242,242,INSPIRE,,2050932,https://inspirehep.net/literature/2050932,https://www.slac.stanford.edu/econf/C210711/papers/2203.06219.pdf
461,arxiv:2202.11012,The Analytic Conformal Bootstrap,T. Hartman et al.,"Hartman, Thomas | Mazac, Dalimil | Simmons-Duffin, David | Zhiboedov, Alexander",4,2202.11012,https://arxiv.org/abs/2202.11012,2022,2022-02-22,INSPIRE earliest_date,TF,理论前沿,1,TF: Conformal Field Theory and Formal Quantum Field Theory,hep-th,hep-th,Formal theory / quantum gravity,形式理论与量子引力,bootstrap: conformal | fixed point: conformal | space: anti-de Sitter | field theory: interaction | field theory: conformal | quantum gravity | causality | unitarity | condensed matter | gap | spin | cosmological model,1,95,90,21.300644567219155,0.05263157894736842,88.91992551210429,89.29236499068901,89.0316573556797,60,58,59,INSPIRE,,2036958,https://inspirehep.net/literature/2036958,https://www.slac.stanford.edu/econf/C210711/papers/2202.11012.pdf
462,arxiv:2203.11349,The Belle II Detector Upgrade Program,F. Forti (Belle II Collaboration).,"Forti, Francesco",1,2203.11349,https://arxiv.org/abs/2203.11349,2022,2022-03-21,INSPIRE earliest_date,IF,仪器学前沿,1,IF: General - centered on this frontier,hep-ex,hep-ex | physics.ins-det,Experimental particle physics,实验粒子物理,electron positron: annihilation | BELLE: upgrade | detector: upgrade | new physics: search for | electroweak interaction | hidden sector | KEK-B | CERN LHC Coll | electron positron: colliding beams | flavor,1,55,47,12.539794007490638,0.14545454545454545,81.47113594040968,81.47113594040968,81.47113594040968,100,100,99,INSPIRE,,2056871,https://inspirehep.net/literature/2056871,https://www.slac.stanford.edu/econf/C210711/papers/2203.11349.pdf
463,arxiv:2203.13768,The CAFAna Framework for Neutrino Analysis,C. Backhouse et al.,"Backhouse, C.",1,2203.13768,https://arxiv.org/abs/2203.13768,2022,2022-03-25,INSPIRE earliest_date,CompF | NF,计算前沿 | 中微子前沿,2,CompF: End User Analysis | NF: Neutrino Oscillations,hep-ex,hep-ex,Experimental particle physics,实验粒子物理,neutrino: oscillation | NOvA | DUNE | data analysis method,2,7,7,1.599968710888611,0.0,36.312849162011176,37.05772811918063,36.536312849162016,349,339,341,INSPIRE,,2058498,https://inspirehep.net/literature/2058498,https://www.slac.stanford.edu/econf/C210711/papers/2203.13768.pdf
464,arxiv:2208.10466,The Carbon Footprint of Proposed e+e- Higgs Factories,"P. Janot, A. Blondel.","Janot, Patrick | Blondel, Alain",2,2208.10466,https://arxiv.org/abs/2208.10466,2022,2022-08-22,INSPIRE earliest_date,AF | EF,加速器科学与技术 | 能量前沿,2,AF: Accelerators for Electroweak and Higgs | EF: General - centered on this frontier,hep-ph,hep-ph | hep-ex | physics.acc-ph | physics.soc-ph,Particle phenomenology,粒子唯象学,Higgs | Factory | Carbon | Footprint | Higgs-factory | Higgs particle | linear collider | ILC Coll | interpretation of experiments: CERN LHC Coll | CERN CLIC | FCC-ee | carbon | CEPC,2,15,13,3.783667127071823,0.13333333333333333,51.303538175046555,54.283054003724395,52.19739292364991,266,246,257,INSPIRE,,2139871,https://inspirehep.net/literature/2139871,https://www.slac.stanford.edu/econf/C210711/papers/2208.10466.pdf
465,arxiv:2203.09186,The CLIC Project,O. Brunner et al.,"Brunner, O. | Burrows, P.N. | Calatroni, S. | Lasheras, N. Catalan | Corsini, R. | D'Auria, G. | Doebert, S. | Faus-Golfe, A. | Grudiev, A. | Latina, A. | Lefevre, T. | Mcmonagle, G. | Osborne, J. | Papaphilippou, Y. | Robson, A. | Rossi, C. | Ruber, R. | Schulte, D. | Stapnes, S. | Syratchev, I. | Wuensch, W.",21,2203.09186,https://arxiv.org/abs/2203.09186,2022,2022-03-17,INSPIRE earliest_date,AF | EF,加速器科学与技术 | 能量前沿,2,AF: General - centered on this frontier | EF: General - centered on this frontier,physics.acc-ph,physics.acc-ph | hep-ex,Accelerator science,加速器科学,activity report | accelerator: design | detector: technology | CERN CLIC | costs | linear collider,2,92,82,20.923412204234126,0.10869565217391304,88.36126629422719,88.73370577281192,88.4729981378026,63,61,62,INSPIRE,,2054221,https://inspirehep.net/literature/2054221,https://www.slac.stanford.edu/econf/C210711/papers/2203.09186.pdf
466,arxiv:2204.04575,The COHERENT Experimental Program,D. Akimov et al.,"Akimov, D. | Alawabdeh, S. | An, P. | Awe, C. | Barbeau, P.S. | Barry, C. | Becker, B. | Belov, V. | Bernardi, I. | Bock, C. | Bodur, B. | Bolozdynya, A. | Bouabid, R. | Bracho, A. | Browning, J. | Cabrera-Palmer, B. | Conley, E. | Daughhetee, J. | Detwiler, J. | Ding, K. | Durand, M.R. | Efremenko, Y. | Elliott, S.R. | Fabris, L. | Febbraro, M. | Gallo Rosso, A. | Galindo-Uribarri, A. | Green, M.P. | Harris, B. | Heath, M.R. | Hedges, S. | Henderson, R. | Hughes, M. | Jairam, P. | Johnson, B.A. | Johnson, T. | Khromov, A. | Konovalov, A. | Kozlova, E. | Kumpan, A. | Li, L. | Link, J.M. | Liu, J. | Major, A. | Mann, K. | Markoff, D.M. | Mastroberti, J. | Mattingly, J. | Mishra, M. | Mueller, P.E. | Newby, J. | Parno, D.S. | Penttila, S.I. | Pershey, D. | Prior, C. | Rahman, F. | Rapp, R. | Ray, H. | Razuvaeva, O. | Reyna, D. | Rich, G.C. | Rouzky, A. | Rudik, D. | Runge, J. | Salvat, D.J. | Salyapongse, A.M. | Sander, J. | Scholberg, K. | Siehien, P. | Shakirov, A. | Simakov, G. | Snow, W.M. | Sosnovstsev, V. | Steele, J. | Strasbaugh Hjelmstad, A. | Subedi, T. | Suh, B. | Tayloe, R. | Tellez-Giron-Flores, K. | Tsai, F. | Tsai, Y.-T. | Ujah, E. | van Nieuwenhuizen, E. | Varner, R.L. | Virtue, C.J. | Visser, G. | Walkup, K. | Wang, J. | Ward, E.M. | Wongjirad, T. | Yang, Y. | Yoo, J. | Yu, C.-H. | Zettlemoyer, J.",94,2204.04575,https://arxiv.org/abs/2204.04575,2022,2022-04-09,INSPIRE earliest_date,CF | IF | NF,宇宙前沿 | 仪器学前沿 | 中微子前沿,3,CF: Dark Matter: Particle-like | IF: Noble Element-Based Detectors | NF: Neutrino Interaction Cross Sections,hep-ex,hep-ex | nucl-ex | physics.ins-det,Experimental particle physics,实验粒子物理,cesium: iodine | neutrino nucleus: elastic scattering | neutrino nucleus: interaction | neutrino nucleus: inelastic scattering | detector: technology | n: fission | neutrino: particle source | Oak Ridge SNS PS | dark matter: production | argon | coherence | new physics: search for | proposed experiment | experimental results,3,60,44,13.843967150979152,0.26666666666666666,82.30912476722533,82.58845437616387,82.39292364990689,96,94,95,INSPIRE,,2065245,https://inspirehep.net/literature/2065245,https://www.slac.stanford.edu/econf/C210711/papers/2204.04575.pdf
467,arxiv:2203.03710,The Composite Higgs Signal at the Next Big Collider,K. Lane.,"Lane, Kenneth",1,2203.03710,https://arxiv.org/abs/2203.03710,2022,2022-03-07,INSPIRE earliest_date,EF,能量前沿,1,EF: Beyond the Standard Model - More General Explorations,hep-ph,hep-ph | hep-ex,Particle phenomenology,粒子唯象学,scale: electroweak interaction | fermion: bound state | composite | Higgs particle | axial-vector | vector boson | GeV | dilaton | strong interaction | isovector | interpretation of experiments: CERN LHC Coll | fermion antifermion | TeV,1,4,3,0.9040841584158416,0.25,22.998137802607076,20.763500931098697,22.327746741154563,428,426,426,INSPIRE,,2047927,https://inspirehep.net/literature/2047927,https://www.slac.stanford.edu/econf/C210711/papers/2203.03710.pdf
468,arxiv:2203.08121,The Cosmological Bootstrap,D. Baumann et al.,"Baumann, Daniel | Green, Daniel | Joyce, Austin | Pajer, Enrico | Pimentel, Guilherme L. | Sleight, Charlotte | Taronna, Massimo",7,2203.08121,https://arxiv.org/abs/2203.08121,2022,2022-03-15,INSPIRE earliest_date,CF | TF,宇宙前沿 | 理论前沿,2,CF: Dark Energy and Cosmic Acceleration: Cosmic Dawn and Before | TF: Astro-Particle Physics and Cosmology,hep-th,hep-th | astro-ph.CO | gr-qc | hep-ph,Formal theory / quantum gravity,形式理论与量子引力,fluctuation: primordial | space: anti-de Sitter | bootstrap | unitarity | statistics | de Sitter | correlation function | holography | nonperturbative | background | singularity,2,224,187,50.88059701492537,0.16517857142857142,97.67225325884544,97.8584729981378,97.72811918063314,13,12,12,INSPIRE,,2052479,https://inspirehep.net/literature/2052479,https://www.slac.stanford.edu/econf/C210711/papers/2203.08121.pdf
469,arxiv:2202.08292,The Deepest Problem: Some Perspectives on Quantum Gravity,S. B. Giddings.,"Giddings, Steven B.",1,2202.08292,https://arxiv.org/abs/2202.08292,2022,2022-02-16,INSPIRE earliest_date,TF,理论前沿,1,"TF: String Theory, Quantum Gravity, and Black Holes",hep-th,hep-th | gr-qc | hep-ph | quant-ph,Formal theory / quantum gravity,形式理论与量子引力,energy: high | black hole: formation | gravitation | structure | unitarity | quantum gravity | quantum mechanics | space-time | wormhole | electromagnetic | Hilbert space | nonperturbative | signature | S-matrix | quantum space | relativity theory | cosmological model,1,33,30,7.372018348623852,0.09090909090909091,72.25325884543761,71.60148975791434,72.05772811918062,152,153,152,INSPIRE,,2034284,https://inspirehep.net/literature/2034284,https://www.slac.stanford.edu/econf/C210711/papers/2202.08292.pdf
470,arxiv:2209.07412,The Dense Matter Equation of State and QCD Phase Transitions,S. Bogdanov et al.,"Bogdanov, Slavko | Fonseca, Emmanuel | Kashyap, Rahul | Kurkela, Aleksi | Lattimer, James M. | Read, Jocelyn S. | Sathyaprakash, Bangalore S. | Cromartie, H. Thankful | Dietrich, Tim | Dhani, Arnab | Dolch, Timothy | Gorda, Tyler | Guillot, Sebastien | Ho, Wynn C.G. | Huxford, Rachael | Lamb, Frederick K. | Landry, Philippe | Meyers, Bradley W. | Miller, M. Coleman | Nättilä, Joonas | Paatelainen, Risto | Prescod-Weinstein, Chanda | Säppi, Saga | Stairs, Ingrid H. | Stergioulas, Nikolaos | Tews, Ingo | Vuorinen, Aleksi | Wadiasingh, Zorawar | Watts, Anna L.",29,2209.07412,https://arxiv.org/abs/2209.07412,2022,2022-09-15,INSPIRE earliest_date,CF,宇宙前沿,1,CF: Cosmic Probes of Fundamental Physics,astro-ph.HE,astro-ph.HE | gr-qc | hep-th | nucl-ex | nucl-th,High-energy astrophysics,高能天体物理,temperature: low | X-ray: detector | nucleon: superfluid | black hole: primordial | quantum chromodynamics: critical phenomena | equation of state | gravitational radiation detector | nuclear physics | gravitation | angular resolution | superconductivity | dark matter | electromagnetic | neutron star | nucleosynthesis | stability | asymmetry | gravitational radiation | performance | phase space,1,16,10,4.103932584269663,0.375,53.25884543761639,58.19366852886406,54.73929236499069,255,225,246,INSPIRE,,2152215,https://inspirehep.net/literature/2152215,https://www.slac.stanford.edu/econf/C210711/papers/2209.07412.pdf
471,arxiv:2204.06547,The Double Copy and its Applications,T. Adamo et al.,"Adamo, Tim | Carrasco, John Joseph M. | Carrillo-González, Mariana | Chiodaroli, Marco | Elvang, Henriette | Johansson, Henrik | O'Connell, Donal | Roiban, Radu | Schlotterer, Oliver",9,2204.06547,https://arxiv.org/abs/2204.06547,2022,2022-04-13,INSPIRE earliest_date,TF,理论前沿,1,TF: Scattering Amplitudes,hep-th,hep-th | gr-qc | hep-ph | math-ph | math.MP,Formal theory / quantum gravity,形式理论与量子引力,string model | effective field theory | scattering amplitude | cosmological model,1,174,137,40.249208359721344,0.21264367816091953,94.87895716945997,95.99627560521415,95.21415270018622,28,22,26,INSPIRE,,2066524,https://inspirehep.net/literature/2066524,https://www.slac.stanford.edu/econf/C210711/papers/2204.06547.pdf
472,arxiv:2111.02442,The Effective Vector Boson Approximation in High-Energy Muon Collisions,R. Ruiz et al.,"Ruiz, Richard | Costantini, Antonio | Maltoni, Fabio | Mattelaer, Olivier",4,2111.02442,https://arxiv.org/abs/2111.02442,2021,2021-11-03,INSPIRE earliest_date,AF | CompF | EF | TF,加速器科学与技术 | 计算前沿 | 能量前沿 | 理论前沿,4,AF: Multi-TeV Colliders | CompF: Theoretical Calculations and Simulations | EF: Electroweak Precision Physics and Constraining New Physics | TF: Collider Phenomenology,hep-ph,hep-ph | hep-ex,Particle phenomenology,粒子唯象学,Deep Inelastic Scattering (Phenomenology) | QCD Phenomenology | Effective W Approximation | Electroweak Boson PDFs | Muon Colliders | Helicity Polarization | Monte Carlo Tools | parton: distribution function | higher-order: 1 | parton: showers | muon: storage ring | radiation: gauge | vector boson | Monte Carlo | lepton | colliding beams | TeV | factorization: collinear | electroweak interaction | gauge boson: fusion | gauge boson: scattering | Z0 | W | equivalent photon approximation | Higgs particle: production | top: production | helicity,4,104,87,21.831034482758618,0.16346153846153846,90.40968342644321,89.47858472998138,90.13035381750466,52,57,53,INSPIRE,,1960240,https://inspirehep.net/literature/1960240,https://www.slac.stanford.edu/econf/C210711/papers/2111.02442.pdf
473,arxiv:2203.08803,The European Spallation Source Neutrino Super Beam,A. Alekou et al.,"Alekou, A. | Baussan, E. | Kraljevic, N. Blaskovic | Blennow, M. | Bogomilov, M. | Bouquerel, E. | Burgman, A. | Carlile, C.J. | Cederkall, J. | Christiansen, P. | Collins, M. | Morales, E. Cristaldo | Cupial, P. | Alessi, L.D. | Danared, H. | de Andre, J.P.A.M. | Delahaye, J.P. | Dracos, M. | Efthymiopoulos, I. | Ekelof, T. | Eshraqi, M. | Fanourakis, G. | Fernandez-Martinez, E. | Folsom, B. | Gazis, N. | Geralis, Th. | Ghosh, M. | Gokbulut, G. | Halic, L. | Topaksu, A. Kayis | Kildetoft, B. | Klicek, B. | Koziol, M. | Krhac, K. | Lacny, L. | Lindroos, M. | Mezzetto, M. | Oglakci, M. | Ohlsson, T. | Olvegard, M. | Ota, T. | Park, J. | Patrzalek, D. | Petkov, G. | Poussot, P. | Johansson, R. | Rosauro-Alcaraz, S. | Szybinski, B. | Snamina, J. | Stavropoulos, G. | Stipcevic, M. | Terranova, F. | Thomas, J. | Tolba, T. | Trachanas, E. | Tsenov, R. | Vankova-Kirilova, G. | Vassilopoulos, N. | Wildner, E. | Wurtz, J. | Zormpa, O. | Zou, Y.",62,2203.08803,https://arxiv.org/abs/2203.08803,2022,2022-03-15,INSPIRE earliest_date,AF | CF | NF | RPF | UF,加速器科学与技术 | 宇宙前沿 | 中微子前沿 | 稀有过程与精密测量 | 地下设施与基础设施,5,AF: Accelerators for Neutrinos | CF: General - cross-listed: | NF: General - centered on this frontier | RPF: General - centered on this frontier | UF: General - centered on this frontier:,physics.acc-ph,physics.acc-ph | hep-ex,Accelerator science,加速器科学,activity report | neutrino: beam | neutrino: detector | n: particle source | muon: storage ring | Cherenkov counter: water | detector: technology | detector: design | deep underground detector,5,12,10,2.725746268656716,0.16666666666666666,47.67225325884544,47.76536312849162,47.700186219739294,284,281,281,INSPIRE,,2054411,https://inspirehep.net/literature/2054411,https://www.slac.stanford.edu/econf/C210711/papers/2203.08803.pdf
474,arxiv:2203.05090,The Forward Physics Facility at the High-Luminosity LHC,J. L. Feng et al.,"Feng, Jonathan L. | Kling, Felix | Reno, Mary Hall | Rojo, Juan | Soldin, Dennis | Anchordoqui, Luis A. | Boyd, Jamie | Ismail, Ahmed | Harland-Lang, Lucian | Kelly, Kevin J. | Pandey, Vishvas | Trojanowski, Sebastian | Tsai, Yu-Dai | Alameddine, Jean-Marco | Araki, Takeshi | Ariga, Akitaka | Ariga, Tomoko | Asai, Kento | Bacchetta, Alessandro | Balazs, Kincso | Barr, Alan J. | Battistin, Michele | Bian, Jianming | Bertone, Caterina | Bai, Weidong | Bakhti, Pouya | Balantekin, A. Baha | Barman, Basabendu | Batell, Brian | Bauer, Martin | Bauer, Brian | Becker, Mathias | Berlin, Asher | Bertuzzo, Enrico | Bhattacharya, Atri | Bonvini, Marco | Boogert, Stewart T. | Boyarsky, Alexey | Bramante, Joseph | Brdar, Vedran | Carmona, Adrian | Casper, David W. | Celiberto, Francesco Giovanni | Cerutti, Francesco | Chachamis, Grigorios | Chauhan, Garv | Citron, Matthew | Copello, Emanuele | Corso, Jean-Pierre | Darmé, Luc | D'Agnolo, Raffaele Tito | Darvishi, Neda | Das, Arindam | De Lellis, Giovanni | De Roeck, Albert | de Vries, Jordy | Dembinski, Hans P. | Demidov, Sergey | deNiverville, Patrick | Denton, Peter B. | Deppisch, Frank F. | Dev, P.S. Bhupal | Di Crescenzo, Antonia | Dienes, Keith R. | Diwan, Milind V. | Dreiner, Herbi K. | Du, Yong | Dutta, Bhaskar | Duwentäster, Pit | Elie, Lucie | Ellis, Sebastian A.R. | Enberg, Rikard | Farzan, Yasaman | Fieg, Max | Foguel, Ana Luisa | Foldenauer, Patrick | Foroughi-Abari, Saeid | Fortin, Jean-François | Friedland, Alexander | Fuchs, Elina | Fucilla, Michael | Gallmeister, Kai | Garcia, Alfonso | García Canal, Carlos A. | Garzelli, Maria Vittoria | Gauld, Rhorry | Ghosh, Sumit | Ghoshal, Anish | Gibson, Stephen | Giuli, Francesco | Gonçalves, Victor P. | Gorbunov, Dmitry | Goswami, Srubabati | Grau, Silvia | Günther, Julian Y. | Guzzi, Marco | Haas, Andrew | Hakulinen, Timo | Harris, Steven P. | Harz, Julia | Herrera, Juan Carlos Helo | Hill, Christopher S. | Hirsch, Martin | Hobbs, Timothy J. | Höche, Stefan | Hryczuk, Andrzej | Huang, Fei | Inada, Tomohiro | Infantino, Angelo | Ismail, Ameen | Jacobsson, Richard | Jana, Sudip | Jeong, Yu Seon | Ježo, Tomas | Jho, Yongsoo | Jodłowski, Krzysztof | lowski, Krzysztof Jod | Kalashnikov, Dmitry | Kärkkäinen, Timo J. | Keppel, Cynthia | Kim, Jongkuk | Klasen, Michael | Klein, Spencer R. | Ko, Pyungwon | Köhler, Dominik | Komatsu, Masahiro | Kovaˇrík, Karol | Kulkarni, Suchita | Kumar, Jason | Kumar, Karan | Kuo, Jui-Lin | Krauss, Frank | Kusina, Aleksander | Laletin, Maxim | Le Roux, Chiara | Lee, Seung J. | Lee, Hye-Sung | Lefebvre, Helena | Li, Jinmian | Li, Shuailong | Li, Yichen | Liu, Wei | Liu, Zhen | Lonjon, Mickael | Lyu, Kun-Feng | Maciula, Rafal | Mammen Abraham, Roshan | Masouminia, Mohammad R. | McFayden, Josh | Mikulenko, Oleksii | Mohammed, Mohammed M.A. | Mohan, Kirtimaan A. | Morfín, Jorge G. | Mosel, Ulrich | Mosny, Martin | Muzakka, Khoirul F. | Nadolsky, Pavel | Nakano, Toshiyuki | Nangia, Saurabh | Cornago, Angel Navascues | Nevay, Laurence J. | Ninin, Pierre | Nocera, Emanuele R. | Nomura, Takaaki | Nunes, Rui | Okada, Nobuchika | Olness, Fred | Osborne, John | Otono, Hidetoshi | Ovchynnikov, Maksym | Papa, Alessandro | Pei, Junle | Peon, Guillermo | Perez, Gilad | Pickering, Luke | Plätzer, Simon | Plestid, Ryan | Poddar, Tanmay Kumar | Quílez, Pablo | Rai, Mudit | Rajaee, Meshkat | Raut, Digesh | Reimitz, Peter | Resnati, Filippo | Rhode, Wolfgang | Richardson, Peter | Ritz, Adam | Rokujo, Hiroki | Roszkowski, Leszek | Ruhe, Tim | Ruiz, Richard | Sabate-Gilarte, Marta | Sandrock, Alexander | Sarcevic, Ina | Sarkar, Subir | Sato, Osamu | Scherb, Christiane | Schienbein, Ingo | Schulz, Holger | Schwaller, Pedro | Sciutto, Sergio J. | Sengupta, Dipan | Shchutska, Lesya | Shimomura, Takashi | Silvetti, Federico | Sinha, Kuver | Sjöstrand, Torbjörn | Sobczyk, Jan T. | Song, Huayang | Soriano, Jorge F. | Soreq, Yotam | Stasto, Anna | Stuart, David | Su, Shufang | Su, Wei | Szczurek, Antoni | Tabrizi, Zahra | Takubo, Yosuke | Taoso, Marco | Thomas, Brooks | Thonet, Pierre | Tuckler, Douglas | Sabio Vera, Agustin | Vincke, Heinz | Vishnudath, K.N. | Wang, Zeren Simon | Winkler, Martin W. | Wu, Wenjie | Xie, Keping | Xu, Xun-Jie | You, Tevong | Yu, Ji-Young | Yu, Jiang-Hao | Zapp, Korinna | Zhang, Yongchao | Zhang, Yue | Zhou, Guanghui | Funchal, Renata Zukanovich",238,2203.05090,https://arxiv.org/abs/2203.05090,2022,2022-03-09,INSPIRE earliest_date,AF | CF | EF | IF | NF | RPF | TF,加速器科学与技术 | 宇宙前沿 | 能量前沿 | 仪器学前沿 | 中微子前沿 | 稀有过程与精密测量 | 理论前沿,7,AF: General - centered on this frontier | CF: General - centered on this frontier: | EF: General - centered on this frontier | IF: General - centered on this frontier | NF: General - centered on this frontier | RPF: General - centered on this frontier | TF: General - cross-listed,hep-ex,hep-ex | astro-ph.CO | astro-ph.HE | hep-ph | physics.ins-det,Experimental particle physics,实验粒子物理,Forward Physics Facility | Large Hadron Collider | new particle searches | neutrinos | QCD | astroparticle physics | dark matter | p p: scattering | p p: colliding beams | forward production | energy: high | quantum chromodynamics: nonperturbative | vertex: primary | neutrino: statistics | CERN LHC Coll: upgrade | weak interaction | new physics: search for | acceptance | engineering | new particle | signature | ATLAS | neutrino: energy | numerical calculations: Monte Carlo,7,422,136,95.49907063197026,0.6777251184834123,99.53445065176909,99.53445065176909,99.53445065176908,3,3,3,INSPIRE,,2049796,https://inspirehep.net/literature/2049796,https://www.slac.stanford.edu/econf/C210711/papers/2203.05090.pdf
475,arxiv:2109.10905,"The Forward Physics Facility: Sites, Experiments, and Physics Potential",L. A. Anchordoqui et al.,"Anchordoqui, Luis A. | Ariga, Akitaka | Ariga, Tomoko | Bai, Weidong | Balazs, Kincso | Batell, Brian | Boyd, Jamie | Bramante, Joseph | Campanelli, Mario | Carmona, Adrian | Celiberto, Francesco G. | Chachamis, Grigorios | Citron, Matthew | De Lellis, Giovanni | De Roeck, Albert | Dembinski, Hans | Denton, Peter B. | Di Crecsenzo, Antonia | Diwan, Milind V. | Dougherty, Liam | Dreiner, Herbi K. | Du, Yong | Enberg, Rikard | Farzan, Yasaman | Feng, Jonathan L. | Fieg, Max | Foldenauer, Patrick | Foroughi-Abari, Saeid | Friedland, Alexander | Fucilla, Michael | Gall, Jonathan | Garzelli, Maria Vittoria | Giuli, Francesco | Goncalves, Victor P. | Guzzi, Marco | Halzen, Francis | Helo, Juan Carlos | Hill, Christopher S. | Ismail, Ahmed | Ismail, Ameen | Jacobsson, Richard | Jana, Sudip | Jeong, Yu Seon | Jodłowski, Krzysztof | Kelly, Kevin J. | Kling, Felix | Kumar, Fnu Karan | Liu, Zhen | Maciuła, Rafał | Mammen Abraham, Roshan | Manshanden, Julien | McFayden, Josh | Mohammed, Mohammed M.A. | Nadolsky, Pavel M. | Okada, Nobuchika | Osborne, John | Otono, Hidetoshi | Pandey, Vishvas | Papa, Alessandro | Raut, Digesh | Reno, Mary Hall | Resnati, Filippo | Ritz, Adam | Rojo, Juan | Sarcevic, Ina | Scherb, Christiane | Schulz, Holger | Schwaller, Pedro | Sengupta, Dipan | Sjöstrand, Torbjörn | Smith, Tyler B. | Soldin, Dennis | Stasto, Anna | Szczurek, Antoni | Tabrizi, Zahra | Trojanowski, Sebastian | Tsai, Yu-Dai | Tuckler, Douglas | Winkler, Martin W. | Xie, Keping | Zhang, Yue",81,2109.10905,https://arxiv.org/abs/2109.10905,2021,2021-09-22,INSPIRE earliest_date,CF | EF | NF | RPF | TF,宇宙前沿 | 能量前沿 | 中微子前沿 | 稀有过程与精密测量 | 理论前沿,5,CF: General - centered on this frontier: | EF: General - centered on this frontier | NF: General - centered on this frontier | RPF: General - centered on this frontier | TF: General - cross-listed,hep-ph,hep-ph | astro-ph.CO | astro-ph.HE | hep-ex | physics.ins-det,Particle phenomenology,粒子唯象学,LHC | Experiments | New physics | Long-lived particles | Neutrinos interactions | quantum chromodynamics: nonperturbative | flavor: 3 | vertex: primary | particle: long-lived | luminosity: high | site | interpretation of experiments: CERN LHC Coll | new physics | dark matter: density | acceptance | TeV | engineering,5,287,87,58.8253367003367,0.6968641114982579,98.41713221601489,98.04469273743017,98.30540037243946,9,11,9,INSPIRE,,1926149,https://inspirehep.net/literature/1926149,https://www.slac.stanford.edu/econf/C210711/papers/2109.10905.pdf
476,arxiv:2203.06520,The Future Circular Collider: a Summary for the US 2021 Snowmass Process,G. Bernardi et al.,"Bernardi, G. | Brost, E. | Denisov, D. | Landsberg, G. | Aleksa, M. | d'Enterria, D. | Janot, P. | Mangano, M.L. | Selvaggi, M. | Zimmermann, F. | Maestre, J. Alcaraz | Grojean, C. | Harris, R.M. | Pich, A. | Vos, M. | Heinemeyer, S. | Giacomelli, P. | Azzi, P. | Bedeschi, F. | Klute, M. | Blondel, A. | Paus, C. | Simon, F. | Dam, M. | Barberis, E. | Skinnari, L. | Raubenheimer, T. | Antusch, S. | Altmannshofer, W. | Wang, L.-T. | de Blas, J. | Eno, S. | Lai, Yihui | Willocq, S. | Qian, J. | Zhu, J. | Novotny, R. | Seidel, S. | Hildreth, M.D. | Thomson, E.J. | Demina, R. | Gluza, J. | Isidori, G. | Gonzalez Suarez, R.",44,2203.06520,https://arxiv.org/abs/2203.06520,2022,2022-03-12,INSPIRE earliest_date,AF | EF | IF | NF | RPF | TF,加速器科学与技术 | 能量前沿 | 仪器学前沿 | 中微子前沿 | 稀有过程与精密测量 | 理论前沿,6,AF: General - centered on this frontier | EF: General - centered on this frontier | IF: General - cross-listed | NF: General - cross-listed | RPF: General - cross-listed | TF: General - cross-listed,hep-ex,hep-ex,Experimental particle physics,实验粒子物理,electron positron: annihilation | electron positron: colliding beams | new particle | p p: scattering | coupling: Higgs | scale: TeV | neutrino: sterile | dark matter: direct detection | FCC | CERN LHC Coll | precision measurement | electroweak interaction | thermal | WIMP | axion-like particles | mixing | Higgs particle: coupling | heavy quark | rare decay | strong coupling | supersymmetry: parameter space | FCC-ee | sensitivity | numerical calculations: Monte Carlo | accelerator: proposed | bibliography,6,166,134,37.63594040968342,0.1927710843373494,94.32029795158287,94.87895716945997,94.48789571694599,31,28,29,INSPIRE,,2051032,https://inspirehep.net/literature/2051032,https://www.slac.stanford.edu/econf/C210711/papers/2203.06520.pdf
477,arxiv:2203.07360,The Future of Gamma-Ray Experiments in the MeV-EeV Range,K. Engel et al.,"Engel, K. | Goodman, J. | Huentemeyer, P. | Kierans, C. | Lewis, T.R. | Negro, M. | Santander, M. | Williams, D.A. | Allen, Alice | Aramaki, Tsuguo | Alves Batista, Rafael | Benoit, Mathieu | Bloser, Peter | Bohon, Jennifer | Bolotnikov, Aleksey E. | Brewer, Isabella | Briggs, Michael S. | Brisbois, Chad | Burgess, J. Michael | Burns, Eric | Caputo, Regina | Carini, Gabriella A. | Cenko, S. Bradley | Charles, Eric | Ciprini, Stefano | D'Elia, Valerio | Daylan, Tansu | Distel, James | Donath, Axel | Duvall, Wade | Fleischhack, Henrike | Fletcher, Corinne | Fong, Wen Fe | Gasparrini, Dario | Giardino, Marco | Goldstein, Adam | Griffin, Sean | Grove, J. Eric | Hamburg, Rachel | Harding, J. Patrick | Hare, Jeremy | Hristov, Boyan | Hui, C. Michelle | Jaffe, Tess | Jenke, Pete | Kargaltsev, Oleg | Karwin, Christopher M. | Kerr, Matthew | Kim, Dongsung | Kocevski, Daniel | Krizmanic, John | Laha, Ranjan | Di Lalla, Niccolo | Legere, Jason | Leto, Cristina | Leys, Richard | Lucarelli, Fabrizio | Martinez-Castellanos, Israel | Maselli, Alessandro | Mazziotta, M. Nicola | McConnell, Mark | McEnery, Julie | Metcalfe, Jessica | Meyer, Manuel | Moiseev, Alexander A. | Mukherjee, Reshmi | Negro, Michela | Ogasawara, Keiichi | Omodei, Nicola | Peric, Ivan | Perkins, Jeremy S. | Perri, Matteo | Pittori, Carlotta | Polenta, Gianluca | Poulson, Daniel | Preece, Robert | Principe, Giacomo | Racusin, Judith L. | Roberts, Oliver | Rodd, Nicholas L. | Shawhan, Peter | Shutt, Thomas | Sleator, Clio | Smale, Alan | Smedley, John | Smith, Jacob R. | Tasson, Jay | Teuben, Peter | Tomsick, John | Veres, Peter | Verrecchia, Francesco | Wadiasingh, Zorawar | Wilson-Hodge, Colleen A. | Wood, Joshua | Woolf, Richard S. | Yang, Hui | Zhang, Bing | Zhang, Haocheng | Zoglauer, Andreas",99,2203.07360,https://arxiv.org/abs/2203.07360,2022,2022-03-14,INSPIRE earliest_date,CF,宇宙前沿,1,CF: Cosmic Probes of Fundamental Physics,astro-ph.HE,astro-ph.HE | astro-ph.IM,High-energy astrophysics,高能天体物理,particle: acceleration | gamma ray: emission | network | dark matter: annihilation | dark matter: density | photon | GLAST | structure,1,25,17,5.675108763206961,0.32,65.27001862197393,65.64245810055866,65.38175046554935,188,185,186,INSPIRE,,2051642,https://inspirehep.net/literature/2051642,https://www.slac.stanford.edu/econf/C210711/papers/2203.07360.pdf
478,arxiv:2203.08324,The Heavy Photon Search Experiment,N. Baltzell et al.,"Baltzell, Nathan | Battaglieri, Marco | Bondi, Mariangela | Boyarinov, Sergei | Bravo, Cameron | Bueltmann, Stephen | Burkert, Volker | Butti, Pierfrancesco | Cao, Tongtong | Carpinelli, Massimo | Celentano, Andrea | Charles, Gabriel | Cuevas, Chris | D'Angelo, Annalisa | D'Urso, Domenico | Dashyan, Natalia | De Napoli, Marzio | De Vita, Raffaella | Deur, Alexandre | Diamond, Miriam | Dupre, Raphael | Essig, Rouven | Fadeyev, Vitaliy | Field, R. Clive | Filippi, Alessandra | Gaiser, Sarah | Gevorgyan, Nerses | Graf, Norman | Graham, Mathew | Guidal, Michel | Herbst, Ryan | Holtrop, Maurik | Jaros, John | Johnson, Robert | Kubarovsky, Valery | Marchand, Dominique | Marsicano, Luca | Maruyama, Takashi | McCarty, Samantha | McCormick, Jeremy | McKinnon, Bryan | Moreno, Omar | Munoz-Camacho, Carlos | Nelson, Timothy | Niccolai, Silvia | O'Dwyer, Rory | Paremuzyan, Rafayel | Peets, Emrys | Randazzo, Nunzio | Raydo, Benjamin | Reese, Benjamin | Schuster, Philip | Simi, Gabriele | Sipala, Valeria | Solt, Matthew | Spellman, Alic | Stepanyan, Stepan | Szumila-Vance, Holly | Tompkins, Lauren | Toro, Natalia | Ungaro, Maurizio | Voskanyan, Hakop",62,2203.08324,https://arxiv.org/abs/2203.08324,2022,2022-03-15,INSPIRE earliest_date,RPF,稀有过程与精密测量,1,RPF: Dark Sector Studies at High Intensities,hep-ex,hep-ex,Experimental particle physics,实验粒子物理,photon: heavy | photon: mass | photon: mixing | symmetry: gauge | quantum electrodynamics: background | charge: electric | decay: length | mass spectrum: (electron positron) | HPS | new physics: search for | bremsstrahlung | long-lived | symmetry: U(1) | dark matter | Newport News CEBAF Linac | mediation | thermal | engineering | vector boson | Jefferson Lab | signature | spectrometer | sensitivity | photon: hidden sector | experimental results,1,23,18,5.224347014925373,0.21739130434782608,63.40782122905028,63.87337057728119,63.54748603351955,201,195,194,INSPIRE,,2053794,https://inspirehep.net/literature/2053794,https://www.slac.stanford.edu/econf/C210711/papers/2203.08324.pdf
479,arxiv:2203.07622,The International Linear Collider,A. Aryshev et al.,"Aryshev, Alexander | Behnke, Ties | Berggren, Mikael | Brau, James | Craig, Nathaniel | Freitas, Ayres | Gaede, Frank | Gessner, Spencer | Gori, Stefania | Grojean, Christophe | Heinemeyer, Sven | Jeans, Daniel | Kruger, Katja | List, Benno | List, Jenny | Liu, Zhen | Michizono, Shinichiro | Miller, David W. | Moult, Ian | Murayama, Hitoshi | Nakada, Tatsuya | Nanni, Emilio | Nojiri, Mihoko | Padamsee, Hasan | Perelstein, Maxim | Peskin, Michael E. | Poeschl, Roman | Posen, Sam | Robson, Aidan | Strube, Jan | Suehara, Taikan | Tian, Junping | Titov, Maxim | Vos, Marcel | White, Andrew | Wilson, Graham | Yokoya, Kaoru | Zarnecki, Aleksander Filip | Adachi, Ichiro | Agashe, Kaustubh | Jovin, Tatjana Agatonovic | Aihara, Hiroaki | Altmannshofer, Wolfgang | Alves, Daniele | Anguiano, Justin | Aoki, Ken-Ichi | Aoki, Masato | Aoki, Toshihiro | Aoki, Yumi | Arai, Yasuo | Araki, Hayato | Asada, Haruka | Asai, Kento | Asai, Shoji | Attie, David | Baer, Howard | Bagger, Jonathan | Bai, Yang | Bailey, Ian | Barrue, Ricardo | Bartoldus, Rainer | Barzi, Emanuela | Basso, Matthew | Bauerdick, Lothar | Baum, Sebastian | Bellerive, Alain | Belomestnykh, Sergey | Antequera, Jorge Berenguer | Beyer, Jakob | Bhat, Pushpalatha | Bilki, Burak | Black, Kevin | Bloom, Kenneth | Bodwin, Geoffrey | Boisvert, Veronique | Boran, Fatma | Boudry, Vincent | Boughezal, Radja | Boveia, Antonio | Bozovic-Jelisavcic, Ivanka | Brient, Jean-Claude | Brodsky, Stanley | Brunetti, Laurent | Buesser, Karsten | Bulyak, Eugene | Burrows, Philip N. | Burt, Graeme C. | Cai, Yunhai | Cairo, Valentina | Canepa, Anadi | Celiberto, Francesco Giovanni | Cenni, Enrico | Chacko, Zackaria | Chaikovska, Iryna | Checchin, Mattia | Chen, Lisong | Chen, Thomas Y. | Cheng, Hsin Chia | Cho, Gi-Chol | Choudhary, Brajesh | Clarke, Jim | Cline, James | Co, Raymond | Cohen, Timothy | Colas, Paul | Damerell, Chris | Das, Arindam | Dasu, Sridhara | Dawson, Sally | de Blas, Jorge | de Lima, Carlos Henrique | Deandrea, Aldo | Dehmelt, Klaus | Delayen, Jean | Demarteau, Marcel | Denisov, Dmitri | Dermisek, Radovan | Dieguez, Angel | Dohmae, Takeshi | Dopke, Jens | Dort, Katharina | Du, Yong | Dudar, Bohdan | Dutta, Bhaskar | Dutta, Juhi | Einhaus, Ulrich | Elsen, Eckhard | Endo, Motoi | Eremeev, Grigory | Eren, Engin | Erler, Jens | Esarey, Eric | Everett, Lisa | Faus Golfe, Angeles | Fernandez Garcia, Marcos | Foster, Brian | Fourches, Nicolas | Fouz, Mary-Cruz | Fujii, Keisuke | Fujimoto, Junpei | Torregrosa, Esteban Fullan | Furukawa, Kazuro | Fusayasu, Takahiro | Fuster, Juan | Ganjour, Serguei | Gao, Yuanning | Gaur, Naveen | Geng, Rongli | Georgi, Howard | Gherghetta, Tony | Goldstein, Joel | Goncalves, Dorival | Gonski, Julia | Gonzalo, Tomas | Goto, Takeyoshi | Goto, Toru | Graf, Norman | Grames, Joseph | Grannis, Paul | Gray, Lindsey | Grohsjean, Alexander | Gu, Jiayin | Guler, Yalcin | Gutierrez, Phillip | Haba, Junji | Haber, Howard | Hallford, John | Hamaguchi, Koichi | Han, Tao | Hara, Kazuhiko | Harada, Daisuke | Hashimoto, Koji | Hashino, Katsuya | Hayashi, Masahito | Heinrich, Gudrun | Hidaka, Keisho | Higuchi, Takeo | Hinode, Fujio | Hioki, Zenro | Hirose, Minoru | Hiroshima, Nagisa | Hisano, Junji | Hollik, Wolfgang | Homiller, Samuel | Hong, Sungwoo | Hook, Anson | Horii, Yasuyuki | Hoshina, Hiroki | Hristova, Ivana | Huitu, Katri | Hyakutake, Yoshifumi | Iijima, Toru | Ikematsu, Katsumasa | Ilderton, Anton | Inami, Kenji | Irles, Adrian | Ishikawa, Akimasa | Ishiwata, Koji | Ito, Hayato | Ivanov, Igor | Iwamoto, Sho | Iwamoto, Toshiyuki | Iwasaki, Masako | Iwashita, Yoshihisa | Jia, Haoyi | Jimenez Morales, Fabricio | Joshi, Prakash | Jung, Sunghoon | Kacarevic, Goran | Kagan, Michael | Kakizaki, Mitsuru | Kalinowski, Jan | Kaminski, Jochen | Kanaya, Kazuyuki | Kanemura, Shinya | Kanno, Hayato | Kano, Yuya | Kashiwagi, Shigeru | Kato, Yukihiro | Kawada, Nanami | Kawada, Shin-ichi | Kawagoe, Kiyotomo | Khoze, Valery | Kichimi, Hiromichi | Kim, Doojin | Kitahara, Teppei | Kitano, Ryuichiro | Klamka, Jan | Komamiya, Sachio | Kong, K.C. | Konomi, Taro | Kotera, Katsushige | Kou, Emi | Kravchenko, Ilya | Kubo, Kiyoshi | Kubo, Takayuki | Kumaoka, Takuya | Kumar, Ashish | Kumar, Nilanjana | Kunath, Jonas | Kundu, Saumyen | Kunitomo, Hiroshi | Kurata, Masakazu | Kuriki, Masao | Kusenko, Alexander | Lagouri, Theodota | Lankford, Andrew J. | Lastovicka-Medin, Gordana | Le Diberder, Francois | Lee, Claire | Liepe, Matthias | Linacre, Jacob | Liptak, Zachary | Lomte, Shivani | Low, Ian | Ma, Yang | Maalouf, Hani | MacFarlane, David | Madison, Brendon | Madlener, Thomas | Maeda, Tomohito | Malek, Paul | Mandal, Sanjoy | Markiewicz, Thomas | Marshall, John | Martens, Aurélien | Martin, Victoria | Martinello, Martina | Rivero, Celso Martinez | Maru, Nobuhito | Matheson, John | Matsumoto, Shigeki | Matsunaga, Hiroyuki | Matsuo, Yutaka | Mawatari, Kentarou | Mbagwu, Johnpaul | McIntosh, Peter | McKeown, Peter | Meade, Patrick | Mekala, Krzysztof | Merkel, Petra | Mihara, Satoshi | Miralles, Víctor | López, Marcos Miralles | Mishima, Go | Mishima, Satoshi | Mistlberger, Bernhard | Mitov, Alexander | Miyabayashi, Kenkichi | Miyamoto, Akiya | Mohanty, Gagan | Monaco, Laura | Mondragon, Myriam | Montgomery, Hugh E. | Moortgat-Pick, Gudrid | Morange, Nicolas | Moreno Llácer, María | Moretti, Stefano | Mori, Toshinori | Morii, Toshiyuki | Moroi, Takeo | Morrissey, David | Nachman, Benjamin | Nagano, Kunihiro | Nakajima, Jurina | Nakamura, Eiji | Narita, Shinya | Nath, Pran | Nelson, Timothy | Newbold, David | Niki, Atsuya | Nishimura, Yasuhiro | Nishiyama, Eisaku | Nomura, Yasunori | Nowak, Kacper | Nozaki, Mitsuaki | Núñez Pardo de Vera, María Teresa | Ochoa, Ines | Ogata, Masahito | Ohashi, Satoru | Ohta, Hikaru | Ohta, Shigemi | Ohuchi, Norihito | Oide, Hideyuki | Okada, Nobuchika | Okada, Yasuhiro | Okawa, Shohei | Okayasu, Yuichi | Okugawa, Yuichi | Okugi, Toshiyuki | Okui, Takemichi | Okuyama, Yoshitaka | Omet, Mathieu | Omori, Tsunehiko | Ono, Hiroaki | Onoe, Tomoki | Ootani, Wataru | Otono, Hidetoshi | Ozawa, Shuhei | Pagan Griso, Simone | Papa, Alessandro | Paparella, Rocco | Park, Eun-Kyung | Perez, Gilad | Perez-Lorenzana, Abdel | Peters, Yvonne | Petriello, Frank | Piedra, Jónatan | Porod, Werner | Potter, Christopher | Price, Alan | Radkhorrami, Yasser | Reina, Laura | Reuter, Jürgen | Richard, Francois | Riemann, Sabine | Rimmer, Robert | Rizzo, Thomas | Robens, Tania | Ruber, Roger | Jimeno, Alberto Ruiz | Saeki, Takayuki | Saha, Ipsita | Saito, Tomoyuki | Sakaguchi, Makoto | Sakai, Tadakatsu | Sakaki, Yasuhito | Sakurai, Kodai | Salvatico, Riccardo | Salvatore, Fabrizio | San, Yik Chuen | Sandick, Pearl | Sanuki, Tomoyuki | Sasikumar, Kollassery Swathi | Schaefer, Oliver | Schäfer, Ruth | Schneekloth, Uwe | Schoerner-Sadenius, Thomas | Schroeder, Carl | Schuster, Philip | Schwartzman, Ariel | Schwienhorst, Reinhard | Sefkow, Felix | Seiya, Yoshihiro | Sekiguchi, Motoo | Sekizawa, Kazuyuki | Senyo, Katsumi | Sert, Hale | Sertore, Danielev | Settles, Ronald | Shafi, Qaisar | Shahdara, Tetsuo | Shams Es Haghi, Barmak | Sharma, Ashish | Shelton, Jessie | Shepherd-Themistocleous, Claire | Shibuya, Hiroto | Shidara, Tetsuo | Shimomura, Takashi | Shindou, Tetsuo | Shoji, Yutaro | Shu, Jing | Sievers, Ian | Simon, Frank | Singh, Rajeev | Soreq, Yotam | Stanitzki, Marcel | Stapnes, Steinar | Steinhebel, Amanda | Stupak, John | Su, Shufang | Suekane, Fumihiko | Sugamoto, Akio | Sugawara, Yuji | Sugimoto, Satoru | Sugimoto, Yasuhiro | Sugiyama, Hiroaki | Sumino, Yukinari | Sundrum, Raman | Suzuki, Atsuto | Suzuki, Shin | Swiatlowski, Maximilian | Tait, Tim M.P. | Takahashi, Shota | Takahashi, Tohru | Takeshita, Tohru | Takeuchi, Michihisa | Takubo, Yosuke | Tanabe, Tomohiko | Tanedo, Philip Flip | Tanimoto, Morimitsu | Tao, Shuichiro | Tata, Xerxes | Tauchi, Toshiaki | Taylor, Geoffrey | Terada, Takahiro | Terunuma, Nobuhiro | Thaler, Jesse | Thea, Alessandro | Tillinger, Finn | Timmermans, Jan | Tobioka, Kohsaku | Toda, Kouichi | Tokiyasu, Atsushi | Toma, Takashi | Torndal, Julie | Tosun, Mehmet | Tsai, Yu-Dai | Tseng, Shih-Yen | Tsumura, Koji | Tuckler, Douglas | Uchida, Yoshiki | Uchiyama, Yusuke | Ueda, Daiki | Ukegawa, Fumihiko | Umemori, Kensei | Urakawa, Junji | Vallee, Claude | Vega, Roberto | Velasco, Liliana | Verdú-Andrés, Silvia | Vernieri, Caterina | Vilá, Anna | Alvarez, Ivan Vila | Vossebeld, Joost | Vsrms, Raghava | Vukasinovic, Natasa | Wackeroth, Doreen | Wakida, Moe | Wang, Liantao | Washio, Masakazu | Watanabe, Takashi | Watson, Nigel | Watts, Gordon | Weiglein, Georg | Wells, James D. | Wenskat, Marc | Westhoff, Susanne | White, Glen | Williams, Ciaran | Willocq, Stephane | Wing, Matthew | Winter, Alasdair | Winter, Marc | Wu, Yongcheng | Xie, Keping | Xu, Tao | Yakovlev, Vyacheslav | Yamada, Shuei | Yamamoto, Akira | Yamamoto, Hitoshi | Yamamoto, Kei | Yamamoto, Yasuchika | Yamanaka, Masato | Yamashita, Satoru | Yamatani, Masahiro | Yamatsu, Naoki | Yasui, Shigehiro | Yoda, Takuya | Yonamine, Ryo | Yoshihara, Keisuke | Yoshioka, Masakazu | Yoshioka, Tamaki | Yuasa, Fukuko | Yumino, Keita | Zerwas, Dirk | Zheng, Ya-Juan | Zhou, Jia | Zhu, Hua Xing | Zobov, Mikhail | Zomer, Fabian",511,2203.07622,https://arxiv.org/abs/2203.07622,2022,2022-03-14,INSPIRE earliest_date,AF | CEF | CF | EF | IF | NF | RPF | TF,加速器科学与技术 | 社群参与 | 宇宙前沿 | 能量前沿 | 仪器学前沿 | 中微子前沿 | 稀有过程与精密测量 | 理论前沿,8,AF: Accelerators for Electroweak and Higgs | CEF: Environmental and Societal Impacts | CF: Dark Matter: Particle-like | EF: General - centered on this frontier | IF: General - centered on this frontier | NF: Neutrinos Beyond the Standard Model | RPF: Dark Sector Studies at High Intensities | TF: General - cross-listed,physics.acc-ph,physics.acc-ph | hep-ex | hep-ph,Accelerator science,加速器科学,activity report | accelerator: technology | accelerator: design | ILC Coll,8,293,93,66.51227470478558,0.6825938566552902,98.60335195530726,98.60335195530726,98.60335195530726,8,8,8,INSPIRE,,2052751,https://inspirehep.net/literature/2052751,https://www.slac.stanford.edu/econf/C210711/papers/2203.07622.pdf
480,arxiv:2203.10198,The Ion Fluorescence Chamber (IFC): A New Concept for Directional Dark Matter and Topologically Imaging Neutrinoless Double Beta Decay Searches,B. J. P. Jones et al.,"Jones, B.J.P. | Foss, F.W. | Asaadi, J.A. | Church, E.D. | deLeon, J. | Gramellini, E. | Seidel, O.H. | Vuong, T.T.",8,2203.10198,https://arxiv.org/abs/2203.10198,2022,2022-03-18,INSPIRE earliest_date,IF | NF,仪器学前沿 | 中微子前沿,2,IF: Noble Element-Based Detectors | NF: Neutrino Properties,physics.ins-det,physics.ins-det | hep-ex | nucl-ex,Instrumentation and detectors,仪器与探测器,double-beta decay: (0neutrino) | ion: negative particle | detector: imaging | fluorescence | dark matter: direct detection | sulfur: fluorine | organic compounds | detector: design | measurement methods | spatial resolution,2,6,2,1.3654205607476637,0.6666666666666666,32.49534450651769,33.24022346368715,32.71880819366853,372,359,360,INSPIRE,,2055563,https://inspirehep.net/literature/2055563,https://www.slac.stanford.edu/econf/C210711/papers/2203.10198.pdf
481,arxiv:2203.06894,The Landscape of Cosmic-Ray and High-Energy Photon Probes of Particle Dark Matter,T. Aramaki et al.,"Aramaki, Tsuguo | Boezio, Mirko | Buckley, James | Bulbul, Esra | von Doetinchem, Philip | Donato, Fiorenza | Harding, J. Patrick | Karwin, Chris | Kumar, Jason | Leane, Rebecca K. | Matsumoto, Shigeki | McEnry, Julie | Melia, Tom | Perez, Kerstin | Profumo, Stefano | Salazar-Gallegos, Daniel | Strong, Andrew W. | Roach, Brandon | Sanchez-Conde, Miguel A. | Shutt, Tom | Takada, Atsushi | Tanimori, Toru | Tomsick, John | Watanabe, Yu | Williams, David A.",25,2203.06894,https://arxiv.org/abs/2203.06894,2022,2022-03-14,INSPIRE earliest_date,CF,宇宙前沿,1,CF: Dark Matter: Particle-like,hep-ex,hep-ex | astro-ph.HE,Experimental particle physics,实验粒子物理,talk: Seattle 2021/07/11 | Cherenkov counter: water | Cherenkov counter: atmosphere | neutrino: sterile | cosmic radiation | observatory | dark matter: direct detection | photon: transition | axion | axion-like particles | coupling: (axion 2photon) | landscape | sensitivity | gamma ray | GLAST | X-ray | galaxy: dark matter | anomaly | channel cross section | bibliography,1,37,17,8.399160969546301,0.5405405405405406,74.30167597765363,74.58100558659218,74.3854748603352,140,137,138,INSPIRE,,2051102,https://inspirehep.net/literature/2051102,https://www.slac.stanford.edu/econf/C210711/papers/2203.06894.pdf
482,arxiv:2203.08297,The Landscape of Low-Threshold Dark Matter Direct Detection in the Next Decade,R. Essig et al.,"Essig, Rouven | Giovanetti, Graham K. | Kurinsky, Noah | McKinsey, Dan | Ramanathan, Karthik | Stifter, Kelly | Yu, Tien-Tien | Aboubrahim, A. | Adams, D. | Alves, D.S.M. | Aralis, T. | Araújo, H.M. | Baxter, D. | Berghaus, K.V. | Berlin, A. | Blanco, C. | Bloch, I.M. | Bonivento, W.M. | Bunker, R. | Burdin, S. | Caminata, A. | Carmona-Benitez, M.C. | Chaplinsky, L. | Chen, T.Y. | Derenzo, S.E. | de Viveiros, L. | Dick, R. | Di Marco, N. | Du, P. | Dutta, B. | Ebadi, R. | Emken, T. | Esposito, A. | Etzion, E. | Feng, J.L. | Fernandez, N. | Ge, S.-F. | Ghosh, S. | Giroux, G. | Hamaide, L. | Hertel, S.A. | Herrera, G. | Hochberg, Y. | Kahn, Y. | Kavanagh, B.J. | Khan, A.N. | Kluck, H. | Kravitz, S. | von Krosigk, B. | Kumar, J. | Lawson, I.T. | Lehmann, B.V. | Lin, T. | Liao, J. | Lyon, S.A. | Majewski, P.M. | Manzari, C.A. | Monroe, J. | Monzani, M.E. | Morrissey, D.E. | Norcini, D. | Orly, A. | Parikh, A. | Park, J.-C. | Patel, P.K. | Paul, S. | Pèrez-Ríos, J. | Phipps, A. | Pocar, A. | Ritz, A. | Sarkis, Y. | Schuster, P. | Schwetz, T. | Shaw, S. | Shin, S. | Singal, A. | Singh, R. | Slone, O. | Sorensen, P. | Sun, C. | Szydagis, M. | Temples, D.J. | Testera, G. | Thieme, K. | Toro, N. | Trickle, T. | Uemura, S. | Velan, V. | Vitagliano, E. | Wagner, F. | Wang, G. | Westerdale, S. | Zurek, K.M.",93,2203.08297,https://arxiv.org/abs/2203.08297,2022,2022-03-15,INSPIRE earliest_date,CF,宇宙前沿,1,CF: Dark Matter: Particle-like,hep-ph,hep-ph | astro-ph.CO | hep-ex,Particle phenomenology,粒子唯象学,dark matter: direct detection | dark matter: parameter space | landscape | dark matter: mass,1,183,109,41.56763059701492,0.40437158469945356,96.55493482309124,96.55493482309124,96.55493482309123,19,19,18,INSPIRE,,2053446,https://inspirehep.net/literature/2053446,https://www.slac.stanford.edu/econf/C210711/papers/2203.08297.pdf
483,arxiv:2101.08320,The LHC Olympics 2020: A Community Challenge for Anomaly Detection in High Energy Physics,G. Kasieczka et al.,"Kasieczka, Gregor | Nachman, Benjamin | Shih, David | Amram, Oz | Andreassen, Anders | Benkendorfer, Kees | Bortolato, Blaz | Brooijmans, Gustaaf | Canelli, Florencia | Collins, Jack H. | Dai, Biwei | De Freitas, Felipe F. | Dillon, Barry M. | Dinu, Ioan-Mihail | Dong, Zhongtian | Donini, Julien | Duarte, Javier | Faroughy, D.A. | Gonski, Julia | Harris, Philip | Kahn, Alan | Kamenik, Jernej F. | Khosa, Charanjit K. | Komiske, Patrick | Le Pottier, Luc | Martín-Ramiro, Pablo | Matevc, Andrej | Metodiev, Eric | Mikuni, Vinicius | Murphy, Christopher W. | Ochoa, Inês | Park, Sang Eon | Pierini, Maurizio | Rankin, Dylan | Sanz, Veronica | Sarda, Nilai | Seljak, Urŏ | Seljak, Uros | Smolkovic, Aleks | Stein, George | Suarez, Cristina Mantilla | Szewc, Manuel | Thaler, Jesse | Tsan, Steven | Udrescu, Silviu-Marian | Vaslin, Louis | Vlimant, Jean-Roch | Williams, Daniel | Yunus, Mikaeel",49,2101.08320,https://arxiv.org/abs/2101.08320,2021,2021-01-20,INSPIRE earliest_date,CompF | EF | TF,计算前沿 | 能量前沿 | 理论前沿,3,CompF: Machine Learning | EF: Beyond the Standard Model - More General Explorations | TF: Collider Phenomenology,hep-ph,hep-ph | hep-ex | physics.data-an,Particle phenomenology,粒子唯象学,anomaly detection | machine learning | unsupervised learning | weakly supervised learning | semisupervised learning | beyond the standard model | model-agnostic methods | activity report | CERN LHC Coll | new physics | benchmark | data analysis method,3,243,114,43.786753823384316,0.5308641975308642,97.8584729981378,96.92737430167598,97.57914338919925,12,17,13,INSPIRE,,1842125,https://inspirehep.net/literature/1842125,https://www.slac.stanford.edu/econf/C210711/papers/2101.08320.pdf
484,arxiv:2209.04322,The MegaMapper: A Stage-5 Spectroscopic Instrument Concept for the Study of Inflation and Dark Energy,D. J. Schlegel et al.,"Schlegel, David J. | Kollmeier, Juna A. | Aldering, Greg | Bailey, Stephen | Baltay, Charles | Bebek, Christopher | BenZvi, Segev | Besuner, Robert | Blanc, Guillermo | Bolton, Adam S. | Bonaca, Ana | Bouri, Mohamed | Brooks, David | Buckley-Geer, Elizabeth | Cai, Zheng | Crane, Jeffrey | Demina, Regina | DeRose, Joseph | Dey, Arjun | Doel, Peter | Fan, Xiaohui | Ferraro, Simone | Finkbeiner, Douglas | Font-Ribera, Andreu | Gontcho A. Gontcho, Satya | Green, Daniel | Gutierrez, Gaston | Guy, Julien | Heetderks, Henry | Huterer, Dragan | Infante, Leopoldo | Jelinsky, Patrick | Karagiannis, Dionysios | Kent, Stephen M. | Kim, Alex G. | Kneib, Jean-Paul | Kremin, Anthony | Kronig, Luzius | Konidaris, Nick | Lahav, Ofer | Lampton, Michael L. | Landriau, Martin | Lang, Dustin | Leauthaud, Alexie | Levi, Michael E. | Liguori, Michele | Linder, Eric V. | Magneville, Christophe | Martini, Paul | Mateo, Mario | McDonald, Patrick | Miller, Christopher J. | Moustakas, John | Myers, Adam D. | Mulchaey, John | Newman, Jeffrey A. | Nugent, Peter E. | Padmanabhan, Nikhil | Palanque-Delabrouille, Nathalie | Piro, Anthony L. | Poppett, Claire | Prochaska, Jason X. | Pullen, Anthony R. | Rabinowitz, David | Raichoor, Anand | Ramirez, Solange | Rix, Hans-Walter | Ross, Ashley J. | Samushia, Lado | Schaan, Emmanuel | Schubnell, Michael | Seljak, Uros | Seo, Hee-Jong | Shectman, Stephen A. | Schlafly, Edward F. | Silber, Joseph | Simon, Joshua D. | Slepian, Zachary | Slosar, Anže | Soares-Santos, Marcelle | Tarlé, Greg | Thompson, Ian | Valluri, Monica | Wechsler, Risa H. | White, Martin | Wilson, Michael J. | Yèche, Christophe | Zaritsky, Dennis | Zhou, Rongpu",89,2209.04322,https://arxiv.org/abs/2209.04322,2022,2022-09-09,INSPIRE earliest_date,CF,宇宙前沿,1,CF: Dark Energy and Cosmic Acceleration: The Modern Universe,astro-ph.IM,astro-ph.IM | hep-ex,Astrophysical instrumentation,天体物理仪器,galaxy: redshift | target: density | inflation | dark energy | DESI,1,97,71,24.7756993006993,0.26804123711340205,89.3854748603352,90.9683426443203,89.86033519553072,58,49,54,INSPIRE,,2149557,https://inspirehep.net/literature/2149557,https://www.slac.stanford.edu/econf/C210711/papers/2209.04322.pdf
485,arxiv:2204.00001,The Mu3e Experiment,G. Hesketh et al.,"Hesketh, Gavin | Hughes, Sean | Perrevoort, Ann-Kathrin | Rompotis, Nikolaos",4,2204.00001,https://arxiv.org/abs/2204.00001,2022,2022-04-01,INSPIRE earliest_date,RPF,稀有过程与精密测量,1,RPF: Charged Lepton Flavor Violation,hep-ex,hep-ex,Experimental particle physics,实验粒子物理,lepton: flavor | lepton number: violation | muon: rare decay | muon: leptonic decay | particle: stability | sensitivity | dark matter | photon: hidden sector | long-lived | new physics: search for | numerical calculations: Monte Carlo | muon+ --> electron 2positron,1,45,45,10.330766813324953,0.0,77.37430167597765,77.56052141527002,77.43016759776536,122,121,120,INSPIRE,,2061380,https://inspirehep.net/literature/2061380,https://www.slac.stanford.edu/econf/C210711/papers/2204.00001.pdf
486,arxiv:2203.09336,The Necessity of International Particle Physics Opportunities for American Education,E. Arce-Lareta et al.,"Arce-Larreta, Enrique | Assamagan, Ketevi | Barzi, Emanuela | Bilow, Uta | Cecire, Kenneth | de Jong, Sijbrand | Donati, Simone | Goldfarb, Steven | Klammer, Joel | Muronga, Azwinndini | Niland, Maria",11,2203.09336,https://arxiv.org/abs/2203.09336,2022,2022-03-17,INSPIRE earliest_date,AF | CEF,加速器科学与技术 | 社群参与,2,AF: Beam Physics and Accelerator Education | CEF: Physics Education,physics.ed-ph,physics.ed-ph | hep-ex,Physics and instrumentation,物理与仪器,quality,2,5,0,1.1371419676214198,1.0,28.212290502793294,28.026070763500933,28.15642458100558,397,387,388,INSPIRE,,2054210,https://inspirehep.net/literature/2054210,https://www.slac.stanford.edu/econf/C210711/papers/2203.09336.pdf
487,arxiv:2203.07888,The Need for Further Development of Magnetrons as RF Sources for HEP,T. Kroc et al.,"Kroc, Thomas | Yakovlev, Vyacheslav | Thangaraj, Charles | Chase, Brian | Dhuley, Ram",5,2203.07888,https://arxiv.org/abs/2203.07888,2022,2022-03-15,INSPIRE earliest_date,AF,加速器科学与技术,1,AF: Accelerator Technology - RF,physics.acc-ph,physics.acc-ph,Accelerator science,加速器科学,RF system | cavity: superconductivity,1,2,1,0.45429104477611937,0.5,9.776536312849162,9.031657355679702,9.553072625698324,498,491,491,INSPIRE,,2052849,https://inspirehep.net/literature/2052849,https://www.slac.stanford.edu/econf/C210711/papers/2203.07888.pdf
488,arxiv:2203.08916,The Need for Structural Changes to Create Impactful Public Engagement in US Particle Physics,K. A. Assamagan et al.,"Assamagan, Kétévi Adiklè | Carneiro, Mateus | Demers, Sarah | Jepsen, Kathryn | Lincoln, Don | Muronga, Azwinndini",6,2203.08916,https://arxiv.org/abs/2203.08916,2022,2022-03-16,INSPIRE earliest_date,CEF,社群参与,1,CEF: Public Education and Outreach,physics.soc-ph,physics.soc-ph,"Community, education and society",社群、教育与社会,,1,3,0,0.6818606098319852,1.0,16.480446927374302,17.22532588454376,16.70391061452514,465,446,447,INSPIRE,,2094671,https://inspirehep.net/literature/2094671,https://www.slac.stanford.edu/econf/C210711/papers/2203.08916.pdf
489,arxiv:2203.08117,The Numerical Conformal Bootstrap,D. Poland et al.,"Poland, David | Simmons-Duffin, David",2,2203.08117,https://arxiv.org/abs/2203.08117,2022,2022-03-15,INSPIRE earliest_date,CompF | TF,计算前沿 | 理论前沿,2,CompF: Theoretical Calculations and Simulations | TF: Conformal Field Theory and Formal Quantum Field Theory,hep-th,hep-th | cond-mat.stat-mech | cond-mat.str-el | hep-lat,Formal theory / quantum gravity,形式理论与量子引力,bootstrap: conformal,2,84,81,19.080223880597014,0.03571428571428571,87.24394785847299,87.43016759776536,87.2998137802607,69,68,69,INSPIRE,,2052264,https://inspirehep.net/literature/2052264,https://www.slac.stanford.edu/econf/C210711/papers/2203.08117.pdf
490,arxiv:2203.06730,The Path Forward to N3LO,F. Caola et al.,"Caola, Fabrizio | Chen, Wen | Duhr, Claude | Liu, Xiaohui | Mistlberger, Bernhard | Petriello, Frank | Vita, Gherardo | Weinzierl, Stefan",8,2203.06730,https://arxiv.org/abs/2203.06730,2022,2022-03-13,INSPIRE earliest_date,TF,理论前沿,1,TF: Theory Techniques for Precision Physics,hep-ph,hep-ph,Particle phenomenology,粒子唯象学,energy: high | quantum chromodynamics: perturbation theory | interpretation of experiments: CERN LHC Coll | Higgs particle | new physics,1,81,68,18.37593167701863,0.16049382716049382,86.31284916201118,86.49906890130354,86.36871508379888,74,73,74,INSPIRE,,2051098,https://inspirehep.net/literature/2051098,https://www.slac.stanford.edu/econf/C210711/papers/2203.06730.pdf
491,arxiv:2203.08094,The Physics Case for a Neutrino Factory,A. Bogacz et al.,"Bogacz, Alex | Brdar, Vedran | Bross, Alan | de Gouvêa, André | Delahaye, Jean-Pierre | Huber, Patrick | Hostert, Matheus | Kelly, Kevin J. | Long, Ken | Palmer, Mark | Pasternak, J. | Rogers, Chris | Tabrizi, Zahra",13,2203.08094,https://arxiv.org/abs/2203.08094,2022,2022-03-15,INSPIRE earliest_date,AF | EF | NF,加速器科学与技术 | 能量前沿 | 中微子前沿,3,AF: General - centered on this frontier | EF: General - cross-listed | NF: Artificial Neutrino Sources,hep-ph,hep-ph | hep-ex,Particle phenomenology,粒子唯象学,neutrino: sterile | neutrino: interaction | neutrino: detector | neutrino: particle source | neutrino: beam | neutrino: current | lepton number: violation | muon: decay | muon: storage ring | new physics,3,16,11,3.634328358208955,0.3125,53.25884543761639,53.25884543761639,53.25884543761639,256,252,253,INSPIRE,,2052576,https://inspirehep.net/literature/2052576,https://www.slac.stanford.edu/econf/C210711/papers/2203.08094.pdf
492,arxiv:2203.07261,The Physics Case of a 3 TeV Muon Collider Stage,J. de Blas et al.,"de Blas, Jorge | Buttazzo, Dario | Capdevilla Roldan, Rodolfo Mario | Curtin, David | Franceschini, Roberto | Maltoni, Fabio | Meade, Patrick Roddy | Meloni, Federico | Su, Shufang | Vryonidou, Eleni | Wulzer, Andrea | Aime, Chiara | Apyan, Aram | Asadi, Pouya | Mahmoud Mohammed, Mohammed Attia | Azatov, Aleksandr T | Bartosik, Nazar | Bertolin, Alessandro | Bottaro, Salvatore | Buonincontri, Laura | Casarsa, Massimo | Castelli, Luca | Catanesi, Maria Gabriella | Celiberto, Francesco Giovanni | Cerri, Alessandro | Cesarotti, Cari | Chachamis, Grigorios | Chen, Siyu | Chien, Yang-Ting | Chiesa, Mauro | Costa, Marco | Da Molin, Giacomo | Dasu, Sridhara Rao | Denisov, Dmitri S | Denizli, Haluk | Dermisek, Radovan | Di Luzio, Luca | Di Micco, Biagio | Dienes, Keith R | Dorigo, Tommaso | Fabbrichesi, Marco Ernesto Renato | Fiorina, Davide | Forslund, Matthew | Gabrielli, Emidio | Garosi, Francesco | Glioti, Alfredo | Greco, Mario | Greljo, Admir | Grober, Ramona | Grojean, Christophe | Gu, Jiayin | Han, Chengcheng | Han, Cheng Cheng | Han, Tao | Hermanek, Keith | Herndon, Matthew Fairbanks | Holmes, Tova Ray | Homiller, Samuel | Huang, Guoyuan | Huang, Guo-yuan | Jana, Sudip | Jindariani, Sergo Robert | Kahn, Yonatan | Kilian, Wolfgang | Koppenburg, Patrick Stefan | Kreher, Nils | Krizka, Karol | Krnjaic, Gordan Zdenko | Kumar, Nilanjana | Lee, Lawrence | Li, Qiang | Liu, Zhen | Long, Kenneth Richard | Low, Ian | Lu, Qianshu | Lucchesi, Donatella | Ma, Lian Liang | Ma, Yang | Mantani, Luca | Marzocca, David | McGinnis, Navin | Mele, Barbara | Merlassino, Claudia | Montella, Alessandro | Nardecchia, M | Nardi, Federico | Panci, Paolo | Pagan Griso, Simone | Panico, Giuliano | Paradisi, Paride | Pastrone, Nadia | Piccinini, Fulvio | Potamianos, Karolos Jozef | Radicioni, Emilio | Rattazzi, Riccardo | Redigolo, Diego | Reina, Laura | Reuter, Jürgen | Riccardi, Cristina | Ricci, Lorenzo | Ristori, Luciano | Robens, Tania Natalie | Rodejohann, Werner | Ruiz, Richard Efrain | Queiroz, Farinaldo S | Sala, Filippo | Šalko, Jakub | Salvini, Paola | Santiago Perez, Jose | Tait, Tim M.P. | Sarra, Ivano | Schulte, Daniel | Selvaggi, Michele | Senol, Abdulkadir | Sestini, Lorenzo | Sharma, Varun | Simoniello, Rosa | Stark, Giordon Holtsberg | Stolarski, Daniel | Su, Wei | Sumensari, Olcyr | Sun, Xiaohu | Tait, Timothy Maurice Paul | Tang, Jian | Tesi, Andrea | Thomas, Brooks | Thompson, Emily Anne | Torre, Riccardo | Trifinopoulos, Sokratis | Vai, Ilaria | Valenti, Alessandro | Vittorio, Ludovico | Wang, Lian-Tao | Wu, Yongcheng | Xie, Keping | Zhao, Xiaoran | Zurita, José Francisco",137,2203.07261,https://arxiv.org/abs/2203.07261,2022,2022-03-14,INSPIRE earliest_date,EF | TF,能量前沿 | 理论前沿,2,EF: General - centered on this frontier | TF: General - centered on this frontier,hep-ph,hep-ph | hep-ex,Particle phenomenology,粒子唯象学,Higgs particle: coupling | effective field theory | Higgs particle: doublet: 2 | minimal supersymmetric standard model | muon: magnetic moment | leptoquark | lepton: flavor: violation | coupling: Yukawa | fermion: vector particle | sensitivity | muon: storage ring | energy: high | CERN CLIC | numerical calculations | new physics,2,173,83,39.27175264139217,0.5202312138728323,94.6927374301676,95.43761638733706,94.91620111731842,29,25,27,INSPIRE,,2051251,https://inspirehep.net/literature/2051251,https://www.slac.stanford.edu/econf/C210711/papers/2203.07261.pdf
493,arxiv:2203.07943,The Physics of Light Relics,C. Dvorkin et al.,"Dvorkin, Cora | Meyers, Joel | Adshead, Peter | Amin, Mustafa | Argüelles, Carlos A. | Brinckmann, Thejs | Castorina, Emanuele | Cohen, Timothy | Craig, Nathaniel | Curtin, David | Cyr-Racine, Francis-Yan | Du, Peizhi | Knox, Lloyd | Li, Bohua | Loverde, Marilena | Lozanov, Kaloian | Muñoz, Julian B. | Schutz, Katelin | Shapiro, Paul | Wallisch, Benjamin | Weiner, Zachary J. | Xu, Weishuang Linda",22,2203.07943,https://arxiv.org/abs/2203.07943,2022,2022-03-15,INSPIRE earliest_date,CF | TF,宇宙前沿 | 理论前沿,2,CF: Dark Energy and Cosmic Acceleration: Cosmic Dawn and Before | TF: Astro-Particle Physics and Cosmology,hep-ph,hep-ph | astro-ph.CO,Particle phenomenology,粒子唯象学,dark matter: relic density | dark matter: freeze-out | neutrino: sterile | neutrino: mass | twin Higgs model | cosmic background radiation: fluctuation | gravitational radiation | inflation | axion | numerical calculations | new physics,2,77,44,17.490205223880594,0.42857142857142855,85.94040968342644,86.1266294227188,85.99627560521415,76,75,76,INSPIRE,,2052620,https://inspirehep.net/literature/2052620,https://www.slac.stanford.edu/econf/C210711/papers/2203.07943.pdf
494,arxiv:2205.08553,The Physics potential of the CEPC,H. Cheng et al.,"Cheng, Huajie | Chiu, Wen Han | Fang, Yaquan | Gao, Yu | Gu, Jiayin | Li, Gang | Li, Lingfeng | Li, Tianjun | Liang, Zhijun | Liu, Bo | Liu, Jia | Liu, Zhen | Ruan, Manqi | Shu, Jing | Wang, Kechen | Wang, Lian-Tao | Xie, Ke-Pan | Yang, Shuo | Yuan, Jiarong | Zhang, Kaili | Zhang, Mengchao | Zhang, Yang | Zhuang, Xuai",23,2205.08553,https://arxiv.org/abs/2205.08553,2022,2022-05-17,INSPIRE earliest_date,AF | EF | TF,加速器科学与技术 | 能量前沿 | 理论前沿,3,AF: General - centered on this frontier | EF: General - centered on this frontier | TF: General - cross-listed,hep-ph,hep-ph,Particle phenomenology,粒子唯象学,coupling: Higgs | Higgs particle: CP | operator: higher-dimensional | meson: semileptonic decay | Higgs particle: decay | supersymmetry | dark matter | particle: long-lived | neutrino: heavy | axion-like particles | detector: design | CEPC | electron positron: colliding beams | numerical calculations | new physics,3,138,107,32.62427184466019,0.2246376811594203,92.83054003724395,93.76163873370577,93.10986964618249,39,34,38,INSPIRE,,2084168,https://inspirehep.net/literature/2084168,https://www.slac.stanford.edu/econf/C210711/papers/2205.08553.pdf
495,arxiv:2203.06258,The Potential of a TeV-Scale Muon-Ion Collider,D. Acosta et al.,"Acosta, Darin | Barberis, Emanuela | Hurley, Nicholas | Li, Wei | Miguel Colin, Osvaldo | Wang, Yijie | Wood, Darien | Zuo, Xunwu",8,2203.06258,https://arxiv.org/abs/2203.06258,2022,2022-03-11,INSPIRE earliest_date,AF | EF,加速器科学与技术 | 能量前沿,2,AF: Multi-TeV Colliders | EF: QCD and Strong Interactions - Hadronic Structure and Forward QCD Processes,hep-ex,hep-ex | nucl-ex | physics.acc-ph,Experimental particle physics,实验粒子物理,Accelerator Applications | Heavy-ion detectors | Large detector systems for particle and astroparticle physics | Performance of High Energy Physics Detectors | muon p: scattering | scale: TeV | detector: design | hadron: accelerator | accelerator: design | top: production | leptoquark: production | vector boson: production | Higgs particle: production | deep inelastic scattering | precision measurement | nuclear physics | kinematics | muon nucleus: interaction | CERN Lab | proposed experiment,2,45,44,10.196184863523573,0.022222222222222223,77.37430167597765,76.81564245810056,77.20670391061452,123,125,124,INSPIRE,,2050815,https://inspirehep.net/literature/2050815,https://www.slac.stanford.edu/econf/C210711/papers/2203.06258.pdf
496,arxiv:2203.08039,The Present and Future Status of Heavy Neutral Leptons,A. M. Abdullahi et al.,"Abdullahi, Asli M. | Alzas, Pablo Barham | Batell, Brian | Beacham, James | Boyarsky, Alexey | Carbajal, Saneli | Chatterjee, Animesh | Crespo-Anadon, Jose I. | Deppisch, Frank F. | De Roeck, Albert | Drewes, Marco | Gago, Alberto Martin | Suarez, Rebeca Gonzalez | Goudzovski, Evgueni | Hatzikoutelis, Athanasios | Hernandez-Garcia, Josu | Hostert, Matheus | Hufnagel, Marco | Ilten, Philip | Izmaylov, Alexander | Kelly, Kevin J. | Klaric, Juraj | Kopp, Joachim | Kulkarni, Suchita | Lamoureux, Mathieu | Lanfranchi, Gaia | Lopez-Pavon, Jacobo | Mikulenko, Oleksii | Mooney, Michael | Nemevsek, Miha | Ovchynnikov, Maksym | Pascoli, Silvia | Plestid, Ryan | Darwish, Mohamed Rashad | Redi, Federico Leo | Ruchayskiy, Oleg | Ruiz, Richard | Shaposhnikov, Mikhail | Shchutska, Lesya | Shoemaker, Ian M. | Shrock, Robert | Sousa, Alex | Van Remortel, Nick | Syvolap, Vsevolod | Takhistov, Volodymyr | Tastet, Jean-Loup | Timiryasov, Inar | Vincent, Aaron C. | Yu, Jaehoon",49,2203.08039,https://arxiv.org/abs/2203.08039,2022,2022-03-15,INSPIRE earliest_date,NF,中微子前沿,1,NF: Neutrinos Beyond the Standard Model,hep-ph,hep-ph | hep-ex,Particle phenomenology,粒子唯象学,Neutrinos | beyond the standard model | sterile neutrinos | neutrino: mass | lepton | accelerator | numerical calculations | semileptonic decay | oscillation,1,343,235,77.91091417910447,0.31486880466472306,99.16201117318435,99.16201117318435,99.16201117318434,5,5,5,INSPIRE,,2052659,https://inspirehep.net/literature/2052659,https://www.slac.stanford.edu/econf/C210711/papers/2203.08039.pdf
497,arxiv:2203.07349,The Project 8 Neutrino Mass Experiment,A. Ashtari Esfahani et al.,"Esfahani, A. Ashtari | Böser, S. | Buzinsky, N. | Carmona-Benitez, M.C. | Claessens, C. | de Viveiros, L. | Doe, P.J. | Enomoto, S. | Fertl, M. | Formaggio, J.A. | Gaison, J.K. | Grando, M. | Heeger, K.M. | Huyan, X. | Jones, A.M. | Kazkaz, K. | Li, M. | Lindman, A. | Matthé, C. | Mohiuddin, R. | Monreal, B. | Mueller, R. | Nikkel, J.A. | Novitski, E. | Oblath, N.S. | Peña, J.I. | Pettus, W. | Reimann, R. | Robertson, R.G.H. | Rybka, G. | Saldaña, L. | Schram, M. | Slocum, P.L. | Stachurska, J. | Sun, Y.-H. | Surukuchi, P.T. | Tedeschi, J.R. | Telles, A.B. | Thomas, F. | Thomas, M. | Thorne, L.A. | Thümmler, T. | Van De Pontseele, W. | VanDevender, B.A. | Weiss, T.E. | Wendler, T. | Ziegler, A.",47,2203.07349,https://arxiv.org/abs/2203.07349,2022,2022-03-14,INSPIRE earliest_date,NF,中微子前沿,1,NF: Neutrino Properties,nucl-ex,nucl-ex | physics.ins-det,Experimental nuclear physics,实验核物理,neutrino: mass | radiation: emission | tritium | cyclotron | sensitivity | measurement methods | statistical | experimental methods,1,83,66,18.84136109384711,0.20481927710843373,86.96461824953445,87.05772811918064,86.9925512104283,71,70,71,INSPIRE,,2050876,https://inspirehep.net/literature/2050876,https://www.slac.stanford.edu/econf/C210711/papers/2203.07349.pdf
498,arxiv:2203.08053,The Quest to Define QFT,M. Dedushenko.,"Dedushenko, Mykola",1,2203.08053,https://arxiv.org/abs/2203.08053,2022,2022-03-15,INSPIRE earliest_date,TF,理论前沿,1,TF: Conformal Field Theory and Formal Quantum Field Theory,hep-th,hep-th | math-ph | math.MP,Formal theory / quantum gravity,形式理论与量子引力,axiomatic field theory | field theory: Euclidean | constructive | field theory: algebra | field theory: perturbation theory | homotopy | field theory: conformal,1,20,20,4.5429104477611935,0.0,60.055865921787706,60.52141527001862,60.195530726256976,219,213,216,INSPIRE,,2052407,https://inspirehep.net/literature/2052407,https://www.slac.stanford.edu/econf/C210711/papers/2203.08053.pdf
499,arxiv:2203.07651,The REDTOP Experiment: Rare η/η′ Decays To Probe New Physics,J. Elam et al. (REDTOP Collaboration),"Elam, J. | Mane, A. | Comfort, J. | Mauskopf, P. | McFarland, D. | Thomas, L. | Pedraza, I. | Leon, D. | Escobar, S. | Herrera, D. | Silverio, D. | Abdallah, W. | Winn, D. | Spannowsky, M. | Dey, J. | Di Benedetto, V. | Dobrescu, B. | Fagan, D. | Gianfelice-Wendt, E. | Hahn, E. | Jensen, D. | Johnstone, C. | Johnstone, J. | Kilmer, J. | Kobilarcik, T. | Kronfeld, A. | Krempetz, K. | Los, S. | May, M. | Mazzacane, A. | Mokhov, N. | Pellico, W. | Pla-Dalmau, A. | Pronskikh, V. | Ramberg, E. | Rauch, J. | Ristori, L. | Schmidt, E. | Sellberg, G. | Tassotto, G. | Tsai, Y.D. | Alqahtani, A. | Shi, J. | Gandhi, R. | Homiller, S. | Chen, X. | Hu, Q. | Passemar, E. | Sánchez-Puertas, P. | Roy, S. | Gatto, C. | Baldini, W. | Carosi, R. | Kievsky, A. | Viviani, M. | Krzemień, W. | Silarski, M. | Zielinski, M. | Guadagnoli, D. | Alves, D.S.M. | González-Solís, S. | Pastore, S. | Berlowski, M. | Blazey, G. | Dychkant, A. | Francis, K. | Syphers, M. | Zutshi, V. | Chintalapati, P. | Malla, T. | Figora, M. | Fletcher, T. | Ismail, A. | Egaña-Ugrinovic, D. | Kahn, Y. | McKeen, D. | Meade, P. | Gutierrez, A. | Hernandez-Ruiz, M.A. | Escribano, R. | Masjuan, P. | Royo, E. | Kubis, B. | Jaeckel, J. | Marcucci, L.E. | Siligardi, C. | Barbi, S. | Mugoni, C. | Guida, M. | Charlebois, S. | Pratte, J.F. | Harland-Lang, L. | Berryman, J.M. | Gardner, R. | Paschos, P. | Konisberg, J. | Mills, C. | Ye, Z. | Murray, M. | Rogan, C. | Royon, C. | Minafra, N. | Novikov, A. | Gautier, F. | Isidori, T. | Mills, C. | Ye, Z. | Gardner, S. | Yan, X. | Onel, Y. | Pospelov, M. | Batell, B. | Freitas, A. | Rai, M. | Gao, D.N. | Maamari, K. | Kupść, A. | Fabela-Enriquez, B. | Petrov, A. | Tulin, S.",120,2203.07651,https://arxiv.org/abs/2203.07651,2022,2022-03-15,INSPIRE earliest_date,RPF,稀有过程与精密测量,1,RPF: General - centered on this frontier,hep-ex,hep-ex | hep-ph,Experimental particle physics,实验粒子物理,eta: rare decay | eta(958): rare decay | lepton: universality | symmetry: violation | new physics: search for | new particle | sensitivity | muon: magnetic moment | statistics | symmetry: CP | heavy lepton | Goldstone particle | conservation law | eta: form factor | axion | proposed experiment,1,62,28,14.0830223880597,0.5483870967741935,83.05400372439479,83.33333333333333,83.13780260707634,92,90,91,INSPIRE,,2052541,https://inspirehep.net/literature/2052541,https://www.slac.stanford.edu/econf/C210711/papers/2203.07651.pdf
500,arxiv:2203.06476,The ReLiC: Recycling Linear e+e− Collider,V. N. Litvinenko et al.,"Litvinenko, Vladimir N. | Bachhawat, Nikhil | Chamizo-Llatas, Maria | Jing, Yichao | Méot, François | Petrushina, Irina | Roser, Thomas",7,2203.06476,https://arxiv.org/abs/2203.06476,2022,2022-03-12,INSPIRE earliest_date,AF | EF,加速器科学与技术 | 能量前沿,2,AF: Accelerators for Electroweak and Higgs | EF: Higgs Boson Properties and Couplings,hep-ex,hep-ex | physics.acc-ph,Experimental particle physics,实验粒子物理,electron positron: annihilation | electron positron: colliding beams | beam: energy | linear collider | accelerator: technology | numerical calculations: Monte Carlo | accelerator: proposed,2,18,13,4.081005586592179,0.2777777777777778,57.635009310986966,57.076350093109866,57.46741154562383,233,231,231,INSPIRE,,2050944,https://inspirehep.net/literature/2050944,https://www.slac.stanford.edu/econf/C210711/papers/2203.06476.pdf
501,arxiv:2203.07316,The Road Ahead for CODEX-b,G. Aielli et al.,"Aielli, Giulio | Alimena, Juliette | Beacham, James | Ben-Haim, Eli | Borsato, Martino | Charles, Matthew John | Vidal, Xabier Cid | Coco, Victor | De Roeck, Albert | Dey, Biplab | Dumps, Raphael | Gligorov, Vladimir V. | Suarez, Rebeca Gonzalez | Gorordo, Thomas | Henry, Louis | Ilten, Philip | Johnson, Daniel | Knapen, Simon | Le Dortz, Olivier | Soliño, Saul López | Mombächer, Titus | Nachman, Benjamin | Northacker, David T. | Papucci, Michele | Pásztor, Gabriella | Pizzimento, Luca | Polci, Francesco | Robinson, Dean J. | Schindler, Heinrich | Sokoloff, Michael D. | Suresh, Aditya | Swallow, Paul | Vari, Riccardo | Veres, Gábor | Sierra, Carlos Vázquez | Watson, Nigel | Wilkinson, Michael K. | Williams, Michael | Fernández, Emilio Xosé Rodríguez",39,2203.07316,https://arxiv.org/abs/2203.07316,2022,2022-03-14,INSPIRE earliest_date,EF | RPF,能量前沿 | 稀有过程与精密测量,2,EF: Beyond the Standard Model - More General Explorations | RPF: Dark Sector Studies at High Intensities,hep-ex,hep-ex | hep-ph,Experimental particle physics,实验粒子物理,shielding: design | particle: long-lived | CERN LHC Coll | new physics: search for | detector: design | numerical calculations: Monte Carlo | proposed experiment,2,41,30,9.307178371659415,0.2682926829268293,75.60521415270019,75.79143389199255,75.6610800744879,131,130,130,INSPIRE,,2051244,https://inspirehep.net/literature/2051244,https://www.slac.stanford.edu/econf/C210711/papers/2203.07316.pdf
502,arxiv:2203.08293,The Sanford Underground Research Facility,J. Heise.,"Heise, Jaret",1,2203.08293,https://arxiv.org/abs/2203.08293,2022,2022-03-15,INSPIRE earliest_date,CEF | CF | CompF | IF | NF | RPF | UF,社群参与 | 宇宙前沿 | 计算前沿 | 仪器学前沿 | 中微子前沿 | 稀有过程与精密测量 | 地下设施与基础设施,7,CEF: General - cross-listed | CF: General - cross-listed: | CompF: General - cross-listed: | IF: General - centered on this frontier | NF: General - cross-listed | RPF: General - cross-listed | UF: General - centered on this frontier:,hep-ex,hep-ex | astro-ph.IM | nucl-ex,Experimental particle physics,实验粒子物理,copper | background | dark matter | DUNE | neutrino: detector | deep underground detector | engineering | nucleus | surface | LBNF,7,12,9,2.725746268656716,0.25,47.67225325884544,47.76536312849162,47.700186219739294,285,282,282,INSPIRE,,2060454,https://inspirehep.net/literature/2060454,https://www.slac.stanford.edu/econf/C210711/papers/2203.08293 | https://www.slac.stanford.edu/econf/C210711/papers/2203.08293.pdf
503,arxiv:2203.08779,The Selena Neutrino Experiment,A. E. Chavarria et al.,"Chavarria, A.E. | Galbiati, C. | Hernandez-Molinero, B. | Ianni, Al. | Li, X. | Mei, Y. | Montanino, D. | Ni, X. | Garay, C. Peña | Piers, A. | Wang, H.",11,2203.08779,https://arxiv.org/abs/2203.08779,2022,2022-03-16,INSPIRE earliest_date,NF,中微子前沿,1,NF: Neutrino Properties,physics.ins-det,physics.ins-det,Instrumentation and detectors,仪器与探测器,activity report | detector: imaging | detector: technology | detector: design | charge: readout | selenium | semiconductor detector | spatial resolution,1,6,2,1.3637212196639703,0.6666666666666666,32.49534450651769,32.86778398510242,32.60707635009311,373,361,362,INSPIRE,,2053723,https://inspirehep.net/literature/2053723,https://www.slac.stanford.edu/econf/C210711/papers/2203.08779.pdf
504,arxiv:2205.13215,The SLAC Linac to ESA (LESA) Beamline for Dark Sector Searches and Test Beams,T. Markiewicz et al.,"Markiewicz, Tom | Raubenheimer, Tor | Toro, Natalia",3,2205.13215,https://arxiv.org/abs/2205.13215,2022,2022-05-26,INSPIRE earliest_date,AF | RPF,加速器科学与技术 | 稀有过程与精密测量,2,AF: Accelerators for Rare Processes and Physics Beyond Colliders | RPF: General - centered on this frontier,physics.acc-ph,physics.acc-ph | hep-ex,Accelerator science,加速器科学,activity report | electron: beam | beam transport | free electron laser: X-ray | dark matter | linear accelerator: design | LDMX | cavity: superconductivity,2,9,3,2.14013671875,0.6666666666666666,41.71322160148976,43.29608938547486,42.188081936685286,318,305,307,INSPIRE,,2087919,https://inspirehep.net/literature/2087919,https://www.slac.stanford.edu/econf/C210711/papers/2205.13215.pdf | https://www.slac.stanford.edu/econf/C210711/papers/arXiv:2205.13215.pdf
505,arxiv:2203.08271,The Strong Coupling Constant: State of the Art and the Decade Ahead,D. d'Enterria et al.,"d'Enterria, D. | Kluth, S. | Zanderighi, G. | Ayala, C. | Benitez-Rathgeb, M.A. | Bluemlein, J. | Boito, D. | Brambilla, N. | Britzger, D. | Camarda, S. | Cooper-Sarkar, A.M. | Cridge, T. | Cvetic, G. | Brida, M. Dalla | Deur, A. | Giuli, F. | Golterman, M. | Hoang, A.H. | Huston, J. | Jamin, M. | Kotikov, A.V. | Krivokhizhin, V.G. | Kronfeld, A.S. | Leino, V. | Lipka, K. | Makela, T. | Malaescu, B. | Maltman, K. | Marzani, S. | Mateu, V. | Moch, S. | Monni, P.F. | Nadolsky, P. | Nason, P. | Nesterenko, A.V. | Perez-Ramos, R. | Peris, S. | Petreczky, P. | Pich, A. | Rabbertz, K. | Ramos, A. | Reichelt, D. | Rodriguez-Sanchez, A. | Rojo, J. | Saragnese, M. | Sawyer, L. | Schott, M. | Schumann, S. | Shaikhatdenov, B.G. | Sint, S. | Soyez, G. | Teca, D. | Vairo, A. | Vos, M. | Waits, C. | Weber, J.H. | Wobisch, M. | Xie, K.",58,2203.08271,https://arxiv.org/abs/2203.08271,2022,2022-03-15,INSPIRE earliest_date,EF,能量前沿,1,EF: QCD and Strong Interactions - Precision QCD,hep-ph,hep-ph | hep-ex | hep-lat,Particle phenomenology,粒子唯象学,QCD | strong coupling | colliders | parton: distribution function | Z0: mass | mass: scale | final state: hadronic | strong interaction: coupling constant | p p: scattering | electron p: scattering | quarkonium: decay | strong coupling | deep inelastic scattering | electroweak interaction | lattice field theory,1,153,74,34.75326492537313,0.5163398692810458,93.94785847299813,94.41340782122904,94.0875232774674,34,31,32,INSPIRE,,2053387,https://inspirehep.net/literature/2053387,https://www.slac.stanford.edu/econf/C210711/papers/2203.08271.pdf
506,arxiv:2203.07242,The Windchime Project,A. Attanasio et al. (Windchime Collaboration),"Attanasio, Alaina | Bhave, Sunil A. | Blanco, Carlos | Carney, Daniel | Demarteau, Marcel | Elshimy, Bahaa | Febbraro, Michael | Feldman, Matthew A. | Ghosh, Sohitri | Hickin, Abby | Hong, Seongjin | Lang, Rafael F. | Lawrie, Benjamin | Li, Shengchao | Liu, Zhen | Maldonado, Juan P.A. | Marvinney, Claire | Oo, Hein Zay Yar | Pai, Yun-Yi | Pooser, Raphael | Qin, Juehang | Sparmann, Tobias J. | Taylor, Jacob M. | Tian, Hao | Tunnell, Christopher",25,2203.07242,https://arxiv.org/abs/2203.07242,2022,2022-03-14,INSPIRE earliest_date,CF | IF | TF,宇宙前沿 | 仪器学前沿 | 理论前沿,3,CF: Dark Matter: Particle-like | IF: Quantum Sensors | TF: Beyond-Standard-Model Model Building,hep-ex,hep-ex | astro-ph.CO | hep-ph,Experimental particle physics,实验粒子物理,gravitation: coupling | dark matter: direct detection | dark matter: mass | Planck | proposed experiment,3,41,26,9.307178371659415,0.36585365853658536,75.60521415270019,75.79143389199255,75.6610800744879,132,131,131,INSPIRE,,2051205,https://inspirehep.net/literature/2051205,https://www.slac.stanford.edu/econf/C210711/papers/2203.07242.pdf
507,arxiv:2202.12839,Theia: Summary of physics program,M. Askins et al.,"Askins, M. | Bagdasarian, Z. | Barros, N. | Beier, E.W. | Bernstein, A. | Böhles, M. | Blucher, E. | Bonventre, R. | Bourret, E. | Callaghan, E.J. | Caravaca, J. | Diwan, M. | Dye, S.T. | Eisch, J. | Elagin, A. | Enqvist, T. | Fahrendholz, U. | Fischer, V. | Frankiewicz, K. | Grant, C. | Guffanti, D. | Hagner, C. | Hallin, A. | Jackson, C.M. | Jiang, R. | Kaptanoglu, T. | Klein, J.R. | Kolomensky, Yu.G. | Kraus, C. | Krennrich, F. | Kutter, T. | Lachenmaier, T. | Land, B. | Lande, K. | Lebanowski, L. | Learned, J.G. | Li, V.A. | Lozza, V. | Ludhova, L. | Malek, M. | Manecki, S. | Maneira, J. | Maricic, J. | Martyn, J. | Mastbaum, A. | Mauger, C. | Mayer, M. | Migenda, J. | Moretti, F. | Napolitano, J. | Naranjo, B. | Naugle, S. | Nieslony, M. | Oberauer, L. | Gann, G.D. Orebi | Ouellet, J. | Pershing, T. | Petcov, S.T. | Pickard, L. | Rosero, R. | Sanchez, M.C. | Sawatzki, J. | Schoppmann, S. | Seo, S.H. | Smiley, M. | Smy, M. | Stahl, A. | Steiger, H. | Stock, M.R. | Sunej, H. | Svoboda, R. | Tiras, E. | Trzaska, W.H. | Tzanov, M. | Vagins, M. | Vilela, C. | Wang, Z. | Wang, J. | Wetstein, M. | Wilking, M.J. | Winslow, L. | Wittich, P. | Wonsak, B. | Worcester, E. | Wurm, M. | Yang, G. | Yeh, M. | Zimmerman, E.D. | Zsoldos, S. | Zuber, K.",90,2202.12839,https://arxiv.org/abs/2202.12839,2022,2022-02-25,INSPIRE earliest_date,IF | NF | UF,仪器学前沿 | 中微子前沿 | 地下设施与基础设施,3,IF: General - cross-listed | NF: General - centered on this frontier | UF: General - cross-listed:,hep-ex,hep-ex | astro-ph.IM | nucl-ex,Experimental particle physics,实验粒子物理,neutrino: detector | Theia | optical | hybrid | detector: proposed,3,19,12,4.267988929889299,0.3684210526315789,58.93854748603352,59.12476722532588,58.99441340782123,221,220,222,INSPIRE,,2039010,https://inspirehep.net/literature/2039010,https://www.slac.stanford.edu/econf/C210711/papers/2202.12839.pdf
508,arxiv:2203.06771,Theoretical Developments in the SMEFT at Dimension-8 and Beyond,S. Alioli et al.,"Alioli, Simone | Boughezal, Radja | Cao, Weiguang | Chala, Mikael | Díaz-Carmona, Álvaro | Das Bakshi, Supratim | Durieux, Gauthier | Gráf, Lukáš | Guedes, Guilherme | Henning, Brian Quinn | Kitahara, Teppei | Li, Hao-Lin | Lu, Xiaochuan | Machado, Camila S. | Martin, Adam | Melia, Tom | Mereghetti, Emanuele | Murayama, Hitoshi | Murphy, Christopher W. | Nepveu, Jasper Roosmale | Pal, Sridip | Petriello, Frank | Shadmi, Yael | Shu, Jing | Weiss, Yaniv | Xiao, Ming-Lei | Yu, Jiang-Hao",27,2203.06771,https://arxiv.org/abs/2203.06771,2022,2022-03-13,INSPIRE earliest_date,TF,理论前沿,1,TF: Theory Techniques for Precision Physics,hep-ph,hep-ph,Particle phenomenology,粒子唯象学,new physics | effective field theory | operator: dimension: 8 | operator: anomalous dimension | effective Lagrangian,1,19,13,4.310403726708074,0.3157894736842105,58.93854748603352,59.31098696461825,59.05027932960894,222,219,221,INSPIRE,,2051226,https://inspirehep.net/literature/2051226,https://www.slac.stanford.edu/econf/C210711/papers/2203.06771.pdf
509,arxiv:2203.09030,"Theoretical Tools for Neutrino Scattering: Interplay between Lattice QCD, EFTs, Nuclear Physics, Phenomenology, and Neutrino Event Generators",L. Alvarez Ruso et al.,"Ruso, L. Alvarez | Ankowski, A.M. | Bacca, S. | Balantekin, A.B. | Carlson, J. | Gardiner, S. | González-Jiménez, R. | Gupta, R. | Hobbs, T.J. | Hoferichter, M. | Isaacson, J. | Jachowicz, N. | Jay, W.I. | Katori, T. | Kling, F. | Kronfeld, A.S. | Li, S.W. | Lin, H.-W. | Liu, K.-F. | Lovato, A. | Mahn, K. | Menéndez, J. | Meyer, A.S. | Morfin, J. | Pastore, S. | Rocco, N. | Sajjad Athar, M. | Sato, T. | Schwenk, A. | Shanahan, P.E. | Strigari, L.E. | Wagman, M.L. | Zhang, X. | Zhao, Y. | Acharya, B. | Andreoli, L. | Andreopoulos, C. | Barrow, J.L. | Bhattacharya, T. | Brdar, V. | Davoudi, Z. | Giusti, C. | Hayato, Y. | Khan, A.N. | Kim, D. | Li, Y.F. | Lin, M. | Machado, P. | Martini, M. | Niewczas, K. | Pandey, V. | Papadopoulou, A. | Plestid, R. | Roda, M. | Ruiz Simo, I. | Simone, J.N. | Sufian, R.S. | Tena-Vidal, J. | Tomalak, O. | Tsai, Y.-D. | Udías, J.M.",61,2203.09030,https://arxiv.org/abs/2203.09030,2022,2022-03-16,INSPIRE earliest_date,CompF | NF | TF,计算前沿 | 中微子前沿 | 理论前沿,3,CompF: Theoretical Calculations and Simulations | NF: Neutrino Interaction Cross Sections | TF: Theory of Neutrino Physics,hep-ph,hep-ph | hep-ex | hep-lat | nucl-th | physics.comp-ph,Particle phenomenology,粒子唯象学,neutrino scattering | nuclear theory | phenomenology | event generators | neutrino: scattering | resonance: production | neutrino nucleus: scattering | new physics: search for | Monte Carlo | lattice field theory | nuclear physics | deep inelastic scattering | effective field theory | supernova | coherence | DUNE | numerical calculations,3,101,36,22.9559738643435,0.6435643564356436,90.22346368715084,90.22346368715084,90.22346368715083,53,53,52,INSPIRE,,2054044,https://inspirehep.net/literature/2054044,https://www.slac.stanford.edu/econf/C210711/papers/2203.09030.pdf
510,arxiv:2203.07059,Theories and Experiments for Testable Baryogenesis Mechanisms,J. L. Barrow et al.,"Barrow, J.L. | Broussard, Leah | Cline, James M. | Dev, P.S. Bhupal | Drewes, Marco | Elor, Gilly | Gardner, Susan | Ghiglieri, Jacopo | Harz, Julia | Kamyshkov, Yuri | Klaric, Juraj | Koerner, Lisa W. | Laurent, Benoit | McGehee, Robert | Postma, Marieke | Shakya, Bibhushan | Shrock, Robert | van de Vis, Jorinde | White, Graham",19,2203.07059,https://arxiv.org/abs/2203.07059,2022,2022-03-14,INSPIRE earliest_date,RPF,稀有过程与精密测量,1,RPF: Baryon and Lepton Number Violation,hep-ph,hep-ph | hep-ex | hep-th,Particle phenomenology,粒子唯象学,baryogenesis | baryon: asymmetry | electroweak interaction | CP: violation | baryon: dark matter | lepton: dark matter | dipole: electric | gravitational radiation | leptogenesis | lepton number: violation | seesaw model | numerical calculations | new physics,1,38,19,8.62616532007458,0.5,74.86033519553072,75.32588454376165,75.0,136,133,133,INSPIRE,,2051136,https://inspirehep.net/literature/2051136,https://www.slac.stanford.edu/econf/C210711/papers/2203.07059.pdf
511,arxiv:2203.10089,Theory Frontier: Theory Meets the Lab,R. Essig et al.,"Essig, Rouven | Kahn, Yonatan | Knapen, Simon | Ringwald, Andreas | Toro, Natalia",5,2203.10089,https://arxiv.org/abs/2203.10089,2022,2022-03-18,INSPIRE earliest_date,CF | EF | RPF | TF,宇宙前沿 | 能量前沿 | 稀有过程与精密测量 | 理论前沿,4,CF: General - cross-listed: | EF: Beyond the Standard Model - More General Explorations | RPF: Dark Sector Studies at High Intensities | TF: Astro-Particle Physics and Cosmology,hep-ph,hep-ph | hep-ex,Particle phenomenology,粒子唯象学,,4,17,10,3.868691588785047,0.4117647058823529,55.493482309124765,55.95903165735568,55.633147113594035,245,237,237,INSPIRE,,2054740,https://inspirehep.net/literature/2054740,https://www.slac.stanford.edu/econf/C210711/papers/2203.10089.pdf
512,arxiv:2203.09503,"Theory, Phenomenology, and Experimental Avenues for Dark Showers",G. Albouy et al.,"Albouy, Guillaume | Barron, Jared | Beauchesne, Hugues | Bernreuther, Elias | Bona, Marcella | Cazzaniga, Cesare | Cesarotti, Cari | Cohen, Timothy | de Cosa, Annapaola | Curtin, David | Demiragli, Zeynep | Doglioni, Caterina | Elliot, Alison | DiPetrillo, Karri Folan | Eble, Florian | Erice, Carlos | Freer, Chad | Garcia-Bellido, Aran | Gemmell, Caleb | Genest, Marie-Hélène | di Cortona, Giovanni Grilli | Gustavino, Giuliano | Hemme, Nicoline | Holmes, Tova | Kar, Deepak | Knapen, Simon | Kulkarni, Suchita | Lavezzo, Luca | Lowette, Steven | Maier, Benedikt | Mee, Seán | Mrenna, Stephen | Nair, Harikrishnan | Niedziela, Jeremi | Papageorgakis, Christos | Parmar, Nukulsinh | Paus, Christoph | Pedro, Kevin | Peixoto, Ana | Perloff, Alexx | Plehn, Tilman | Scherb, Christiane | Schwaller, Pedro | Shelton, Jessie | Singh, Akanksha | Sinha, Sukanya | Sjöstrand, Torbjörn | Spourdalakis, Aris G.B. | Stolarski, Daniel | Strassler, Matthew J. | Usachov, Andrii | Vázquez Sierra, Carlos | Verhaaren, Christopher B. | Wang, Long",54,2203.09503,https://arxiv.org/abs/2203.09503,2022,2022-03-17,INSPIRE earliest_date,EF | TF,能量前沿 | 理论前沿,2,EF: Beyond the Standard Model - More General Explorations | TF: Collider Phenomenology,hep-ph,hep-ph | hep-ex,Particle phenomenology,粒子唯象学,gauge: nonabelian | benchmark | interpretation of experiments: CERN LHC Coll | showers | hadronization | glueball | gauge field theory | quark | gluon | PYTHIA | signature | lifetime | strong coupling | structure | dark matter: hidden sector,2,86,42,19.55884184308842,0.5116279069767442,87.61638733705773,87.8026070763501,87.67225325884543,67,66,67,INSPIRE,,2054250,https://inspirehep.net/literature/2054250,https://www.slac.stanford.edu/econf/C210711/papers/2203.09503.pdf
513,arxiv:2203.07344,Top-Quark Mass Extraction from t tbar j+X Events at the LHC: Theory Predictions,S. Alioli et al.,"Alioli, Simone | Fuster, Juan | Garzelli, Maria Vittoria | Gavardi, Alessandro | Irles, Adrian | Melini, Davide | Moch, Sven-Olaf | Uwer, Peter | Voß, Katharina",9,2203.07344,https://arxiv.org/abs/2203.07344,2022,2022-03-14,INSPIRE earliest_date,EF | TF,能量前沿 | 理论前沿,2,EF: Heavy Flavor and Top Quark Physics | TF: Theory Techniques for Precision Physics,hep-ph,hep-ph,Particle phenomenology,粒子唯象学,top: mass | top: pair production | scale: renormalization | mass: renormalization | p p: scattering | interpretation of experiments: CERN LHC Coll | hadroproduction | differential cross section | factorization,2,7,5,1.589030453697949,0.2857142857142857,36.312849162011176,35.19553072625698,35.977653631284916,350,349,351,INSPIRE,,2051288,https://inspirehep.net/literature/2051288,https://www.slac.stanford.edu/econf/C210711/papers/2203.07344.pdf
514,arxiv:2203.08386,Toward CUPID-1T,A. Armatol et al.,"Armatol, A. | Augier, C. | Avignone, F.T. | Azzolini, O. | Balata, M. | Ballen, K. | Barabash, A.S. | Bari, G. | Barresi, A. | Baudin, D. | Bellini, F. | Benato, G. | Beretta, M. | Bettelli, M. | Biassoni, M. | Billard, J. | Boldrini, V. | Branca, A. | Brofferio, C. | Bucci, C. | Camilleri, J. | Capelli, C. | Capelli, S. | Cappelli, L. | Cardani, L. | Carniti, P. | Casali, N. | Celi, E. | Chang, C. | Chiesa, D. | Clemenza, M. | Colantoni, I. | Copello, S. | Craft, E. | Cremonesi, O. | Creswick, R.J. | Cruciani, A. | D'Addabbo, A. | D'Imperio, G. | Dabagov, S. | Dafinei, I. | De Jesus, M. | de Marcillac, P. | Dell'Oro, S. | Di Domizio, S. | Di Lorenzo, S. | Dixon, T. | Dompè, V. | Drobizhev, A. | Dumoulin, L. | Fantini, G. | Faverzani, M. | Ferri, E. | Ferri, F. | Ferroni, F. | Figueroa-Feliciano, E. | Foggetta, L. | Formaggio, J. | Franceschi, A. | Fu, C. | Fu, S. | Fujikawa, B.K. | Gallas, A. | Gascon, J. | Ghislandi, S. | Giachero, A. | Gianvecchio, A. | Gironi, L. | Giuliani, A. | Gorla, P. | Gotti, C. | Grant, C. | Gras, P. | Guillaumon, P.V. | Gutierrez, T.D. | Han, K. | Hansen, E.V. | Heeger, K.M. | Helis, D. | Helis, D.L. | Huang, H.Z. | Huang, R.G. | Imbert, L. | Johnston, J. | Juillard, A. | Karapetrov, G. | Keppel, G. | Khalife, H. | Kobychev, V.V. | Kolomensky, Yu.G. | Konovalov, S.I. | Kowalski, R. | Langford, T. | Liu, R. | Liu, Y. | Loaiza, P. | Ma, L. | Madhukuttan, M. | Mancarella, F. | Marini, L. | Marnieros, S. | Martinez, M. | Maruyama, R.H. | Mauri, B. | Mayer, D. | Mazzitelli, G. | Mei, Y. | Milana, S. | Morganti, S. | Napolitano, T. | Nastasi, M. | Nikkel, J. | Nisi, S. | Nones, C. | Norman, E.B. | Novosad, V. | Nutini, I. | O'Donnell, T. | Olivieri, E. | Olmi, M. | Ouellet, J.L. | Pagan, S. | Pagliarone, C. | Pagnanini, L. | Pattavina, L. | Pavan, M. | Peng, H. | Pessina, G. | Pettinacci, V. | Pira, C. | Pirro, S. | Poda, D.V. | Polischuk, O.G. | Ponce, I. | Pozzi, S. | Previtali, E. | Puiu, A. | Quitadamo, S. | Ressa, A. | Rizzoli, R. | Rosenfeld, C. | Rosier, P. | Scarpaci, J. | Schmidt, B. | Sharma, V. | Shlegel, V. | Singh, V. | Sisti, M. | Slocum, P. | Speller, D. | Surukuchi, P.T. | Taffarello, L. | Tomei, C. | Torres, J. | Tretyak, V.I. | Tsymbaliuk, A. | Velazquez, M. | Vetter, K.J. | Wagaarachchi, S.L. | Wang, G. | Wang, L. | Wang, R. | Welliver, B. | Wilson, J. | Wilson, K. | Winslow, L.A. | Xue, M. | Yan, L. | Yang, J. | Yefremenko, V. | Umatov, V.I. | Zarytskyy, M.M. | Zhang, J. | Zolotarova, A. | Zucchelli, S.",175,2203.08386,https://arxiv.org/abs/2203.08386,2022,2022-03-16,INSPIRE earliest_date,IF | NF | RPF | UF,仪器学前沿 | 中微子前沿 | 稀有过程与精密测量 | 地下设施与基础设施,4,IF: Quantum Sensors | NF: Neutrino Properties | RPF: Baryon and Lepton Number Violation | UF: Underground Detectors,nucl-ex,nucl-ex,Experimental nuclear physics,实验核物理,neutrino: mass | double-beta decay: (0neutrino) | neutrino: Majorana: mass | sensitivity | calorimeter | lepton number | proposed experiment,4,45,30,10.227909147479776,0.3333333333333333,77.37430167597765,77.37430167597765,77.37430167597765,124,122,121,INSPIRE,,2053368,https://inspirehep.net/literature/2053368,https://www.slac.stanford.edu/econf/C210711/papers/2203.08386.pdf
515,arxiv:2203.08861,Towards an HPC Complementary Computing Facility,K. Herner et al.,"Herner, K. | Kirby, M. | Timm, S.",3,2203.08861,https://arxiv.org/abs/2203.08861,2022,2022-03-15,INSPIRE earliest_date,CompF,计算前沿,1,CompF: Storage and Processing Resource Access,cs.DC,cs.DC | hep-ex,cs.DC,未分类,activity report | performance | computer: network | data management,1,0,0,0.0,,1.0242085661080074,1.0242085661080074,1.0242085661080074,536,536,536,INSPIRE,,2054152,https://inspirehep.net/literature/2054152,https://www.slac.stanford.edu/econf/C210711/papers/2203.08861.pdf
516,arxiv:2203.07314,Track-Based Triggers for Exotic Signatures,K. F. Di Petrillo et al.,"Di Petrillo, K.F. | Farr, J.N. | Guo, C. | Holmes, T.R. | Nelson, J. | Pachal, K.",6,2203.07314,https://arxiv.org/abs/2203.07314,2022,2022-03-14,INSPIRE earliest_date,EF | IF,能量前沿 | 仪器学前沿,2,EF: Beyond the Standard Model - More General Explorations | IF: Trigger and Data Acquisition,hep-ex,hep-ex,Experimental particle physics,实验粒子物理,p p: colliding beams | tracks: trigger | momentum: low | stau: long-lived | luminosity: high | p p: scattering | charged particle: momentum | momentum: high | multiplicity: low | trigger: efficiency | particle: long-lived | CERN LHC Coll: upgrade | signature | new physics: search for | transverse momentum dependence | lepton | impact parameter: dependence | supersymmetry | track data analysis | experimental results,2,3,2,0.6810130515848353,0.3333333333333333,16.480446927374302,15.270018621973929,16.11731843575419,466,457,458,INSPIRE,,2051243,https://inspirehep.net/literature/2051243,https://www.slac.stanford.edu/econf/C210711/papers/2203.07314.pdf
517,arxiv:2203.11047,Transformative Technology for FLASH Radiation Therapy,S. Boucher et al.,"Boucher, Salime | Esarey, Eric | Geddes, Cameron | Johnstone, Carol | Kutsaev, Sergey | Loo, Billy W. | Méot, Francois | Mustapha, Brahim | Nakamura, Kei | Nanni, Emilio | Obst-Huebl, Lieselotte | Sampayan, Stephen E. | Schroeder, Carl | Schulte, Reinhard | Sheng, Ke | Snijders, Antoine | Snively, Emma | Tantawi, Sami G. | van Tilborg, Jeroen",19,2203.11047,https://arxiv.org/abs/2203.11047,2022,2022-03-21,INSPIRE earliest_date,AF | CEF,加速器科学与技术 | 社群参与,2,AF: Accelerator Technology - RF | CEF: Applications and Industry,physics.med-ph,physics.med-ph | physics.acc-ph,Physics and instrumentation,物理与仪器,,2,7,4,1.5959737827715357,0.42857142857142855,36.312849162011176,36.59217877094972,36.39664804469274,351,341,343,INSPIRE,,2055924,https://inspirehep.net/literature/2055924,https://www.slac.stanford.edu/econf/C210711/papers/2203.11047.pdf
518,arxiv:2204.08983,Transforming U.S. Particle Physics Education: A Snowmass 2021 Study,O. Bitter et al.,"Bitter, O. | Hansen, E.V. | Kravitz, S. | Velan, V. | You, Y.",5,2204.08983,https://arxiv.org/abs/2204.08983,2022,2022-04-19,INSPIRE earliest_date,CEF,社群参与,1,CEF: Physics Education,physics.ed-ph,physics.ed-ph | physics.soc-ph,Physics and instrumentation,物理与仪器,,1,2,1,0.4643992371265099,0.5,9.776536312849162,12.011173184357542,10.446927374301676,499,473,473,INSPIRE,,2069479,https://inspirehep.net/literature/2069479,https://www.slac.stanford.edu/econf/C210711/papers/2204.08983.pdf
519,arxiv:2203.05729,Tree-level Interference in VBF production of Vh,C. Paranjape et al.,"Paranjape, Chaitanya | Stolarski, Daniel | Wu, Yongcheng",3,2203.05729,https://arxiv.org/abs/2203.05729,2022,2022-03-10,INSPIRE earliest_date,EF,能量前沿,1,EF: Higgs Boson Properties and Couplings,hep-ph,hep-ph,Particle phenomenology,粒子唯象学,coupling: Higgs | energy: high | lepton: energy | CERN LHC Coll: upgrade | interference | tree approximation | vector boson | mediation,1,1,0,0.22644141351518907,1.0,4.283054003724395,2.8864059590316575,3.8640595903165735,525,522,522,INSPIRE,,2050465,https://inspirehep.net/literature/2050465,https://www.slac.stanford.edu/econf/C210711/papers/2203.05729.pdf
520,arxiv:2203.07272,Two-Fermion Final States at International Linear Collider,T. Suehara.,"Suehara, Taikan",1,2203.07272,https://arxiv.org/abs/2203.07272,2022,2022-03-14,INSPIRE earliest_date,EF,能量前沿,1,EF: Beyond the Standard Model - More General Explorations,hep-ph,hep-ph | hep-ex,Particle phenomenology,粒子唯象学,lepton: pair production | symmetry: U(1) | electron positron: colliding beams | Higgs-factory | ILC Coll | numerical calculations | new physics,1,2,1,0.45400870105655683,0.5,9.776536312849162,8.193668528864059,9.30167597765363,500,495,495,INSPIRE,,2051186,https://inspirehep.net/literature/2051186,https://www.slac.stanford.edu/econf/C210711/papers/2203.07272.pdf
521,arxiv:2205.14486,Two-Real-Singlet-Model (TRSM) Benchmark Planes,T. Robens.,"Robens, Tania",1,2205.14486,https://arxiv.org/abs/2205.14486,2022,2022-05-28,INSPIRE earliest_date,EF | TF,能量前沿 | 理论前沿,2,EF: Higgs Boson as a Portal to New Physics | TF: Collider Phenomenology,hep-ph,hep-ph,Particle phenomenology,粒子唯象学,benchmark | mixing | doublet | Higgs-factory | singlet,2,8,3,1.904823989569752,0.625,39.385474860335194,41.24767225325885,39.94413407821229,333,316,320,INSPIRE,,2089016,https://inspirehep.net/literature/2089016,https://www.slac.stanford.edu/econf/C210711/papers/2205.14486.pdf
522,arxiv:2203.07786,U(1)_T3R Extension of Standard Model: A Sub-GeV Dark Matter Model,B. Dutta et al.,"Dutta, Bhaskar | Ghosh, Sumit | Kumar, Jason",3,2203.07786,https://arxiv.org/abs/2203.07786,2022,2022-03-15,INSPIRE earliest_date,CF | TF,宇宙前沿 | 理论前沿,2,CF: Dark Matter: Particle-like | TF: Beyond-Standard-Model Model Building,hep-ph,hep-ph | astro-ph.CO,Particle phenomenology,粒子唯象学,muon: magnetic moment | mass: hierarchy | family: 3 | dark matter: relic density | GeV | anomaly | mediation | thermal | DUNE | spontaneous symmetry breaking | interpretation of experiments: CERN LHC Coll | beam dump | ICARUS,2,6,3,1.362873134328358,0.5,32.49534450651769,32.49534450651769,32.49534450651769,374,364,365,INSPIRE,,2052918,https://inspirehep.net/literature/2052918,https://www.slac.stanford.edu/econf/C210711/papers/2203.07786.pdf
523,arxiv:2209.10109,U.S. CMS - PURSUE (Program for Undergraduate Research SUmmer Experience),T. Bose et al.,"Bose, Tulika | Malik, Sudhir | Narain, Meenakshi",3,2209.10109,https://arxiv.org/abs/2209.10109,2022,2022-09-16,INSPIRE earliest_date,CEF,社群参与,1,CEF: Physics Education,physics.ed-ph,physics.ed-ph | hep-ex,Physics and instrumentation,物理与仪器,,1,2,1,0.5133520730850316,0.5,9.776536312849162,12.942271880819368,10.726256983240223,501,468,468,INSPIRE,,2154635,https://inspirehep.net/literature/2154635,https://www.slac.stanford.edu/econf/C210711/papers/2209.10109.pdf
524,arxiv:2207.06213,U.S. National Accelerator R&D Program on Future Colliders,P. C. Bhat et al.,"Bhat, P.C. | Belomestnykh, S. | Bross, A. | Dasu, S. | Denisov, D. | Gourlay, S. | Jindariani, S. | Lankford, A.J. | Nagaitsev, S. | Nanni, E.A. | Palmer, M.A. | Raubenheimer, T. | Shiltsev, V. | Valishev, A. | Vernieri, C. | Zimmermann, F.",16,2207.06213,https://arxiv.org/abs/2207.06213,2022,2022-07-13,INSPIRE earliest_date,AF,加速器科学与技术,1,AF: General - centered on this frontier,physics.acc-ph,physics.acc-ph | hep-ex,Accelerator science,加速器科学,activity report | accelerator: design | accelerator: technology | accelerator: proposed,1,4,0,0.9818548387096774,1.0,22.998137802607076,25.977653631284916,23.89199255121043,429,398,398,INSPIRE,,2111233,https://inspirehep.net/literature/2111233,https://www.slac.stanford.edu/econf/C210711/papers/2207.06213.pdf
525,arxiv:2205.05845,Ultra-High-Energy Cosmic Rays: The Intersection of the Cosmic and Energy Frontiers,A. Coleman et al.,"Coleman, A. | Eser, J. | Mayotte, E. | Sarazin, F. | Schröder, F.G. | Soldin, D. | Venters, T.M. | Aloisio, R. | Alvarez-Muñiz, J. | Alves Batista, R. | Bergman, D. | Bertaina, M. | Caccianiga, L. | Deligny, O. | Dembinski, H.P. | Denton, P.B. | di Matteo, A. | Globus, N. | Glombitza, J. | Golup, G. | Haungs, A. | Hörandel, J.R. | Jaffe, T.R. | Kelley, J.L. | Krizmanic, J.F. | Lu, L. | Matthews, J.N. | Mariş, I. | Mussa, R. | Oikonomou, F. | Pierog, T. | Santos, E. | Tinyakov, P. | Tsunesada, Y. | Unger, M. | Yushkov, A. | Albrow, M.G. | Anchordoqui, L.A. | Andeen, K. | Arnone, E. | Barghini, D. | Bechtol, E. | Bellido, J.A. | Casolino, M. | Castellina, A. | Cazon, L. | Conceição, R. | Cremonini, R. | Dujmovic, H. | Engel, R. | Farrar, G. | Fenu, F. | Ferrarese, S. | Fujii, T. | Gardiol, D. | Gritsevich, M. | Homola, P. | Huege, T. | Kampert, K.-H. | Kang, D. | Kido, E. | Klimov, P. | Kotera, K. | Kozelov, B. | Leszczyńska, A. | Madsen, J. | Marcelli, L. | Marisaldi, M. | Martineau-Huynh, O. | Mayotte, S. | Mulrey, K. | Murase, K. | Muzio, M.S. | Ogio, S. | Olinto, A.V. | Onel, Y. | Paul, T. | Piotrowski, L. | Plum, M. | Pont, B. | Reininghaus, M. | Riedel, B. | Riehn, F. | Roth, M. | Sako, T. | Schlüter, F. | Shoemaker, D.H. | Sidhu, J. | Sidelnik, I. | Timmermans, C. | Tkachenko, O. | Veberič, D. | Verpoest, S. | Verzi, V. | Vícha, J. | Winn, D. | Zas, E. | Zotov, M.",98,2205.05845,https://arxiv.org/abs/2205.05845,2022,2022-05-11,INSPIRE earliest_date,CF,宇宙前沿,1,CF: Cosmic Probes of Fundamental Physics,astro-ph.HE,astro-ph.HE | astro-ph.IM | hep-ex,High-energy astrophysics,高能天体物理,Ultra High Energy Cosmic Rays | Astroparticle Physics | Particle physics | Snowmass White Paper | Cosmic Frontier | Energy Frontier | cosmic radiation: UHE,1,180,82,42.38878143133463,0.5444444444444444,95.99627560521415,96.74115456238361,96.21973929236498,22,18,20,INSPIRE,,2080572,https://inspirehep.net/literature/2080572,https://www.slac.stanford.edu/econf/C210711/papers/2205.05845.pdf
526,arxiv:2203.06788,Ultrafast Inorganic Crystals with Mass Production Capability for Future High-Rate Experiments,C. Hu et al.,"Hu, Chen | Zhang, Liyuan | Zhu, Ren-Yuan",3,2203.06788,https://arxiv.org/abs/2203.06788,2022,2022-03-13,INSPIRE earliest_date,EF | IF | RPF,能量前沿 | 仪器学前沿 | 稀有过程与精密测量,3,EF: Higgs Boson Properties and Couplings | IF: Calorimetry | RPF: Charged Lepton Flavor Violation,physics.ins-det,physics.ins-det | hep-ex,Instrumentation and detectors,仪器与探测器,activity report | cesium: iodine | radiation: damage | scintillation counter: crystal | calorimeter | performance | lutetium | yttrium | barium: fluorine,3,0,0,0.0,,1.0242085661080074,1.0242085661080074,1.0242085661080074,537,537,537,INSPIRE,,2051074,https://inspirehep.net/literature/2051074,https://www.slac.stanford.edu/econf/C210711/papers/2203.06788.pdf
527,arxiv:2203.06508,Ultraheavy Particle Dark Matter,D. Carney et al.,"Carney, Daniel | Raj, Nirmal | Bai, Yang | Berger, Joshua | Blanco, Carlos | Bramante, Joseph | Cappiello, Christopher | Dutra, Maíra | Ebadi, Reza | Engel, Kristi | Kolb, Edward | Harding, J. Patrick | Kumar, Jason | Krnjaic, Gordan | Lang, Rafael F. | Leane, Rebecca K. | Lehmann, Benjamin V. | Li, Shengchao | Long, Andrew J. | Mohlabeng, Gopolang | Olcina, Ibles | Pueschel, Elisa | Rodd, Nicholas L. | Rott, Carsten | Sengupta, Dipan | Shakya, Bibhushan | Walsworth, Ronald L. | Westerdale, Shawn",28,2203.06508,https://arxiv.org/abs/2203.06508,2022,2022-03-12,INSPIRE earliest_date,CF | IF | TF,宇宙前沿 | 仪器学前沿 | 理论前沿,3,CF: Dark Matter: Particle-like | IF: Quantum Sensors | TF: Beyond-Standard-Model Model Building,hep-ph,hep-ph | astro-ph.CO | hep-ex,Particle phenomenology,粒子唯象学,scale: Planck | detector: technology | dark matter: parameter space | dark matter: mass | TeV | liquid | history,3,89,47,20.178305400372437,0.47191011235955055,88.08193668528864,88.26815642458101,88.13780260707634,65,64,64,INSPIRE,,2050968,https://inspirehep.net/literature/2050968,https://www.slac.stanford.edu/econf/C210711/papers/2203.06508.pdf
528,arxiv:2203.08871,Understanding Training in Superconducting Accelerator Magnets using Acoustic Emission Diagnostics,M. Marchevsky.,"Marchevsky, Maxim",1,2203.08871,https://arxiv.org/abs/2203.08871,2022,2022-03-16,INSPIRE earliest_date,AF,加速器科学与技术,1,AF: Accelerator Technology - Magnets,physics.acc-ph,physics.acc-ph,Accelerator science,加速器科学,,1,3,2,0.6818606098319852,0.3333333333333333,16.480446927374302,17.22532588454376,16.70391061452514,467,447,448,INSPIRE,,2054292,https://inspirehep.net/literature/2054292,https://www.slac.stanford.edu/econf/C210711/papers/2203.08871.pdf
529,arxiv:2203.01847,Understanding Vacuum Arcs and Gradient Limits,J. Norem et al.,"Norem, J. | insepov, Z. | Hassanein, A.",3,2203.01847,https://arxiv.org/abs/2203.01847,2022,2022-03-03,INSPIRE earliest_date,AF,加速器科学与技术,1,AF: Accelerator Technology - RF,physics.plasm-ph,physics.plasm-ph | physics.acc-ph,Physics and instrumentation,物理与仪器,,1,1,1,0.22546296296296298,0.0,4.283054003724395,2.5139664804469275,3.7523277467411544,526,524,524,INSPIRE,,2045707,https://inspirehep.net/literature/2045707,https://www.slac.stanford.edu/econf/C210711/papers/2203.01847.pdf
530,arxiv:2205.12847,Upgrading SuperKEKB with a Polarized Electron Beam: Discovery Potential and Proposed Implementation,S. Banerjee et al.,"Asner, D.M. | Atmacan, H. | Banerjee, Sw. | Bennett, J.V. | Bertemes, M. | Bessner, M. | Biswas, D. | Bonvicini, G. | Brenny, N. | Briere, R.A. | Browder, T.E. | Chen, C. | Choudhury, S. | Cinabro, D. | Cochran, J. | Cremaldi, L.M. | Di Canto, A. | Dubey, S. | Flood, K. | Fulsom, B.G. | Gaur, V. | Godang, R. | Gu, T. | Guan, Y. | Guilliams, J. | Hadjivasiliou, C. | Hartbrich, O. | Jacobs, W.W. | Jaffe, D.E. | Kang, S. | Kapitánová, L. | Ketter, C. | Khatri, A. | Kinoshita, K. | Kohani, S. | Korandla, H. | Sari, I. Koseoglu | Kroeger, R. | Kumar, J. | Kumara, K.J. | Lam, T. | Laycock, P.J. | Li, L. | Liventsev, D. | Meier, F. | Mitra, S. | Natochii, A. | Nellikunnummel, N. | Nishimura, K.A. | Oxford, E.R. | Panta, A. | Parham, K. | Pedlar, T.K. | Peschke, R. | Piilonen, L.E. | Pokharel, S. | Prell, S. | Purwar, H. | Herrmann, D.E. Ricalde | Rosenfeld, C. | Sahoo, D. | Sanders, D.A. | Sangal, A. | Savinov, V. | Schneider, S. | Schueler, J. | Schwartz, A.J. | Shebalin, V. | Sibidanov, A. | Stottler, Z.S. | Strube, J. | Tripathi, S. | Vahsen, S.E. | Varner, G.S. | Vossen, A. | Wang, D. | Wang, E. | Wood, L. | Yelton, J. | Zhai, Y. | Zhang, B. | Wienands, U. | Hoferichter, M. | Hearty, C. | Koop, I.A. | Otboev, A.V. | Shatunov, Yu.M. | Parker, B. | Schwartz, A. | Accardi, A. | Kuriki, M. | Liptak, Z. | Le Diberder, F.R. | Martens, A. | Trabelsi, K. | Zomer, F. | Zhou, D. | Deconinck, W. | Gericke, M. | Mammei, J. | Signori, A. | Baartman, R. | Planche, T. | Beaubien, A. | Junginger, T. | Miller, C. | Moorthy, K. | Peng, Y. | Roney, J.M.",109,2205.12847,https://arxiv.org/abs/2205.12847,2022,2022-05-25,INSPIRE earliest_date,AF | EF | RPF,加速器科学与技术 | 能量前沿 | 稀有过程与精密测量,3,AF: Accelerators for Rare Processes and Physics Beyond Colliders | EF: Electroweak Precision Physics and Constraining New Physics | RPF: General - centered on this frontier,physics.acc-ph,physics.acc-ph | hep-ex,Accelerator science,加速器科学,activity report | electron: polarized beam | tau: magnetic moment | KEK-B | accelerator: upgrade | anomaly | quantum chromodynamics | spin: rotator | Compton scattering | accelerator: design,3,48,25,11.406636304489265,0.4791666666666667,78.58472998137803,79.05027932960894,78.7243947858473,116,113,115,INSPIRE,,2087635,https://inspirehep.net/literature/2087635,https://www.slac.stanford.edu/econf/C210711/papers/2205.12847.pdf
531,arxiv:2203.06805,UV Constraints on IR Physics,C. de Rham et al.,"de Rham, Claudia | Kundu, Sandipan | Reece, Matthew | Tolley, Andrew J. | Zhou, Shuang-Yong",5,2203.06805,https://arxiv.org/abs/2203.06805,2022,2022-03-13,INSPIRE earliest_date,TF,理论前沿,1,TF: Effective Field Theory Techniques,hep-th,hep-th,Formal theory / quantum gravity,形式理论与量子引力,field theory: local | field theory: conformal | gravitation | causality | scattering | quantum gravity | bootstrap | S-matrix | holography | Einstein | time delay | effective field theory | landscape,1,130,107,29.49223602484472,0.17692307692307693,91.89944134078212,92.08566108007449,91.95530726256982,44,43,45,INSPIRE,,2051217,https://inspirehep.net/literature/2051217,https://www.slac.stanford.edu/econf/C210711/papers/2203.06805.pdf
532,arxiv:2005.10289,Vector Boson Fusion at Multi-TeV Muon Colliders,A. Costantini et al.,"Costantini, Antonio | De Lillo, Federico | Maltoni, Fabio | Mantani, Luca | Mattelaer, Olivier | Ruiz, Richard | Zhao, Xiaoran",7,2005.10289,https://arxiv.org/abs/2005.10289,2020,2020-05-20,INSPIRE earliest_date,AF | CompF | EF | TF,加速器科学与技术 | 计算前沿 | 能量前沿 | 理论前沿,4,AF: Multi-TeV Colliders | CompF: Theoretical Calculations and Simulations | EF: Electroweak Precision Physics and Constraining New Physics | TF: Collider Phenomenology,hep-ph,hep-ph | hep-ex,Particle phenomenology,粒子唯象学,Beyond Standard Model | Effective Field Theories | Higgs Physics | vector boson: fusion | muon: storage ring | lepton antilepton: annihilation | Higgs particle: coupling | new physics | lepton lepton: colliding beams | energy: high | electroweak interaction | new particle | standard model | vector boson: scattering | scale: TeV,4,200,177,32.15228873239436,0.115,97.11359404096834,93.38919925512104,95.99627560521415,16,36,21,INSPIRE,,1797226,https://inspirehep.net/literature/1797226,https://www.slac.stanford.edu/econf/C210711/papers/2005.10289.pdf
533,arxiv:2106.01393,Vector Boson Scattering Processes: Status and Prospects,D. Buarque Franzosi et al.,"Buarque Franzosi, Diogo | Gallinaro, Michele | Ruiz, Richard | Aarrestad, Thea K. | Cetorelli, Flavia | Chiesa, Mauro | Costantini, Antonio | Denner, Ansgar | Dittmaier, Stefan | Franken, Robert | Govoni, Pietro | Han, Tao | Kotwal, Ashutosh V. | Li, Jinmian | Lohwasser, Kristin | Long, Kenneth | Ma, Yang | Mantani, Luca | Marchegiani, Matteo | Pellen, Mathieu | Pelliccioli, Giovanni | Potamianos, Karolos | Reuter, Jürgen | Schmidt, Timo | Schwan, Christopher | Szleper, Michał | Verheyen, Rob | Xie, Keping | Zhang, Rao",29,2106.01393,https://arxiv.org/abs/2106.01393,2021,2021-06-02,INSPIRE earliest_date,EF | NF | TF,能量前沿 | 中微子前沿 | 理论前沿,3,EF: Electroweak Precision Physics and Constraining New Physics | NF: Neutrinos Beyond the Standard Model | TF: Collider Phenomenology,hep-ph,hep-ph | hep-ex,Particle phenomenology,粒子唯象学,Standard model | Beyond standard model | Vector boson scattering | Vector boson fusion | Colliders | review | vector boson: scattering | Higgs particle: coupling | luminosity: upgrade | luminosity: high | resonance: production | new particle: production | gauge boson: coupling | CERN LHC Coll | electroweak interaction | experimental results | Higgs mechanism,3,55,27,10.606520591341077,0.509090909090909,81.47113594040968,78.11918063314711,80.46554934823091,101,118,107,INSPIRE,,1866947,https://inspirehep.net/literature/1866947,https://www.slac.stanford.edu/econf/C210711/papers/2106.01393.pdf
534,arxiv:2203.07252,Vera C. Rubin Observatory as a Flagship Dark Matter Experiment,Y.-Y. Mao et al.,"Mao, Yao-Yuan | Peter, Annika H.G. | Adhikari, Susmita | Bechtol, Keith | Bird, Simeon | Birrer, Simon | Blazek, Jonathan | Carlin, Jeffrey L. | Chamba, Nushkia | Cohen-Tanugi, Johann | Cyr-Racine, Francis-Yan | Daylan, Tansu | Dhanasingham, Birendra | Drlica-Wagner, Alex | Dvorkin, Cora | Fassnacht, Christopher | Gawiser, Eric | Giannotti, Maurizio | Gluscevic, Vera | Gonzalez-Morales, Alma | Hlozek, Renee | Jee, M. James | Kim, Stacy | Mahmood, Akhtar | Mandelbaum, Rachel | Mishra-Sharma, Siddharth | Moniez, Marc | Nadler, Ethan O. | Prescod-Weinstein, Chanda | Tyson, J. Anthony | Wechsler, Risa H. | Yu, Hai-Bo | Zaharijas, Gabrijela",33,2203.07252,https://arxiv.org/abs/2203.07252,2022,2022-03-14,INSPIRE earliest_date,CF,宇宙前沿,1,CF: Dark Matter: Cosmic Probes,hep-ex,hep-ex | astro-ph.CO,Experimental particle physics,实验粒子物理,dark matter: direct detection | observatory | critical phenomena | proposed experiment,1,25,10,5.675108763206961,0.6,65.27001862197393,65.64245810055866,65.38175046554935,189,186,187,INSPIRE,,2051169,https://inspirehep.net/literature/2051169,https://www.slac.stanford.edu/econf/C210711/papers/2203.07252.pdf
535,arxiv:2203.07533,"Warped Compactifications in Particle Physics, Cosmology and Quantum Gravity",P. Agrawal et al.,"Agrawal, Prateek | Cesarotti, Cari | Karch, Andreas | Mishra, Rashmish K. | Randall, Lisa | Sundrum, Raman",6,2203.07533,https://arxiv.org/abs/2203.07533,2022,2022-03-14,INSPIRE earliest_date,TF,理论前沿,1,TF: General - centered on this frontier,hep-th,hep-th | hep-ph,Formal theory / quantum gravity,形式理论与量子引力,compactification: warped | geometry: warped | field theory: conformal | quantum gravity | string | cosmological constant | AdS/CFT correspondence | higher-dimensional | vacuum state | entanglement | cosmological model,1,16,10,3.6320696084524546,0.375,53.25884543761639,52.97951582867784,53.17504655493482,257,253,254,INSPIRE,,2052899,https://inspirehep.net/literature/2052899,https://www.slac.stanford.edu/econf/C210711/papers/2203.07533.pdf
536,arxiv:2208.07910,"When, Where, and How to Open Data: A Personal Perspective",B. Nachman.,"Nachman, Benjamin",1,2208.07910,https://arxiv.org/abs/2208.07910,2022,2022-08-16,INSPIRE earliest_date,CompF | TF,计算前沿 | 理论前沿,2,CompF: Reinterpretation and Long-Term Preservation of Data and Code | TF: Collider Phenomenology,hep-ph,hep-ph | hep-ex | physics.data-an,Particle phenomenology,粒子唯象学,energy: high | data preservation | data management | data analysis method | CERN LHC Coll | ATLAS | CMS | DESY HERA Stor | CERN LEP Stor,2,2,1,0.5024071526822559,0.5,9.776536312849162,12.569832402234637,10.614525139664803,502,470,470,INSPIRE,,2136855,https://inspirehep.net/literature/2136855,https://www.slac.stanford.edu/econf/C210711/papers/2208.07910.pdf
537,arxiv:2202.07683,White Paper on SuperConformal Field Theories,P. C. Argyres et al.,"Argyres, Philip C. | Heckman, Jonathan J. | Intriligator, Kenneth | Martone, Mario",4,2202.07683,https://arxiv.org/abs/2202.07683,2022,2022-02-15,INSPIRE earliest_date,TF,理论前沿,1,TF: Conformal Field Theory and Formal Quantum Field Theory,hep-th,hep-th,Formal theory / quantum gravity,形式理论与量子引力,space-time: dimension | field theory: conformal | structure,1,52,33,11.609413202933984,0.36538461538461536,79.60893854748603,79.42271880819366,79.55307262569832,111,111,111,INSPIRE,,2033570,https://inspirehep.net/literature/2033570,https://www.slac.stanford.edu/econf/C210711/papers/2202.07683.pdf
538,arxiv:2203.10060,Why should the U.S. Care about High Energy Physics in Africa and Latin America?,K. A. Assamagan et al.,"Assamagan, Kétévi A. | Bonifazi, Carla | Castro, Johan Sebastian Bonilla | David, Claire | Dib, Claudio | Matias, Lucílio Dos Santos | Meehan, Samuel | Mohlabeng, Gopolang | Muronga, Azwinndini",9,2203.10060,https://arxiv.org/abs/2203.10060,2022,2022-03-18,INSPIRE earliest_date,CEF,社群参与,1,"CEF: Diversity, Equity, and Inclusion",physics.soc-ph,physics.soc-ph,"Community, education and society",社群、教育与社会,,1,4,0,0.9102803738317757,1.0,22.998137802607076,24.30167597765363,23.389199255121042,430,407,407,INSPIRE,,2054971,https://inspirehep.net/literature/2054971,https://www.slac.stanford.edu/econf/C210711/papers/2203.10060.pdf
539,arxiv:2203.07351,WIMP Dark Matter at High Energy Muon Colliders,T. Han et al.,"Han, Tao | Liu, Zhen | Wang, Lian-Tao | Wang, Xing",4,2203.07351,https://arxiv.org/abs/2203.07351,2022,2022-03-14,INSPIRE earliest_date,AF | CF | EF | TF,加速器科学与技术 | 宇宙前沿 | 能量前沿 | 理论前沿,4,AF: Multi-TeV Colliders | CF: Dark Matter: Particle-like | EF: Beyond the Standard Model - Dark Matter at Colliders | TF: Collider Phenomenology,hep-ph,hep-ph,Particle phenomenology,粒子唯象学,muon: storage ring | energy: high | muon: energy | WIMP: dark matter | relic density: thermal | dark matter: mass | triplet: scalar | mass: thermal | electroweak interaction | doublet | missing-mass | multiplet | Majorana,4,24,19,5.448104412678682,0.20833333333333334,64.52513966480447,64.80446927374301,64.60893854748603,192,190,191,INSPIRE,,2051665,https://inspirehep.net/literature/2051665,https://www.slac.stanford.edu/econf/C210711/papers/2203.07351.pdf
540,arxiv:2203.08484,XCC: An X-ray FEL-Based γγ Collider Higgs Factory,T. Barklow et al.,"Barklow, Tim | Dong, Su | Emma, Claudio | Duris, Joseph | Huang, Zhirong | Naji, Adham | Nanni, Emilio | Rosenzweig, James | Sakdinawat, Anne | Tantawi, Sami | White, Glen",11,2203.08484,https://arxiv.org/abs/2203.08484,2022,2022-03-16,INSPIRE earliest_date,AF | EF,加速器科学与技术 | 能量前沿,2,AF: Accelerators for Electroweak and Higgs | EF: Higgs Boson Properties and Couplings,hep-ex,hep-ex | hep-ph | physics.acc-ph,Experimental particle physics,实验粒子物理,energy: current | electron: accelerator | free electron laser: X-ray | Higgs particle: photoproduction | accelerator: technology | electron: beam | photon: beam | Higgs-factory | copper | photon photon: colliding beams | ILC Coll,2,14,7,3.1820161792159305,0.5,49.81378026070764,50.37243947858473,49.981378026070765,273,267,268,INSPIRE,,2053742,https://inspirehep.net/literature/2053742,https://www.slac.stanford.edu/econf/C210711/papers/2203.08484.pdf
541,arxiv:2206.12465,xFitter: An Open Source QCD Analysis Framework,H. Abdolmaleki et al. (xFitter Developers’ Team).,"Abdolmaleki, H. | Amoroso, S. | Bertone, V. | Botje, M. | Britzger, D. | Camarda, S. | Cooper-Sarkar, A. | Fiaschi, J. | Giuli, F. | Glazov, A. | Gwenlan, C. | Hautmann, F. | Jung, H. | Kusina, A. | Luszczak, A. | Mäkelä, T. | Novikov, I. | Olness, F. | Sadykov, R. | Starovoitov, P. | Sutton, M. | Zenaiev, O.",22,2206.12465,https://arxiv.org/abs/2206.12465,2022,2022-06-24,INSPIRE earliest_date,EF,能量前沿,1,EF: QCD and Strong Interactions - Hadronic Structure and Forward QCD Processes,hep-ph,hep-ph,Particle phenomenology,粒子唯象学,angular distribution: asymmetry | heavy quark: production | pi: fragmentation function | quantum chromodynamics | modular | programming | resummation | small-x | CERN Lab | Drell-Yan process | numerical methods,1,65,28,15.753981420039814,0.5692307692307692,83.70577281191807,84.45065176908753,83.92923649906889,89,84,86,INSPIRE,,2101813,https://inspirehep.net/literature/2101813,https://www.slac.stanford.edu/econf/C210711/papers/2206.12465.pdf
