record_id,arxiv,title,official_pdf_url,pdf_url,pdf_source,pdf_path,file_size_bytes,download_status,download_error,page_count,text_chars_no_space,unicode_token_count,latin_word_count,number_token_count,text_chars_with_space,chars_per_page,unicode_tokens_per_page,latin_words_per_page,extraction_status
arxiv:1901.11146,1901.11146,Studies of Granularity of a Hadronic Calorimeter for Tens-of-TeV Jets at a 100 TeV pp Collider,https://www.slac.stanford.edu/econf/C210711/papers/1901.11146.pdf,https://www.slac.stanford.edu/econf/C210711/papers/1901.11146.pdf,official SLAC eConf,tmp/pdfs/snowmass2021/arxiv_1901.11146.pdf,303344,cached,,19,35067,8287,5828,2162,43785,1845.6315789473683,436.1578947368421,306.7368421052632,pdftotext
arxiv:1906.02693,1906.02693,FCC-ee: Your Questions Answered,https://www.slac.stanford.edu/econf/C210711/papers/1906.02693.pdf,https://www.slac.stanford.edu/econf/C210711/papers/1906.02693.pdf,official SLAC eConf,tmp/pdfs/snowmass2021/arxiv_1906.02693.pdf,3447248,cached,,45,138225,26867,24364,2275,165363,3071.6666666666665,597.0444444444445,541.4222222222222,pdftotext
arxiv:1906.10134,1906.10134,"CMB-HD: An Ultra-Deep, High Resolution Millimeter Wave Survey over Half the Sky",https://www.slac.stanford.edu/econf/C210711/papers/1906.10134.pdf,https://www.slac.stanford.edu/econf/C210711/papers/1906.10134.pdf,official SLAC eConf,tmp/pdfs/snowmass2021/arxiv_1906.10134.pdf,1188203,cached,,23,62566,11787,9863,1754,73233,2720.2608695652175,512.4782608695652,428.82608695652175,pdftotext
arxiv:1910.14149,1910.14149,A Fast Method for Particle Tracking and Triggering using Small-Radius Silicon Detectors,https://www.slac.stanford.edu/econf/C210711/papers/1910.14149.pdf,https://www.slac.stanford.edu/econf/C210711/papers/1910.14149.pdf,official SLAC eConf,tmp/pdfs/snowmass2021/arxiv_1910.14149.pdf,259985,cached,,7,28536,5666,5110,568,34300,4076.5714285714284,809.4285714285714,730.0,pdftotext
arxiv:1912.11871,1912.11871,Circular and Linear e+e− Colliders: Another Story of Complementarity,https://www.slac.stanford.edu/econf/C210711/papers/1912.11871.pdf,https://www.slac.stanford.edu/econf/C210711/papers/1912.11871.pdf,official SLAC eConf,tmp/pdfs/snowmass2021/arxiv_1912.11871.pdf,3019665,cached,,22,58491,11666,10266,1143,70487,2658.681818181818,530.2727272727273,466.6363636363636,pdftotext
arxiv:2003.09084,2003.09084,Modern and Future Colliders,https://www.slac.stanford.edu/econf/C210711/papers/2003.09084.pdf,https://www.slac.stanford.edu/econf/C210711/papers/2003.09084.pdf,official SLAC eConf,tmp/pdfs/snowmass2021/arxiv_2003.09084.pdf,11408842,cached,,65,271037,53364,46727,6437,323835,4169.8,820.9846153846154,718.876923076923,pdftotext
arxiv:2004.00580,2004.00580,Measuring the Neutrino Event Time in Liquid Argon by a Post-Reconstruction One-parameter Fit,https://www.slac.stanford.edu/econf/C210711/papers/2004.00580.pdf,https://www.slac.stanford.edu/econf/C210711/papers/2004.00580.pdf,official SLAC eConf,tmp/pdfs/snowmass2021/arxiv_2004.00580.pdf,411737,cached,,9,19488,3563,3346,248,23029,2165.3333333333335,395.8888888888889,371.77777777777777,pdftotext
arxiv:2004.13687,2004.13687,Challenges in Monte Carlo Event Generator Software for High-Luminosity LHC,https://www.slac.stanford.edu/econf/C210711/papers/2004.13687.pdf,https://www.slac.stanford.edu/econf/C210711/papers/2004.13687.pdf,official SLAC eConf,tmp/pdfs/snowmass2021/arxiv_2004.13687.pdf,611383,cached,,20,95659,17766,15961,2060,111933,4782.95,888.3,798.05,pdftotext
arxiv:2005.05221,2005.05221,Physics Potential of Timing Layers in Future Collider Detectors,https://www.slac.stanford.edu/econf/C210711/papers/2005.05221.pdf,https://www.slac.stanford.edu/econf/C210711/papers/2005.05221.pdf,official SLAC eConf,tmp/pdfs/snowmass2021/arxiv_2005.05221.pdf,1156799,cached,,14,25100,5125,4612,538,30240,1792.857142857143,366.07142857142856,329.42857142857144,pdftotext
arxiv:2005.10289,2005.10289,Vector Boson Fusion at Multi-TeV Muon Colliders,https://www.slac.stanford.edu/econf/C210711/papers/2005.10289.pdf,https://www.slac.stanford.edu/econf/C210711/papers/2005.10289.pdf,official SLAC eConf,tmp/pdfs/snowmass2021/arxiv_2005.10289.pdf,2203449,cached,,59,129975,28898,23173,4551,160369,2202.9661016949153,489.79661016949154,392.76271186440675,pdftotext
arxiv:2006.04824,2006.04824,New Physics in B Meson Mixing: Future Sensitivity and Limitations,https://www.slac.stanford.edu/econf/C210711/papers/2006.04824.pdf,https://www.slac.stanford.edu/econf/C210711/papers/2006.04824.pdf,official SLAC eConf,tmp/pdfs/snowmass2021/arxiv_2006.04824.pdf,541130,cached,,12,44223,9486,7785,1229,53701,3685.25,790.5,648.75,pdftotext
arxiv:2008.13636,2008.13636,HL-LHC Computing Review: Common Tools and Community Software,https://www.slac.stanford.edu/econf/C210711/papers/2008.13636.pdf,https://www.slac.stanford.edu/econf/C210711/papers/2008.13636.pdf,official SLAC eConf,tmp/pdfs/snowmass2021/arxiv_2008.13636.pdf,414295,cached,,42,105346,18750,17412,1488,123769,2508.2380952380954,446.42857142857144,414.57142857142856,pdftotext
arxiv:2011.05329,2011.05329,Jas4pp - a Data-Analysis Framework for Physics and Detector Studies,https://www.slac.stanford.edu/econf/C210711/papers/2011.05329.pdf,https://www.slac.stanford.edu/econf/C210711/papers/2011.05329.pdf,official SLAC eConf,tmp/pdfs/snowmass2021/arxiv_2011.05329.pdf,653340,cached,,26,47751,9060,8494,937,56773,1836.576923076923,348.46153846153845,326.6923076923077,pdftotext
arxiv:2101.08320,2101.08320,The LHC Olympics 2020: A Community Challenge for Anomaly Detection in High Energy Physics,https://www.slac.stanford.edu/econf/C210711/papers/2101.08320.pdf,https://www.slac.stanford.edu/econf/C210711/papers/2101.08320.pdf,official SLAC eConf,tmp/pdfs/snowmass2021/arxiv_2101.08320.pdf,9307557,cached,,111,230989,46311,41662,4168,278266,2080.981981981982,417.2162162162162,375.3333333333333,pdftotext
arxiv:2103.00522,2103.00522,Optimising Top-Quark Threshold Scan at CLIC using Genetic Algorithm,https://www.slac.stanford.edu/econf/C210711/papers/2103.00522pdf,https://arxiv.org/pdf/2103.00522.pdf,arXiv fallback,tmp/pdfs/snowmass2021/arxiv_2103.00522.pdf,4651446,cached_fallback,,27,55374,10705,9463,1047,66471,2050.8888888888887,396.48148148148147,350.48148148148147,pdftotext
arxiv:2103.08623,2103.08623,A Lunar Farside Low Radio Frequency Array for Dark Ages 21-cm Cosmology,https://www.slac.stanford.edu/econf/C210711/papers/2103.08623.pdf,https://www.slac.stanford.edu/econf/C210711/papers/2103.08623.pdf,official SLAC eConf,tmp/pdfs/snowmass2021/arxiv_2103.08623.pdf,1019579,cached,,14,47683,8662,8141,602,56264,3405.9285714285716,618.7142857142857,581.5,pdftotext
arxiv:2103.10217,2103.10217,Model-Independent Searches for New Physics in Multi-Body Invariant Masses,https://www.slac.stanford.edu/econf/C210711/papers/2103.10217.pdf,https://www.slac.stanford.edu/econf/C210711/papers/2103.10217.pdf,official SLAC eConf,tmp/pdfs/snowmass2021/arxiv_2103.10217.pdf,610267,cached,,17,33705,6985,6171,828,40799,1982.6470588235295,410.88235294117646,363.0,pdftotext
arxiv:2105.12962,2105.12962,Physics Reach of a Long-Lived Particle Detector at Belle II,https://www.slac.stanford.edu/econf/C210711/papers/2105.12962.pdf,https://www.slac.stanford.edu/econf/C210711/papers/2105.12962.pdf,official SLAC eConf,tmp/pdfs/snowmass2021/arxiv_2105.12962.pdf,2639346,cached,,36,62474,13137,11499,1409,76291,1735.388888888889,364.9166666666667,319.4166666666667,pdftotext
arxiv:2106.01393,2106.01393,Vector Boson Scattering Processes: Status and Prospects,https://www.slac.stanford.edu/econf/C210711/papers/2106.01393.pdf,https://www.slac.stanford.edu/econf/C210711/papers/2106.01393.pdf,official SLAC eConf,tmp/pdfs/snowmass2021/arxiv_2106.01393.pdf,8463109,cached,,56,233997,47860,40194,6509,281191,4178.517857142857,854.6428571428571,717.75,pdftotext
arxiv:2106.02133,2106.02133,An Upgrade Path for the Fermilab Accelerator Complex,https://www.slac.stanford.edu/econf/C210711/papers/2106.02133.pdf,https://www.slac.stanford.edu/econf/C210711/papers/2106.02133.pdf,official SLAC eConf,tmp/pdfs/snowmass2021/arxiv_2106.02133.pdf,7903027,cached,,54,74366,14556,13508,1024,89235,1377.148148148148,269.55555555555554,250.14814814814815,pdftotext
arxiv:2106.06494,2106.06494,Hidden Sectors and a Multi-Temperature Universe,https://www.slac.stanford.edu/econf/C210711/papers/2106.06494.pdf,https://www.slac.stanford.edu/econf/C210711/papers/2106.06494.pdf,official SLAC eConf,tmp/pdfs/snowmass2021/arxiv_2106.06494.pdf,886458,cached,,19,36048,7844,6464,1202,43598,1897.2631578947369,412.8421052631579,340.2105263157895,pdftotext
arxiv:2107.01252,2107.01252,Higgs Portal Vector Dark Matter Interpretation: Review of Effective Field Theory Approach and Ultraviolet Complete Models,https://www.slac.stanford.edu/econf/C210711/papers/2107.01252.pdf,https://www.slac.stanford.edu/econf/C210711/papers/2107.01252.pdf,official SLAC eConf,tmp/pdfs/snowmass2021/arxiv_2107.01252.pdf,781695,cached,,14,27025,6061,4954,1194,33386,1930.357142857143,432.92857142857144,353.85714285714283,pdftotext
arxiv:2107.06021,2107.06021,Future searches for SUSY at the LHC post Fermilab (g−2)_μ,https://www.slac.stanford.edu/econf/C210711/papers/2107.06021.pdf,https://www.slac.stanford.edu/econf/C210711/papers/2107.06021.pdf,official SLAC eConf,tmp/pdfs/snowmass2021/arxiv_2107.06021.pdf,1614770,cached,,21,36463,7952,6377,1371,44164,1736.3333333333333,378.6666666666667,303.6666666666667,pdftotext
arxiv:2107.13581,2107.13581,Longitudinally Polarized ZZ Scattering at the Muon Collider,https://www.slac.stanford.edu/econf/C210711/papers/2107.13581.pdf,https://www.slac.stanford.edu/econf/C210711/papers/2107.13581.pdf,official SLAC eConf,tmp/pdfs/snowmass2021/arxiv_2107.13581.pdf,1202037,cached,,12,23935,5054,4311,727,28900,1994.5833333333333,421.1666666666667,359.25,pdftotext
arxiv:2109.10905,2109.10905,"The Forward Physics Facility: Sites, Experiments, and Physics Potential",https://www.slac.stanford.edu/econf/C210711/papers/2109.10905.pdf,https://www.slac.stanford.edu/econf/C210711/papers/2109.10905.pdf,official SLAC eConf,tmp/pdfs/snowmass2021/arxiv_2109.10905.pdf,9105367,cached,,77,230297,44680,39683,4997,274617,2990.87012987013,580.2597402597403,515.3636363636364,pdftotext
arxiv:2109.14938,2109.14938,"HL-LHC Computing Review Stage-2, Common Software Projects: Event Generators",https://www.slac.stanford.edu/econf/C210711/papers/2109.14938.pdf,https://www.slac.stanford.edu/econf/C210711/papers/2109.14938.pdf,official SLAC eConf,tmp/pdfs/snowmass2021/arxiv_2109.14938.pdf,337083,cached,,34,74717,13909,12971,1102,88062,2197.5588235294117,409.0882352941176,381.5,pdftotext
arxiv:2109.15181,2109.15181,On the Modeling Uncertainties of ttbar W± Multi-Lepton Signatures,https://www.slac.stanford.edu/econf/C210711/papers/2109.15181.pdf,https://www.slac.stanford.edu/econf/C210711/papers/2109.15181.pdf,official SLAC eConf,tmp/pdfs/snowmass2021/arxiv_2109.15181.pdf,781905,cached,,38,65880,13201,11459,1556,79328,1733.6842105263158,347.39473684210526,301.55263157894734,pdftotext
arxiv:2110.15800,2110.15800,C3: A 'Cool' Route to the Higgs Boson and Beyond,https://www.slac.stanford.edu/econf/C210711/papers/2110.15800.pdf,https://www.slac.stanford.edu/econf/C210711/papers/2110.15800.pdf,official SLAC eConf,tmp/pdfs/snowmass2021/arxiv_2110.15800.pdf,1493652,cached,,36,71879,14433,13067,1334,86536,1996.638888888889,400.9166666666667,362.97222222222223,pdftotext
arxiv:2111.02442,2111.02442,The Effective Vector Boson Approximation in High-Energy Muon Collisions,https://www.slac.stanford.edu/econf/C210711/papers/2111.02442.pdf,https://www.slac.stanford.edu/econf/C210711/papers/2111.02442.pdf,official SLAC eConf,tmp/pdfs/snowmass2021/arxiv_2111.02442.pdf,3107865,cached,,66,139289,31455,25753,5342,172698,2110.439393939394,476.59090909090907,390.1969696969697,pdftotext
arxiv:2111.03096,2111.03096,Comparison of SUSY Spectra Generators for Natural SUSY and String Landscape Predictions,https://www.slac.stanford.edu/econf/C210711/papers/2111.03096.pdf,https://www.slac.stanford.edu/econf/C210711/papers/2111.03096.pdf,official SLAC eConf,tmp/pdfs/snowmass2021/arxiv_2111.03096.pdf,1619977,cached,,28,42923,9787,7972,2218,53032,1532.9642857142858,349.5357142857143,284.7142857142857,pdftotext
arxiv:2111.06932,2111.06932,A Cost-Efective Upgrade Path for the Fermilab Accelerator Complex,https://www.slac.stanford.edu/econf/C210711/papers/2111.06932.pdf,https://www.slac.stanford.edu/econf/C210711/papers/2111.06932.pdf,official SLAC eConf,tmp/pdfs/snowmass2021/arxiv_2111.06932.pdf,427095,cached,,12,22361,4589,4214,374,27035,1863.4166666666667,382.4166666666667,351.1666666666667,pdftotext
arxiv:2111.11392,2111.11392,Celestial Holography,https://www.slac.stanford.edu/econf/C210711/papers/2111.11392.pdf,https://www.slac.stanford.edu/econf/C210711/papers/2111.11392.pdf,official SLAC eConf,tmp/pdfs/snowmass2021/arxiv_2111.11392.pdf,307461,cached,,22,40206,7251,5909,1187,47027,1827.5454545454545,329.59090909090907,268.59090909090907,pdftotext
arxiv:2111.12119,2111.12119,Event-Based Anomaly Detection for New Physics Searches at the LHC using Machine Learning,https://www.slac.stanford.edu/econf/C210711/papers/2111.12119.pdf,https://www.slac.stanford.edu/econf/C210711/papers/2111.12119.pdf,official SLAC eConf,tmp/pdfs/snowmass2021/arxiv_2111.12119.pdf,460379,cached,,13,31597,6512,5749,703,38088,2430.5384615384614,500.9230769230769,442.2307692307692,pdftotext
arxiv:2111.12156,2111.12156,Event-Level Variables for Semivisible Jets using Anomalous Jet Tagging,https://www.slac.stanford.edu/econf/C210711/papers/2111.12156.pdf,https://www.slac.stanford.edu/econf/C210711/papers/2111.12156.pdf,official SLAC eConf,tmp/pdfs/snowmass2021/arxiv_2111.12156.pdf,1799880,cached,,16,30103,6478,5443,837,36857,1881.4375,404.875,340.1875,pdftotext
arxiv:2112.09548,2112.09548,A Note on Blind Technique for New Physics Searches in Particle Physics,https://www.slac.stanford.edu/econf/C210711/papers/2112.09548.pdf,https://www.slac.stanford.edu/econf/C210711/papers/2112.09548.pdf,official SLAC eConf,tmp/pdfs/snowmass2021/arxiv_2112.09548.pdf,114906,cached,,7,18948,3587,3359,224,22417,2706.8571428571427,512.4285714285714,479.85714285714283,pdftotext
arxiv:2112.12593,2112.12593,Nu Tools: Exploring Practical Roles for Neutrinos in Nuclear Energy and Security,https://www.slac.stanford.edu/econf/C210711/papers/2112.12593.pdf,https://www.slac.stanford.edu/econf/C210711/papers/2112.12593.pdf,official SLAC eConf,tmp/pdfs/snowmass2021/arxiv_2112.12593.pdf,18277166,cached,,55,137920,23677,23124,1339,162297,2507.6363636363635,430.4909090909091,420.43636363636364,pdftotext
arxiv:2201.03096,2201.03096,Quantum Aspects of Black Holes and the Emergence of Spacetime,https://www.slac.stanford.edu/econf/C210711/papers/2201.03096.pdf,https://www.slac.stanford.edu/econf/C210711/papers/2201.03096.pdf,official SLAC eConf,tmp/pdfs/snowmass2021/arxiv_2201.03096.pdf,711448,cached,,34,65906,12435,10661,1604,78146,1938.4117647058824,365.7352941176471,313.55882352941177,pdftotext
arxiv:2201.04219,2201.04219,Light Dark Matter Detection with Hydrogen-Rich Crystals and Low-Tc TES Detectors,https://www.slac.stanford.edu/econf/C210711/papers/2201.04219.pdf,https://www.slac.stanford.edu/econf/C210711/papers/2201.04219.pdf,official SLAC eConf,tmp/pdfs/snowmass2021/arxiv_2201.04219.pdf,458222,cached,,22,49289,9372,8167,1208,58385,2240.409090909091,426.0,371.22727272727275,pdftotext
arxiv:2201.07805,2201.07805,New Physics Searches at Kaon and Hyperon Factories,https://www.slac.stanford.edu/econf/C210711/papers/2201.07805.pdf,https://www.slac.stanford.edu/econf/C210711/papers/2201.07805.pdf,official SLAC eConf,tmp/pdfs/snowmass2021/arxiv_2201.07805.pdf,11305586,cached,,107,320260,64170,57077,12737,389027,2993.0841121495328,599.7196261682243,533.4299065420561,pdftotext
arxiv:2201.11696,2201.11696,Hamiltonian Truncation,https://www.slac.stanford.edu/econf/C210711/papers/2201.11696.pdf,https://www.slac.stanford.edu/econf/C210711/papers/2201.11696.pdf,official SLAC eConf,tmp/pdfs/snowmass2021/arxiv_2201.11696.pdf,1633584,cached,,13,30114,5846,5296,526,36111,2316.4615384615386,449.6923076923077,407.38461538461536,pdftotext
arxiv:2201.13321,2201.13321,Moonshine,https://www.slac.stanford.edu/econf/C210711/papers/2201.13321.pdf,https://www.slac.stanford.edu/econf/C210711/papers/2201.13321.pdf,official SLAC eConf,tmp/pdfs/snowmass2021/arxiv_2201.13321.pdf,293973,cached,,17,42107,8140,6911,1252,49998,2476.8823529411766,478.8235294117647,406.52941176470586,pdftotext
arxiv:2202.02194,2202.02194,"HL-LHC Computing Review Stage 2, Common Software Projects: Data Science Tools for Analysis",https://www.slac.stanford.edu/econf/C210711/papers/2202.02194.pdf,https://www.slac.stanford.edu/econf/C210711/papers/2202.02194.pdf,official SLAC eConf,tmp/pdfs/snowmass2021/arxiv_2202.02194.pdf,1947079,cached,,26,52992,9657,9021,632,62549,2038.1538461538462,371.4230769230769,346.96153846153845,pdftotext
arxiv:2202.02222,2202.02222,Portal Matter and Dark Sector Phenomenology at Colliders,https://www.slac.stanford.edu/econf/C210711/papers/2202.02222.pdf,https://www.slac.stanford.edu/econf/C210711/papers/2202.02222.pdf,official SLAC eConf,tmp/pdfs/snowmass2021/arxiv_2202.02222.pdf,1457195,cached,,35,77015,17494,15774,1784,95054,2200.4285714285716,499.8285714285714,450.6857142857143,pdftotext
arxiv:2202.03285,2202.03285,Jet Flavour Tagging for Future Colliders with Fast Simulation,https://www.slac.stanford.edu/econf/C210711/papers/2202.03285.pdf,https://www.slac.stanford.edu/econf/C210711/papers/2202.03285.pdf,official SLAC eConf,tmp/pdfs/snowmass2021/arxiv_2202.03285.pdf,2222604,cached,,23,45499,9022,7959,937,54706,1978.2173913043478,392.2608695652174,346.04347826086956,pdftotext
arxiv:2202.03389,2202.03389,Sensitivity to Dijet Resonances at Proton-Proton Colliders,https://www.slac.stanford.edu/econf/C210711/papers/2202.03389.pdf,https://www.slac.stanford.edu/econf/C210711/papers/2202.03389.pdf,official SLAC eConf,tmp/pdfs/snowmass2021/arxiv_2202.03389.pdf,1356762,cached,,22,37903,8994,5955,2013,46556,1722.8636363636363,408.8181818181818,270.6818181818182,pdftotext
arxiv:2202.05104,2202.05104,"Quantum Gravity and Phenomenology: Dark Matter, Dark Energy, Vacuum Selection, Emergent Spacetime, and Wormholes",https://www.slac.stanford.edu/econf/C210711/papers/2202.05104.pdf,https://www.slac.stanford.edu/econf/C210711/papers/2202.05104.pdf,official SLAC eConf,tmp/pdfs/snowmass2021/arxiv_2202.05104.pdf,104692,cached,,8,17225,3399,2865,504,20460,2153.125,424.875,358.125,pdftotext
arxiv:2202.05838,2202.05838,Applications of Machine Learning to Lattice Quantum Field Theory,https://www.slac.stanford.edu/econf/C210711/papers/2202.05838.pdf,https://www.slac.stanford.edu/econf/C210711/papers/2202.05838.pdf,official SLAC eConf,tmp/pdfs/snowmass2021/arxiv_2202.05838.pdf,256671,cached,,10,47207,7979,7234,707,54896,4720.7,797.9,723.4,pdftotext
arxiv:2202.06703,2202.06703,Heavy Neutrinos at Future Linear e+e− Colliders,https://www.slac.stanford.edu/econf/C210711/papers/2202.06703.pdf,https://www.slac.stanford.edu/econf/C210711/papers/2202.06703.pdf,official SLAC eConf,tmp/pdfs/snowmass2021/arxiv_2202.06703.pdf,1113877,cached,,21,37811,7883,6589,1128,45981,1800.5238095238096,375.3809523809524,313.76190476190476,pdftotext
arxiv:2202.06890,2202.06890,"Infrared Properties of Quantum Gravity: UV/IR Mixing, Gravitizing the Quantum – Theory and Observation",https://www.slac.stanford.edu/econf/C210711/papers/2202.06890.pdf,https://www.slac.stanford.edu/econf/C210711/papers/2202.06890.pdf,official SLAC eConf,tmp/pdfs/snowmass2021/arxiv_2202.06890.pdf,104541,cached,,8,17304,3114,2778,347,20345,2163.0,389.25,347.25,pdftotext
arxiv:2202.07163,2202.07163,Bootstrapping String Theory,https://www.slac.stanford.edu/econf/C210711/papers/2202.07163.pdf,https://www.slac.stanford.edu/econf/C210711/papers/2202.07163.pdf,official SLAC eConf,tmp/pdfs/snowmass2021/arxiv_2202.07163.pdf,955260,cached,,35,70610,13364,11276,1966,83501,2017.4285714285713,381.8285714285714,322.1714285714286,pdftotext
arxiv:2202.07193,2202.07193,Lattice QCD Calculations of Parton Physics,https://www.slac.stanford.edu/econf/C210711/papers/2202.07193.pdf,https://www.slac.stanford.edu/econf/C210711/papers/2202.07193.pdf,official SLAC eConf,tmp/pdfs/snowmass2021/arxiv_2202.07193.pdf,310012,cached,,17,73565,13886,12458,1306,87271,4327.35294117647,816.8235294117648,732.8235294117648,pdftotext
arxiv:2202.07683,2202.07683,White Paper on SuperConformal Field Theories,https://www.slac.stanford.edu/econf/C210711/papers/2202.07683.pdf,https://www.slac.stanford.edu/econf/C210711/papers/2202.07683.pdf,official SLAC eConf,tmp/pdfs/snowmass2021/arxiv_2202.07683.pdf,804058,cached,,44,107373,20904,16754,4131,127286,2440.2954545454545,475.09090909090907,380.77272727272725,pdftotext
arxiv:2202.08154,2202.08154,Supersymmetric Lattice Theories,https://www.slac.stanford.edu/econf/C210711/papers/2202.08154.pdf,https://www.slac.stanford.edu/econf/C210711/papers/2202.08154.pdf,official SLAC eConf,tmp/pdfs/snowmass2021/arxiv_2202.08154.pdf,329681,cached,,7,11473,2365,2070,268,13960,1639.0,337.85714285714283,295.7142857142857,pdftotext
arxiv:2202.08273,2202.08273,Higgs Boson Decay to Charmonia via c-Quark Fragmentation,https://www.slac.stanford.edu/econf/C210711/papers/2202.08273.pdf,https://www.slac.stanford.edu/econf/C210711/papers/2202.08273.pdf,official SLAC eConf,tmp/pdfs/snowmass2021/arxiv_2202.08273.pdf,1162302,cached,,21,40398,9197,7450,1577,49834,1923.7142857142858,437.95238095238096,354.76190476190476,pdftotext
arxiv:2202.08292,2202.08292,The Deepest Problem: Some Perspectives on Quantum Gravity,https://www.slac.stanford.edu/econf/C210711/papers/2202.08292.pdf,https://www.slac.stanford.edu/econf/C210711/papers/2202.08292.pdf,official SLAC eConf,tmp/pdfs/snowmass2021/arxiv_2202.08292.pdf,494026,cached,,26,70140,12865,11810,964,82885,2697.6923076923076,494.8076923076923,454.2307692307692,pdftotext
arxiv:2202.11012,2202.11012,The Analytic Conformal Bootstrap,https://www.slac.stanford.edu/econf/C210711/papers/2202.11012.pdf,https://www.slac.stanford.edu/econf/C210711/papers/2202.11012.pdf,official SLAC eConf,tmp/pdfs/snowmass2021/arxiv_2202.11012.pdf,417012,cached,,32,64294,11988,10294,1543,76147,2009.1875,374.625,321.6875,pdftotext
arxiv:2202.11529,2202.11529,Some Aspects of the Impact of the Electron Ion Collider on Particle Physics at the Energy Frontier,https://www.slac.stanford.edu/econf/C210711/papers/2202.11529.pdf,https://www.slac.stanford.edu/econf/C210711/papers/2202.11529.pdf,official SLAC eConf,tmp/pdfs/snowmass2021/arxiv_2202.11529.pdf,752697,cached,,16,31772,6200,5419,840,37747,1985.75,387.5,338.6875,pdftotext
arxiv:2202.11578,2202.11578,Mini-Review: Expectations for Supersymmetry from the String Landscape,https://www.slac.stanford.edu/econf/C210711/papers/2202.11578.pdf,https://www.slac.stanford.edu/econf/C210711/papers/2202.11578.pdf,official SLAC eConf,tmp/pdfs/snowmass2021/arxiv_2202.11578.pdf,1302908,cached,,19,35885,7432,6208,1177,43025,1888.6842105263158,391.1578947368421,326.7368421052632,pdftotext
arxiv:2202.11828,2202.11828,Novel Sensors for Particle Tracking,https://www.slac.stanford.edu/econf/C210711/papers/2202.11828.pdf,https://www.slac.stanford.edu/econf/C210711/papers/2202.11828.pdf,official SLAC eConf,tmp/pdfs/snowmass2021/arxiv_2202.11828.pdf,1074979,cached,,15,31813,5784,5402,462,37522,2120.866666666667,385.6,360.1333333333333,pdftotext
arxiv:2202.12343,2202.12343,Physics Opportunities with PROSPECT-II,https://www.slac.stanford.edu/econf/C210711/papers/2202.12343.pdf,https://www.slac.stanford.edu/econf/C210711/papers/2202.12343.pdf,official SLAC eConf,tmp/pdfs/snowmass2021/arxiv_2202.12343.pdf,446504,cached,,16,32151,5701,5161,626,37899,2009.4375,356.3125,322.5625,pdftotext
arxiv:2202.12839,2202.12839,Theia: Summary of physics program,https://www.slac.stanford.edu/econf/C210711/papers/2202.12839.pdf,https://www.slac.stanford.edu/econf/C210711/papers/2202.12839.pdf,official SLAC eConf,tmp/pdfs/snowmass2021/arxiv_2202.12839.pdf,6402274,cached,,17,30354,5678,4943,740,36022,1785.5294117647059,334.0,290.7647058823529,pdftotext
arxiv:2203.00042,2203.00042,A Call to Arms Control: Synergies between Nonproliferation Applications of Neutrino Detectors and Large-Scale Fundamental Neutrino Physics Experiments,https://www.slac.stanford.edu/econf/C210711/papers/2203.00042.pdf,https://www.slac.stanford.edu/econf/C210711/papers/2203.00042.pdf,official SLAC eConf,tmp/pdfs/snowmass2021/arxiv_2203.00042.pdf,113850,cached,,7,27224,4743,4227,564,31658,3889.1428571428573,677.5714285714286,603.8571428571429,pdftotext
arxiv:2203.00740,2203.00740,Low-Energy Physics in Neutrino LArTPCs,https://www.slac.stanford.edu/econf/C210711/papers/2203.00740.pdf,https://www.slac.stanford.edu/econf/C210711/papers/2203.00740.pdf,official SLAC eConf,tmp/pdfs/snowmass2021/arxiv_2203.00740.pdf,9447657,cached,,86,196782,36201,33254,2846,233408,2288.1627906976746,420.9418604651163,386.6744186046512,pdftotext
arxiv:2203.01396,2203.01396,Good Things to do with Extra Higgs Doublets,https://www.slac.stanford.edu/econf/C210711/papers/2203.01396.pdf,https://www.slac.stanford.edu/econf/C210711/papers/2203.01396.pdf,official SLAC eConf,tmp/pdfs/snowmass2021/arxiv_2203.01396.pdf,462040,cached,,6,20308,4539,3864,578,25171,3384.6666666666665,756.5,644.0,pdftotext
arxiv:2203.01847,2203.01847,Understanding Vacuum Arcs and Gradient Limits,https://www.slac.stanford.edu/econf/C210711/papers/2203.01847.pdf,https://www.slac.stanford.edu/econf/C210711/papers/2203.01847.pdf,official SLAC eConf,tmp/pdfs/snowmass2021/arxiv_2203.01847.pdf,819971,cached,,5,19366,3630,3431,213,23017,3873.2,726.0,686.2,pdftotext
arxiv:2203.01955,2203.01955,Neutrino Self-Interactions,https://www.slac.stanford.edu/econf/C210711/papers/2203.01955.pdf,https://www.slac.stanford.edu/econf/C210711/papers/2203.01955.pdf,official SLAC eConf,tmp/pdfs/snowmass2021/arxiv_2203.01955.pdf,11364997,cached,,39,141133,25837,23843,3519,167072,3618.7948717948716,662.4871794871794,611.3589743589744,pdftotext
arxiv:2203.02029,2203.02029,Hyper-Kamiokande Experiment,https://www.slac.stanford.edu/econf/C210711/papers/2203.02029.pdf,https://www.slac.stanford.edu/econf/C210711/papers/2203.02029.pdf,official SLAC eConf,tmp/pdfs/snowmass2021/arxiv_2203.02029.pdf,1163116,cached,,11,19178,3534,3165,356,22734,1743.4545454545455,321.27272727272725,287.72727272727275,pdftotext
arxiv:2203.02309,2203.02309,A Next-Generation Liquid Xenon Observatory for Dark Matter and Neutrino Physics,https://www.slac.stanford.edu/econf/C210711/papers/2203.02309.pdf,https://www.slac.stanford.edu/econf/C210711/papers/2203.02309.pdf,official SLAC eConf,tmp/pdfs/snowmass2021/arxiv_2203.02309.pdf,6080893,cached,,77,319808,63145,52016,10810,381616,4153.350649350649,820.0649350649351,675.5324675324675,pdftotext
arxiv:2203.02421,2203.02421,S-Matrix Bootstrap,https://www.slac.stanford.edu/econf/C210711/papers/2203.02421.pdf,https://www.slac.stanford.edu/econf/C210711/papers/2203.02421.pdf,official SLAC eConf,tmp/pdfs/snowmass2021/arxiv_2203.02421.pdf,864215,cached,,9,30796,5960,5289,605,36776,3421.777777777778,662.2222222222222,587.6666666666666,pdftotext
arxiv:2203.02760,2203.02760,Azimuthal Angular Correlation as a New Boosted Top Jet Substructure,https://www.slac.stanford.edu/econf/C210711/papers/2203.02760.pdf,https://www.slac.stanford.edu/econf/C210711/papers/2203.02760.pdf,official SLAC eConf,tmp/pdfs/snowmass2021/arxiv_2203.02760.pdf,5972596,cached,,7,9836,2139,1874,238,12064,1405.142857142857,305.57142857142856,267.7142857142857,pdftotext
arxiv:2203.03035,2203.03035,Study of CP violation in Hyperon Decays at Super Charm-Tau Factories with a Polarized Electron Beam,https://www.slac.stanford.edu/econf/C210711/papers/2203.03035.pdf,https://www.slac.stanford.edu/econf/C210711/papers/2203.03035.pdf,official SLAC eConf,tmp/pdfs/snowmass2021/arxiv_2203.03035.pdf,5066989,cached,,59,90498,21227,16896,3487,113625,1533.864406779661,359.77966101694915,286.3728813559322,pdftotext
arxiv:2203.03211,2203.03211,Charm Physics in the High-Luminosity Super Tau-Charm Factory,https://www.slac.stanford.edu/econf/C210711/papers/2203.03211.pdf,https://www.slac.stanford.edu/econf/C210711/papers/2203.03211.pdf,official SLAC eConf,tmp/pdfs/snowmass2021/arxiv_2203.03211.pdf,235027,cached,,14,38306,8601,6859,1290,47135,2736.1428571428573,614.3571428571429,489.92857142857144,pdftotext
arxiv:2203.03230,2203.03230,Hadron Spectroscopy with Lattice QCD,https://www.slac.stanford.edu/econf/C210711/papers/2203.03230.pdf,https://www.slac.stanford.edu/econf/C210711/papers/2203.03230.pdf,official SLAC eConf,tmp/pdfs/snowmass2021/arxiv_2203.03230.pdf,384539,cached,,35,76682,15144,13261,1696,91695,2190.9142857142856,432.6857142857143,378.8857142857143,pdftotext
arxiv:2203.03698,2203.03698,Higher-Order Corrections for t tbar Production at High Energies,https://www.slac.stanford.edu/econf/C210711/papers/2203.03698.pdf,https://www.slac.stanford.edu/econf/C210711/papers/2203.03698.pdf,official SLAC eConf,tmp/pdfs/snowmass2021/arxiv_2203.03698.pdf,212852,cached,,6,9955,2238,1756,420,12173,1659.1666666666667,373.0,292.6666666666667,pdftotext
arxiv:2203.03700,2203.03700,Angular Cuts to Reduce the tau taubar+jet Background to the Higgsino Signal at the LHC,https://www.slac.stanford.edu/econf/C210711/papers/2203.03700.pdf,https://www.slac.stanford.edu/econf/C210711/papers/2203.03700.pdf,official SLAC eConf,tmp/pdfs/snowmass2021/arxiv_2203.03700.pdf,1870158,cached,,18,30407,6826,5781,957,37401,1689.2777777777778,379.22222222222223,321.1666666666667,pdftotext
arxiv:2203.03710,2203.03710,The Composite Higgs Signal at the Next Big Collider,https://www.slac.stanford.edu/econf/C210711/papers/2203.03710.pdf,https://www.slac.stanford.edu/econf/C210711/papers/2203.03710.pdf,official SLAC eConf,tmp/pdfs/snowmass2021/arxiv_2203.03710.pdf,455796,cached,,11,16241,3443,3077,384,19768,1476.4545454545455,313.0,279.72727272727275,pdftotext
arxiv:2203.03852,2203.03852,Combined Signatures of Heavy Higgses and Vectorlike Fermions at the HL-LHC,https://www.slac.stanford.edu/econf/C210711/papers/2203.03852.pdf,https://www.slac.stanford.edu/econf/C210711/papers/2203.03852.pdf,official SLAC eConf,tmp/pdfs/snowmass2021/arxiv_2203.03852.pdf,4050448,cached,,11,27934,6032,5366,600,34350,2539.4545454545455,548.3636363636364,487.8181818181818,pdftotext
arxiv:2203.03925,2203.03925,Physics Opportunities for the Fermilab Booster Replacement,https://www.slac.stanford.edu/econf/C210711/papers/2203.03925.pdf,https://www.slac.stanford.edu/econf/C210711/papers/2203.03925.pdf,official SLAC eConf,tmp/pdfs/snowmass2021/arxiv_2203.03925.pdf,3966698,cached,,97,157224,29914,27224,2767,187499,1620.8659793814434,308.3917525773196,280.659793814433,pdftotext
arxiv:2203.04312,2203.04312,Dual-Readout Calorimetry for Future Experiments Probing Fundamental Physics,https://www.slac.stanford.edu/econf/C210711/papers/2203.04312.pdf,https://www.slac.stanford.edu/econf/C210711/papers/2203.04312.pdf,official SLAC eConf,tmp/pdfs/snowmass2021/arxiv_2203.04312.pdf,22013842,cached,,48,101574,19583,17399,1896,120886,2116.125,407.9791666666667,362.4791666666667,pdftotext
arxiv:2203.04391,2203.04391,Adaptive Machine Learning for Time-Varying Systems: Towards 6D Phase Space Diagnostics of Short Intense Charged Particle Beams,https://www.slac.stanford.edu/econf/C210711/papers/2203.04391.pdf,https://www.slac.stanford.edu/econf/C210711/papers/2203.04391.pdf,official SLAC eConf,tmp/pdfs/snowmass2021/arxiv_2203.04391.pdf,3030546,cached,,6,21785,3740,3419,354,25301,3630.8333333333335,623.3333333333334,569.8333333333334,pdftotext
arxiv:2203.04714,2203.04714,Modeling Needs for High Power Target,https://www.slac.stanford.edu/econf/C210711/papers/2203.04714.pdf,https://www.slac.stanford.edu/econf/C210711/papers/2203.04714.pdf,official SLAC eConf,tmp/pdfs/snowmass2021/arxiv_2203.04714.pdf,249955,cached,,6,17838,3127,3007,150,20946,2973.0,521.1666666666666,501.1666666666667,pdftotext
arxiv:2203.04902,2203.04902,Tensor Networks for High Energy Physics,https://www.slac.stanford.edu/econf/C210711/papers/2203.04902.pdf,https://www.slac.stanford.edu/econf/C210711/papers/2203.04902.pdf,official SLAC eConf,tmp/pdfs/snowmass2021/arxiv_2203.04902.pdf,235469,cached,,26,46176,8196,7648,549,54498,1776.0,315.2307692307692,294.15384615384613,pdftotext
arxiv:2203.04981,2203.04981,Micro- and Macro-Structure of Black Holes,https://www.slac.stanford.edu/econf/C210711/papers/2203.04981.pdf,https://www.slac.stanford.edu/econf/C210711/papers/2203.04981.pdf,official SLAC eConf,tmp/pdfs/snowmass2021/arxiv_2203.04981.pdf,274321,cached,,21,48435,9014,7902,1070,57415,2306.4285714285716,429.23809523809524,376.2857142857143,pdftotext
arxiv:2203.05010,2203.05010,New Ideas in Baryogenesis,https://www.slac.stanford.edu/econf/C210711/papers/2203.05010.pdf,https://www.slac.stanford.edu/econf/C210711/papers/2203.05010.pdf,official SLAC eConf,tmp/pdfs/snowmass2021/arxiv_2203.05010.pdf,5793563,cached,,55,181306,36178,32383,3637,218151,3296.4727272727273,657.7818181818182,588.7818181818182,pdftotext
arxiv:2203.05052,2203.05052,An 8 GeV Linac as the Booster Replacement in the Fermilab Power Upgrade,https://www.slac.stanford.edu/econf/C210711/papers/2203.05052.pdf,https://www.slac.stanford.edu/econf/C210711/papers/2203.05052.pdf,official SLAC eConf,tmp/pdfs/snowmass2021/arxiv_2203.05052.pdf,1542309,cached,,27,58536,12219,10632,1367,70674,2168.0,452.55555555555554,393.77777777777777,pdftotext
arxiv:2203.05078,2203.05078,Physical Mathematics 2021,https://www.slac.stanford.edu/econf/C210711/papers/2203.05078.pdf,https://www.slac.stanford.edu/econf/C210711/papers/2203.05078.pdf,official SLAC eConf,tmp/pdfs/snowmass2021/arxiv_2203.05078.pdf,139598,cached,,9,30608,5411,5338,108,36066,3400.8888888888887,601.2222222222222,593.1111111111111,pdftotext
arxiv:2203.05090,2203.05090,The Forward Physics Facility at the High-Luminosity LHC,https://www.slac.stanford.edu/econf/C210711/papers/2203.05090.pdf,https://www.slac.stanford.edu/econf/C210711/papers/2203.05090.pdf,official SLAC eConf,tmp/pdfs/snowmass2021/arxiv_2203.05090.pdf,67168493,cached,,429,1117358,225721,193985,29786,1355218,2604.5641025641025,526.1561771561771,452.1794871794872,pdftotext
arxiv:2203.05484,2203.05484,Axion-Like Particles at High Energy Muon Colliders,https://www.slac.stanford.edu/econf/C210711/papers/2203.05484.pdf,https://www.slac.stanford.edu/econf/C210711/papers/2203.05484.pdf,official SLAC eConf,tmp/pdfs/snowmass2021/arxiv_2203.05484.pdf,1060583,cached,,16,28892,6128,4964,966,35257,1805.75,383.0,310.25,pdftotext
arxiv:2203.05502,2203.05502,Searches for Long-Lived Particles at the Future FCC-ee,https://www.slac.stanford.edu/econf/C210711/papers/2203.05502.pdf,https://www.slac.stanford.edu/econf/C210711/papers/2203.05502.pdf,official SLAC eConf,tmp/pdfs/snowmass2021/arxiv_2203.05502.pdf,7574558,cached,,50,84384,17102,14528,2399,102000,1687.68,342.04,290.56,pdftotext
arxiv:2203.05505,2203.05505,Testing Lepton Flavor Universality and CKM Unitarity with Rare Pion Decays in the PIONEER experiment,https://www.slac.stanford.edu/econf/C210711/papers/2203.05505.pdf,https://www.slac.stanford.edu/econf/C210711/papers/2203.05505.pdf,official SLAC eConf,tmp/pdfs/snowmass2021/arxiv_2203.05505.pdf,7540754,cached,,35,68994,13729,11934,1497,82857,1971.2571428571428,392.25714285714287,340.9714285714286,pdftotext
arxiv:2203.05525,2203.05525,Passive Low Energy Nuclear Recoil Detection with Color Centers – PALEOCCENE,https://www.slac.stanford.edu/econf/C210711/papers/2203.05525.pdf,https://www.slac.stanford.edu/econf/C210711/papers/2203.05525.pdf,official SLAC eConf,tmp/pdfs/snowmass2021/arxiv_2203.05525.pdf,4806829,cached,,22,35206,6856,6254,632,42105,1600.2727272727273,311.6363636363636,284.27272727272725,pdftotext
arxiv:2203.05531,2203.05531,Review of Neutral Naturalness,https://www.slac.stanford.edu/econf/C210711/papers/2203.05531.pdf,https://www.slac.stanford.edu/econf/C210711/papers/2203.05531.pdf,official SLAC eConf,tmp/pdfs/snowmass2021/arxiv_2203.05531.pdf,430135,cached,,41,77464,15241,13599,1501,92966,1889.3658536585365,371.7317073170732,331.6829268292683,pdftotext
arxiv:2203.05591,2203.05591,Tau Neutrinos in the Next Decade: from GeV to EeV,https://www.slac.stanford.edu/econf/C210711/papers/2203.05591.pdf,https://www.slac.stanford.edu/econf/C210711/papers/2203.05591.pdf,official SLAC eConf,tmp/pdfs/snowmass2021/arxiv_2203.05591.pdf,39892278,cached,,179,419336,82679,71307,10136,503411,2342.6592178770948,461.89385474860336,398.3631284916201,pdftotext
arxiv:2203.05728,2203.05728,CMB-HD White Paper,https://www.slac.stanford.edu/econf/C210711/papers/2203.05728.pdf,https://www.slac.stanford.edu/econf/C210711/papers/2203.05728.pdf,official SLAC eConf,tmp/pdfs/snowmass2021/arxiv_2203.05728.pdf,11382788,cached,,62,145926,27178,22596,4188,171934,2353.6451612903224,438.35483870967744,364.4516129032258,pdftotext
arxiv:2203.05729,2203.05729,Tree-level Interference in VBF production of Vh,https://www.slac.stanford.edu/econf/C210711/papers/2203.05729.pdf,https://www.slac.stanford.edu/econf/C210711/papers/2203.05729.pdf,official SLAC eConf,tmp/pdfs/snowmass2021/arxiv_2203.05729.pdf,1324666,cached,,11,14540,3239,2678,485,18046,1321.8181818181818,294.45454545454544,243.45454545454547,pdftotext
arxiv:2203.05731,2203.05731,Beam background expectations for Belle II at SuperKEKB,https://www.slac.stanford.edu/econf/C210711/papers/2203.05731.pdf,https://www.slac.stanford.edu/econf/C210711/papers/2203.05731.pdf,official SLAC eConf,tmp/pdfs/snowmass2021/arxiv_2203.05731.pdf,2295289,cached,,25,45750,9069,8016,1203,55214,1830.0,362.76,320.64,pdftotext
arxiv:2203.05914,2203.05914,"Recoil Imaging for Dark Matter, Neutrinos, and Physics Beyond the Standard Model",https://www.slac.stanford.edu/econf/C210711/papers/2203.05914.pdf,https://www.slac.stanford.edu/econf/C210711/papers/2203.05914.pdf,official SLAC eConf,tmp/pdfs/snowmass2021/arxiv_2203.05914.pdf,35349559,cached,,78,214353,40508,36677,4016,255518,2748.1153846153848,519.3333333333334,470.21794871794873,pdftotext
arxiv:2203.05924,2203.05924,Real-time Cosmology with High Precision Spectroscopy and Astrometry,https://www.slac.stanford.edu/econf/C210711/papers/2203.05924.pdf,https://www.slac.stanford.edu/econf/C210711/papers/2203.05924.pdf,official SLAC eConf,tmp/pdfs/snowmass2021/arxiv_2203.05924.pdf,557687,cached,,15,41894,7500,6880,646,49285,2792.9333333333334,500.0,458.6666666666667,pdftotext
arxiv:2203.05939,2203.05939,Opportunities for New Physics Searches with Heavy Ions at Colliders,https://www.slac.stanford.edu/econf/C210711/papers/2203.05939.pdf,https://www.slac.stanford.edu/econf/C210711/papers/2203.05939.pdf,official SLAC eConf,tmp/pdfs/snowmass2021/arxiv_2203.05939.pdf,1891340,cached,,26,66649,12742,10720,1994,79566,2563.423076923077,490.0769230769231,412.3076923076923,pdftotext
arxiv:2203.06024,2203.06024,Radiation Hardened Beam Instrumentations for Multi-Mega-Watt Beam Facilities,https://www.slac.stanford.edu/econf/C210711/papers/2203.06024.pdf,https://www.slac.stanford.edu/econf/C210711/papers/2203.06024.pdf,official SLAC eConf,tmp/pdfs/snowmass2021/arxiv_2203.06024.pdf,189172,cached,,5,11619,2234,2094,170,13830,2323.8,446.8,418.8,pdftotext
arxiv:2203.06037,2203.06037,Directional Detection of Dark Matter Using Solid-State Quantum Sensing,https://www.slac.stanford.edu/econf/C210711/papers/2203.06037.pdf,https://www.slac.stanford.edu/econf/C210711/papers/2203.06037.pdf,official SLAC eConf,tmp/pdfs/snowmass2021/arxiv_2203.06037.pdf,7928509,cached,,49,110659,20105,18032,2073,130724,2258.3469387755104,410.3061224489796,368.0,pdftotext
arxiv:2203.06093,2203.06093,Integration and Packaging,https://www.slac.stanford.edu/econf/C210711/papers/2203.06093.pdf,https://www.slac.stanford.edu/econf/C210711/papers/2203.06093.pdf,official SLAC eConf,tmp/pdfs/snowmass2021/arxiv_2203.06093.pdf,574409,cached,,11,29676,5361,5120,329,35057,2697.818181818182,487.3636363636364,465.45454545454544,pdftotext
arxiv:2203.06100,2203.06100,DUNE Physics Summary,https://www.slac.stanford.edu/econf/C210711/papers/2203.06100.pdf,https://www.slac.stanford.edu/econf/C210711/papers/2203.06100.pdf,official SLAC eConf,tmp/pdfs/snowmass2021/arxiv_2203.06100.pdf,2058796,cached,,44,91683,18114,15461,2731,108631,2083.7045454545455,411.6818181818182,351.3863636363636,pdftotext
arxiv:2203.06104,2203.06104,DUNE Software and High Performance Computing,https://www.slac.stanford.edu/econf/C210711/papers/2203.06104.pdf,https://www.slac.stanford.edu/econf/C210711/papers/2203.06104.pdf,official SLAC eConf,tmp/pdfs/snowmass2021/arxiv_2203.06104.pdf,367327,cached,,8,26424,5075,4497,777,31973,3303.0,634.375,562.125,pdftotext
arxiv:2203.06112,2203.06112,Solving Simulation Systematics in and with AI/ML,https://www.slac.stanford.edu/econf/C210711/papers/2203.06112.pdf,https://www.slac.stanford.edu/econf/C210711/papers/2203.06112.pdf,official SLAC eConf,tmp/pdfs/snowmass2021/arxiv_2203.06112.pdf,117411,cached,,7,19072,3550,3518,104,22615,2724.5714285714284,507.14285714285717,502.57142857142856,pdftotext
arxiv:2203.06114,2203.06114,Displaced Fat-Jets and Tracks to Probe Boosted Right-Handed Neutrinos in the U(1)_{B−L} Model,https://www.slac.stanford.edu/econf/C210711/papers/2203.06114.pdf,https://www.slac.stanford.edu/econf/C210711/papers/2203.06114.pdf,official SLAC eConf,tmp/pdfs/snowmass2021/arxiv_2203.06114.pdf,1905836,cached,,30,55377,12727,10694,1984,69043,1845.9,424.23333333333335,356.46666666666664,pdftotext
arxiv:2203.06131,2203.06131,BSM Neutrino Physics: Complementarity across Energies,https://www.slac.stanford.edu/econf/C210711/papers/2203.06131.pdf,https://www.slac.stanford.edu/econf/C210711/papers/2203.06131.pdf,official SLAC eConf,tmp/pdfs/snowmass2021/arxiv_2203.06131.pdf,2846949,cached,,16,30140,6493,5225,1154,37069,1883.75,405.8125,326.5625,pdftotext
arxiv:2203.06142,2203.06142,"Cosmology Intertwined: A Review of the Particle Physics, Astrophysics, and Cosmology Associated with the Cosmological Tensions and Anomalies",https://www.slac.stanford.edu/econf/C210711/papers/2203.06142.pdf,https://www.slac.stanford.edu/econf/C210711/papers/2203.06142.pdf,official SLAC eConf,tmp/pdfs/snowmass2021/arxiv_2203.06142.pdf,9931738,cached,,224,972698,187014,162139,23809,1153116,4342.401785714285,834.8839285714286,723.8348214285714,pdftotext
arxiv:2203.06146,2203.06146,Cryogenic User Facilities for R&D on Noble Liquid Detectors and Low Temperature Devices,https://www.slac.stanford.edu/econf/C210711/papers/2203.06146.pdf,https://www.slac.stanford.edu/econf/C210711/papers/2203.06146.pdf,official SLAC eConf,tmp/pdfs/snowmass2021/arxiv_2203.06146.pdf,73269,cached,,6,12709,2266,2152,118,15005,2118.1666666666665,377.6666666666667,358.6666666666667,pdftotext
arxiv:2203.06153,2203.06153,Symmetry Group Equivariant Architectures for Physics,https://www.slac.stanford.edu/econf/C210711/papers/2203.06153.pdf,https://www.slac.stanford.edu/econf/C210711/papers/2203.06153.pdf,official SLAC eConf,tmp/pdfs/snowmass2021/arxiv_2203.06153.pdf,477297,cached,,16,41025,7218,6735,395,48314,2564.0625,451.125,420.9375,pdftotext
arxiv:2203.06164,2203.06164,Higgs Factory Considerations,https://www.slac.stanford.edu/econf/C210711/papers/2203.06164.pdf,https://www.slac.stanford.edu/econf/C210711/papers/2203.06164.pdf,official SLAC eConf,tmp/pdfs/snowmass2021/arxiv_2203.06164.pdf,143211,cached,,14,29598,5622,5382,298,35140,2114.1428571428573,401.57142857142856,384.42857142857144,pdftotext
arxiv:2203.06200,2203.06200,Observational Facilities to Study Dark Matter,https://www.slac.stanford.edu/econf/C210711/papers/2203.06200.pdf,https://www.slac.stanford.edu/econf/C210711/papers/2203.06200.pdf,official SLAC eConf,tmp/pdfs/snowmass2021/arxiv_2203.06200.pdf,8569673,cached,,42,129958,23908,21610,2205,153420,3094.2380952380954,569.2380952380952,514.5238095238095,pdftotext
arxiv:2203.06207,2203.06207,Probing Heavy-Flavor Parton Distribution Functions at Hadron Colliders,https://www.slac.stanford.edu/econf/C210711/papers/2203.06207.pdf,https://www.slac.stanford.edu/econf/C210711/papers/2203.06207.pdf,official SLAC eConf,tmp/pdfs/snowmass2021/arxiv_2203.06207.pdf,1486175,cached,,10,18254,3624,3145,540,21952,1825.4,362.4,314.5,pdftotext
arxiv:2203.06216,2203.06216,Simulations of Silicon Radiation Detectors for High Energy Physics Experiments,https://www.slac.stanford.edu/econf/C210711/papers/2203.06216.pdf,https://www.slac.stanford.edu/econf/C210711/papers/2203.06216.pdf,official SLAC eConf,tmp/pdfs/snowmass2021/arxiv_2203.06216.pdf,3697469,cached,,28,54404,10180,9353,895,64687,1943.0,363.57142857142856,334.0357142857143,pdftotext
arxiv:2203.06219,2203.06219,Testing Neutrino Flavor Models,https://www.slac.stanford.edu/econf/C210711/papers/2203.06219.pdf,https://www.slac.stanford.edu/econf/C210711/papers/2203.06219.pdf,official SLAC eConf,tmp/pdfs/snowmass2021/arxiv_2203.06219.pdf,466002,cached,,11,27428,5689,4728,889,33096,2493.4545454545455,517.1818181818181,429.8181818181818,pdftotext
arxiv:2203.06240,2203.06240,Cosmic Frontier: Fundamental Physics and Beyond the Standard Model,https://www.slac.stanford.edu/econf/C210711/papers/2203.06240.pdf,https://www.slac.stanford.edu/econf/C210711/papers/2203.06240.pdf,official SLAC eConf,tmp/pdfs/snowmass2021/arxiv_2203.06240.pdf,1260132,cached,,60,135023,24718,21645,2925,159436,2250.383333333333,411.96666666666664,360.75,pdftotext
arxiv:2203.06253,2203.06253,Fast Cycling HTS Based Superconducting Accelerator Magnets: Feasibility Study and Readiness Demonstration Program Driven by Neutrino Physics and Muon Collider Needs,https://www.slac.stanford.edu/econf/C210711/papers/2203.06253.pdf,https://www.slac.stanford.edu/econf/C210711/papers/2203.06253.pdf,official SLAC eConf,tmp/pdfs/snowmass2021/arxiv_2203.06253.pdf,659793,cached,,9,14415,2886,2624,261,17223,1601.6666666666667,320.6666666666667,291.55555555555554,pdftotext
arxiv:2203.06255,2203.06255,Enabling U.S. Participation in Future Higgs Factories,https://www.slac.stanford.edu/econf/C210711/papers/2203.06255.pdf,https://www.slac.stanford.edu/econf/C210711/papers/2203.06255.pdf,official SLAC eConf,tmp/pdfs/snowmass2021/arxiv_2203.06255.pdf,364085,cached,,14,31047,5794,5517,297,36718,2217.6428571428573,413.85714285714283,394.07142857142856,pdftotext
arxiv:2203.06258,2203.06258,The Potential of a TeV-Scale Muon-Ion Collider,https://www.slac.stanford.edu/econf/C210711/papers/2203.06258.pdf,https://www.slac.stanford.edu/econf/C210711/papers/2203.06258.pdf,official SLAC eConf,tmp/pdfs/snowmass2021/arxiv_2203.06258.pdf,3967098,cached,,62,94688,20459,16511,2906,115936,1527.225806451613,329.98387096774195,266.30645161290323,pdftotext
arxiv:2203.06262,2203.06262,High-Pressure TPCs in Pressurized Caverns: Opportunities in Dark Matter and Neutrino Physics,https://www.slac.stanford.edu/econf/C210711/papers/2203.06262.pdf,https://www.slac.stanford.edu/econf/C210711/papers/2203.06262.pdf,official SLAC eConf,tmp/pdfs/snowmass2021/arxiv_2203.06262.pdf,322983,cached,,14,34074,6471,6023,490,40472,2433.8571428571427,462.2142857142857,430.2142857142857,pdftotext
arxiv:2203.06267,2203.06267,MPGDs for TPCs at Future Lepton Colliders,https://www.slac.stanford.edu/econf/C210711/papers/2203.06267.pdf,https://www.slac.stanford.edu/econf/C210711/papers/2203.06267.pdf,official SLAC eConf,tmp/pdfs/snowmass2021/arxiv_2203.06267.pdf,4176936,cached,,16,38755,7281,6925,386,46032,2422.1875,455.0625,432.8125,pdftotext
arxiv:2203.06281,2203.06281,A Gaseous Argon-Based Near Detector to Enhance the Physics Capabilities of DUNE,https://www.slac.stanford.edu/econf/C210711/papers//2203.06281.pdf,https://arxiv.org/pdf/2203.06281.pdf,arXiv fallback,tmp/pdfs/snowmass2021/arxiv_2203.06281.pdf,3872108,cached_fallback,,31,78388,15750,13377,2411,93157,2528.6451612903224,508.06451612903226,431.51612903225805,pdftotext
arxiv:2203.06309,2203.06309,Micro Pattern Gaseous Detectors for Nuclear Physics,https://www.slac.stanford.edu/econf/C210711/papers/2203.06309.pdf,https://www.slac.stanford.edu/econf/C210711/papers/2203.06309.pdf,official SLAC eConf,tmp/pdfs/snowmass2021/arxiv_2203.06309.pdf,1343956,cached,,33,107637,20017,18893,1184,128543,3261.7272727272725,606.5757575757576,572.5151515151515,pdftotext
arxiv:2203.06380,2203.06380,Astrophysical and Cosmological Probes of Dark Matter,https://www.slac.stanford.edu/econf/C210711/papers/2203.06380.pdf,https://www.slac.stanford.edu/econf/C210711/papers/2203.06380.pdf,official SLAC eConf,tmp/pdfs/snowmass2021/arxiv_2203.06380.pdf,1902964,cached,,80,194399,36315,31323,4647,228705,2429.9875,453.9375,391.5375,pdftotext
arxiv:2203.06476,2203.06476,The ReLiC: Recycling Linear e+e− Collider,https://www.slac.stanford.edu/econf/C210711/papers/2203.06476.pdf,https://www.slac.stanford.edu/econf/C210711/papers/2203.06476.pdf,official SLAC eConf,tmp/pdfs/snowmass2021/arxiv_2203.06476.pdf,979670,cached,,7,13334,2548,2383,171,15918,1904.857142857143,364.0,340.42857142857144,pdftotext
arxiv:2203.06508,2203.06508,Ultraheavy Particle Dark Matter,https://www.slac.stanford.edu/econf/C210711/papers/2203.06508.pdf,https://www.slac.stanford.edu/econf/C210711/papers/2203.06508.pdf,official SLAC eConf,tmp/pdfs/snowmass2021/arxiv_2203.06508.pdf,794390,cached,,17,51180,10018,8480,1420,60872,3010.5882352941176,589.2941176470588,498.8235294117647,pdftotext
arxiv:2203.06520,2203.06520,The Future Circular Collider: a Summary for the US 2021 Snowmass Process,https://www.slac.stanford.edu/econf/C210711/papers/2203.06520.pdf,https://www.slac.stanford.edu/econf/C210711/papers/2203.06520.pdf,official SLAC eConf,tmp/pdfs/snowmass2021/arxiv_2203.06520.pdf,6328796,cached,,85,192216,37649,32854,4216,229770,2261.364705882353,442.9294117647059,386.5176470588235,pdftotext
arxiv:2203.06525,2203.06525,MPGDs for Tracking and Muon Detection at Future High Energy Physics Colliders,https://www.slac.stanford.edu/econf/C210711/papers/2203.06525.pdf,https://www.slac.stanford.edu/econf/C210711/papers/2203.06525.pdf,official SLAC eConf,tmp/pdfs/snowmass2021/arxiv_2203.06525.pdf,36287890,cached,,84,123654,24030,22170,1998,148566,1472.0714285714287,286.07142857142856,263.92857142857144,pdftotext
arxiv:2203.06562,2203.06562,MPGDs: Recent Advances and Current R&D,https://www.slac.stanford.edu/econf/C210711/papers/2203.06562.pdf,https://www.slac.stanford.edu/econf/C210711/papers/2203.06562.pdf,official SLAC eConf,tmp/pdfs/snowmass2021/arxiv_2203.06562.pdf,20539899,cached,,58,97209,18274,16998,1585,116413,1676.0172413793102,315.0689655172414,293.0689655172414,pdftotext
arxiv:2203.06680,2203.06680,Early-Universe Model Building,https://www.slac.stanford.edu/econf/C210711/papers/2203.06680.pdf,https://www.slac.stanford.edu/econf/C210711/papers/2203.06680.pdf,official SLAC eConf,tmp/pdfs/snowmass2021/arxiv_2203.06680.pdf,5146268,cached,,207,397362,78875,66057,11577,473889,1919.623188405797,381.03864734299515,319.1159420289855,pdftotext
arxiv:2203.06705,2203.06705,Heavy Neutral Lepton Searches at the Electron-Ion Collider,https://www.slac.stanford.edu/econf/C210711/papers/2203.06705.pdf,https://www.slac.stanford.edu/econf/C210711/papers/2203.06705.pdf,official SLAC eConf,tmp/pdfs/snowmass2021/arxiv_2203.06705.pdf,338693,cached,,7,16461,3234,2843,398,19711,2351.5714285714284,462.0,406.14285714285717,pdftotext
arxiv:2203.06730,2203.06730,The Path Forward to N3LO,https://www.slac.stanford.edu/econf/C210711/papers/2203.06730.pdf,https://www.slac.stanford.edu/econf/C210711/papers/2203.06730.pdf,official SLAC eConf,tmp/pdfs/snowmass2021/arxiv_2203.06730.pdf,1024650,cached,,39,84221,16404,14407,1933,101144,2159.5128205128203,420.61538461538464,369.4102564102564,pdftotext
arxiv:2203.06731,2203.06731,Inorganic Scintillators for Future HEP Experiments,https://www.slac.stanford.edu/econf/C210711/papers/2203.06731.pdf,https://www.slac.stanford.edu/econf/C210711/papers/2203.06731.pdf,official SLAC eConf,tmp/pdfs/snowmass2021/arxiv_2203.06731.pdf,2594685,cached,,8,15401,2883,2659,278,18103,1925.125,360.375,332.375,pdftotext
arxiv:2203.06752,2203.06752,Nb3Sn Superconducting Radiofrequency Cavities: a Maturing Technology for Particle Accelerators and Detectors,https://www.slac.stanford.edu/econf/C210711/papers/2203.06752.pdf,https://www.slac.stanford.edu/econf/C210711/papers/2203.06752.pdf,official SLAC eConf,tmp/pdfs/snowmass2021/arxiv_2203.06752.pdf,199577,cached,,11,30871,5451,5224,497,36208,2806.4545454545455,495.54545454545456,474.90909090909093,pdftotext
arxiv:2203.06771,2203.06771,Theoretical Developments in the SMEFT at Dimension-8 and Beyond,https://www.slac.stanford.edu/econf/C210711/papers/2203.06771.pdf,https://www.slac.stanford.edu/econf/C210711/papers/2203.06771.pdf,official SLAC eConf,tmp/pdfs/snowmass2021/arxiv_2203.06771.pdf,956547,cached,,37,76128,15687,13615,2290,92356,2057.5135135135133,423.97297297297297,367.97297297297297,pdftotext
arxiv:2203.06773,2203.06773,Strategies for Beam-Induced Background Reduction at Muon Colliders,https://www.slac.stanford.edu/econf/C210711/papers/2203.06773.pdf,https://www.slac.stanford.edu/econf/C210711/papers/2203.06773.pdf,official SLAC eConf,tmp/pdfs/snowmass2021/arxiv_2203.06773.pdf,10568936,cached,,12,18694,3844,3230,502,22666,1557.8333333333333,320.3333333333333,269.1666666666667,pdftotext
arxiv:2203.06776,2203.06776,New Approach to DM Searches with Mono-Photon Signature,https://www.slac.stanford.edu/econf/C210711/papers/2203.06776.pdf,https://www.slac.stanford.edu/econf/C210711/papers/2203.06776.pdf,official SLAC eConf,tmp/pdfs/snowmass2021/arxiv_2203.06776.pdf,722903,cached,,9,16721,3364,2815,491,20241,1857.888888888889,373.77777777777777,312.77777777777777,pdftotext
arxiv:2203.06781,2203.06781,Synergies between Dark Matter Searches and Multiwavelength/Multimessenger Astrophysics,https://www.slac.stanford.edu/econf/C210711/papers/2203.06781.pdf,https://www.slac.stanford.edu/econf/C210711/papers/2203.06781.pdf,official SLAC eConf,tmp/pdfs/snowmass2021/arxiv_2203.06781.pdf,736529,cached,,57,136821,24261,21836,2557,160971,2400.3684210526317,425.63157894736844,383.0877192982456,pdftotext
arxiv:2203.06788,2203.06788,Ultrafast Inorganic Crystals with Mass Production Capability for Future High-Rate Experiments,https://www.slac.stanford.edu/econf/C210711/papers/2203.06788.pdf,https://www.slac.stanford.edu/econf/C210711/papers/2203.06788.pdf,official SLAC eConf,tmp/pdfs/snowmass2021/arxiv_2203.06788.pdf,2418601,cached,,6,12173,2381,2198,291,14414,2028.8333333333333,396.8333333333333,366.3333333333333,pdftotext
arxiv:2203.06795,2203.06795,Opportunities from Cross-survey Analyses of Static Probes,https://www.slac.stanford.edu/econf/C210711/papers/2203.06795.pdf,https://www.slac.stanford.edu/econf/C210711/papers/2203.06795.pdf,official SLAC eConf,tmp/pdfs/snowmass2021/arxiv_2203.06795.pdf,3339189,cached,,21,64932,11322,10189,1070,75854,3092.0,539.1428571428571,485.1904761904762,pdftotext
arxiv:2203.06799,2203.06799,Future Prospects for Parton Showers,https://www.slac.stanford.edu/econf/C210711/papers/2203.06799.pdf,https://www.slac.stanford.edu/econf/C210711/papers/2203.06799.pdf,official SLAC eConf,tmp/pdfs/snowmass2021/arxiv_2203.06799.pdf,250090,cached,,17,33282,6368,5683,727,39679,1957.764705882353,374.5882352941176,334.29411764705884,pdftotext
arxiv:2203.06800,2203.06800,Strategies for Conformal REBCO Windings,https://www.slac.stanford.edu/econf/C210711/papers/2203.06800.pdf,https://www.slac.stanford.edu/econf/C210711/papers/2203.06800.pdf,official SLAC eConf,tmp/pdfs/snowmass2021/arxiv_2203.06800.pdf,1940450,cached,,9,15875,3330,3021,303,19268,1763.888888888889,370.0,335.6666666666667,pdftotext
arxiv:2203.06805,2203.06805,UV Constraints on IR Physics,https://www.slac.stanford.edu/econf/C210711/papers/2203.06805.pdf,https://www.slac.stanford.edu/econf/C210711/papers/2203.06805.pdf,official SLAC eConf,tmp/pdfs/snowmass2021/arxiv_2203.06805.pdf,786010,cached,,35,94293,17818,15447,2237,111900,2694.0857142857144,509.0857142857143,441.34285714285716,pdftotext
arxiv:2203.06809,2203.06809,Ion Coulomb Crystals in Storage Rings for Quantum Information Science,https://www.slac.stanford.edu/econf/C210711/papers/2203.06809.pdf,https://www.slac.stanford.edu/econf/C210711/papers/2203.06809.pdf,official SLAC eConf,tmp/pdfs/snowmass2021/arxiv_2203.06809.pdf,1067734,cached,,17,26858,4972,4656,335,31731,1579.8823529411766,292.47058823529414,273.88235294117646,pdftotext
arxiv:2203.06816,2203.06816,Accelerator and Beam Physics: Grand Challenges and Research Opportunities,https://www.slac.stanford.edu/econf/C210711/papers/2203.06816.pdf,https://www.slac.stanford.edu/econf/C210711/papers/2203.06816.pdf,official SLAC eConf,tmp/pdfs/snowmass2021/arxiv_2203.06816.pdf,130827,cached,,14,22286,3749,3615,148,26101,1591.857142857143,267.7857142857143,258.2142857142857,pdftotext
arxiv:2203.06819,2203.06819,Measuring the CP properties of the Higgs Sector at Electron-Positron Colliders,https://www.slac.stanford.edu/econf/C210711/papers/2203.06819.pdf,https://www.slac.stanford.edu/econf/C210711/papers/2203.06819.pdf,official SLAC eConf,tmp/pdfs/snowmass2021/arxiv_2203.06819.pdf,610188,cached,,11,16261,3275,2939,314,19639,1478.2727272727273,297.72727272727275,267.1818181818182,pdftotext
arxiv:2203.06843,2203.06843,Deploying In-Network Caches in Support of Distributed Scientific Data Sharing,https://www.slac.stanford.edu/econf/C210711/papers/2203.06843.pdf,https://www.slac.stanford.edu/econf/C210711/papers/2203.06843.pdf,official SLAC eConf,tmp/pdfs/snowmass2021/arxiv_2203.06843.pdf,6099978,cached,,6,24829,4521,4232,280,29269,4138.166666666667,753.5,705.3333333333334,pdftotext
arxiv:2203.06853,2203.06853,Electron Scattering and Neutrino Physics,https://www.slac.stanford.edu/econf/C210711/papers/2203.06853.pdf,https://www.slac.stanford.edu/econf/C210711/papers/2203.06853.pdf,official SLAC eConf,tmp/pdfs/snowmass2021/arxiv_2203.06853.pdf,1361776,cached,,37,101889,19154,16853,2150,121372,2753.7567567567567,517.6756756756756,455.4864864864865,pdftotext
arxiv:2203.06859,2203.06859,Puzzling Excesses in Dark Matter Searches and How to Resolve Them,https://www.slac.stanford.edu/econf/C210711/papers/2203.06859.pdf,https://www.slac.stanford.edu/econf/C210711/papers/2203.06859.pdf,official SLAC eConf,tmp/pdfs/snowmass2021/arxiv_2203.06859.pdf,660030,cached,,57,140004,25569,22859,2856,165548,2456.2105263157896,448.57894736842104,401.03508771929825,pdftotext
arxiv:2203.06894,2203.06894,The Landscape of Cosmic-Ray and High-Energy Photon Probes of Particle Dark Matter,https://www.slac.stanford.edu/econf/C210711/papers/2203.06894.pdf,https://www.slac.stanford.edu/econf/C210711/papers/2203.06894.pdf,official SLAC eConf,tmp/pdfs/snowmass2021/arxiv_2203.06894.pdf,9760627,cached,,61,129434,23274,20190,2988,152803,2121.8688524590166,381.5409836065574,330.9836065573771,pdftotext
arxiv:2203.06929,2203.06929,Probing Heavy Majorana Neutrino Pair Production at ILC in a U(1)_{B−L} Extension of the Standard Model,https://www.slac.stanford.edu/econf/C210711/papers/2203.06929.pdf,https://www.slac.stanford.edu/econf/C210711/papers/2203.06929.pdf,official SLAC eConf,tmp/pdfs/snowmass2021/arxiv_2203.06929.pdf,722214,cached,,16,25537,5511,4546,1023,31327,1596.0625,344.4375,284.125,pdftotext
arxiv:2203.06961,2203.06961,R Measurement and QCD Studies at Future Super Tau−Charm Factory,https://www.slac.stanford.edu/econf/C210711/papers/2203.06961.pdf,https://www.slac.stanford.edu/econf/C210711/papers/2203.06961.pdf,official SLAC eConf,tmp/pdfs/snowmass2021/arxiv_2203.06961.pdf,1693830,cached,,39,59855,13385,10892,1963,73892,1534.7435897435898,343.20512820512823,279.28205128205127,pdftotext
arxiv:2203.07048,2203.07048,LHCb Future Dark-Sector Sensitivity Projections for Snowmass 2021,https://www.slac.stanford.edu/econf/C210711/papers/2203.07048.pdf,https://www.slac.stanford.edu/econf/C210711/papers/2203.07048.pdf,official SLAC eConf,tmp/pdfs/snowmass2021/arxiv_2203.07048.pdf,540105,cached,,5,13494,2813,2381,332,16405,2698.8,562.6,476.2,pdftotext
arxiv:2203.07049,2203.07049,Cosmological Simulations for Dark Matter Physics,https://www.slac.stanford.edu/econf/C210711/papers/2203.07049.pdf,https://www.slac.stanford.edu/econf/C210711/papers/2203.07049.pdf,official SLAC eConf,tmp/pdfs/snowmass2021/arxiv_2203.07049.pdf,6365593,cached,,43,104622,19032,16869,1955,122865,2433.0697674418607,442.6046511627907,392.30232558139534,pdftotext
arxiv:2203.07056,2203.07056,Stau Study at the ILC and its Implication for the Muon g-2 Anomaly,https://www.slac.stanford.edu/econf/C210711/papers/2203.07056.pdf,https://www.slac.stanford.edu/econf/C210711/papers/2203.07056.pdf,official SLAC eConf,tmp/pdfs/snowmass2021/arxiv_2203.07056.pdf,589784,cached,,19,33015,7376,5816,1286,40734,1737.6315789473683,388.2105263157895,306.10526315789474,pdftotext
arxiv:2203.07059,2203.07059,Theories and Experiments for Testable Baryogenesis Mechanisms,https://www.slac.stanford.edu/econf/C210711/papers/2203.07059.pdf,https://www.slac.stanford.edu/econf/C210711/papers/2203.07059.pdf,official SLAC eConf,tmp/pdfs/snowmass2021/arxiv_2203.07059.pdf,6505043,cached,,32,114756,23416,20286,2910,139183,3586.125,731.75,633.9375,pdftotext
arxiv:2203.07064,2203.07064,Dark Matter Physics from the CMB-S4 Experiment,https://www.slac.stanford.edu/econf/C210711/papers/2203.07064.pdf,https://www.slac.stanford.edu/econf/C210711/papers/2203.07064.pdf,official SLAC eConf,tmp/pdfs/snowmass2021/arxiv_2203.07064.pdf,725053,cached,,20,43385,7961,7057,1349,51131,2169.25,398.05,352.85,pdftotext
arxiv:2203.07088,2203.07088,Functions Beyond Multiple Polylogarithms for Precision Collider Physics,https://www.slac.stanford.edu/econf/C210711/papers/2203.07088.pdf,https://www.slac.stanford.edu/econf/C210711/papers/2203.07088.pdf,official SLAC eConf,tmp/pdfs/snowmass2021/arxiv_2203.07088.pdf,760458,cached,,56,130319,24458,21227,3203,155141,2327.125,436.75,379.05357142857144,pdftotext
arxiv:2203.07089,2203.07089,"Experimental Searches for Muon to Electron Conversion in a Nucleus: COMET, DeeMe, and Mu2e",https://www.slac.stanford.edu/econf/C210711/papers/2203.07089.pdf,https://www.slac.stanford.edu/econf/C210711/papers/2203.07089.pdf,official SLAC eConf,tmp/pdfs/snowmass2021/arxiv_2203.07089.pdf,24344158,cached,,30,69243,13774,12432,1419,83072,2308.1,459.1333333333333,414.4,pdftotext
arxiv:2203.07091,2203.07091,Quantum Computing Systems and Software for High-energy Physics Research,https://www.slac.stanford.edu/econf/C210711/papers/2203.07091.pdf,https://www.slac.stanford.edu/econf/C210711/papers/2203.07091.pdf,official SLAC eConf,tmp/pdfs/snowmass2021/arxiv_2203.07091.pdf,346170,cached,,17,79060,13769,12790,1014,92717,4650.588235294118,809.9411764705883,752.3529411764706,pdftotext
arxiv:2203.07117,2203.07117,Quantum Information in Quantum Field Theory and Quantum Gravity,https://www.slac.stanford.edu/econf/C210711/papers/2203.07117.pdf,https://www.slac.stanford.edu/econf/C210711/papers/2203.07117.pdf,official SLAC eConf,tmp/pdfs/snowmass2021/arxiv_2203.07117.pdf,985884,cached,,46,130217,24422,21268,2771,154334,2830.804347826087,530.9130434782609,462.3478260869565,pdftotext
arxiv:2203.07141,2203.07141,Hadron Spectroscopy at STCF,https://www.slac.stanford.edu/econf/C210711/papers/2203.07141.pdf,https://www.slac.stanford.edu/econf/C210711/papers/2203.07141.pdf,official SLAC eConf,tmp/pdfs/snowmass2021/arxiv_2203.07141.pdf,525753,cached,,18,36500,7479,6377,882,43862,2027.7777777777778,415.5,354.27777777777777,pdftotext
arxiv:2203.07144,2203.07144,DIMUS: Super-Compact Dimuonium Spectroscopy Collider at Fermilab,https://www.slac.stanford.edu/econf/C210711/papers/2203.07144.pdf,https://www.slac.stanford.edu/econf/C210711/papers/2203.07144.pdf,official SLAC eConf,tmp/pdfs/snowmass2021/arxiv_2203.07144.pdf,1710792,cached,,5,17319,3386,3117,253,20711,3463.8,677.2,623.4,pdftotext
arxiv:2203.07154,2203.07154,Materials for Future Calorimeters,https://www.slac.stanford.edu/econf/C210711/papers/2203.07154.pdf,https://www.slac.stanford.edu/econf/C210711/papers/2203.07154.pdf,official SLAC eConf,tmp/pdfs/snowmass2021/arxiv_2203.07154.pdf,1865661,cached,,10,23938,4226,3967,325,28029,2393.8,422.6,396.7,pdftotext
arxiv:2203.07202,2203.07202,Study of the hγZ coupling at the ILC,https://www.slac.stanford.edu/econf/C210711/papers/2203.07202.pdf,https://www.slac.stanford.edu/econf/C210711/papers/2203.07202.pdf,official SLAC eConf,tmp/pdfs/snowmass2021/arxiv_2203.07202.pdf,515829,cached,,13,17843,4105,3053,855,22170,1372.5384615384614,315.7692307692308,234.84615384615384,pdftotext
arxiv:2203.07212,2203.07212,Prompt Electron and Tau Neutrinos and Antineutrinos in the Forward Region at the LHC,https://www.slac.stanford.edu/econf/C210711/papers/2203.07212.pdf,https://www.slac.stanford.edu/econf/C210711/papers/2203.07212.pdf,official SLAC eConf,tmp/pdfs/snowmass2021/arxiv_2203.07212.pdf,2318482,cached,,10,19039,3945,3139,618,22957,1903.9,394.5,313.9,pdftotext
arxiv:2203.07214,2203.07214,High Energy Physics Opportunities Using Reactor Antineutrinos,https://www.slac.stanford.edu/econf/C210711/papers/2203.07214.pdf,https://www.slac.stanford.edu/econf/C210711/papers/2203.07214.pdf,official SLAC eConf,tmp/pdfs/snowmass2021/arxiv_2203.07214.pdf,7243902,cached,,95,203763,39111,33239,6011,242030,2144.8736842105263,411.69473684210527,349.88421052631577,pdftotext
arxiv:2203.07218,2203.07218,Strong CP Beyond Axion Direct Detection,https://www.slac.stanford.edu/econf/C210711/papers/2203.07218.pdf,https://www.slac.stanford.edu/econf/C210711/papers/2203.07218.pdf,official SLAC eConf,tmp/pdfs/snowmass2021/arxiv_2203.07218.pdf,167439,cached,,13,28944,5547,4829,639,34314,2226.4615384615386,426.6923076923077,371.46153846153845,pdftotext
arxiv:2203.07220,2203.07220,Rubin Observatory after LSST,https://www.slac.stanford.edu/econf/C210711/papers/2203.07220.pdf,https://www.slac.stanford.edu/econf/C210711/papers/2203.07220.pdf,official SLAC eConf,tmp/pdfs/snowmass2021/arxiv_2203.07220.pdf,115600,cached,,9,23749,4401,4144,267,28118,2638.777777777778,489.0,460.44444444444446,pdftotext
arxiv:2203.07224,2203.07224,Promising Technologies and R&D Directions for the Future Muon Collider Detectors,https://www.slac.stanford.edu/econf/C210711/papers/2203.07224.pdf,https://www.slac.stanford.edu/econf/C210711/papers/2203.07224.pdf,official SLAC eConf,tmp/pdfs/snowmass2021/arxiv_2203.07224.pdf,9187067,cached,,31,80413,15346,14016,1470,95702,2593.967741935484,495.03225806451616,452.1290322580645,pdftotext
arxiv:2203.07237,2203.07237,HEP Computing Collaborations for the Challenges of the Next Decade,https://www.slac.stanford.edu/econf/C210711/papers/2203.07237.pdf,https://www.slac.stanford.edu/econf/C210711/papers/2203.07237.pdf,official SLAC eConf,tmp/pdfs/snowmass2021/arxiv_2203.07237.pdf,1049375,cached,,11,28088,5176,5076,122,33222,2553.4545454545455,470.54545454545456,461.45454545454544,pdftotext
arxiv:2203.07242,2203.07242,The Windchime Project,https://www.slac.stanford.edu/econf/C210711/papers/2203.07242.pdf,https://www.slac.stanford.edu/econf/C210711/papers/2203.07242.pdf,official SLAC eConf,tmp/pdfs/snowmass2021/arxiv_2203.07242.pdf,1236886,cached,,12,34087,6572,5907,641,40574,2840.5833333333335,547.6666666666666,492.25,pdftotext
arxiv:2203.07250,2203.07250,"Quantum Sensors for HEP Science – Interferometers, Mechanics, Traps, and Clocks",https://www.slac.stanford.edu/econf/C210711/papers/2203.07250.pdf,https://www.slac.stanford.edu/econf/C210711/papers/2203.07250.pdf,official SLAC eConf,tmp/pdfs/snowmass2021/arxiv_2203.07250.pdf,1065295,cached,,29,86513,16662,14824,1780,102948,2983.206896551724,574.551724137931,511.17241379310343,pdftotext
arxiv:2203.07252,2203.07252,Vera C. Rubin Observatory as a Flagship Dark Matter Experiment,https://www.slac.stanford.edu/econf/C210711/papers/2203.07252.pdf,https://www.slac.stanford.edu/econf/C210711/papers/2203.07252.pdf,official SLAC eConf,tmp/pdfs/snowmass2021/arxiv_2203.07252.pdf,993428,cached,,13,29982,5348,4989,388,35269,2306.3076923076924,411.38461538461536,383.7692307692308,pdftotext
arxiv:2203.07256,2203.07256,Muon Collider Physics Summary,https://www.slac.stanford.edu/econf/C210711/papers/2203.07256.pdf,https://www.slac.stanford.edu/econf/C210711/papers/2203.07256.pdf,official SLAC eConf,tmp/pdfs/snowmass2021/arxiv_2203.07256.pdf,3256379,cached,,20,66794,12281,11390,1687,79377,3339.7,614.05,569.5,pdftotext
arxiv:2203.07258,2203.07258,Cosmology with Millimeter-Wave Line Intensity Mapping,https://www.slac.stanford.edu/econf/C210711/papers/2203.07258.pdf,https://www.slac.stanford.edu/econf/C210711/papers/2203.07258.pdf,official SLAC eConf,tmp/pdfs/snowmass2021/arxiv_2203.07258.pdf,1902581,cached,,25,65939,11663,9654,1891,76795,2637.56,466.52,386.16,pdftotext
arxiv:2203.07261,2203.07261,The Physics Case of a 3 TeV Muon Collider Stage,https://www.slac.stanford.edu/econf/C210711/papers/2203.07261.pdf,https://www.slac.stanford.edu/econf/C210711/papers/2203.07261.pdf,official SLAC eConf,tmp/pdfs/snowmass2021/arxiv_2203.07261.pdf,6478788,cached,,73,190817,39446,34078,4813,233030,2613.931506849315,540.3561643835617,466.82191780821915,pdftotext
arxiv:2203.07270,2203.07270,Phenomenological Aspects of Composite Higgs Scenarios: Exotic Scalars and Vector-Like Quarks,https://www.slac.stanford.edu/econf/C210711/papers/2203.07270.pdf,https://www.slac.stanford.edu/econf/C210711/papers/2203.07270.pdf,official SLAC eConf,tmp/pdfs/snowmass2021/arxiv_2203.07270.pdf,1721713,cached,,25,42207,9296,7655,1745,52221,1688.28,371.84,306.2,pdftotext
arxiv:2203.07272,2203.07272,Two-Fermion Final States at International Linear Collider,https://www.slac.stanford.edu/econf/C210711/papers/2203.07272.pdf,https://www.slac.stanford.edu/econf/C210711/papers/2203.07272.pdf,official SLAC eConf,tmp/pdfs/snowmass2021/arxiv_2203.07272.pdf,70793,cached,,4,6775,1444,1227,153,8267,1693.75,361.0,306.75,pdftotext
arxiv:2203.07274,2203.07274,Test Samples and Infrastructure for Accelerator Magnet Developments,https://www.slac.stanford.edu/econf/C210711/papers/2203.07274.pdf,https://www.slac.stanford.edu/econf/C210711/papers/2203.07274.pdf,official SLAC eConf,tmp/pdfs/snowmass2021/arxiv_2203.07274.pdf,167789,cached,,4,19648,3538,3371,210,23079,4912.0,884.5,842.75,pdftotext
arxiv:2203.07286,2203.07286,Precision Timing for Collider-Experiment-Based Calorimetry,https://www.slac.stanford.edu/econf/C210711/papers/2203.07286.pdf,https://www.slac.stanford.edu/econf/C210711/papers/2203.07286.pdf,official SLAC eConf,tmp/pdfs/snowmass2021/arxiv_2203.07286.pdf,1764252,cached,,22,41539,7518,6811,771,48977,1888.1363636363637,341.72727272727275,309.59090909090907,pdftotext
arxiv:2203.07287,2203.07287,A TPC-based Tracking System for a Future Belle II Upgrade,https://www.slac.stanford.edu/econf/C210711/papers/2203.07287.pdf,https://www.slac.stanford.edu/econf/C210711/papers/2203.07287.pdf,official SLAC eConf,tmp/pdfs/snowmass2021/arxiv_2203.07287.pdf,3785750,cached,,10,19782,3829,3561,267,23636,1978.2,382.9,356.1,pdftotext
arxiv:2203.07291,2203.07291,High Density Galaxy Clustering in the Regime of Cosmic Acceleration,https://www.slac.stanford.edu/econf/C210711/papers/2203.07291.pdf,https://www.slac.stanford.edu/econf/C210711/papers/2203.07291.pdf,official SLAC eConf,tmp/pdfs/snowmass2021/arxiv_2203.07291.pdf,451539,cached,,18,42619,7912,7098,767,50459,2367.722222222222,439.55555555555554,394.3333333333333,pdftotext
arxiv:2203.07314,2203.07314,Track-Based Triggers for Exotic Signatures,https://www.slac.stanford.edu/econf/C210711/papers/2203.07314.pdf,https://www.slac.stanford.edu/econf/C210711/papers/2203.07314.pdf,official SLAC eConf,tmp/pdfs/snowmass2021/arxiv_2203.07314.pdf,2256759,cached,,39,64363,13663,10955,2197,78802,1650.3333333333333,350.3333333333333,280.8974358974359,pdftotext
arxiv:2203.07316,2203.07316,The Road Ahead for CODEX-b,https://www.slac.stanford.edu/econf/C210711/papers/2203.07316.pdf,https://www.slac.stanford.edu/econf/C210711/papers/2203.07316.pdf,official SLAC eConf,tmp/pdfs/snowmass2021/arxiv_2203.07316.pdf,5777088,cached,,13,43887,8662,7670,1002,52728,3375.923076923077,666.3076923076923,590.0,pdftotext
arxiv:2203.07323,2203.07323,Light Sterile Neutrino Searches and Related Phenomenology,https://www.slac.stanford.edu/econf/C210711/papers/2203.07323.pdf,https://www.slac.stanford.edu/econf/C210711/papers/2203.07323.pdf,official SLAC eConf,tmp/pdfs/snowmass2021/arxiv_2203.07323.pdf,38315863,cached,,211,550174,107046,91588,16566,661316,2607.4597156398104,507.3270142180095,434.06635071090045,pdftotext
arxiv:2203.07328,2203.07328,Snowmass 2021 Community Survey Report,https://www.slac.stanford.edu/econf/C210711/papers/2203.07328.pdf,https://www.slac.stanford.edu/econf/C210711/papers/2203.07328.pdf,official SLAC eConf,tmp/pdfs/snowmass2021/arxiv_2203.07328.pdf,5717901,cached,,113,233039,43250,39511,3512,279336,2062.29203539823,382.7433628318584,349.65486725663715,pdftotext
arxiv:2203.07336,2203.07336,Effective Field Theory Matching and Applications,https://www.slac.stanford.edu/econf/C210711/papers/2203.07336.pdf,https://www.slac.stanford.edu/econf/C210711/papers/2203.07336.pdf,official SLAC eConf,tmp/pdfs/snowmass2021/arxiv_2203.07336.pdf,164454,cached,,10,18305,3451,3078,313,21753,1830.5,345.1,307.8,pdftotext
arxiv:2203.07339,2203.07339,FNAL PIP-II Accumulator Ring,https://www.slac.stanford.edu/econf/C210711/papers/2203.07339.pdf,https://www.slac.stanford.edu/econf/C210711/papers/2203.07339.pdf,official SLAC eConf,tmp/pdfs/snowmass2021/arxiv_2203.07339.pdf,2576014,cached,,11,27637,5622,5072,519,33346,2512.4545454545455,511.09090909090907,461.09090909090907,pdftotext
arxiv:2203.07344,2203.07344,Top-Quark Mass Extraction from t tbar j+X Events at the LHC: Theory Predictions,https://www.slac.stanford.edu/econf/C210711/papers/2203.07344.pdf,https://www.slac.stanford.edu/econf/C210711/papers/2203.07344.pdf,official SLAC eConf,tmp/pdfs/snowmass2021/arxiv_2203.07344.pdf,1038374,cached,,15,29754,5988,5260,632,35771,1983.6,399.2,350.6666666666667,pdftotext
arxiv:2203.07349,2203.07349,The Project 8 Neutrino Mass Experiment,https://www.slac.stanford.edu/econf/C210711/papers/2203.07349.pdf,https://www.slac.stanford.edu/econf/C210711/papers/2203.07349.pdf,official SLAC eConf,tmp/pdfs/snowmass2021/arxiv_2203.07349.pdf,9641034,cached,,54,75632,14542,13059,1522,90835,1400.5925925925926,269.2962962962963,241.83333333333334,pdftotext
arxiv:2203.07351,2203.07351,WIMP Dark Matter at High Energy Muon Colliders,https://www.slac.stanford.edu/econf/C210711/papers/2203.07351.pdf,https://www.slac.stanford.edu/econf/C210711/papers/2203.07351.pdf,official SLAC eConf,tmp/pdfs/snowmass2021/arxiv_2203.07351.pdf,905145,cached,,16,27946,5839,4909,761,33822,1746.625,364.9375,306.8125,pdftotext
arxiv:2203.07352,2203.07352,"Development and Demonstration of Next Generation Technology for Nb_3Sn Accelerator Magnets with Lower Cost, Improved Performance Uniformity, and Higher Operating Point in the 12-14 T Range",https://www.slac.stanford.edu/econf/C210711/papers/2203.07352.pdf,https://www.slac.stanford.edu/econf/C210711/papers/2203.07352.pdf,official SLAC eConf,tmp/pdfs/snowmass2021/arxiv_2203.07352.pdf,325628,cached,,8,20144,3800,3579,302,23897,2518.0,475.0,447.375,pdftotext
arxiv:2203.07353,2203.07353,Improving Di-Higgs Sensitivity at Future Colliders in Hadronic Final States with Machine Learning,https://www.slac.stanford.edu/econf/C210711/papers/2203.07353.pdf,https://www.slac.stanford.edu/econf/C210711/papers/2203.07353.pdf,official SLAC eConf,tmp/pdfs/snowmass2021/arxiv_2203.07353.pdf,478577,cached,,11,23967,4812,3982,633,28790,2178.818181818182,437.45454545454544,362.0,pdftotext
arxiv:2203.07354,2203.07354,Dark Matter Physics from Halo Measurements,https://www.slac.stanford.edu/econf/C210711/papers/2203.07354.pdf,https://www.slac.stanford.edu/econf/C210711/papers/2203.07354.pdf,official SLAC eConf,tmp/pdfs/snowmass2021/arxiv_2203.07354.pdf,5220709,cached,,88,212155,40473,35071,4848,252262,2410.8522727272725,459.92045454545456,398.53409090909093,pdftotext
arxiv:2203.07358,2203.07358,CERC - Circular e+e- Collider using Energy-Recovery Linac,https://www.slac.stanford.edu/econf/C210711/papers/2203.07358.pdf,https://www.slac.stanford.edu/econf/C210711/papers/2203.07358.pdf,official SLAC eConf,tmp/pdfs/snowmass2021/arxiv_2203.07358.pdf,514408,cached,,6,13464,2888,2362,407,16313,2244.0,481.3333333333333,393.6666666666667,pdftotext
arxiv:2203.07360,2203.07360,The Future of Gamma-Ray Experiments in the MeV-EeV Range,https://www.slac.stanford.edu/econf/C210711/papers/2203.07360.pdf,https://www.slac.stanford.edu/econf/C210711/papers/2203.07360.pdf,official SLAC eConf,tmp/pdfs/snowmass2021/arxiv_2203.07360.pdf,39936244,cached,,239,594022,114389,108150,6845,707084,2485.4476987447697,478.6150627615063,452.510460251046,pdftotext
arxiv:2203.07361,2203.07361,Coherent Elastic Neutrino-Nucleus Scattering: Terrestrial and Astrophysical Applications,https://www.slac.stanford.edu/econf/C210711/papers/2203.07361.pdf,https://www.slac.stanford.edu/econf/C210711/papers/2203.07361.pdf,official SLAC eConf,tmp/pdfs/snowmass2021/arxiv_2203.07361.pdf,3753393,cached,,55,124526,24258,21013,3497,149632,2264.109090909091,441.05454545454546,382.05454545454546,pdftotext
arxiv:2203.07371,2203.07371,Medium-Grain Niobium SRF Cavity Production Technology for Science Frontiers and Accelerator Applications,https://www.slac.stanford.edu/econf/C210711/papers/2203.07371.pdf,https://www.slac.stanford.edu/econf/C210711/papers/2203.07371.pdf,official SLAC eConf,tmp/pdfs/snowmass2021/arxiv_2203.07371.pdf,4203069,cached,,14,24138,4735,4365,498,28895,1724.142857142857,338.2142857142857,311.7857142857143,pdftotext
arxiv:2203.07377,2203.07377,Synergy between Cosmological and Laboratory Searches in Neutrino Physics,https://www.slac.stanford.edu/econf/C210711/papers/2203.07377.pdf,https://www.slac.stanford.edu/econf/C210711/papers/2203.07377.pdf,official SLAC eConf,tmp/pdfs/snowmass2021/arxiv_2203.07377.pdf,3554754,cached,,56,207300,38776,33354,4899,246001,3701.785714285714,692.4285714285714,595.6071428571429,pdftotext
arxiv:2203.07406,2203.07406,SMEFT at the LHC and Beyond,https://www.slac.stanford.edu/econf/C210711/papers/2203.07406.pdf,https://www.slac.stanford.edu/econf/C210711/papers/2203.07406.pdf,official SLAC eConf,tmp/pdfs/snowmass2021/arxiv_2203.07406.pdf,142733,cached,,8,28977,5556,5404,153,34582,3622.125,694.5,675.5,pdftotext
arxiv:2203.07423,2203.07423,Sustainability Considerations for Accelerator and Collider Facilities,https://www.slac.stanford.edu/econf/C210711/papers/2203.07423.pdf,https://www.slac.stanford.edu/econf/C210711/papers/2203.07423.pdf,official SLAC eConf,tmp/pdfs/snowmass2021/arxiv_2203.07423.pdf,57778,cached,,5,9007,1543,1452,98,10493,1801.4,308.6,290.4,pdftotext
arxiv:2203.07455,2203.07455,Complex Scalar Singlet Model Benchmarks for Snowmass,https://www.slac.stanford.edu/econf/C210711/papers/2203.07455.pdf,https://www.slac.stanford.edu/econf/C210711/papers/2203.07455.pdf,official SLAC eConf,tmp/pdfs/snowmass2021/arxiv_2203.07455.pdf,361234,cached,,13,22512,5812,4236,1712,28740,1731.6923076923076,447.0769230769231,325.84615384615387,pdftotext
arxiv:2203.07459,2203.07459,Channeling Acceleration in Crystals and Nanostructures and Studies of Solid Plasmas: New Opportunities,https://www.slac.stanford.edu/econf/C210711/papers/2203.07459.pdf,https://www.slac.stanford.edu/econf/C210711/papers/2203.07459.pdf,official SLAC eConf,tmp/pdfs/snowmass2021/arxiv_2203.07459.pdf,3350315,cached,,15,32733,6116,5729,471,38848,2182.2,407.73333333333335,381.93333333333334,pdftotext
arxiv:2203.07462,2203.07462,Jets and Jet Substructure at Future Colliders,https://www.slac.stanford.edu/econf/C210711/papers/2203.07462.pdf,https://www.slac.stanford.edu/econf/C210711/papers/2203.07462.pdf,official SLAC eConf,tmp/pdfs/snowmass2021/arxiv_2203.07462.pdf,675480,cached,,38,93465,17503,15473,1859,110792,2459.6052631578946,460.60526315789474,407.1842105263158,pdftotext
arxiv:2203.07479,2203.07479,Future Advances in Photon-Based Neutrino Detectors,https://www.slac.stanford.edu/econf/C210711/papers/2203.07479.pdf,https://www.slac.stanford.edu/econf/C210711/papers/2203.07479.pdf,official SLAC eConf,tmp/pdfs/snowmass2021/arxiv_2203.07479.pdf,51767106,cached,,47,131972,23927,22168,1869,155543,2807.9148936170213,509.0851063829787,471.6595744680851,pdftotext
arxiv:2203.07491,2203.07491,Prospects for obtaining Dark Matter Constraints with DESI,https://www.slac.stanford.edu/econf/C210711/papers/2203.07491.pdf,https://www.slac.stanford.edu/econf/C210711/papers/2203.07491.pdf,official SLAC eConf,tmp/pdfs/snowmass2021/arxiv_2203.07491.pdf,437699,cached,,42,110971,20699,18802,2045,130988,2642.1666666666665,492.8333333333333,447.6666666666667,pdftotext
arxiv:2203.07492,2203.07492,Light Dark Matter Direct Detection at the Interface With Condensed Matter Physics,https://www.slac.stanford.edu/econf/C210711/papers/2203.07492.pdf,https://www.slac.stanford.edu/econf/C210711/papers/2203.07492.pdf,official SLAC eConf,tmp/pdfs/snowmass2021/arxiv_2203.07492.pdf,700382,cached,,11,23361,4590,3769,742,27824,2123.7272727272725,417.27272727272725,342.6363636363636,pdftotext
arxiv:2203.07495,2203.07495,Probing New Physics with mu+mu− → bs at a Muon Collider,https://www.slac.stanford.edu/econf/C210711/papers/2203.07495.pdf,https://www.slac.stanford.edu/econf/C210711/papers/2203.07495.pdf,official SLAC eConf,tmp/pdfs/snowmass2021/arxiv_2203.07495.pdf,932714,cached,,11,21708,4578,3767,642,26512,1973.4545454545455,416.1818181818182,342.45454545454544,pdftotext
arxiv:2203.07501,2203.07501,SoLAr: Solar Neutrinos in Liquid Argon,https://www.slac.stanford.edu/econf/C210711/papers/2203.07501.pdf,https://www.slac.stanford.edu/econf/C210711/papers/2203.07501.pdf,official SLAC eConf,tmp/pdfs/snowmass2021/arxiv_2203.07501.pdf,476831,cached,,12,24486,4522,4227,302,29039,2040.5,376.8333333333333,352.25,pdftotext
arxiv:2203.07506,2203.07506,Cosmology and Fundamental Physics from the Three-Dimensional Large Scale Structure,https://www.slac.stanford.edu/econf/C210711/papers/2203.07506.pdf,https://www.slac.stanford.edu/econf/C210711/papers/2203.07506.pdf,official SLAC eConf,tmp/pdfs/snowmass2021/arxiv_2203.07506.pdf,690294,cached,,26,56467,10634,9224,1302,66960,2171.8076923076924,409.0,354.7692307692308,pdftotext
arxiv:2203.07533,2203.07533,"Warped Compactifications in Particle Physics, Cosmology and Quantum Gravity",https://www.slac.stanford.edu/econf/C210711/papers/2203.07533.pdf,https://www.slac.stanford.edu/econf/C210711/papers/2203.07533.pdf,official SLAC eConf,tmp/pdfs/snowmass2021/arxiv_2203.07533.pdf,829590,cached,,18,42418,8016,7404,596,50352,2356.5555555555557,445.3333333333333,411.3333333333333,pdftotext
arxiv:2203.07535,2203.07535,Strange Quark as a Probe for New Physics in the Higgs Sector,https://www.slac.stanford.edu/econf/C210711/papers/2203.07535.pdf,https://www.slac.stanford.edu/econf/C210711/papers/2203.07535.pdf,official SLAC eConf,tmp/pdfs/snowmass2021/arxiv_2203.07535.pdf,13808781,cached,,80,123678,29248,20759,6534,154464,1545.975,365.6,259.4875,pdftotext
arxiv:2203.07545,2203.07545,Neutrinos from Stored Muons (nuSTORM),https://www.slac.stanford.edu/econf/C210711/papers/2203.07545.pdf,https://www.slac.stanford.edu/econf/C210711/papers/2203.07545.pdf,official SLAC eConf,tmp/pdfs/snowmass2021/arxiv_2203.07545.pdf,2778111,cached,,37,76307,14835,13317,1463,91334,2062.3513513513512,400.94594594594594,359.9189189189189,pdftotext
arxiv:2203.07551,2203.07551,Fe-Based High Field Superconductors for Cost-Effective Future Accelerator Magnets,https://www.slac.stanford.edu/econf/C210711/papers/2203.07551.pdf,https://www.slac.stanford.edu/econf/C210711/papers/2203.07551.pdf,official SLAC eConf,tmp/pdfs/snowmass2021/arxiv_2203.07551.pdf,1483107,cached,,16,44416,8697,8103,831,53030,2776.0,543.5625,506.4375,pdftotext
arxiv:2203.07564,2203.07564,Belle II Grid-Based User Analysis,https://www.slac.stanford.edu/econf/C210711/papers/2203.07564.pdf,https://www.slac.stanford.edu/econf/C210711/papers/2203.07564.pdf,official SLAC eConf,tmp/pdfs/snowmass2021/arxiv_2203.07564.pdf,56396,cached,,4,9654,1799,1751,65,11451,2413.5,449.75,437.75,pdftotext
arxiv:2203.07569,2203.07569,Mu2e-II: Muon to Electron Conversion with PIP-II,https://www.slac.stanford.edu/econf/C210711/papers/2203.07569.pdf,https://www.slac.stanford.edu/econf/C210711/papers/2203.07569.pdf,official SLAC eConf,tmp/pdfs/snowmass2021/arxiv_2203.07569.pdf,6380884,cached,,46,155342,31079,28268,3519,186362,3377.0,675.6304347826087,614.5217391304348,pdftotext
arxiv:2203.07572,2203.07572,Measuring the Electron Neutrino Mass using the Electron Capture Decay of 163Ho,https://www.slac.stanford.edu/econf/C210711/papers/2203.07572.pdf,https://www.slac.stanford.edu/econf/C210711/papers/2203.07572.pdf,official SLAC eConf,tmp/pdfs/snowmass2021/arxiv_2203.07572.pdf,127231,cached,,5,12015,2208,2045,190,14208,2403.0,441.6,409.0,pdftotext
arxiv:2203.07614,2203.07614,Detector and Beamline Simulation for Next-Generation High Energy Physics Experiments,https://www.slac.stanford.edu/econf/C210711/papers/2203.07614.pdf,https://www.slac.stanford.edu/econf/C210711/papers/2203.07614.pdf,official SLAC eConf,tmp/pdfs/snowmass2021/arxiv_2203.07614.pdf,159033,cached,,13,26250,4662,4299,456,30860,2019.2307692307693,358.61538461538464,330.6923076923077,pdftotext
arxiv:2203.07620,2203.07620,Innovations in Trigger and Data Acquisition Systems for Next-Generation Physics Facilities,https://www.slac.stanford.edu/econf/C210711/papers/2203.07620.pdf,https://www.slac.stanford.edu/econf/C210711/papers/2203.07620.pdf,official SLAC eConf,tmp/pdfs/snowmass2021/arxiv_2203.07620.pdf,248356,cached,,19,47621,8396,8040,397,56075,2506.3684210526317,441.89473684210526,423.1578947368421,pdftotext
arxiv:2203.07622,2203.07622,The International Linear Collider,https://www.slac.stanford.edu/econf/C210711/papers/2203.07622.pdf,https://www.slac.stanford.edu/econf/C210711/papers/2203.07622.pdf,official SLAC eConf,tmp/pdfs/snowmass2021/arxiv_2203.07622.pdf,40895312,cached,,368,779381,154365,137657,15311,939567,2117.883152173913,419.4701086956522,374.0679347826087,pdftotext
arxiv:2203.07623,2203.07623,Calibrations and Backgrounds for Dark Matter Direct Detection,https://www.slac.stanford.edu/econf/C210711/papers/2203.07623.pdf,https://www.slac.stanford.edu/econf/C210711/papers/2203.07623.pdf,official SLAC eConf,tmp/pdfs/snowmass2021/arxiv_2203.07623.pdf,1130437,cached,,76,189297,33827,30445,3599,224232,2490.75,445.0921052631579,400.5921052631579,pdftotext
arxiv:2203.07624,2203.07624,Implications of Quantum Gravity for Particle Physics,https://www.slac.stanford.edu/econf/C210711/papers/2203.07624.pdf,https://www.slac.stanford.edu/econf/C210711/papers/2203.07624.pdf,official SLAC eConf,tmp/pdfs/snowmass2021/arxiv_2203.07624.pdf,534954,cached,,19,58227,11082,10001,1004,69078,3064.5789473684213,583.2631578947369,526.3684210526316,pdftotext
arxiv:2203.07626,2203.07626,Monolithic Active Pixel Sensors on CMOS technologies,https://www.slac.stanford.edu/econf/C210711/papers/2203.07626.pdf,https://www.slac.stanford.edu/econf/C210711/papers/2203.07626.pdf,official SLAC eConf,tmp/pdfs/snowmass2021/arxiv_2203.07626.pdf,5116633,cached,,25,48692,9212,8506,708,57985,1947.68,368.48,340.24,pdftotext
arxiv:2203.07629,2203.07629,Cosmology at the Theory Frontier,https://www.slac.stanford.edu/econf/C210711/papers/2203.07629.pdf,https://www.slac.stanford.edu/econf/C210711/papers/2203.07629.pdf,official SLAC eConf,tmp/pdfs/snowmass2021/arxiv_2203.07629.pdf,957063,cached,,45,125614,23084,20240,2604,148205,2791.4222222222224,512.9777777777778,449.77777777777777,pdftotext
arxiv:2203.07638,2203.07638,Cosmic Microwave Background Measurements White Paper,https://www.slac.stanford.edu/econf/C210711/papers/2203.07638.pdf,https://www.slac.stanford.edu/econf/C210711/papers/2203.07638.pdf,official SLAC eConf,tmp/pdfs/snowmass2021/arxiv_2203.07638.pdf,3993656,cached,,36,93663,16710,15499,1363,110390,2601.75,464.1666666666667,430.52777777777777,pdftotext
arxiv:2203.07645,2203.07645,Software and Computing for Small HEP Experiments,https://www.slac.stanford.edu/econf/C210711/papers/2203.07645.pdf,https://www.slac.stanford.edu/econf/C210711/papers/2203.07645.pdf,official SLAC eConf,tmp/pdfs/snowmass2021/arxiv_2203.07645.pdf,348511,cached,,11,23133,4146,3890,276,27192,2103.0,376.90909090909093,353.6363636363636,pdftotext
arxiv:2203.07646,2203.07646,Strategy for Understanding the Higgs Physics: The Cool Copper Collider,https://www.slac.stanford.edu/econf/C210711/papers/2203.07646.pdf,https://www.slac.stanford.edu/econf/C210711/papers/2203.07646.pdf,official SLAC eConf,tmp/pdfs/snowmass2021/arxiv_2203.07646.pdf,2203135,cached,,14,37866,7071,6628,689,45074,2704.714285714286,505.07142857142856,473.42857142857144,pdftotext
arxiv:2203.07651,2203.07651,The REDTOP Experiment: Rare η/η′ Decays To Probe New Physics,https://www.slac.stanford.edu/econf/C210711/papers/2203.07651.pdf,https://www.slac.stanford.edu/econf/C210711/papers/2203.07651.pdf,official SLAC eConf,tmp/pdfs/snowmass2021/arxiv_2203.07651.pdf,13669607,cached,,176,328463,68879,59052,7657,400507,1866.2670454545455,391.35795454545456,335.52272727272725,pdftotext
arxiv:2203.07654,2203.07654,Leading-Edge Technology And Feasibility-Directed (LEAF) Program Aimed at Readiness Demonstration for Energy Frontier Circular Colliders by the Next Decade,https://www.slac.stanford.edu/econf/C210711/papers/2203.07654.pdf,https://www.slac.stanford.edu/econf/C210711/papers/2203.07654.pdf,official SLAC eConf,tmp/pdfs/snowmass2021/arxiv_2203.07654.pdf,5544736,cached,,19,42834,7591,7157,578,50376,2254.4210526315787,399.5263157894737,376.6842105263158,pdftotext
arxiv:2203.07668,2203.07668,Measuring the Tau Polarization at ILC,https://www.slac.stanford.edu/econf/C210711/papers/2203.07668.pdf,https://www.slac.stanford.edu/econf/C210711/papers/2203.07668.pdf,official SLAC eConf,tmp/pdfs/snowmass2021/arxiv_2203.07668.pdf,2904775,cached,,12,17339,3471,3159,195,21083,1444.9166666666667,289.25,263.25,pdftotext
arxiv:2203.07700,2203.07700,"Modeling, Statistics, Simulations, and Computing Needs for Direct Dark Matter Detection",https://www.slac.stanford.edu/econf/C210711/papers/2203.07700.pdf,https://www.slac.stanford.edu/econf/C210711/papers/2203.07700.pdf,official SLAC eConf,tmp/pdfs/snowmass2021/arxiv_2203.07700.pdf,1501334,cached,,23,60018,10829,9820,1041,70934,2609.478260869565,470.82608695652175,426.95652173913044,pdftotext
arxiv:2203.07726,2203.07726,Flavor Model Building,https://www.slac.stanford.edu/econf/C210711/papers/2203.07726.pdf,https://www.slac.stanford.edu/econf/C210711/papers/2203.07726.pdf,official SLAC eConf,tmp/pdfs/snowmass2021/arxiv_2203.07726.pdf,898913,cached,,34,77738,15727,13240,2128,93199,2286.4117647058824,462.55882352941177,389.4117647058824,pdftotext
arxiv:2203.07786,2203.07786,U(1)_T3R Extension of Standard Model: A Sub-GeV Dark Matter Model,https://www.slac.stanford.edu/econf/C210711/papers/2203.07786.pdf,https://www.slac.stanford.edu/econf/C210711/papers/2203.07786.pdf,official SLAC eConf,tmp/pdfs/snowmass2021/arxiv_2203.07786.pdf,1522705,cached,,27,72071,15583,13125,2523,88080,2669.296296296296,577.1481481481482,486.1111111111111,pdftotext
arxiv:2203.07799,2203.07799,Superconducting Detector Magnets for High Energy Physics,https://www.slac.stanford.edu/econf/C210711/papers/2203.07799.pdf,https://www.slac.stanford.edu/econf/C210711/papers/2203.07799.pdf,official SLAC eConf,tmp/pdfs/snowmass2021/arxiv_2203.07799.pdf,7490407,cached,,35,60270,11551,10540,917,71695,1722.0,330.0285714285714,301.14285714285717,pdftotext
arxiv:2203.07804,2203.07804,Future Circular Hadron Collider FCC-hh: Overview and Status,https://www.slac.stanford.edu/econf/C210711/papers/2203.07804.pdf,https://www.slac.stanford.edu/econf/C210711/papers/2203.07804.pdf,official SLAC eConf,tmp/pdfs/snowmass2021/arxiv_2203.07804.pdf,3161702,cached,,25,55118,10669,9977,658,65614,2204.72,426.76,399.08,pdftotext
arxiv:2203.07864,2203.07864,21cm Radiation as a Probe of Physics Across Cosmic Ages,https://www.slac.stanford.edu/econf/C210711/papers/2203.07864.pdf,https://www.slac.stanford.edu/econf/C210711/papers/2203.07864.pdf,official SLAC eConf,tmp/pdfs/snowmass2021/arxiv_2203.07864.pdf,8805584,cached,,52,124599,23067,20942,2250,147353,2396.1346153846152,443.59615384615387,402.7307692307692,pdftotext
arxiv:2203.07883,2203.07883,Global Fit of 2HDM with Future Collider Results,https://www.slac.stanford.edu/econf/C210711/papers/2203.07883.pdf,https://www.slac.stanford.edu/econf/C210711/papers/2203.07883.pdf,official SLAC eConf,tmp/pdfs/snowmass2021/arxiv_2203.07883.pdf,1059344,cached,,11,20598,4575,3438,951,25437,1872.5454545454545,415.90909090909093,312.54545454545456,pdftotext
arxiv:2203.07885,2203.07885,Data Storage for HEP Experiments in the Era of High-Performance Computing,https://www.slac.stanford.edu/econf/C210711/papers/2203.07885.pdf,https://www.slac.stanford.edu/econf/C210711/papers/2203.07885.pdf,official SLAC eConf,tmp/pdfs/snowmass2021/arxiv_2203.07885.pdf,3476178,cached,,8,16121,3026,2928,139,19126,2015.125,378.25,366.0,pdftotext
arxiv:2203.07888,2203.07888,The Need for Further Development of Magnetrons as RF Sources for HEP,https://www.slac.stanford.edu/econf/C210711/papers/2203.07888.pdf,https://www.slac.stanford.edu/econf/C210711/papers/2203.07888.pdf,official SLAC eConf,tmp/pdfs/snowmass2021/arxiv_2203.07888.pdf,374269,cached,,8,14835,2678,2535,151,17488,1854.375,334.75,316.875,pdftotext
arxiv:2203.07901,2203.07901,"Introduction to a Low-Mass Dark Matter Project, ALETHEIA: A Liquid hElium Time projection cHambEr In dArk matter",https://www.slac.stanford.edu/econf/C210711/papers/2203.07901.pdf,https://www.slac.stanford.edu/econf/C210711/papers/2203.07901.pdf,official SLAC eConf,tmp/pdfs/snowmass2021/arxiv_2203.07901.pdf,3432290,cached,,39,71384,14950,14116,952,86327,1830.3589743589744,383.3333333333333,361.94871794871796,pdftotext
arxiv:2203.07907,2203.07907,Resummation for Future Colliders,https://www.slac.stanford.edu/econf/C210711/papers/2203.07907.pdf,https://www.slac.stanford.edu/econf/C210711/papers/2203.07907.pdf,official SLAC eConf,tmp/pdfs/snowmass2021/arxiv_2203.07907.pdf,1354681,cached,,44,102716,19927,17185,2510,122585,2334.4545454545455,452.8863636363636,390.5681818181818,pdftotext
arxiv:2203.07913,2203.07913,New Physics with Missing Energy at Future Lepton Colliders,https://www.slac.stanford.edu/econf/C210711/papers/2203.07913.pdf,https://www.slac.stanford.edu/econf/C210711/papers/2203.07913.pdf,official SLAC eConf,tmp/pdfs/snowmass2021/arxiv_2203.07913.pdf,3716051,cached,,15,26101,5291,4263,927,31663,1740.0666666666666,352.73333333333335,284.2,pdftotext
arxiv:2203.07919,2203.07919,Report of the Snowmass'21 Workshop on High-Power Cyclotrons and FFAs,https://www.slac.stanford.edu/econf/C210711/papers/2203.07919.pdf,https://www.slac.stanford.edu/econf/C210711/papers/2203.07919.pdf,official SLAC eConf,tmp/pdfs/snowmass2021/arxiv_2203.07919.pdf,9506491,cached,,79,153524,28574,25574,2938,183225,1943.3417721518988,361.69620253164555,323.72151898734177,pdftotext
arxiv:2203.07943,2203.07943,The Physics of Light Relics,https://www.slac.stanford.edu/econf/C210711/papers/2203.07943.pdf,https://www.slac.stanford.edu/econf/C210711/papers/2203.07943.pdf,official SLAC eConf,tmp/pdfs/snowmass2021/arxiv_2203.07943.pdf,4049725,cached,,59,134927,25709,21905,3196,160693,2286.898305084746,435.7457627118644,371.271186440678,pdftotext
arxiv:2203.07944,2203.07944,Measurement of ALR using Radiative REturn at ILC 250,https://www.slac.stanford.edu/econf/C210711/papers/2203.07944.pdf,https://www.slac.stanford.edu/econf/C210711/papers/2203.07944.pdf,official SLAC eConf,tmp/pdfs/snowmass2021/arxiv_2203.07944.pdf,971241,cached,,9,12573,2863,2137,564,15647,1397.0,318.1111111111111,237.44444444444446,pdftotext
arxiv:2203.07946,2203.07946,Data-Driven Cosmology,https://www.slac.stanford.edu/econf/C210711/papers/2203.07946.pdf,https://www.slac.stanford.edu/econf/C210711/papers/2203.07946.pdf,official SLAC eConf,tmp/pdfs/snowmass2021/arxiv_2203.07946.pdf,505058,cached,,50,124945,22265,19956,2446,146656,2498.9,445.3,399.12,pdftotext
arxiv:2203.07964,2203.07964,Simulated Detector Performance at the Muon Collider,https://www.slac.stanford.edu/econf/C210711/papers/2203.07964.pdf,https://www.slac.stanford.edu/econf/C210711/papers/2203.07964.pdf,official SLAC eConf,tmp/pdfs/snowmass2021/arxiv_2203.07964.pdf,3881238,cached,,45,97223,19700,16707,2471,118596,2160.511111111111,437.77777777777777,371.26666666666665,pdftotext
arxiv:2203.07972,2203.07972,Detection of Early-Universe Gravitational Wave Signatures and Fundamental Physics,https://www.slac.stanford.edu/econf/C210711/papers/2203.07972.pdf,https://www.slac.stanford.edu/econf/C210711/papers/2203.07972.pdf,official SLAC eConf,tmp/pdfs/snowmass2021/arxiv_2203.07972.pdf,1560709,cached,,96,212038,38778,32027,6178,244714,2208.7291666666665,403.9375,333.6145833333333,pdftotext
arxiv:2203.07984,2203.07984,Dark Matter In Extreme Astrophysical Environments,https://www.slac.stanford.edu/econf/C210711/papers/2203.07984.pdf,https://www.slac.stanford.edu/econf/C210711/papers/2203.07984.pdf,official SLAC eConf,tmp/pdfs/snowmass2021/arxiv_2203.07984.pdf,1322686,cached,,67,166193,31161,27185,3666,196861,2480.492537313433,465.089552238806,405.74626865671644,pdftotext
arxiv:2203.07987,2203.07987,Study Overview for Super Proton-Proton Collider,https://www.slac.stanford.edu/econf/C210711/papers/2203.07987.pdf,https://www.slac.stanford.edu/econf/C210711/papers/2203.07987.pdf,official SLAC eConf,tmp/pdfs/snowmass2021/arxiv_2203.07987.pdf,429846,cached,,14,28402,5372,5041,357,33767,2028.7142857142858,383.7142857142857,360.07142857142856,pdftotext
arxiv:2203.07994,2203.07994,Sensitivity to Longitudinal Vector Boson Scattering in W±W±jj at Future Hadron Colliders,https://www.slac.stanford.edu/econf/C210711/papers/2203.07994.pdf,https://www.slac.stanford.edu/econf/C210711/papers/2203.07994.pdf,official SLAC eConf,tmp/pdfs/snowmass2021/arxiv_2203.07994.pdf,428060,cached,,11,14809,3298,2652,590,18511,1346.2727272727273,299.8181818181818,241.0909090909091,pdftotext
arxiv:2203.07995,2203.07995,Societal Impacts of Particle Physics Projects,https://www.slac.stanford.edu/econf/C210711/papers/2203.07995.pdf,https://www.slac.stanford.edu/econf/C210711/papers/2203.07995.pdf,official SLAC eConf,tmp/pdfs/snowmass2021/arxiv_2203.07995.pdf,414090,cached,,13,36673,6471,6300,178,43124,2821.0,497.7692307692308,484.61538461538464,pdftotext
arxiv:2203.08010,2203.08010,Analysis Facilities for HL-LHC,https://www.slac.stanford.edu/econf/C210711/papers/2203.08010.pdf,https://www.slac.stanford.edu/econf/C210711/papers/2203.08010.pdf,official SLAC eConf,tmp/pdfs/snowmass2021/arxiv_2203.08010.pdf,543285,cached,,13,26200,4591,4371,215,30737,2015.3846153846155,353.15384615384613,336.2307692307692,pdftotext
arxiv:2203.08024,2203.08024,CMB-S4 White Paper,https://www.slac.stanford.edu/econf/C210711/papers/2203.08024.pdf,https://www.slac.stanford.edu/econf/C210711/papers/2203.08024.pdf,official SLAC eConf,tmp/pdfs/snowmass2021/arxiv_2203.08024.pdf,1188585,cached,,19,47112,8586,7677,1055,55269,2479.5789473684213,451.89473684210526,404.05263157894734,pdftotext
arxiv:2203.08026,2203.08026,Some Open Questions in Axion Theory,https://www.slac.stanford.edu/econf/C210711/papers/2203.08026.pdf,https://www.slac.stanford.edu/econf/C210711/papers/2203.08026.pdf,official SLAC eConf,tmp/pdfs/snowmass2021/arxiv_2203.08026.pdf,324265,cached,,23,65519,12760,11038,1556,77939,2848.6521739130435,554.7826086956521,479.9130434782609,pdftotext
arxiv:2203.08033,2203.08033,A Muon Collider Facility for Physics Discovery,https://www.slac.stanford.edu/econf/C210711/papers/2203.08033.pdf,https://www.slac.stanford.edu/econf/C210711/papers/2203.08033.pdf,official SLAC eConf,tmp/pdfs/snowmass2021/arxiv_2203.08033.pdf,645436,cached,,23,66827,12604,11887,874,79675,2905.521739130435,548.0,516.8260869565217,pdftotext
arxiv:2203.08039,2203.08039,The Present and Future Status of Heavy Neutral Leptons,https://www.slac.stanford.edu/econf/C210711/papers/2203.08039.pdf,https://www.slac.stanford.edu/econf/C210711/papers/2203.08039.pdf,official SLAC eConf,tmp/pdfs/snowmass2021/arxiv_2203.08039.pdf,10268294,cached,,82,306497,60522,52723,9703,369227,3737.768292682927,738.0731707317074,642.9634146341464,pdftotext
arxiv:2203.08042,2203.08042,Higgs Self Couplings Measurements at Future Proton-Proton Colliders,https://www.slac.stanford.edu/econf/C210711/papers/2203.08042.pdf,https://www.slac.stanford.edu/econf/C210711/papers/2203.08042.pdf,official SLAC eConf,tmp/pdfs/snowmass2021/arxiv_2203.08042.pdf,3447473,cached,,36,65399,15187,11046,3111,82316,1816.638888888889,421.8611111111111,306.8333333333333,pdftotext
arxiv:2203.08053,2203.08053,The Quest to Define QFT,https://www.slac.stanford.edu/econf/C210711/papers/2203.08053.pdf,https://www.slac.stanford.edu/econf/C210711/papers/2203.08053.pdf,official SLAC eConf,tmp/pdfs/snowmass2021/arxiv_2203.08053.pdf,869493,cached,,54,105892,19456,16085,3286,124397,1960.962962962963,360.2962962962963,297.8703703703704,pdftotext
arxiv:2203.08054,2203.08054,High Field Magnet Development for HEP in Europe: A Proposal from LDG HFM Expert Panel,https://www.slac.stanford.edu/econf/C210711/papers/2203.08054.pdf,https://www.slac.stanford.edu/econf/C210711/papers/2203.08054.pdf,official SLAC eConf,tmp/pdfs/snowmass2021/arxiv_2203.08054.pdf,754228,cached,,4,8850,1608,1594,53,10460,2212.5,402.0,398.5,pdftotext
arxiv:2203.08056,2203.08056,Machine Learning and Cosmology,https://www.slac.stanford.edu/econf/C210711/papers/2203.08056.pdf,https://www.slac.stanford.edu/econf/C210711/papers/2203.08056.pdf,official SLAC eConf,tmp/pdfs/snowmass2021/arxiv_2203.08056.pdf,332127,cached,,32,81112,14120,12986,1039,94698,2534.75,441.25,405.8125,pdftotext
arxiv:2203.08059,2203.08059,KATRIN: Status and Prospects for the Neutrino Mass and Beyond,https://www.slac.stanford.edu/econf/C210711/papers/2203.08059.pdf,https://www.slac.stanford.edu/econf/C210711/papers/2203.08059.pdf,official SLAC eConf,tmp/pdfs/snowmass2021/arxiv_2203.08059.pdf,14771320,cached,,76,171117,32562,29280,3230,204518,2251.5394736842104,428.44736842105266,385.2631578947368,pdftotext
arxiv:2203.08064,2203.08064,Dependence of the Top-Quark Mass Measured in Top-Quark Pair Production on the Parton Distribution Functions at the LHC and Future Colliders,https://www.slac.stanford.edu/econf/C210711/papers/2203.08064.pdf,https://www.slac.stanford.edu/econf/C210711/papers/2203.08064.pdf,official SLAC eConf,tmp/pdfs/snowmass2021/arxiv_2203.08064.pdf,840658,cached,,16,19861,4216,3455,680,24242,1241.3125,263.5,215.9375,pdftotext
arxiv:2203.08079,2203.08079,PIP2-BD: GeV Proton Beam Dump at Fermilab's PIP-II Linac,https://www.slac.stanford.edu/econf/C210711/papers/2203.08079.pdf,https://www.slac.stanford.edu/econf/C210711/papers/2203.08079.pdf,official SLAC eConf,tmp/pdfs/snowmass2021/arxiv_2203.08079.pdf,8793636,cached,,17,40260,8234,7223,1061,48743,2368.235294117647,484.3529411764706,424.88235294117646,pdftotext
arxiv:2203.08084,2203.08084,Dark Matter Direct Detection to the Neutrino Fog,https://www.slac.stanford.edu/econf/C210711/papers/2203.08084.pdf,https://www.slac.stanford.edu/econf/C210711/papers/2203.08084.pdf,official SLAC eConf,tmp/pdfs/snowmass2021/arxiv_2203.08084.pdf,2862665,cached,,34,81292,15217,13354,2066,96311,2390.9411764705883,447.55882352941177,392.7647058823529,pdftotext
arxiv:2203.08088,2203.08088,Future Collider Options for the US,https://www.slac.stanford.edu/econf/C210711/papers/2203.08088.pdf,https://www.slac.stanford.edu/econf/C210711/papers/2203.08088.pdf,official SLAC eConf,tmp/pdfs/snowmass2021/arxiv_2203.08088.pdf,17462103,cached,,44,113353,21686,20042,1579,136538,2576.2045454545455,492.8636363636364,455.5,pdftotext
arxiv:2203.08094,2203.08094,The Physics Case for a Neutrino Factory,https://www.slac.stanford.edu/econf/C210711/papers/2203.08094.pdf,https://www.slac.stanford.edu/econf/C210711/papers/2203.08094.pdf,official SLAC eConf,tmp/pdfs/snowmass2021/arxiv_2203.08094.pdf,573978,cached,,32,54210,10497,9554,850,64962,1694.0625,328.03125,298.5625,pdftotext
arxiv:2203.08096,2203.08096,High-Energy and Ultra-High-Energy Neutrinos,https://www.slac.stanford.edu/econf/C210711/papers/2203.08096.pdf,https://www.slac.stanford.edu/econf/C210711/papers/2203.08096.pdf,official SLAC eConf,tmp/pdfs/snowmass2021/arxiv_2203.08096.pdf,32399730,cached,,98,309174,56284,48616,7299,365294,3154.8367346938776,574.3265306122449,496.0816326530612,pdftotext
arxiv:2203.08102,2203.08102,SBN-BD: O(10 GeV) Proton Beam Dump at Fermilab's PIP-II Linac,https://www.slac.stanford.edu/econf/C210711/papers/2203.08102.pdf,https://www.slac.stanford.edu/econf/C210711/papers/2203.08102.pdf,official SLAC eConf,tmp/pdfs/snowmass2021/arxiv_2203.08102.pdf,366984,cached,,6,14355,2866,2500,382,17261,2392.5,477.6666666666667,416.6666666666667,pdftotext
arxiv:2203.08103,2203.08103,Electric Dipole Moments and the Search for New Physics,https://www.slac.stanford.edu/econf/C210711/papers/2203.08103.pdf,https://www.slac.stanford.edu/econf/C210711/papers/2203.08103.pdf,official SLAC eConf,tmp/pdfs/snowmass2021/arxiv_2203.08103.pdf,1436671,cached,,60,177058,34861,31438,3321,211523,2950.9666666666667,581.0166666666667,523.9666666666667,pdftotext
arxiv:2203.08106,2203.08106,Broader Impact of Cyclotron-based Neutrino Sources,https://www.slac.stanford.edu/econf/C210711/papers/2203.08106.pdf,https://www.slac.stanford.edu/econf/C210711/papers/2203.08106.pdf,official SLAC eConf,tmp/pdfs/snowmass2021/arxiv_2203.08106.pdf,1312667,cached,,5,9279,1739,1539,221,10975,1855.8,347.8,307.8,pdftotext
arxiv:2203.08107,2203.08107,Simplified Dark Matter Models with Charged Mediators,https://www.slac.stanford.edu/econf/C210711/papers/2203.08107.pdf,https://www.slac.stanford.edu/econf/C210711/papers/2203.08107.pdf,official SLAC eConf,tmp/pdfs/snowmass2021/arxiv_2203.08107.pdf,3606319,cached,,29,61053,12677,11050,1625,74405,2105.2758620689656,437.13793103448273,381.0344827586207,pdftotext
arxiv:2203.08113,2203.08113,Data Preservation for Cosmology,https://www.slac.stanford.edu/econf/C210711/papers/2203.08113.pdf,https://www.slac.stanford.edu/econf/C210711/papers/2203.08113.pdf,official SLAC eConf,tmp/pdfs/snowmass2021/arxiv_2203.08113.pdf,101776,cached,,8,16218,2943,2802,172,19095,2027.25,367.875,350.25,pdftotext
arxiv:2203.08117,2203.08117,The Numerical Conformal Bootstrap,https://www.slac.stanford.edu/econf/C210711/papers/2203.08117.pdf,https://www.slac.stanford.edu/econf/C210711/papers/2203.08117.pdf,official SLAC eConf,tmp/pdfs/snowmass2021/arxiv_2203.08117.pdf,343544,cached,,25,58228,10804,9458,1310,68961,2329.12,432.16,378.32,pdftotext
arxiv:2203.08121,2203.08121,The Cosmological Bootstrap,https://www.slac.stanford.edu/econf/C210711/papers/2203.08121.pdf,https://www.slac.stanford.edu/econf/C210711/papers/2203.08121.pdf,official SLAC eConf,tmp/pdfs/snowmass2021/arxiv_2203.08121.pdf,1911522,cached,,52,131004,24596,21560,2675,155476,2519.3076923076924,473.0,414.61538461538464,pdftotext
arxiv:2203.08126,2203.08126,Recent Progress and Next Steps for the MATHUSLA LLP Detector,https://www.slac.stanford.edu/econf/C210711/papers/2203.08126.pdf,https://www.slac.stanford.edu/econf/C210711/papers/2203.08126.pdf,official SLAC eConf,tmp/pdfs/snowmass2021/arxiv_2203.08126.pdf,6360080,cached,,21,34049,6701,5855,857,40643,1621.3809523809523,319.0952380952381,278.8095238095238,pdftotext
arxiv:2203.08127,2203.08127,Directly Probing the CP-Structure of the Higgs-Top Yukawa at HL-LHC and Future Colliders,https://www.slac.stanford.edu/econf/C210711/papers/2203.08127.pdf,https://www.slac.stanford.edu/econf/C210711/papers/2203.08127.pdf,official SLAC eConf,tmp/pdfs/snowmass2021/arxiv_2203.08127.pdf,1414129,cached,,12,22482,4895,3952,697,27454,1873.5,407.9166666666667,329.3333333333333,pdftotext
arxiv:2203.08128,2203.08128,Inflation: Theory and Observations,https://www.slac.stanford.edu/econf/C210711/papers/2203.08128.pdf,https://www.slac.stanford.edu/econf/C210711/papers/2203.08128.pdf,official SLAC eConf,tmp/pdfs/snowmass2021/arxiv_2203.08128.pdf,2296515,cached,,103,254677,45638,39377,5007,299693,2472.5922330097087,443.0873786407767,382.3009708737864,pdftotext
arxiv:2203.08129,2203.08129,"Forward Physics, BFKL, Saturation Physics and Diffraction",https://www.slac.stanford.edu/econf/C210711/papers/2203.08129.pdf,https://www.slac.stanford.edu/econf/C210711/papers/2203.08129.pdf,official SLAC eConf,tmp/pdfs/snowmass2021/arxiv_2203.08129.pdf,6704639,cached,,77,219239,43106,37268,5372,261940,2847.2597402597403,559.8181818181819,484.0,pdftotext
arxiv:2203.08132,2203.08132,Hybrid Conformal REBCO Dipole for a Next Hadron Collider,https://www.slac.stanford.edu/econf/C210711/papers/2203.08132.pdf,https://www.slac.stanford.edu/econf/C210711/papers/2203.08132.pdf,official SLAC eConf,tmp/pdfs/snowmass2021/arxiv_2203.08132.pdf,3365056,cached,,10,21288,4348,4012,362,25718,2128.8,434.8,401.2,pdftotext
arxiv:2203.08135,2203.08135,Anomalous Quartic Gauge Couplings at a Muon Collider,https://www.slac.stanford.edu/econf/C210711/papers/2203.08135.pdf,https://www.slac.stanford.edu/econf/C210711/papers/2203.08135.pdf,official SLAC eConf,tmp/pdfs/snowmass2021/arxiv_2203.08135.pdf,309640,cached,,11,17041,3477,2941,512,20531,1549.1818181818182,316.09090909090907,267.3636363636364,pdftotext
arxiv:2203.08139,2203.08139,Numerical Relativity for Next-Generation Gravitational-Wave Probes of Fundamental Physics,https://www.slac.stanford.edu/econf/C210711/papers/2203.08139.pdf,https://www.slac.stanford.edu/econf/C210711/papers/2203.08139.pdf,official SLAC eConf,tmp/pdfs/snowmass2021/arxiv_2203.08139.pdf,737358,cached,,35,86602,14640,13108,1674,100405,2474.342857142857,418.2857142857143,374.51428571428573,pdftotext
arxiv:2203.08192,2203.08192,Current Status and Future Prospects for the Light Dark Matter eXperiment (LDMX),https://www.slac.stanford.edu/econf/C210711/papers/2203.08192.pdf,https://www.slac.stanford.edu/econf/C210711/papers/2203.08192.pdf,official SLAC eConf,tmp/pdfs/snowmass2021/arxiv_2203.08192.pdf,9283857,cached,,26,68942,13224,12153,1215,82372,2651.6153846153848,508.61538461538464,467.4230769230769,pdftotext
arxiv:2203.08206,2203.08206,Probing the Electroweak Phase Transition with Exotic Higgs Decays,https://www.slac.stanford.edu/econf/C210711/papers/2203.08206.pdf,https://www.slac.stanford.edu/econf/C210711/papers/2203.08206.pdf,official SLAC eConf,tmp/pdfs/snowmass2021/arxiv_2203.08206.pdf,1815654,cached,,13,43239,6122,7138,2384,49079,3326.076923076923,470.9230769230769,549.0769230769231,pdftotext
arxiv:2203.08208,2203.08208,Need for Amplitude Analysis in the Discovery of New Hadrons,https://www.slac.stanford.edu/econf/C210711/papers/2203.08208.pdf,https://www.slac.stanford.edu/econf/C210711/papers/2203.08208.pdf,official SLAC eConf,tmp/pdfs/snowmass2021/arxiv_2203.08208.pdf,2287319,cached,,15,53778,10615,8932,1637,63753,3585.2,707.6666666666666,595.4666666666667,pdftotext
arxiv:2203.08210,2203.08210,A Short Overview on Low Mass Scalars at Future Lepton Colliders,https://www.slac.stanford.edu/econf/C210711/papers/2203.08210.pdf,https://www.slac.stanford.edu/econf/C210711/papers/2203.08210.pdf,official SLAC eConf,tmp/pdfs/snowmass2021/arxiv_2203.08210.pdf,5970610,cached,,19,25124,5432,4424,931,30912,1322.3157894736842,285.89473684210526,232.8421052631579,pdftotext
arxiv:2203.08211,2203.08211,Higgs-Energy LEptoN (HELEN) Collider Based on Advanced Superconducting Radio Frequency Technology,https://www.slac.stanford.edu/econf/C210711/papers/2203.08211.pdf,https://www.slac.stanford.edu/econf/C210711/papers/2203.08211.pdf,official SLAC eConf,tmp/pdfs/snowmass2021/arxiv_2203.08211.pdf,6526103,cached,,25,56448,11031,9819,1187,67577,2257.92,441.24,392.76,pdftotext
arxiv:2203.08228,2203.08228,Future Gravitational-Wave Detector Facilities,https://www.slac.stanford.edu/econf/C210711/papers/2203.08228.pdf,https://www.slac.stanford.edu/econf/C210711/papers/2203.08228.pdf,official SLAC eConf,tmp/pdfs/snowmass2021/arxiv_2203.08228.pdf,1088409,cached,,31,89270,15722,14431,1310,104809,2879.6774193548385,507.16129032258067,465.51612903225805,pdftotext
arxiv:2203.08232,2203.08232,Effective Field Theories in Cosmology,https://www.slac.stanford.edu/econf/C210711/papers/2203.08232.pdf,https://www.slac.stanford.edu/econf/C210711/papers/2203.08232.pdf,official SLAC eConf,tmp/pdfs/snowmass2021/arxiv_2203.08232.pdf,4623961,cached,,68,154298,28061,26290,6087,181997,2269.0882352941176,412.6617647058824,386.61764705882354,pdftotext
arxiv:2203.08239,2203.08239,Irradiation Facilities and Irradiation Methods for High Power Target,https://www.slac.stanford.edu/econf/C210711/papers/2203.08239.pdf,https://www.slac.stanford.edu/econf/C210711/papers/2203.08239.pdf,official SLAC eConf,tmp/pdfs/snowmass2021/arxiv_2203.08239.pdf,468243,cached,,21,58392,10384,9728,718,68654,2780.5714285714284,494.4761904761905,463.23809523809524,pdftotext
arxiv:2203.08270,2203.08270,Prospects for Searches for Higgs Boson Decays to Dark Photons at the ILC,https://www.slac.stanford.edu/econf/C210711/papers/2203.08270.pdf,https://www.slac.stanford.edu/econf/C210711/papers/2203.08270.pdf,official SLAC eConf,tmp/pdfs/snowmass2021/arxiv_2203.08270.pdf,702668,cached,,20,34978,7814,6059,1518,43061,1748.9,390.7,302.95,pdftotext
arxiv:2203.08271,2203.08271,The Strong Coupling Constant: State of the Art and the Decade Ahead,https://www.slac.stanford.edu/econf/C210711/papers/2203.08271.pdf,https://www.slac.stanford.edu/econf/C210711/papers/2203.08271.pdf,official SLAC eConf,tmp/pdfs/snowmass2021/arxiv_2203.08271.pdf,4129343,cached,,131,459869,94389,82490,12140,556104,3510.4503816793895,720.5267175572519,629.6946564885496,pdftotext
arxiv:2203.08275,2203.08275,Continuous and Coordinated Efforts of Structure Wakefield Acceleration (SWFA) Development for an Energy Frontier Machine,https://www.slac.stanford.edu/econf/C210711/papers/2203.08275.pdf,https://www.slac.stanford.edu/econf/C210711/papers/2203.08275.pdf,official SLAC eConf,tmp/pdfs/snowmass2021/arxiv_2203.08275.pdf,1265807,cached,,17,37266,6768,6341,479,43933,2192.1176470588234,398.11764705882354,373.0,pdftotext
arxiv:2203.08276,2203.08276,Design Considerations for Fermilab Multi-MW Proton Facility in the DUNE/LBNF Era,https://www.slac.stanford.edu/econf/C210711/papers/2203.08276.pdf,https://www.slac.stanford.edu/econf/C210711/papers/2203.08276.pdf,official SLAC eConf,tmp/pdfs/snowmass2021/arxiv_2203.08276.pdf,304727,cached,,13,27281,5173,4799,417,32374,2098.5384615384614,397.9230769230769,369.15384615384613,pdftotext
arxiv:2203.08278,2203.08278,A New Charged Lepton Flavor Violation Program at Fermilab,https://www.slac.stanford.edu/econf/C210711/papers/2203.08278.pdf,https://www.slac.stanford.edu/econf/C210711/papers/2203.08278.pdf,official SLAC eConf,tmp/pdfs/snowmass2021/arxiv_2203.08278.pdf,3657617,cached,,25,61580,12142,11043,1072,73610,2463.2,485.68,441.72,pdftotext
arxiv:2203.08280,2203.08280,Data Transfer and Network Services Management for Domain Science Workflows,https://www.slac.stanford.edu/econf/C210711/papers/2203.08280.pdf,https://www.slac.stanford.edu/econf/C210711/papers/2203.08280.pdf,official SLAC eConf,tmp/pdfs/snowmass2021/arxiv_2203.08280.pdf,351775,cached,,13,27253,5161,5052,139,32464,2096.3846153846152,397.0,388.61538461538464,pdftotext
arxiv:2203.08290,2203.08290,Hadron Spectroscopy in Photoproduction,https://www.slac.stanford.edu/econf/C210711/papers/2203.08290.pdf,https://www.slac.stanford.edu/econf/C210711/papers/2203.08290.pdf,official SLAC eConf,tmp/pdfs/snowmass2021/arxiv_2203.08290.pdf,670617,cached,,14,32304,6271,5493,703,38560,2307.4285714285716,447.92857142857144,392.35714285714283,pdftotext
arxiv:2203.08293,2203.08293,The Sanford Underground Research Facility,https://www.slac.stanford.edu/econf/C210711/papers/2203.08293,https://arxiv.org/pdf/2203.08293.pdf,arXiv fallback,tmp/pdfs/snowmass2021/arxiv_2203.08293.pdf,996626,cached_fallback,,17,35711,6562,5575,970,42332,2100.6470588235293,386.0,327.94117647058823,pdftotext
arxiv:2203.08297,2203.08297,The Landscape of Low-Threshold Dark Matter Direct Detection in the Next Decade,https://www.slac.stanford.edu/econf/C210711/papers/2203.08297.pdf,https://www.slac.stanford.edu/econf/C210711/papers/2203.08297.pdf,official SLAC eConf,tmp/pdfs/snowmass2021/arxiv_2203.08297.pdf,3089346,cached,,47,117359,21621,18541,2925,138893,2497.0,460.02127659574467,394.48936170212767,pdftotext
arxiv:2203.08309,2203.08309,Fiber-Optic Diagnostic System for Future Accelerator Magnets,https://www.slac.stanford.edu/econf/C210711/papers/2203.08309.pdf,https://www.slac.stanford.edu/econf/C210711/papers/2203.08309.pdf,official SLAC eConf,tmp/pdfs/snowmass2021/arxiv_2203.08309.pdf,471585,cached,,7,17710,3300,3097,265,20980,2530.0,471.42857142857144,442.42857142857144,pdftotext
arxiv:2203.08310,2203.08310,Future Circular Lepton Collider FCC-ee: Overview and Status,https://www.slac.stanford.edu/econf/C210711/papers/2203.08310.pdf,https://www.slac.stanford.edu/econf/C210711/papers/2203.08310.pdf,official SLAC eConf,tmp/pdfs/snowmass2021/arxiv_2203.08310.pdf,3499922,cached,,15,28335,5508,4785,616,33762,1889.0,367.2,319.0,pdftotext
arxiv:2203.08315,2203.08315,Challenges and Opportunities of SRF Theory for Next Generation Particle Accelerators,https://www.slac.stanford.edu/econf/C210711/papers/2203.08315.pdf,https://www.slac.stanford.edu/econf/C210711/papers/2203.08315.pdf,official SLAC eConf,tmp/pdfs/snowmass2021/arxiv_2203.08315.pdf,321626,cached,,13,39741,7390,6461,554,47214,3057.0,568.4615384615385,497.0,pdftotext
arxiv:2203.08319,2203.08319,Enhanced NeUtrino BEams from kaon Tagging (ENUBET),https://www.slac.stanford.edu/econf/C210711/papers/2203.08319.pdf,https://www.slac.stanford.edu/econf/C210711/papers/2203.08319.pdf,official SLAC eConf,tmp/pdfs/snowmass2021/arxiv_2203.08319.pdf,13942451,cached,,52,94803,18758,16863,1817,114653,1823.1346153846155,360.7307692307692,324.28846153846155,pdftotext
arxiv:2203.08324,2203.08324,The Heavy Photon Search Experiment,https://www.slac.stanford.edu/econf/C210711/papers/2203.08324.pdf,https://www.slac.stanford.edu/econf/C210711/papers/2203.08324.pdf,official SLAC eConf,tmp/pdfs/snowmass2021/arxiv_2203.08324.pdf,14187040,cached,,17,36376,7075,6513,699,43502,2139.764705882353,416.1764705882353,383.11764705882354,pdftotext
arxiv:2203.08330,2203.08330,Expected Sensitivity to Invisible Higgs Boson Decays at the ILC with the SiD Detector,https://www.slac.stanford.edu/econf/C210711/papers/2203.08330.pdf,https://www.slac.stanford.edu/econf/C210711/papers/2203.08330.pdf,official SLAC eConf,tmp/pdfs/snowmass2021/arxiv_2203.08330.pdf,36199753,cached,,25,45049,9847,7832,1703,55061,1801.96,393.88,313.28,pdftotext
arxiv:2203.08335,2203.08335,Accelerator Modeling Community White Paper,https://www.slac.stanford.edu/econf/C210711/papers/2203.08335.pdf,https://www.slac.stanford.edu/econf/C210711/papers/2203.08335.pdf,official SLAC eConf,tmp/pdfs/snowmass2021/arxiv_2203.08335.pdf,1377378,cached,,62,181669,30335,27723,2592,211254,2930.1451612903224,489.2741935483871,447.14516129032256,pdftotext
arxiv:2203.08338,2203.08338,Dark-matter And Neutrino Computation Explored (DANCE) Community Input to Snowmass,https://www.slac.stanford.edu/econf/C210711/papers/2203.08338.pdf,https://www.slac.stanford.edu/econf/C210711/papers/2203.08338.pdf,official SLAC eConf,tmp/pdfs/snowmass2021/arxiv_2203.08338.pdf,3729117,cached,,33,75462,13232,12550,706,88663,2286.7272727272725,400.969696969697,380.3030303030303,pdftotext
arxiv:2203.08347,2203.08347,Sensitivity to Decays of Long-Lived Dark Photons at the ILC,https://www.slac.stanford.edu/econf/C210711/papers/2203.08347pdf,https://arxiv.org/pdf/2203.08347.pdf,arXiv fallback,tmp/pdfs/snowmass2021/arxiv_2203.08347.pdf,7334338,cached_fallback,,13,38405,8231,7005,1198,46966,2954.230769230769,633.1538461538462,538.8461538461538,pdftotext
arxiv:2203.08353,2203.08353,High Energy & High Luminosity γγ Colliders,https://www.slac.stanford.edu/econf/C210711/papers/2203.08353.pdf,https://www.slac.stanford.edu/econf/C210711/papers/2203.08353.pdf,official SLAC eConf,tmp/pdfs/snowmass2021/arxiv_2203.08353.pdf,523278,cached,,13,27252,5737,5092,536,32927,2096.3076923076924,441.3076923076923,391.6923076923077,pdftotext
arxiv:2203.08357,2203.08357,Novel Materials and Concepts for Next-Generation High Power Target Applications,https://www.slac.stanford.edu/econf/C210711/papers/2203.08357.pdf,https://www.slac.stanford.edu/econf/C210711/papers/2203.08357.pdf,official SLAC eConf,tmp/pdfs/snowmass2021/arxiv_2203.08357.pdf,198923,cached,,15,53834,9526,9073,621,63353,3588.9333333333334,635.0666666666667,604.8666666666667,pdftotext
arxiv:2203.08366,2203.08366,Linear Collider Based on Laser-Plasma Accelerators,https://www.slac.stanford.edu/econf/C210711/papers/2203.08366.pdf,https://www.slac.stanford.edu/econf/C210711/papers/2203.08366.pdf,official SLAC eConf,tmp/pdfs/snowmass2021/arxiv_2203.08366.pdf,2391813,cached,,19,80326,14838,13774,1057,95054,4227.684210526316,780.9473684210526,724.9473684210526,pdftotext
arxiv:2203.08374,2203.08374,Advanced RF Structures for Wakefield Acceleration and High-Gradient Research,https://www.slac.stanford.edu/econf/C210711/papers/2203.08374.pdf,https://www.slac.stanford.edu/econf/C210711/papers/2203.08374.pdf,official SLAC eConf,tmp/pdfs/snowmass2021/arxiv_2203.08374.pdf,829765,cached,,12,28172,4648,4255,400,32864,2347.6666666666665,387.3333333333333,354.5833333333333,pdftotext
arxiv:2203.08379,2203.08379,Plasma-Based Particle Sources,https://www.slac.stanford.edu/econf/C210711/papers/2203.08379.pdf,https://www.slac.stanford.edu/econf/C210711/papers/2203.08379.pdf,official SLAC eConf,tmp/pdfs/snowmass2021/arxiv_2203.08379.pdf,1118106,cached,,28,50507,9040,8438,601,59562,1803.8214285714287,322.85714285714283,301.35714285714283,pdftotext
arxiv:2203.08386,2203.08386,Toward CUPID-1T,https://www.slac.stanford.edu/econf/C210711/papers/2203.08386.pdf,https://www.slac.stanford.edu/econf/C210711/papers/2203.08386.pdf,official SLAC eConf,tmp/pdfs/snowmass2021/arxiv_2203.08386.pdf,6078354,cached,,58,145494,26773,24055,2960,171715,2508.5172413793102,461.6034482758621,414.7413793103448,pdftotext
arxiv:2203.08425,2203.08425,Advanced Accelerator Linear Collider Demonstration Facility at Intermediate Energy,https://www.slac.stanford.edu/econf/C210711/papers/2203.08425.pdf,https://www.slac.stanford.edu/econf/C210711/papers/2203.08425.pdf,official SLAC eConf,tmp/pdfs/snowmass2021/arxiv_2203.08425.pdf,1719138,cached,,10,35394,6809,6138,662,42294,3539.4,680.9,613.8,pdftotext
arxiv:2203.08427,2203.08427,Laser Manipulation of H- Beams,https://www.slac.stanford.edu/econf/C210711/papers/2203.08427.pdf,https://www.slac.stanford.edu/econf/C210711/papers/2203.08427.pdf,official SLAC eConf,tmp/pdfs/snowmass2021/arxiv_2203.08427.pdf,208671,cached,,2,7179,1287,1192,110,8447,3589.5,643.5,596.0,pdftotext
arxiv:2203.08463,2203.08463,A Strategy for Low-Mass Dark Matter Searches with Cryogenic Detectors in the SuperCDMS SNOLAB Facility,https://www.slac.stanford.edu/econf/C210711/papers/2203.08463.pdf,https://www.slac.stanford.edu/econf/C210711/papers/2203.08463.pdf,official SLAC eConf,tmp/pdfs/snowmass2021/arxiv_2203.08463.pdf,8451387,cached,,58,199920,37881,34404,4230,239786,3446.896551724138,653.1206896551724,593.1724137931035,pdftotext
arxiv:2203.08484,2203.08484,XCC: An X-ray FEL-Based γγ Collider Higgs Factory,https://www.slac.stanford.edu/econf/C210711/papers/2203.08484.pdf,https://www.slac.stanford.edu/econf/C210711/papers/2203.08484.pdf,official SLAC eConf,tmp/pdfs/snowmass2021/arxiv_2203.08484.pdf,3582798,cached,,29,47260,10308,8465,1401,58394,1629.655172413793,355.44827586206895,291.8965517241379,pdftotext
arxiv:2203.08554,2203.08554,Fast Timing With Silicon Carbide Low Gain Avalanche Detectors,https://www.slac.stanford.edu/econf/C210711/papers/2203.08554.pdf,https://www.slac.stanford.edu/econf/C210711/papers/2203.08554.pdf,official SLAC eConf,tmp/pdfs/snowmass2021/arxiv_2203.08554.pdf,653386,cached,,4,8965,1643,1590,96,10575,2241.25,410.75,397.5,pdftotext
arxiv:2203.08631,2203.08631,Lifestyle and Personal Wellness in Particle Physics Research Activities,https://www.slac.stanford.edu/econf/C210711/papers/2203.08631.pdf,https://www.slac.stanford.edu/econf/C210711/papers/2203.08631.pdf,official SLAC eConf,tmp/pdfs/snowmass2021/arxiv_2203.08631.pdf,246756,cached,,20,49690,9139,9018,126,59182,2484.5,456.95,450.9,pdftotext
arxiv:2203.08736,2203.08736,REBCO – a Silver Bullet for our Next High-Field Magnet and Collider Budget?,https://www.slac.stanford.edu/econf/C210711/papers/2203.08736.pdf,https://www.slac.stanford.edu/econf/C210711/papers/2203.08736.pdf,official SLAC eConf,tmp/pdfs/snowmass2021/arxiv_2203.08736.pdf,535914,cached,,22,44704,8449,7697,815,52839,2032.0,384.04545454545456,349.8636363636364,pdftotext
arxiv:2203.08748,2203.08748,Accessibility in High Energy Physics: Lessons from the Snowmass Process,https://www.slac.stanford.edu/econf/C210711/papers/2203.08748.pdf,https://www.slac.stanford.edu/econf/C210711/papers/2203.08748.pdf,official SLAC eConf,tmp/pdfs/snowmass2021/arxiv_2203.08748.pdf,2005181,cached,,83,118190,22699,21353,1369,141988,1423.9759036144578,273.48192771084337,257.26506024096386,pdftotext
arxiv:2203.08750,2203.08750,Common Coil Dipole for High Field Magnet Design and R&D,https://www.slac.stanford.edu/econf/C210711/papers/2203.08750.pdf,https://www.slac.stanford.edu/econf/C210711/papers/2203.08750.pdf,official SLAC eConf,tmp/pdfs/snowmass2021/arxiv_2203.08750.pdf,1405027,cached,,10,16100,3188,2985,274,19283,1610.0,318.8,298.5,pdftotext
arxiv:2203.08771,2203.08771,Searches for Baryon Number Violation in Neutrino Experiments,https://www.slac.stanford.edu/econf/C210711/papers/2203.08771.pdf,https://www.slac.stanford.edu/econf/C210711/papers/2203.08771.pdf,official SLAC eConf,tmp/pdfs/snowmass2021/arxiv_2203.08771.pdf,5078196,cached,,73,194633,38008,32203,5183,233051,2666.205479452055,520.6575342465753,441.13698630136986,pdftotext
arxiv:2203.08779,2203.08779,The Selena Neutrino Experiment,https://www.slac.stanford.edu/econf/C210711/papers/2203.08779.pdf,https://www.slac.stanford.edu/econf/C210711/papers/2203.08779.pdf,official SLAC eConf,tmp/pdfs/snowmass2021/arxiv_2203.08779.pdf,2103462,cached,,15,36672,7306,6482,813,44092,2444.8,487.06666666666666,432.1333333333333,pdftotext
arxiv:2203.08803,2203.08803,The European Spallation Source Neutrino Super Beam,https://www.slac.stanford.edu/econf/C210711/papers/2203.08803.pdf,https://www.slac.stanford.edu/econf/C210711/papers/2203.08803.pdf,official SLAC eConf,tmp/pdfs/snowmass2021/arxiv_2203.08803.pdf,4864271,cached,,24,59055,12050,10439,1390,71926,2460.625,502.0833333333333,434.9583333333333,pdftotext
arxiv:2203.08804,2203.08804,IsoDAR Overview,https://www.slac.stanford.edu/econf/C210711/papers/2203.08804.pdf,https://www.slac.stanford.edu/econf/C210711/papers/2203.08804.pdf,official SLAC eConf,tmp/pdfs/snowmass2021/arxiv_2203.08804.pdf,75508,cached,,4,8960,1548,1382,193,10474,2240.0,387.0,345.5,pdftotext
arxiv:2203.08805,2203.08805,Quantum Computing for Data Analysis in High-Energy Physics,https://www.slac.stanford.edu/econf/C210711/papers/2203.08805.pdf,https://www.slac.stanford.edu/econf/C210711/papers/2203.08805.pdf,official SLAC eConf,tmp/pdfs/snowmass2021/arxiv_2203.08805.pdf,1099338,cached,,23,101529,18101,17083,1023,119603,4414.304347826087,787.0,742.7391304347826,pdftotext
arxiv:2203.08806,2203.08806,New Directions for Surrogate Models and Differentiable Programming for High Energy Physics Detector Simulation,https://www.slac.stanford.edu/econf/C210711/papers/2203.08806.pdf,https://www.slac.stanford.edu/econf/C210711/papers/2203.08806.pdf,official SLAC eConf,tmp/pdfs/snowmass2021/arxiv_2203.08806.pdf,1599734,cached,,25,56456,9979,8669,1325,65973,2258.24,399.16,346.76,pdftotext
arxiv:2203.08809,2203.08809,"Broadening the Scope of Education, Career and Open Science in HEP",https://www.slac.stanford.edu/econf/C210711/papers/2203.08809.pdf,https://www.slac.stanford.edu/econf/C210711/papers/2203.08809.pdf,official SLAC eConf,tmp/pdfs/snowmass2021/arxiv_2203.08809.pdf,1869468,cached,,11,32917,5819,5627,227,38575,2992.4545454545455,529.0,511.54545454545456,pdftotext
arxiv:2203.08811,2203.08811,Analysis Cyberinfrastructure: Challenges and Opportunities,https://www.slac.stanford.edu/econf/C210711/papers/2203.08811.pdf,https://www.slac.stanford.edu/econf/C210711/papers/2203.08811.pdf,official SLAC eConf,tmp/pdfs/snowmass2021/arxiv_2203.08811.pdf,850051,cached,,14,34271,6441,6189,257,40684,2447.9285714285716,460.07142857142856,442.07142857142856,pdftotext
arxiv:2203.08821,2203.08821,Low Background kTon-Scale Liquid Argon Time Projection Chambers,https://www.slac.stanford.edu/econf/C210711/papers/2203.08821.pdf,https://www.slac.stanford.edu/econf/C210711/papers/2203.08821.pdf,official SLAC eConf,tmp/pdfs/snowmass2021/arxiv_2203.08821.pdf,6207110,cached,,39,96827,19402,17921,1575,116196,2482.74358974359,497.4871794871795,459.5128205128205,pdftotext
arxiv:2203.08861,2203.08861,Towards an HPC Complementary Computing Facility,https://www.slac.stanford.edu/econf/C210711/papers/2203.08861.pdf,https://www.slac.stanford.edu/econf/C210711/papers/2203.08861.pdf,official SLAC eConf,tmp/pdfs/snowmass2021/arxiv_2203.08861.pdf,52781,cached,,4,7260,1357,1309,49,8631,1815.0,339.25,327.25,pdftotext
arxiv:2203.08869,2203.08869,Advancing Superconducting Magnet Diagnostics for Future Colliders,https://www.slac.stanford.edu/econf/C210711/papers/2203.08869.pdf,https://www.slac.stanford.edu/econf/C210711/papers/2203.08869.pdf,official SLAC eConf,tmp/pdfs/snowmass2021/arxiv_2203.08869.pdf,3592415,cached,,13,36080,6125,5725,451,42210,2775.3846153846152,471.15384615384613,440.38461538461536,pdftotext
arxiv:2203.08871,2203.08871,Understanding Training in Superconducting Accelerator Magnets using Acoustic Emission Diagnostics,https://www.slac.stanford.edu/econf/C210711/papers/2203.08871.pdf,https://www.slac.stanford.edu/econf/C210711/papers/2203.08871.pdf,official SLAC eConf,tmp/pdfs/snowmass2021/arxiv_2203.08871.pdf,563071,cached,,7,17142,3019,2816,234,20108,2448.8571428571427,431.2857142857143,402.2857142857143,pdftotext
arxiv:2203.08874,2203.08874,Prospects for the Measurement of the Standard Model Higgs Pair Production at the Muon Colliders,https://www.slac.stanford.edu/econf/C210711/papers/2203.08874.pdf,https://www.slac.stanford.edu/econf/C210711/papers/2203.08874.pdf,official SLAC eConf,tmp/pdfs/snowmass2021/arxiv_2203.08874.pdf,4203863,cached,,28,28802,6116,5122,732,35084,1028.642857142857,218.42857142857142,182.92857142857142,pdftotext
arxiv:2203.08916,2203.08916,The Need for Structural Changes to Create Impactful Public Engagement in US Particle Physics,https://www.slac.stanford.edu/econf/C210711/papers/2203.08916.pdf,https://www.slac.stanford.edu/econf/C210711/papers/2203.08916.pdf,official SLAC eConf,tmp/pdfs/snowmass2021/arxiv_2203.08916.pdf,175665,cached,,22,46548,7950,7830,100,54609,2115.818181818182,361.3636363636364,355.90909090909093,pdftotext
arxiv:2203.08919,2203.08919,"Strategies in Education, Outreach, and Inclusion to Enhance the US Workforce in Accelerator Science and Engineering",https://www.slac.stanford.edu/econf/C210711/papers/2203.08919.pdf,https://www.slac.stanford.edu/econf/C210711/papers/2203.08919.pdf,official SLAC eConf,tmp/pdfs/snowmass2021/arxiv_2203.08919.pdf,391726,cached,,14,56961,9930,9686,367,66642,4068.6428571428573,709.2857142857143,691.8571428571429,pdftotext
arxiv:2203.08967,2203.08967,Primordial Black Hole Dark Matter,https://www.slac.stanford.edu/econf/C210711/papers/2203.08967.pdf,https://www.slac.stanford.edu/econf/C210711/papers/2203.08967.pdf,official SLAC eConf,tmp/pdfs/snowmass2021/arxiv_2203.08967.pdf,1559120,cached,,40,90812,17035,14995,1877,107484,2270.3,425.875,374.875,pdftotext
arxiv:2203.08969,2203.08969,Deep learning applications for quality control in particle detector construction,https://www.slac.stanford.edu/econf/C210711/papers/2203.08969.pdf,https://www.slac.stanford.edu/econf/C210711/papers/2203.08969.pdf,official SLAC eConf,tmp/pdfs/snowmass2021/arxiv_2203.08969.pdf,12914151,cached,,13,23124,4363,4008,307,27402,1778.7692307692307,335.61538461538464,308.3076923076923,pdftotext
arxiv:2203.08973,2203.08973,Big Industry Engagement to Benefit HEP: Microelectronics Support from Large CAD Companies,https://www.slac.stanford.edu/econf/C210711/papers/2203.08973.pdf,https://www.slac.stanford.edu/econf/C210711/papers/2203.08973.pdf,official SLAC eConf,tmp/pdfs/snowmass2021/arxiv_2203.08973.pdf,70536,cached,,7,12376,2055,1994,67,14577,1768.0,293.57142857142856,284.85714285714283,pdftotext
arxiv:2203.08981,2203.08981,Laser-Driven Structure-Based Accelerators,https://www.slac.stanford.edu/econf/C210711/papers/2203.08981.pdf,https://www.slac.stanford.edu/econf/C210711/papers/2203.08981.pdf,official SLAC eConf,tmp/pdfs/snowmass2021/arxiv_2203.08981.pdf,951975,cached,,22,70443,12628,11683,956,82939,3201.9545454545455,574.0,531.0454545454545,pdftotext
arxiv:2203.09010,2203.09010,"Solving Critical Problems of the Muon Collider Higgs Factory: Optics, Magnets and their Protection, Detector Backgrounds",https://www.slac.stanford.edu/econf/C210711/papers/2203.09010.pdf,https://www.slac.stanford.edu/econf/C210711/papers/2203.09010.pdf,official SLAC eConf,tmp/pdfs/snowmass2021/arxiv_2203.09010.pdf,513927,cached,,10,19425,4082,3706,424,23453,1942.5,408.2,370.6,pdftotext
arxiv:2203.09030,2203.09030,"Theoretical Tools for Neutrino Scattering: Interplay between Lattice QCD, EFTs, Nuclear Physics, Phenomenology, and Neutrino Event Generators",https://www.slac.stanford.edu/econf/C210711/papers/2203.09030.pdf,https://www.slac.stanford.edu/econf/C210711/papers/2203.09030.pdf,official SLAC eConf,tmp/pdfs/snowmass2021/arxiv_2203.09030.pdf,3815827,cached,,81,218146,41460,35784,5202,259693,2693.1604938271603,511.85185185185185,441.77777777777777,pdftotext
arxiv:2203.09076,2203.09076,C^3 Demonstration Research and Development Plan,https://www.slac.stanford.edu/econf/C210711/papers/2203.09076.pdf,https://www.slac.stanford.edu/econf/C210711/papers/2203.09076.pdf,official SLAC eConf,tmp/pdfs/snowmass2021/arxiv_2203.09076.pdf,27936718,cached,,52,117381,22047,20610,1647,140305,2257.326923076923,423.9807692307692,396.34615384615387,pdftotext
arxiv:2203.09094,2203.09094,Near Term Applications driven by Advanced Accelerator Concepts,https://www.slac.stanford.edu/econf/C210711/papers/2203.09094.pdf,https://www.slac.stanford.edu/econf/C210711/papers/2203.09094.pdf,official SLAC eConf,tmp/pdfs/snowmass2021/arxiv_2203.09094.pdf,1167406,cached,,32,79040,13992,12997,1082,93035,2470.0,437.25,406.15625,pdftotext
arxiv:2203.09186,2203.09186,The CLIC Project,https://www.slac.stanford.edu/econf/C210711/papers/2203.09186.pdf,https://www.slac.stanford.edu/econf/C210711/papers/2203.09186.pdf,official SLAC eConf,tmp/pdfs/snowmass2021/arxiv_2203.09186.pdf,17992778,cached,,38,117971,22664,20332,2496,140933,3104.5,596.421052631579,535.0526315789474,pdftotext
arxiv:2203.09198,2203.09198,"AWAKE, Plasma Wakefield Acceleration of Electron Bunches for Near and Long Term Particle Physics Applications",https://www.slac.stanford.edu/econf/C210711/papers/2203.09198.pdf,https://www.slac.stanford.edu/econf/C210711/papers/2203.09198.pdf,official SLAC eConf,tmp/pdfs/snowmass2021/arxiv_2203.09198.pdf,2298366,cached,,12,21809,4128,3764,400,25909,1817.4166666666667,344.0,313.6666666666667,pdftotext
arxiv:2203.09202,2203.09202,Performance of the LHC Injector Chain after the Upgrade and Potential Development,https://www.slac.stanford.edu/econf/C210711/papers/2203.09202.pdf,https://www.slac.stanford.edu/econf/C210711/papers/2203.09202.pdf,official SLAC eConf,tmp/pdfs/snowmass2021/arxiv_2203.09202.pdf,1556656,cached,,5,16341,3367,3104,246,19721,3268.2,673.4,620.8,pdftotext
arxiv:2203.09336,2203.09336,The Necessity of International Particle Physics Opportunities for American Education,https://www.slac.stanford.edu/econf/C210711/papers/2203.09336.pdf,https://www.slac.stanford.edu/econf/C210711/papers/2203.09336.pdf,official SLAC eConf,tmp/pdfs/snowmass2021/arxiv_2203.09336.pdf,604498,cached,,19,48194,8570,8320,300,56638,2536.5263157894738,451.05263157894734,437.89473684210526,pdftotext
arxiv:2203.09425,2203.09425,High Precision Higgs from High Energy Muon Colliders,https://www.slac.stanford.edu/econf/C210711/papers/2203.09425.pdf,https://www.slac.stanford.edu/econf/C210711/papers/2203.09425.pdf,official SLAC eConf,tmp/pdfs/snowmass2021/arxiv_2203.09425.pdf,868447,cached,,30,62976,13870,11444,1655,77644,2099.2,462.3333333333333,381.46666666666664,pdftotext
arxiv:2203.09451,2203.09451,Circular Electron Positron Collider (CEPC),https://www.slac.stanford.edu/econf/C210711/papers/2203.09451.pdf,https://www.slac.stanford.edu/econf/C210711/papers/2203.09451.pdf,official SLAC eConf,tmp/pdfs/snowmass2021/arxiv_2203.09451.pdf,3641648,cached,,48,82285,16505,14670,1687,98598,1714.2708333333333,343.8541666666667,305.625,pdftotext
arxiv:2203.09467,2203.09467,Celeritas: GPU-Accelerated Particle Transport for Detector Simulation in High Energy Physics Experiments,https://www.slac.stanford.edu/econf/C210711/papers/2203.09467.pdf,https://www.slac.stanford.edu/econf/C210711/papers/2203.09467.pdf,official SLAC eConf,tmp/pdfs/snowmass2021/arxiv_2203.09467.pdf,927424,cached,,22,53591,9488,8766,765,63030,2435.9545454545455,431.27272727272725,398.45454545454544,pdftotext
arxiv:2203.09488,2203.09488,Quantum Sensors for High Precision Measurements of Spin-dependent Interactions,https://www.slac.stanford.edu/econf/C210711/papers/2203.09488.pdf,https://www.slac.stanford.edu/econf/C210711/papers/2203.09488.pdf,official SLAC eConf,tmp/pdfs/snowmass2021/arxiv_2203.09488.pdf,4509995,cached,,42,95978,17786,16102,1794,113673,2285.190476190476,423.4761904761905,383.3809523809524,pdftotext
arxiv:2203.09503,2203.09503,"Theory, Phenomenology, and Experimental Avenues for Dark Showers",https://www.slac.stanford.edu/econf/C210711/papers/2203.09503.pdf,https://www.slac.stanford.edu/econf/C210711/papers/2203.09503.pdf,official SLAC eConf,tmp/pdfs/snowmass2021/arxiv_2203.09503.pdf,6966996,cached,,112,225556,50054,39371,8629,277968,2013.892857142857,446.9107142857143,351.5267857142857,pdftotext
arxiv:2203.09512,2203.09512,Higgs Coupling Sensitivities and Model-Independent Bounds on the Scale of New Physics,https://www.slac.stanford.edu/econf/C210711/papers/2203.09512.pdf,https://www.slac.stanford.edu/econf/C210711/papers/2203.09512.pdf,official SLAC eConf,tmp/pdfs/snowmass2021/arxiv_2203.09512.pdf,236961,cached,,6,8519,1886,1346,420,10727,1419.8333333333333,314.3333333333333,224.33333333333334,pdftotext
arxiv:2203.09524,2203.09524,On the Importance of Rare Kaon Decays,https://www.slac.stanford.edu/econf/C210711/papers/2203.09524.pdf,https://www.slac.stanford.edu/econf/C210711/papers/2203.09524.pdf,official SLAC eConf,tmp/pdfs/snowmass2021/arxiv_2203.09524.pdf,2559530,cached,,38,75576,17031,13137,2784,94137,1988.842105263158,448.1842105263158,345.7105263157895,pdftotext
arxiv:2203.09585,2203.09585,Particle Physics Outreach at Non-Traditional Venues,https://www.slac.stanford.edu/econf/C210711/papers/2203.09585.pdf,https://www.slac.stanford.edu/econf/C210711/papers/2203.09585.pdf,official SLAC eConf,tmp/pdfs/snowmass2021/arxiv_2203.09585.pdf,13126810,cached,,5,9184,1704,1625,97,10871,1836.8,340.8,325.0,pdftotext
arxiv:2203.09691,2203.09691,Precision Studies of Spacetime Symmetries and Gravitational Physics,https://www.slac.stanford.edu/econf/C210711/papers/2203.09691.pdf,https://www.slac.stanford.edu/econf/C210711/papers/2203.09691.pdf,official SLAC eConf,tmp/pdfs/snowmass2021/arxiv_2203.09691.pdf,2602106,cached,,55,123782,22456,19779,2542,146432,2250.581818181818,408.2909090909091,359.6181818181818,pdftotext
arxiv:2203.09718,2203.09718,An Impartial Perspective for Superconducting Nb3Sn coated Copper RF Cavities for Future Accelerators,https://www.slac.stanford.edu/econf/C210711/papers/2203.09718.pdf,https://www.slac.stanford.edu/econf/C210711/papers/2203.09718.pdf,official SLAC eConf,tmp/pdfs/snowmass2021/arxiv_2203.09718.pdf,697556,cached,,17,43485,8289,7834,707,51711,2557.9411764705883,487.5882352941176,460.8235294117647,pdftotext
arxiv:2203.09734,2203.09734,A Facility for Low-Radioactivity Underground Argon,https://www.slac.stanford.edu/econf/C210711/papers/2203.09734.pdf,https://www.slac.stanford.edu/econf/C210711/papers/2203.09734.pdf,official SLAC eConf,tmp/pdfs/snowmass2021/arxiv_2203.09734.pdf,284052,cached,,9,24774,4636,4367,464,29366,2752.6666666666665,515.1111111111111,485.22222222222223,pdftotext
arxiv:2203.09740,2203.09740,Simulations for the Development of Quantum Computational Devices for HEP,https://www.slac.stanford.edu/econf/C210711/papers/2203.09740.pdf,https://www.slac.stanford.edu/econf/C210711/papers/2203.09740.pdf,official SLAC eConf,tmp/pdfs/snowmass2021/arxiv_2203.09740.pdf,75790,cached,,4,7354,1309,1260,59,8629,1838.5,327.25,315.0,pdftotext
arxiv:2203.09886,2203.09886,Analysis Description Language: A DSL for HEP Analysis,https://www.slac.stanford.edu/econf/C210711/papers/2203.09886.pdf,https://www.slac.stanford.edu/econf/C210711/papers/2203.09886.pdf,official SLAC eConf,tmp/pdfs/snowmass2021/arxiv_2203.09886.pdf,150943,cached,,14,33871,6137,5899,276,39990,2419.3571428571427,438.35714285714283,421.35714285714283,pdftotext
arxiv:2203.09939,2203.09939,"Novel Low Workfunction Semiconductors for Calorimetry and Detection: High Energy, Dark Matter and Neutrino Phenomena",https://www.slac.stanford.edu/econf/C210711/papers/2203.09939.pdf,https://www.slac.stanford.edu/econf/C210711/papers/2203.09939.pdf,official SLAC eConf,tmp/pdfs/snowmass2021/arxiv_2203.09939.pdf,428032,cached,,14,34964,6817,6366,604,41584,2497.4285714285716,486.92857142857144,454.7142857142857,pdftotext
arxiv:2203.09941,2203.09941,Photomultipliers as High Rate Radiation-Resistant In-Situ Sensors in Future Experiments,https://www.slac.stanford.edu/econf/C210711/papers/2203.09941.pdf,https://www.slac.stanford.edu/econf/C210711/papers/2203.09941.pdf,official SLAC eConf,tmp/pdfs/snowmass2021/arxiv_2203.09941.pdf,839891,cached,,12,27226,5177,4805,480,32257,2268.8333333333335,431.4166666666667,400.4166666666667,pdftotext
arxiv:2203.09942,2203.09942,High Rate and High Precision Timing and Calorimeter Detectors,https://www.slac.stanford.edu/econf/C210711/papers/2203.09942.pdf,https://www.slac.stanford.edu/econf/C210711/papers/2203.09942.pdf,official SLAC eConf,tmp/pdfs/snowmass2021/arxiv_2203.09942.pdf,396901,cached,,10,16799,3324,3017,376,19980,1679.9,332.4,301.7,pdftotext
arxiv:2203.09944,2203.09944,Test Beam and Irradiation Facilities,https://www.slac.stanford.edu/econf/C210711/papers/2203.09944.pdf,https://www.slac.stanford.edu/econf/C210711/papers/2203.09944.pdf,official SLAC eConf,tmp/pdfs/snowmass2021/arxiv_2203.09944.pdf,218333,cached,,11,28504,5368,5143,262,33845,2591.2727272727275,488.0,467.54545454545456,pdftotext
arxiv:2203.09945,2203.09945,Portability: A Necessary Approach for Future Scientific Software,https://www.slac.stanford.edu/econf/C210711/papers/2203.09945.pdf,https://www.slac.stanford.edu/econf/C210711/papers/2203.09945.pdf,official SLAC eConf,tmp/pdfs/snowmass2021/arxiv_2203.09945.pdf,345443,cached,,13,25943,4625,4377,288,30543,1995.6153846153845,355.7692307692308,336.6923076923077,pdftotext
arxiv:2203.10046,2203.10046,Scalar-Mediated Dark Matter Model at Colliders and Gravitational Wave Detectors,https://www.slac.stanford.edu/econf/C210711/papers/2203.10046.pdf,https://www.slac.stanford.edu/econf/C210711/papers/2203.10046.pdf,official SLAC eConf,tmp/pdfs/snowmass2021/arxiv_2203.10046.pdf,705701,cached,,9,17687,3622,3051,500,21336,1965.2222222222222,402.44444444444446,339.0,pdftotext
arxiv:2203.10057,2203.10057,"Data and Analysis Preservation, Recasting, and Reinterpretation",https://www.slac.stanford.edu/econf/C210711/papers/2203.10057.pdf,https://www.slac.stanford.edu/econf/C210711/papers/2203.10057.pdf,official SLAC eConf,tmp/pdfs/snowmass2021/arxiv_2203.10057.pdf,449525,cached,,25,54584,9409,8733,706,63915,2183.36,376.36,349.32,pdftotext
arxiv:2203.10060,2203.10060,Why should the U.S. Care about High Energy Physics in Africa and Latin America?,https://www.slac.stanford.edu/econf/C210711/papers/2203.10060.pdf,https://www.slac.stanford.edu/econf/C210711/papers/2203.10060.pdf,official SLAC eConf,tmp/pdfs/snowmass2021/arxiv_2203.10060.pdf,975825,cached,,14,32045,5574,5230,402,37217,2288.9285714285716,398.14285714285717,373.57142857142856,pdftotext
arxiv:2203.10074,2203.10074,Advancing the Landscape of Multimessenger Science in the Next Decade,https://www.slac.stanford.edu/econf/C210711/papers/2203.10074.pdf,https://www.slac.stanford.edu/econf/C210711/papers/2203.10074.pdf,official SLAC eConf,tmp/pdfs/snowmass2021/arxiv_2203.10074.pdf,7761371,cached,,175,389912,70327,62464,7659,460339,2228.0685714285714,401.86857142857144,356.9371428571429,pdftotext
arxiv:2203.10089,2203.10089,Theory Frontier: Theory Meets the Lab,https://www.slac.stanford.edu/econf/C210711/papers/2203.10089.pdf,https://www.slac.stanford.edu/econf/C210711/papers/2203.10089.pdf,official SLAC eConf,tmp/pdfs/snowmass2021/arxiv_2203.10089.pdf,788975,cached,,44,115578,21169,18846,2419,135217,2626.7727272727275,481.1136363636364,428.3181818181818,pdftotext
arxiv:2203.10110,2203.10110,Effective Field Theories for Condensed Matter Systems,https://www.slac.stanford.edu/econf/C210711/papers/2203.10110.pdf,https://www.slac.stanford.edu/econf/C210711/papers/2203.10110.pdf,official SLAC eConf,tmp/pdfs/snowmass2021/arxiv_2203.10110.pdf,818820,cached,,34,70493,12743,11026,1781,82514,2073.323529411765,374.79411764705884,324.29411764705884,pdftotext
arxiv:2203.10161,2203.10161,Collaborative Computing Support for Analysis Facilities Exploiting Software as Infrastructure Techniques,https://www.slac.stanford.edu/econf/C210711/papers/2203.10161.pdf,https://www.slac.stanford.edu/econf/C210711/papers/2203.10161.pdf,official SLAC eConf,tmp/pdfs/snowmass2021/arxiv_2203.10161.pdf,434092,cached,,6,12637,2171,2077,87,14766,2106.1666666666665,361.8333333333333,346.1666666666667,pdftotext
arxiv:2203.10184,2203.10184,Study of Electroweak Phase Transition in Exotic Higgs Decays at the CEPC,https://www.slac.stanford.edu/econf/C210711/papers/2203.10184.pdf,https://www.slac.stanford.edu/econf/C210711/papers/2203.10184.pdf,official SLAC eConf,tmp/pdfs/snowmass2021/arxiv_2203.10184.pdf,586057,cached,,12,23939,4887,4150,645,28817,1994.9166666666667,407.25,345.8333333333333,pdftotext
arxiv:2203.10198,2203.10198,The Ion Fluorescence Chamber (IFC): A New Concept for Directional Dark Matter and Topologically Imaging Neutrinoless Double Beta Decay Searches,https://www.slac.stanford.edu/econf/C210711/papers/2203.10198.pdf,https://www.slac.stanford.edu/econf/C210711/papers/2203.10198.pdf,official SLAC eConf,tmp/pdfs/snowmass2021/arxiv_2203.10198.pdf,6299094,cached,,20,41059,7687,7294,443,48748,2052.95,384.35,364.7,pdftotext
arxiv:2203.10203,2203.10203,Belle II Executive Summary,https://www.slac.stanford.edu/econf/C210711/papers/2203.10203.pdf,https://www.slac.stanford.edu/econf/C210711/papers/2203.10203.pdf,official SLAC eConf,tmp/pdfs/snowmass2021/arxiv_2203.10203.pdf,310283,cached,,7,17871,3385,3219,199,21236,2553.0,483.57142857142856,459.85714285714283,pdftotext
arxiv:2203.10377,2203.10377,Nurturing the Industrial Accelerator Technology Base in the US,https://www.slac.stanford.edu/econf/C210711/papers/2203.10377.pdf,https://www.slac.stanford.edu/econf/C210711/papers/2203.10377.pdf,official SLAC eConf,tmp/pdfs/snowmass2021/arxiv_2203.10377.pdf,1061443,cached,,30,84796,14999,14520,523,99972,2826.5333333333333,499.96666666666664,484.0,pdftotext
arxiv:2203.10393,2203.10393,In Search of Excellence and Equity in Physics,https://www.slac.stanford.edu/econf/C210711/papers/2203.10393.pdf,https://www.slac.stanford.edu/econf/C210711/papers/2203.10393.pdf,official SLAC eConf,tmp/pdfs/snowmass2021/arxiv_2203.10393.pdf,184083,cached,,5,10891,1837,1758,94,12601,2178.2,367.4,351.6,pdftotext
arxiv:2203.10431,2203.10431,"Critical Problems of Energy Frontier Muon Colliders: Optics, Magnets, and Radiation",https://www.slac.stanford.edu/econf/C210711/papers/2203.10431.pdf,https://www.slac.stanford.edu/econf/C210711/papers/2203.10431.pdf,official SLAC eConf,tmp/pdfs/snowmass2021/arxiv_2203.10431.pdf,964428,cached,,16,32286,6546,6035,563,38711,2017.875,409.125,377.1875,pdftotext
arxiv:2203.10564,2203.10564,High Temperature Superconducting Bi-2212 Magnets for Energy Frontier Circular Colliders,https://www.slac.stanford.edu/econf/C210711/papers/2203.10564.pdf,https://www.slac.stanford.edu/econf/C210711/papers/2203.10564.pdf,official SLAC eConf,tmp/pdfs/snowmass2021/arxiv_2203.10564.pdf,520583,cached,,18,36059,6820,6301,690,42929,2003.2777777777778,378.8888888888889,350.05555555555554,pdftotext
arxiv:2203.10811,2203.10811,Beyond the Standard Model Effects on Neutrino Flavor,https://www.slac.stanford.edu/econf/C210711/papers/2203.10811.pdf,https://www.slac.stanford.edu/econf/C210711/papers/2203.10811.pdf,official SLAC eConf,tmp/pdfs/snowmass2021/arxiv_2203.10811.pdf,7774989,cached,,84,237310,46561,38522,7187,283132,2825.1190476190477,554.297619047619,458.5952380952381,pdftotext
arxiv:2203.10953,2203.10953,Particle Physics Outreach to K-12 Schools and Opportunities in Undergraduate Education,https://www.slac.stanford.edu/econf/C210711/papers/2203.10953.pdf,https://www.slac.stanford.edu/econf/C210711/papers/2203.10953.pdf,official SLAC eConf,tmp/pdfs/snowmass2021/arxiv_2203.10953.pdf,145074,cached,,10,29026,5128,4855,327,33895,2902.6,512.8,485.5,pdftotext
arxiv:2203.10998,2203.10998,Discovering New Physics in Rare Kaon Decays,https://www.slac.stanford.edu/econf/C210711/papers/2203.10998.pdf,https://www.slac.stanford.edu/econf/C210711/papers/2203.10998.pdf,official SLAC eConf,tmp/pdfs/snowmass2021/arxiv_2203.10998.pdf,243110,cached,,19,44448,8546,7656,694,53092,2339.3684210526317,449.7894736842105,402.94736842105266,pdftotext
arxiv:2203.11047,2203.11047,Transformative Technology for FLASH Radiation Therapy,https://www.slac.stanford.edu/econf/C210711/papers/2203.11047.pdf,https://www.slac.stanford.edu/econf/C210711/papers/2203.11047.pdf,official SLAC eConf,tmp/pdfs/snowmass2021/arxiv_2203.11047.pdf,1697967,cached,,70,108203,20280,18371,2015,128317,1545.7571428571428,289.7142857142857,262.4428571428571,pdftotext
arxiv:2203.11110,2203.11110,Event Generators for High-Energy Physics Experiments,https://www.slac.stanford.edu/econf/C210711/papers/2203.11110.pdf,https://www.slac.stanford.edu/econf/C210711/papers/2203.11110.pdf,official SLAC eConf,tmp/pdfs/snowmass2021/arxiv_2203.11110.pdf,3907677,cached,,166,530505,99738,87895,11020,628676,3195.8132530120483,600.8313253012049,529.4879518072289,pdftotext
arxiv:2203.11129,2203.11129,Electroweak Fragmentation at High Energies,https://www.slac.stanford.edu/econf/C210711/papers/2203.11129.pdf,https://www.slac.stanford.edu/econf/C210711/papers/2203.11129.pdf,official SLAC eConf,tmp/pdfs/snowmass2021/arxiv_2203.11129.pdf,520955,cached,,8,14721,3010,2676,350,17908,1840.125,376.25,334.5,pdftotext
arxiv:2203.11226,2203.11226,Multi-Experiment Probes for Dark Energy – Transients,https://www.slac.stanford.edu/econf/C210711/papers/2203.11226.pdf,https://www.slac.stanford.edu/econf/C210711/papers/2203.11226.pdf,official SLAC eConf,tmp/pdfs/snowmass2021/arxiv_2203.11226.pdf,542100,cached,,33,84769,15253,14058,1337,100035,2568.757575757576,462.2121212121212,426.0,pdftotext
arxiv:2203.11290,2203.11290,Beam Test Facilities for R&D in Accelerator Science and Technologies,https://www.slac.stanford.edu/econf/C210711/papers/2203.11290.pdf,https://www.slac.stanford.edu/econf/C210711/papers/2203.11290.pdf,official SLAC eConf,tmp/pdfs/snowmass2021/arxiv_2203.11290.pdf,5205493,cached,,27,50305,9191,8554,700,59343,1863.148148148148,340.4074074074074,316.81481481481484,pdftotext
arxiv:2203.11298,2203.11298,Neutrino Scattering Measurements on Hydrogen and Deuterium,https://www.slac.stanford.edu/econf/C210711/papers/2203.11298.pdf,https://www.slac.stanford.edu/econf/C210711/papers/2203.11298.pdf,official SLAC eConf,tmp/pdfs/snowmass2021/arxiv_2203.11298.pdf,3570125,cached,,66,164263,31641,26174,4903,196503,2488.8333333333335,479.40909090909093,396.57575757575756,pdftotext
arxiv:2203.11349,2203.11349,The Belle II Detector Upgrade Program,https://www.slac.stanford.edu/econf/C210711/papers/2203.11349.pdf,https://www.slac.stanford.edu/econf/C210711/papers/2203.11349.pdf,official SLAC eConf,tmp/pdfs/snowmass2021/arxiv_2203.11349.pdf,11107255,cached,,74,137864,26688,24135,2347,166624,1863.027027027027,360.64864864864865,326.14864864864865,pdftotext
arxiv:2203.11406,2203.11406,Muonium to Antimuonium Conversion,https://www.slac.stanford.edu/econf/C210711/papers/2203.11406.pdf,https://www.slac.stanford.edu/econf/C210711/papers/2203.11406.pdf,official SLAC eConf,tmp/pdfs/snowmass2021/arxiv_2203.11406.pdf,2941873,cached,,13,30385,6277,5394,766,36821,2337.3076923076924,482.84615384615387,414.9230769230769,pdftotext
arxiv:2203.11508,2203.11508,Policing and Gatekeeping in STEM,https://www.slac.stanford.edu/econf/C210711/papers/2203.11508.pdf,https://www.slac.stanford.edu/econf/C210711/papers/2203.11508.pdf,official SLAC eConf,tmp/pdfs/snowmass2021/arxiv_2203.11508.pdf,431701,cached,,15,43000,8179,7942,303,51054,2866.6666666666665,545.2666666666667,529.4666666666667,pdftotext
arxiv:2203.11513,2203.11513,Power Dynamics in Physics,https://www.slac.stanford.edu/econf/C210711/papers/2203.11513.pdf,https://www.slac.stanford.edu/econf/C210711/papers/2203.11513.pdf,official SLAC eConf,tmp/pdfs/snowmass2021/arxiv_2203.11513.pdf,545414,cached,,23,69521,12943,12573,483,82171,3022.6521739130435,562.7391304347826,546.6521739130435,pdftotext
arxiv:2203.11518,2203.11518,Informal Socialization in Physics Training,https://www.slac.stanford.edu/econf/C210711/papers/2203.11518.pdf,https://www.slac.stanford.edu/econf/C210711/papers/2203.11518.pdf,official SLAC eConf,tmp/pdfs/snowmass2021/arxiv_2203.11518.pdf,589488,cached,,26,78742,14142,13711,511,92612,3028.5384615384614,543.9230769230769,527.3461538461538,pdftotext
arxiv:2203.11523,2203.11523,"How to Read the Snowmass White Papers on Power Dynamics in Physics, Informal Socialization in Physics Training, and Policing and Gatekeeping in STEM",https://www.slac.stanford.edu/econf/C210711/papers/2203.11523.pdf,https://www.slac.stanford.edu/econf/C210711/papers/2203.11523.pdf,official SLAC eConf,tmp/pdfs/snowmass2021/arxiv_2203.11523.pdf,309006,cached,,6,13499,2440,2383,129,15871,2249.8333333333335,406.6666666666667,397.1666666666667,pdftotext
arxiv:2203.11623,2203.11623,PetaVolts per Meter Plasmonics,https://www.slac.stanford.edu/econf/C210711/papers/2203.11623.pdf,https://www.slac.stanford.edu/econf/C210711/papers/2203.11623.pdf,official SLAC eConf,tmp/pdfs/snowmass2021/arxiv_2203.11623.pdf,5236795,cached,,20,71031,12464,12006,559,84084,3551.55,623.2,600.3,pdftotext
arxiv:2203.11662,2203.11662,Enhancing HEP Research in Predominantly Undergraduate Institutions and Community Colleges,https://www.slac.stanford.edu/econf/C210711/papers/2203.11662.pdf,https://www.slac.stanford.edu/econf/C210711/papers/2203.11662.pdf,official SLAC eConf,tmp/pdfs/snowmass2021/arxiv_2203.11662.pdf,401820,cached,,18,42642,7761,7565,232,50315,2369.0,431.1666666666667,420.27777777777777,pdftotext
arxiv:2203.11665,2203.11665,Facilitating Non-HEP Career Transition,https://www.slac.stanford.edu/econf/C210711/papers/2203.11665.pdf,https://www.slac.stanford.edu/econf/C210711/papers/2203.11665.pdf,official SLAC eConf,tmp/pdfs/snowmass2021/arxiv_2203.11665.pdf,1699206,cached,,15,38753,7060,6795,294,45608,2583.5333333333333,470.6666666666667,453.0,pdftotext
arxiv:2203.11846,2203.11846,Tabletop Experiments for Infrared Quantum Gravity,https://www.slac.stanford.edu/econf/C210711/papers/2203.11846.pdf,https://www.slac.stanford.edu/econf/C210711/papers/2203.11846.pdf,official SLAC eConf,tmp/pdfs/snowmass2021/arxiv_2203.11846.pdf,362042,cached,,12,24969,4467,3949,503,29361,2080.75,372.25,329.0833333333333,pdftotext
arxiv:2203.12035,2203.12035,Displaying Dark Matter Constraints from Colliders with Varying Simplified Model Parameters,https://www.slac.stanford.edu/econf/C210711/papers/2203.12035.pdf,https://www.slac.stanford.edu/econf/C210711/papers/2203.12035.pdf,official SLAC eConf,tmp/pdfs/snowmass2021/arxiv_2203.12035.pdf,2355298,cached,,19,43663,8763,8135,612,52620,2298.0526315789475,461.2105263157895,428.1578947368421,pdftotext
arxiv:2203.12043,2203.12043,"High Efficiency, Low Cost, RF Sources for Accelerators and Colliders",https://www.slac.stanford.edu/econf/C210711/papers/2203.12043.pdf,https://www.slac.stanford.edu/econf/C210711/papers/2203.12043.pdf,official SLAC eConf,tmp/pdfs/snowmass2021/arxiv_2203.12043.pdf,2069411,cached,,14,31043,5876,5549,356,36958,2217.3571428571427,419.7142857142857,396.35714285714283,pdftotext
arxiv:2203.12118,2203.12118,R&D Works for Superconducting Magnets for Future Accelerator Applications in Japan,https://www.slac.stanford.edu/econf/C210711/papers/2203.12118.pdf,https://www.slac.stanford.edu/econf/C210711/papers/2203.12118.pdf,official SLAC eConf,tmp/pdfs/snowmass2021/arxiv_2203.12118.pdf,322786,cached,,6,15022,2692,2559,192,17690,2503.6666666666665,448.6666666666667,426.5,pdftotext
arxiv:2203.12169,2203.12169,Neutrinoless Double-Beta Decay: A Roadmap for Matching Theory to Experiment,https://www.slac.stanford.edu/econf/C210711/papers/2203.12169.pdf,https://www.slac.stanford.edu/econf/C210711/papers/2203.12169.pdf,official SLAC eConf,tmp/pdfs/snowmass2021/arxiv_2203.12169.pdf,6257470,cached,,47,145781,26949,23887,3002,172899,3101.723404255319,573.3829787234042,508.2340425531915,pdftotext
arxiv:2203.12389,2203.12389,Climate Impacts of Particle Physics,https://www.slac.stanford.edu/econf/C210711/papers/2203.12389.pdf,https://www.slac.stanford.edu/econf/C210711/papers/2203.12389.pdf,official SLAC eConf,tmp/pdfs/snowmass2021/arxiv_2203.12389.pdf,728276,cached,,16,45962,8334,7747,726,53832,2872.625,520.875,484.1875,pdftotext
arxiv:2203.12442,2203.12442,Plasma Processing for In-Situ Field Emission Mitigation of Superconducting Radiofrequency (SRF) Cryomodules,https://www.slac.stanford.edu/econf/C210711/papers/2203.12442.pdf,https://www.slac.stanford.edu/econf/C210711/papers/2203.12442.pdf,official SLAC eConf,tmp/pdfs/snowmass2021/arxiv_2203.12442.pdf,1819251,cached,,13,25248,4918,4543,377,30111,1942.1538461538462,378.3076923076923,349.46153846153845,pdftotext
arxiv:2203.12542,2203.12542,Photon Counting from the Vacuum Ultraviolet to the Short Wavelength Infrared using Semiconductor and Superconducting Technologies,https://www.slac.stanford.edu/econf/C210711/papers/2203.12542.pdf,https://www.slac.stanford.edu/econf/C210711/papers/2203.12542.pdf,official SLAC eConf,tmp/pdfs/snowmass2021/arxiv_2203.12542.pdf,3348126,cached,,55,134319,24247,22278,2026,158529,2442.163636363636,440.8545454545455,405.05454545454546,pdftotext
arxiv:2203.12714,2203.12714,"Searches for New Particles, Dark Matter, and Gravitational Waves with SRF Cavities",https://www.slac.stanford.edu/econf/C210711/papers/2203.12714.pdf,https://www.slac.stanford.edu/econf/C210711/papers/2203.12714.pdf,official SLAC eConf,tmp/pdfs/snowmass2021/arxiv_2203.12714.pdf,6564550,cached,,22,88780,16820,15560,2024,105803,4035.4545454545455,764.5454545454545,707.2727272727273,pdftotext
arxiv:2203.12806,2203.12806,"RADiCAL: Precision-Timing, Ultracompact, Radiation-Hard Electromagnetic Calorimetry",https://www.slac.stanford.edu/econf/C210711/papers/2203.12806.pdf,https://www.slac.stanford.edu/econf/C210711/papers/2203.12806.pdf,official SLAC eConf,tmp/pdfs/snowmass2021/arxiv_2203.12806.pdf,3945168,cached,,22,49793,9209,8749,883,58822,2263.318181818182,418.59090909090907,397.6818181818182,pdftotext
arxiv:2203.12852,2203.12852,"Graph Neural Networks in Particle Physics: Implementations, Innovations, and Challenges",https://www.slac.stanford.edu/econf/C210711/papers/2203.12852.pdf,https://www.slac.stanford.edu/econf/C210711/papers/2203.12852.pdf,official SLAC eConf,tmp/pdfs/snowmass2021/arxiv_2203.12852.pdf,1070824,cached,,34,74892,13375,12357,988,87937,2202.705882352941,393.38235294117646,363.44117647058823,pdftotext
arxiv:2203.13199,2203.13199,Electron Ion Collider for High Energy Physics,https://www.slac.stanford.edu/econf/C210711/papers/2203.13199.pdf,https://www.slac.stanford.edu/econf/C210711/papers/2203.13199.pdf,official SLAC eConf,tmp/pdfs/snowmass2021/arxiv_2203.13199.pdf,11655245,cached,,93,310695,61531,52993,8229,371817,3340.8064516129034,661.6236559139785,569.8172043010753,pdftotext
arxiv:2203.13305,2203.13305,Collider Physics Opportunities of Extended Warped Extra-Dimensional Models,https://www.slac.stanford.edu/econf/C210711/papers/2203.13305.pdf,https://www.slac.stanford.edu/econf/C210711/papers/2203.13305.pdf,official SLAC eConf,tmp/pdfs/snowmass2021/arxiv_2203.13305.pdf,1057952,cached,,11,19176,3857,3480,293,23215,1743.2727272727273,350.6363636363636,316.3636363636364,pdftotext
arxiv:2203.13768,2203.13768,The CAFAna Framework for Neutrino Analysis,https://www.slac.stanford.edu/econf/C210711/papers/2203.13768.pdf,https://www.slac.stanford.edu/econf/C210711/papers/2203.13768.pdf,official SLAC eConf,tmp/pdfs/snowmass2021/arxiv_2203.13768.pdf,62800,cached,,3,8600,1561,1515,58,10135,2866.6666666666665,520.3333333333334,505.0,pdftotext
arxiv:2203.13900,2203.13900,4-Dimensional Trackers,https://www.slac.stanford.edu/econf/C210711/papers/2203.13900.pdf,https://www.slac.stanford.edu/econf/C210711/papers/2203.13900.pdf,official SLAC eConf,tmp/pdfs/snowmass2021/arxiv_2203.13900.pdf,2116000,cached,,26,67568,12671,11757,1025,79703,2598.769230769231,487.34615384615387,452.1923076923077,pdftotext
arxiv:2203.13923,2203.13923,Proton structure at the Precision Frontier,https://www.slac.stanford.edu/econf/C210711/papers/2203.13923.pdf,https://www.slac.stanford.edu/econf/C210711/papers/2203.13923.pdf,official SLAC eConf,tmp/pdfs/snowmass2021/arxiv_2203.13923.pdf,11443118,cached,,82,317243,63417,55123,8293,380280,3868.817073170732,773.3780487804878,672.2317073170732,pdftotext
arxiv:2203.13979,2203.13979,Japan’s Strategy for Future Projects in High Energy Physics,https://www.slac.stanford.edu/econf/C210711/papers/2203.13979.pdf,https://www.slac.stanford.edu/econf/C210711/papers/2203.13979.pdf,official SLAC eConf,tmp/pdfs/snowmass2021/arxiv_2203.13979.pdf,652097,cached,,38,71880,13709,12711,966,86002,1891.578947368421,360.7631578947368,334.5,pdftotext
arxiv:2203.13985,2203.13985,A Strategic Approach to Advance Magnet Technology for Next Generation Colliders,https://www.slac.stanford.edu/econf/C210711/papers/2203.13985.pdf,https://www.slac.stanford.edu/econf/C210711/papers/2203.13985.pdf,official SLAC eConf,tmp/pdfs/snowmass2021/arxiv_2203.13985.pdf,3161978,cached,,42,89244,16526,14909,1656,105696,2124.8571428571427,393.4761904761905,354.9761904761905,pdftotext
arxiv:2203.13998,2203.13998,A Work Proposal for a Collaborative Study of Magnet Technology for a Future Muon Collider,https://www.slac.stanford.edu/econf/C210711/papers/2203.13998.pdf,https://www.slac.stanford.edu/econf/C210711/papers/2203.13998.pdf,official SLAC eConf,tmp/pdfs/snowmass2021/arxiv_2203.13998.pdf,321620,cached,,9,18647,3510,3379,199,22113,2071.8888888888887,390.0,375.44444444444446,pdftotext
arxiv:2203.14345,2203.14345,Evolution of HEP Processing Frameworks,https://www.slac.stanford.edu/econf/C210711/papers/2203.14345.pdf,https://www.slac.stanford.edu/econf/C210711/papers/2203.14345.pdf,official SLAC eConf,tmp/pdfs/snowmass2021/arxiv_2203.14345.pdf,343414,cached,,13,28229,5040,4910,137,33277,2171.4615384615386,387.6923076923077,377.6923076923077,pdftotext
arxiv:2203.14347,2203.14347,Light-Weight and Highly Thermally Conductive Support Structures for Future Tracking Detectors,https://www.slac.stanford.edu/econf/C210711/papers/2203.14347.pdf,https://www.slac.stanford.edu/econf/C210711/papers/2203.14347.pdf,official SLAC eConf,tmp/pdfs/snowmass2021/arxiv_2203.14347.pdf,10049418,cached,,12,22956,4007,3853,182,26986,1913.0,333.9166666666667,321.0833333333333,pdftotext
arxiv:2203.14706,2203.14706,"Application-Driven Engagement with Universities, Synergies with other Funding Agencies",https://www.slac.stanford.edu/econf/C210711/papers/2203.14706.pdf,https://www.slac.stanford.edu/econf/C210711/papers/2203.14706.pdf,official SLAC eConf,tmp/pdfs/snowmass2021/arxiv_2203.14706.pdf,142693,cached,,5,15699,2702,2692,13,18418,3139.8,540.4,538.4,pdftotext
arxiv:2203.14894,2203.14894,Readout Technologies for Future Detectors,https://www.slac.stanford.edu/econf/C210711/papers/2203.14894.pdf,https://www.slac.stanford.edu/econf/C210711/papers/2203.14894.pdf,official SLAC eConf,tmp/pdfs/snowmass2021/arxiv_2203.14894.pdf,3087438,cached,,11,22230,4013,3819,201,26197,2020.909090909091,364.8181818181818,347.1818181818182,pdftotext
arxiv:2203.14915,2203.14915,New Horizons: Scalar and Vector Ultralight Dark Matter,https://www.slac.stanford.edu/econf/C210711/papers/2203.14915.pdf,https://www.slac.stanford.edu/econf/C210711/papers/2203.14915.pdf,official SLAC eConf,tmp/pdfs/snowmass2021/arxiv_2203.14915.pdf,7587703,cached,,89,263542,50051,44012,5765,312734,2961.14606741573,562.370786516854,494.5168539325843,pdftotext
arxiv:2203.14919,2203.14919,Charged Lepton Flavor Violation in the Tau Sector,https://www.slac.stanford.edu/econf/C210711/papers/2203.14919.pdf,https://www.slac.stanford.edu/econf/C210711/papers/2203.14919.pdf,official SLAC eConf,tmp/pdfs/snowmass2021/arxiv_2203.14919.pdf,1349204,cached,,38,72362,15987,12348,2677,88827,1904.2631578947369,420.7105263157895,324.94736842105266,pdftotext
arxiv:2203.14923,2203.14923,Axion Dark Matter,https://www.slac.stanford.edu/econf/C210711/papers/2203.14923.pdf,https://www.slac.stanford.edu/econf/C210711/papers/2203.14923.pdf,official SLAC eConf,tmp/pdfs/snowmass2021/arxiv_2203.14923.pdf,20157302,cached,,96,207156,40032,34510,4673,248367,2157.875,417.0,359.4791666666667,pdftotext
arxiv:2203.15062,2203.15062,Fast (Optical) Links”,https://www.slac.stanford.edu/econf/C210711/papers/2203.15062.pdf,https://www.slac.stanford.edu/econf/C210711/papers/2203.15062.pdf,official SLAC eConf,tmp/pdfs/snowmass2021/arxiv_2203.15062.pdf,96680,cached,,8,16413,3056,2826,270,19369,2051.625,382.0,353.25,pdftotext
arxiv:2203.15128,2203.15128,Programs Enabling Deep Technology Transfer from National Labs,https://www.slac.stanford.edu/econf/C210711/papers/2203.15128.pdf,https://www.slac.stanford.edu/econf/C210711/papers/2203.15128.pdf,official SLAC eConf,tmp/pdfs/snowmass2021/arxiv_2203.15128.pdf,122504,cached,,15,31333,5398,5223,167,37091,2088.866666666667,359.8666666666667,348.2,pdftotext
arxiv:2203.15138,2203.15138,Particle Flow Calorimetry,https://www.slac.stanford.edu/econf/C210711/papers/2203.15138.pdf,https://www.slac.stanford.edu/econf/C210711/papers/2203.15138.pdf,official SLAC eConf,tmp/pdfs/snowmass2021/arxiv_2203.15138.pdf,626905,cached,,31,73147,13515,12840,827,86693,2359.5806451612902,435.96774193548384,414.19354838709677,pdftotext
arxiv:2203.15729,2203.15729,"Evaluating the ILC SUSY Reach in the Most Challenging Scenario: Stau NLSP, Low ΔM , Lowest Cross Section",https://www.slac.stanford.edu/econf/C210711/papers/2203.15729.pdf,https://www.slac.stanford.edu/econf/C210711/papers/2203.15729.pdf,official SLAC eConf,tmp/pdfs/snowmass2021/arxiv_2203.15729.pdf,1092966,cached,,24,55622,12294,10224,1597,68663,2317.5833333333335,512.25,426.0,pdftotext
arxiv:2203.15810,2203.15810,Prospects for Precise Predictions of a_μ in the Standard Model,https://www.slac.stanford.edu/econf/C210711/papers/2203.15810.pdf,https://www.slac.stanford.edu/econf/C210711/papers/2203.15810.pdf,official SLAC eConf,tmp/pdfs/snowmass2021/arxiv_2203.15810.pdf,578014,cached,,24,52826,10264,8110,2091,62546,2201.0833333333335,427.6666666666667,337.9166666666667,pdftotext
arxiv:2203.15902,2203.15902,"Large-Format, Transmission-Line-Coupled Kinetic Inductance Detector Arrays for HEP at Millimeter Wavelengths",https://www.slac.stanford.edu/econf/C210711/papers/2203.15902.pdf,https://www.slac.stanford.edu/econf/C210711/papers/2203.15902.pdf,official SLAC eConf,tmp/pdfs/snowmass2021/arxiv_2203.15902.pdf,8112191,cached,,24,60155,10431,9376,1146,69998,2506.4583333333335,434.625,390.6666666666667,pdftotext
arxiv:2203.15954,2203.15954,Probing dark matter with small-scale astrophysical observations,https://www.slac.stanford.edu/econf/C210711/papers/2203.15954.pdf,https://www.slac.stanford.edu/econf/C210711/papers/2203.15954.pdf,official SLAC eConf,tmp/pdfs/snowmass2021/arxiv_2203.15954.pdf,1884513,cached,,43,99948,17995,16087,1950,118061,2324.3720930232557,418.48837209302326,374.1162790697674,pdftotext
arxiv:2203.15978,2203.15978,Superconducting Sensor Fabrication Capabilities for HEP Science,https://www.slac.stanford.edu/econf/C210711/papers/2203.15978.pdf,https://www.slac.stanford.edu/econf/C210711/papers/2203.15978.pdf,official SLAC eConf,tmp/pdfs/snowmass2021/arxiv_2203.15978.pdf,148534,cached,,14,33118,5774,5532,263,38801,2365.5714285714284,412.42857142857144,395.14285714285717,pdftotext
arxiv:2203.15984,2203.15984,Advanced RF Sources R&D for Economical Future Colliders,https://www.slac.stanford.edu/econf/C210711/papers/2203.15984.pdf,https://www.slac.stanford.edu/econf/C210711/papers/2203.15984.pdf,official SLAC eConf,tmp/pdfs/snowmass2021/arxiv_2203.15984.pdf,5613100,cached,,8,10874,1942,1868,80,12844,1359.25,242.75,233.5,pdftotext
arxiv:2203.16255,2203.16255,"Physics Community Needs, Tools, and Resources for Machine Learning",https://www.slac.stanford.edu/econf/C210711/papers/2203.16255.pdf,https://www.slac.stanford.edu/econf/C210711/papers/2203.16255.pdf,official SLAC eConf,tmp/pdfs/snowmass2021/arxiv_2203.16255.pdf,1106277,cached,,34,71794,12612,11573,1077,84747,2111.5882352941176,370.94117647058823,340.38235294117646,pdftotext
arxiv:2203.16583,2203.16583,Substructure of Multiquark Hadrons,https://www.slac.stanford.edu/econf/C210711/papers/2203.16583.pdf,https://www.slac.stanford.edu/econf/C210711/papers/2203.16583.pdf,official SLAC eConf,tmp/pdfs/snowmass2021/arxiv_2203.16583.pdf,1581351,cached,,47,76844,15164,13508,1607,91908,1634.9787234042553,322.63829787234044,287.40425531914894,pdftotext
arxiv:2203.16979,2203.16979,Quantum Networks for High Energy Physics,https://www.slac.stanford.edu/econf/C210711/papers/2203.16979.pdf,https://www.slac.stanford.edu/econf/C210711/papers/2203.16979.pdf,official SLAC eConf,tmp/pdfs/snowmass2021/arxiv_2203.16979.pdf,197133,cached,,9,40446,7316,6914,416,47718,4494.0,812.8888888888889,768.2222222222222,pdftotext
arxiv:2203.16994,2203.16994,Prospects for Measurements of the Bottom Quark Mass,https://www.slac.stanford.edu/econf/C210711/papers/2203.16994.pdf,https://www.slac.stanford.edu/econf/C210711/papers/2203.16994.pdf,official SLAC eConf,tmp/pdfs/snowmass2021/arxiv_2203.16994.pdf,383818,cached,,8,30595,6054,5336,659,36604,3824.375,756.75,667.0,pdftotext
arxiv:2203.17258,2203.17258,"More is Different: Non-Minimal Dark Sectors and Their Implications for Particle Physics, Astrophysics, and Cosmology – 13 Take-Away Lessons for Snowmass 2021",https://www.slac.stanford.edu/econf/C210711/papers/2203.17258.pdf,https://www.slac.stanford.edu/econf/C210711/papers/2203.17258.pdf,official SLAC eConf,tmp/pdfs/snowmass2021/arxiv_2203.17258.pdf,8556834,cached,,32,93216,17347,16264,847,110936,2913.0,542.09375,508.25,pdftotext
arxiv:2204.00001,2204.00001,The Mu3e Experiment,https://www.slac.stanford.edu/econf/C210711/papers/2204.00001.pdf,https://www.slac.stanford.edu/econf/C210711/papers/2204.00001.pdf,official SLAC eConf,tmp/pdfs/snowmass2021/arxiv_2204.00001.pdf,2311554,cached,,16,28764,6245,5340,998,35438,1797.75,390.3125,333.75,pdftotext
arxiv:2204.00039,2204.00039,Lattice QCD and the Computational Frontier,https://www.slac.stanford.edu/econf/C210711/papers/2204.00039.pdf,https://www.slac.stanford.edu/econf/C210711/papers/2204.00039.pdf,official SLAC eConf,tmp/pdfs/snowmass2021/arxiv_2204.00039.pdf,736221,cached,,21,66978,12165,11460,683,79159,3189.4285714285716,579.2857142857143,545.7142857142857,pdftotext
arxiv:2204.00098,2204.00098,Readout for Calorimetry at Future Colliders,https://www.slac.stanford.edu/econf/C210711/papers/2204.00098.pdf,https://www.slac.stanford.edu/econf/C210711/papers/2204.00098.pdf,official SLAC eConf,tmp/pdfs/snowmass2021/arxiv_2204.00098.pdf,5297080,cached,,13,27399,4994,4762,253,32467,2107.6153846153848,384.15384615384613,366.3076923076923,pdftotext
arxiv:2204.00149,2204.00149,Electronics for Fast Timing,https://www.slac.stanford.edu/econf/C210711/papers/2204.00149.pdf,https://www.slac.stanford.edu/econf/C210711/papers/2204.00149.pdf,official SLAC eConf,tmp/pdfs/snowmass2021/arxiv_2204.00149.pdf,805895,cached,,21,50386,9257,8787,679,59619,2399.3333333333335,440.8095238095238,418.42857142857144,pdftotext
arxiv:2204.00701,2204.00701,Feedback and Control Systems for Future Linear Colliders,https://www.slac.stanford.edu/econf/C210711/papers/2204.00701.pdf,https://www.slac.stanford.edu/econf/C210711/papers/2204.00701.pdf,official SLAC eConf,tmp/pdfs/snowmass2021/arxiv_2204.00701.pdf,1964535,cached,,23,43427,7736,7214,548,51021,1888.1304347826087,336.3478260869565,313.6521739130435,pdftotext
arxiv:2204.01072,2204.01072,Conductor Properties and Coil Technology for a Bi2212 Dipole Insert for 20 Tesla Hybrid Accelerator Magnets,https://www.slac.stanford.edu/econf/C210711/papers/2204.01072.pdf,https://www.slac.stanford.edu/econf/C210711/papers/2204.01072.pdf,official SLAC eConf,tmp/pdfs/snowmass2021/arxiv_2204.01072.pdf,1260883,cached,,22,47074,9358,8513,1010,56544,2139.7272727272725,425.3636363636364,386.95454545454544,pdftotext
arxiv:2204.01178,2204.01178,Key Directions for Research and Development of Superconducting Radio Frequency Cavities,https://www.slac.stanford.edu/econf/C210711/papers/2204.01178.pdf,https://www.slac.stanford.edu/econf/C210711/papers/2204.01178.pdf,official SLAC eConf,tmp/pdfs/snowmass2021/arxiv_2204.01178.pdf,714039,cached,,20,42878,7797,7144,804,50497,2143.9,389.85,357.2,pdftotext
arxiv:2204.01742,2204.01742,String Theory and Particle Physics,https://www.slac.stanford.edu/econf/C210711/papers/2204.01742.pdf,https://www.slac.stanford.edu/econf/C210711/papers/2204.01742.pdf,official SLAC eConf,tmp/pdfs/snowmass2021/arxiv_2204.01742.pdf,779229,cached,,36,90894,16921,14554,2257,107427,2524.8333333333335,470.02777777777777,404.27777777777777,pdftotext
arxiv:2204.01860,2204.01860,LANSCE-PSR Short-Pulse Upgrade for Improved Dark Sector Particle Searches with the Coherent Captain Mills Experiment,https://www.slac.stanford.edu/econf/C210711/papers/2204.01860.pdf,https://www.slac.stanford.edu/econf/C210711/papers/2204.01860.pdf,official SLAC eConf,tmp/pdfs/snowmass2021/arxiv_2204.01860.pdf,715573,cached,,6,13456,2549,2334,238,15951,2242.6666666666665,424.8333333333333,389.0,pdftotext
arxiv:2204.01919,2204.01919,Superconducting Nanowire Single-Photon Detectors and Effect of Accumulation and Unsteady Releases of Excess Energy in Materials,https://www.slac.stanford.edu/econf/C210711/papers/2204.01919.pdf,https://www.slac.stanford.edu/econf/C210711/papers/2204.01919.pdf,official SLAC eConf,tmp/pdfs/snowmass2021/arxiv_2204.01919.pdf,174608,cached,,7,16330,2735,2631,111,19053,2332.8571428571427,390.7142857142857,375.85714285714283,pdftotext
arxiv:2204.01992,2204.01992,Enabling Flagship Dark Energy Experiments to Reach their Full Potential,https://www.slac.stanford.edu/econf/C210711/papers/2204.01992.pdf,https://www.slac.stanford.edu/econf/C210711/papers/2204.01992.pdf,official SLAC eConf,tmp/pdfs/snowmass2021/arxiv_2204.01992.pdf,1162554,cached,,47,124854,23189,21643,1565,147783,2656.468085106383,493.3829787234043,460.48936170212767,pdftotext
arxiv:2204.02280,2204.02280,Opportunities for Precision QCD Physics in Hadronization at Belle II,https://www.slac.stanford.edu/econf/C210711/papers/2204.02280.pdf,https://www.slac.stanford.edu/econf/C210711/papers/2204.02280.pdf,official SLAC eConf,tmp/pdfs/snowmass2021/arxiv_2204.02280.pdf,2785978,cached,,58,112600,22006,18731,2989,135000,1941.3793103448277,379.41379310344826,322.94827586206895,pdftotext
arxiv:2204.02536,2204.02536,Next-Generation Superconducting RF Technology based on Advanced Thin Film Technologies and Innovative Materials for Accelerator Enhanced Performance and Energy Reach,https://www.slac.stanford.edu/econf/C210711/papers/2204.02536.pdf,https://www.slac.stanford.edu/econf/C210711/papers/2204.02536.pdf,official SLAC eConf,tmp/pdfs/snowmass2021/arxiv_2204.02536.pdf,1614834,cached,,29,72976,12791,12081,897,85808,2516.4137931034484,441.0689655172414,416.58620689655174,pdftotext
arxiv:2204.02928,2204.02928,Implications of Energy Peak for Collider Phenomenology: Top Quark Mass Determination and Beyond,https://www.slac.stanford.edu/econf/C210711/papers/2204.02928.pdf,https://www.slac.stanford.edu/econf/C210711/papers/2204.02928.pdf,official SLAC eConf,tmp/pdfs/snowmass2021/arxiv_2204.02928.pdf,374244,cached,,10,22608,4631,4379,251,27517,2260.8,463.1,437.9,pdftotext
arxiv:2204.03381,2204.03381,Quantum Simulation for High Energy Physics,https://www.slac.stanford.edu/econf/C210711/papers/2204.03381.pdf,https://www.slac.stanford.edu/econf/C210711/papers/2204.03381.pdf,official SLAC eConf,tmp/pdfs/snowmass2021/arxiv_2204.03381.pdf,1111622,cached,,103,345611,58964,54835,4181,403971,3355.4466019417478,572.4660194174758,532.3786407766991,pdftotext
arxiv:2204.03713,2204.03713,Climate of the Field: Snowmass 2021,https://www.slac.stanford.edu/econf/C210711/papers/2204.03713.pdf,https://www.slac.stanford.edu/econf/C210711/papers/2204.03713.pdf,official SLAC eConf,tmp/pdfs/snowmass2021/arxiv_2204.03713.pdf,445249,cached,,54,152881,26890,25948,1074,180217,2831.1296296296296,497.962962962963,480.51851851851853,pdftotext
arxiv:2204.04045,2204.04045,Probing Fundamental Physics With Multi-Modal Cosmic Ray Events,https://www.slac.stanford.edu/econf/C210711/papers/2204.04045.pdf,https://www.slac.stanford.edu/econf/C210711/papers/2204.04045.pdf,official SLAC eConf,tmp/pdfs/snowmass2021/arxiv_2204.04045.pdf,1833631,cached,,17,40460,7885,7283,619,48408,2380.0,463.8235294117647,428.4117647058824,pdftotext
arxiv:2204.04200,2204.04200,Computational Challenges for Multi-Loop Collider Phenomenology,https://www.slac.stanford.edu/econf/C210711/papers/2204.04200.pdf,https://www.slac.stanford.edu/econf/C210711/papers/2204.04200.pdf,official SLAC eConf,tmp/pdfs/snowmass2021/arxiv_2204.04200.pdf,706465,cached,,28,70920,12852,11192,1498,83574,2532.8571428571427,459.0,399.7142857142857,pdftotext
arxiv:2204.04575,2204.04575,The COHERENT Experimental Program,https://www.slac.stanford.edu/econf/C210711/papers/2204.04575.pdf,https://www.slac.stanford.edu/econf/C210711/papers/2204.04575.pdf,official SLAC eConf,tmp/pdfs/snowmass2021/arxiv_2204.04575.pdf,9333817,cached,,38,101289,19337,16980,2409,120509,2665.5,508.86842105263156,446.8421052631579,pdftotext
arxiv:2204.05194,2204.05194,Gravitational Waves and Scattering Amplitudes,https://www.slac.stanford.edu/econf/C210711/papers/2204.05194.pdf,https://www.slac.stanford.edu/econf/C210711/papers/2204.05194.pdf,official SLAC eConf,tmp/pdfs/snowmass2021/arxiv_2204.05194.pdf,1688848,cached,,56,122933,22171,19304,2990,145018,2195.2321428571427,395.9107142857143,344.7142857142857,pdftotext
arxiv:2204.06547,2204.06547,The Double Copy and its Applications,https://www.slac.stanford.edu/econf/C210711/papers/2204.06547.pdf,https://www.slac.stanford.edu/econf/C210711/papers/2204.06547.pdf,official SLAC eConf,tmp/pdfs/snowmass2021/arxiv_2204.06547.pdf,1792861,cached,,91,194491,35925,31150,4374,230288,2137.263736263736,394.7802197802198,342.3076923076923,pdftotext
arxiv:2204.06667,2204.06667,Review of CMS Contributions to Hadron Spectroscopy,https://www.slac.stanford.edu/econf/C210711/papers/2204.06667.pdf,https://www.slac.stanford.edu/econf/C210711/papers/2204.06667.pdf,official SLAC eConf,tmp/pdfs/snowmass2021/arxiv_2204.06667.pdf,226007,cached,,6,12356,2497,2172,311,14883,2059.3333333333335,416.1666666666667,362.0,pdftotext
arxiv:2204.07285,2204.07285,Enabling Capabilities for Infrastructure and Workforce in Electronics and ASICs,https://www.slac.stanford.edu/econf/C210711/papers/2204.07285.pdf,https://www.slac.stanford.edu/econf/C210711/papers/2204.07285.pdf,official SLAC eConf,tmp/pdfs/snowmass2021/arxiv_2204.07285.pdf,148996,cached,,17,40365,7177,7082,120,47628,2374.4117647058824,422.1764705882353,416.5882352941176,pdftotext
arxiv:2204.07944,2204.07944,Impact of Lattice s(x)−sbar(x) Data in the CTEQ-TEA Global Analysis,https://www.slac.stanford.edu/econf/C210711/papers/2204.07944.pdf,https://www.slac.stanford.edu/econf/C210711/papers/2204.07944.pdf,official SLAC eConf,tmp/pdfs/snowmass2021/arxiv_2204.07944.pdf,375889,cached,,11,16991,3664,3192,551,20596,1544.6363636363637,333.09090909090907,290.1818181818182,pdftotext
arxiv:2204.08605,2204.08605,Quantum Computing Hardware for HEP Algorithms and Sensing,https://www.slac.stanford.edu/econf/C210711/papers/2204.08605.pdf,https://www.slac.stanford.edu/econf/C210711/papers/2204.08605.pdf,official SLAC eConf,tmp/pdfs/snowmass2021/arxiv_2204.08605.pdf,5345992,cached,,23,104694,18989,17775,1338,123870,4551.913043478261,825.6086956521739,772.8260869565217,pdftotext
arxiv:2204.08668,2204.08668,Neutrino Flavor Model Building and the Origins of Flavor and CP Violation,https://www.slac.stanford.edu/econf/C210711/papers/2204.08668.pdf,https://www.slac.stanford.edu/econf/C210711/papers/2204.08668.pdf,official SLAC eConf,tmp/pdfs/snowmass2021/arxiv_2204.08668.pdf,991123,cached,,24,67278,13628,11581,1681,80502,2803.25,567.8333333333334,482.5416666666667,pdftotext
arxiv:2204.08943,2204.08943,Physics in the Tau-Charm Region at BESIII,https://www.slac.stanford.edu/econf/C210711/papers/arXiv:2204.08943.pdf,https://arxiv.org/pdf/2204.08943.pdf,arXiv fallback,tmp/pdfs/snowmass2021/arxiv_2204.08943.pdf,515167,cached_fallback,,31,97586,19932,16515,2469,118590,3147.935483870968,642.9677419354839,532.741935483871,pdftotext
arxiv:2204.08983,2204.08983,Transforming U.S. Particle Physics Education: A Snowmass 2021 Study,https://www.slac.stanford.edu/econf/C210711/papers/2204.08983.pdf,https://www.slac.stanford.edu/econf/C210711/papers/2204.08983.pdf,official SLAC eConf,tmp/pdfs/snowmass2021/arxiv_2204.08983.pdf,1535715,cached,,47,99126,17658,16668,794,117261,2109.063829787234,375.70212765957444,354.63829787234044,pdftotext
arxiv:2204.10774,2204.10774,High Average Power Ultrafast Laser Technologies for Driving Future Advanced Accelerators,https://www.slac.stanford.edu/econf/C210711/papers/2204.10774.pdf,https://www.slac.stanford.edu/econf/C210711/papers/2204.10774.pdf,official SLAC eConf,tmp/pdfs/snowmass2021/arxiv_2204.10774.pdf,602580,cached,,26,73829,13361,12347,1185,87127,2839.576923076923,513.8846153846154,474.88461538461536,pdftotext
arxiv:2204.13245,2204.13245,Positron Sources for Future High Energy Physics Colliders,https://www.slac.stanford.edu/econf/C210711/papers/2204.13245.pdf,https://www.slac.stanford.edu/econf/C210711/papers/2204.13245.pdf,official SLAC eConf,tmp/pdfs/snowmass2021/arxiv_2204.13245.pdf,1772708,cached,,26,67347,12678,11500,1111,79928,2590.269230769231,487.61538461538464,442.3076923076923,pdftotext
arxiv:2204.13394,2204.13394,Searches for New Physics with High-Intensity Kaon Beams,https://www.slac.stanford.edu/econf/C210711/papers/2204.13394.pdf,https://www.slac.stanford.edu/econf/C210711/papers/2204.13394.pdf,official SLAC eConf,tmp/pdfs/snowmass2021/arxiv_2204.13394.pdf,11799285,cached,,100,229856,48074,39631,6019,279463,2298.56,480.74,396.31,pdftotext
arxiv:2205.00031,2205.00031,Physics at Future Colliders: the Interplay Between Energy and Luminosity,https://www.slac.stanford.edu/econf/C210711/papers/2205.00031.pdf,https://www.slac.stanford.edu/econf/C210711/papers/2205.00031.pdf,official SLAC eConf,tmp/pdfs/snowmass2021/arxiv_2205.00031.pdf,1650931,cached,,19,41264,8441,7582,885,49978,2171.7894736842104,444.2631578947368,399.05263157894734,pdftotext
arxiv:2205.01567,2205.01567,Higher Spin Gravity and Higher Spin Symmetry,https://www.slac.stanford.edu/econf/C210711/papers/2205.01567.pdf,https://www.slac.stanford.edu/econf/C210711/papers/2205.01567.pdf,official SLAC eConf,tmp/pdfs/snowmass2021/arxiv_2205.01567.pdf,854707,cached,,36,93966,17274,14373,2762,110533,2610.1666666666665,479.8333333333333,399.25,pdftotext
arxiv:2205.01799,2205.01799,Observational Signatures of Quantum Gravity,https://www.slac.stanford.edu/econf/C210711/papers/2205.01799.pdf,https://www.slac.stanford.edu/econf/C210711/papers/2205.01799.pdf,official SLAC eConf,tmp/pdfs/snowmass2021/arxiv_2205.01799.pdf,837665,cached,,16,29546,5982,5521,491,35718,1846.625,373.875,345.0625,pdftotext
arxiv:2205.02140,2205.02140,Prospects for the Measurement of Top-Quark Couplings,https://www.slac.stanford.edu/econf/C210711/papers/2205.02140.pdf,https://www.slac.stanford.edu/econf/C210711/papers/2205.02140.pdf,official SLAC eConf,tmp/pdfs/snowmass2021/arxiv_2205.02140.pdf,889191,cached,,35,58652,14793,8300,4049,73018,1675.7714285714285,422.65714285714284,237.14285714285714,pdftotext
arxiv:2205.05708,2205.05708,Naturalness,https://www.slac.stanford.edu/econf/C210711/papers/2203.12118.pdf,https://arxiv.org/pdf/2205.05708.pdf,arXiv fallback,tmp/pdfs/snowmass2021/arxiv_2205.05708.pdf,322786,cached_fallback,,6,15022,2692,2559,192,17690,2503.6666666666665,448.6666666666667,426.5,pdftotext
arxiv:2205.05745,2205.05745,Probing the Cosmic Dark Ages with the Lunar Crater Radio Telescope,https://www.slac.stanford.edu/econf/C210711/papers/arXiv:2205.05745.pdf,https://arxiv.org/pdf/2205.05745.pdf,arXiv fallback,tmp/pdfs/snowmass2021/arxiv_2205.05745.pdf,2308300,cached_fallback,,8,18016,3347,3164,218,21419,2252.0,418.375,395.5,pdftotext
arxiv:2205.05845,2205.05845,Ultra-High-Energy Cosmic Rays: The Intersection of the Cosmic and Energy Frontiers,https://www.slac.stanford.edu/econf/C210711/papers/2205.05845.pdf,https://www.slac.stanford.edu/econf/C210711/papers/2205.05845.pdf,official SLAC eConf,tmp/pdfs/snowmass2021/arxiv_2205.05845.pdf,34727843,cached,,255,730293,135803,118208,16387,868033,2863.894117647059,532.5607843137254,463.5607843137255,pdftotext
arxiv:2205.08553,2205.08553,The Physics potential of the CEPC,https://www.slac.stanford.edu/econf/C210711/papers/2205.08553.pdf,https://www.slac.stanford.edu/econf/C210711/papers/2205.08553.pdf,official SLAC eConf,tmp/pdfs/snowmass2021/arxiv_2205.08553.pdf,5372436,cached,,70,120977,24283,21271,3298,145705,1728.2428571428572,346.9,303.87142857142857,pdftotext
arxiv:2205.09545,2205.09545,Generalized Symmetries in Quantum Field Theory and Beyond,https://www.slac.stanford.edu/econf/C210711/papers/2205.09545.pdf,https://www.slac.stanford.edu/econf/C210711/papers/2205.09545.pdf,official SLAC eConf,tmp/pdfs/snowmass2021/arxiv_2205.09545.pdf,403421,cached,,30,75212,14419,11711,2518,88937,2507.0666666666666,480.6333333333333,390.3666666666667,pdftotext
arxiv:2205.10404,2205.10404,Prospects for Heavy WIMP Dark Matter Searches at Muon Colliders,https://www.slac.stanford.edu/econf/C210711/papers/2205.10404.pdf,https://www.slac.stanford.edu/econf/C210711/papers/2205.10404.pdf,official SLAC eConf,tmp/pdfs/snowmass2021/arxiv_2205.10404.pdf,4180582,cached,,18,22495,4899,4098,717,27397,1249.7222222222222,272.1666666666667,227.66666666666666,pdftotext
arxiv:2205.11730,2205.11730,BSM Higgs Production at a Muon Collider,https://www.slac.stanford.edu/econf/C210711/papers/2205.11730.pdf,https://www.slac.stanford.edu/econf/C210711/papers/2205.11730.pdf,official SLAC eConf,tmp/pdfs/snowmass2021/arxiv_2205.11730.pdf,377303,cached,,7,13370,3070,2501,373,16706,1910.0,438.57142857142856,357.2857142857143,pdftotext
arxiv:2205.11920,2205.11920,MSSM Under Higgs Factories,https://www.slac.stanford.edu/econf/C210711/papers/2205.11920.pdf,https://www.slac.stanford.edu/econf/C210711/papers/2205.11920.pdf,official SLAC eConf,tmp/pdfs/snowmass2021/arxiv_2205.11920.pdf,787488,cached,,5,9389,2028,1758,242,11538,1877.8,405.6,351.6,pdftotext
arxiv:2205.12198,2205.12198,Exotic Higgs Decays in the Type-II 2HDMs at Current and Future pp Colliders,https://www.slac.stanford.edu/econf/C210711/papers/2205.12198.pdf,https://www.slac.stanford.edu/econf/C210711/papers/2205.12198.pdf,official SLAC eConf,tmp/pdfs/snowmass2021/arxiv_2205.12198.pdf,1035005,cached,,6,11759,2496,2193,280,14351,1959.8333333333333,416.0,365.5,pdftotext
arxiv:2205.12847,2205.12847,Upgrading SuperKEKB with a Polarized Electron Beam: Discovery Potential and Proposed Implementation,https://www.slac.stanford.edu/econf/C210711/papers/2205.12847.pdf,https://www.slac.stanford.edu/econf/C210711/papers/2205.12847.pdf,official SLAC eConf,tmp/pdfs/snowmass2021/arxiv_2205.12847.pdf,21763833,cached,,74,138648,28830,24384,3340,168745,1873.6216216216217,389.5945945945946,329.5135135135135,pdftotext
arxiv:2205.12873,2205.12873,Ion Sources for Production of Highly Charged Ion Beams,https://www.slac.stanford.edu/econf/C210711/papers/2205.12873.pdf,https://www.slac.stanford.edu/econf/C210711/papers/2205.12873.pdf,official SLAC eConf,tmp/pdfs/snowmass2021/arxiv_2205.12873.pdf,2834151,cached,,52,96744,18304,17342,1274,114989,1860.4615384615386,352.0,333.5,pdftotext
arxiv:2205.13215,2205.13215,The SLAC Linac to ESA (LESA) Beamline for Dark Sector Searches and Test Beams,https://www.slac.stanford.edu/econf/C210711/papers/2205.13215.pdf,https://www.slac.stanford.edu/econf/C210711/papers/2205.13215.pdf,official SLAC eConf,tmp/pdfs/snowmass2021/arxiv_2205.13215.pdf,445839,cached,,8,12465,2543,2359,215,15001,1558.125,317.875,294.875,pdftotext
arxiv:2205.14379,2205.14379,Signal Strength and W-boson Mass Measurements as a Probe of the Electroweak Phase Transition at colliders,https://www.slac.stanford.edu/econf/C210711/papers/2205.14379.pdf,https://www.slac.stanford.edu/econf/C210711/papers/2205.14379.pdf,official SLAC eConf,tmp/pdfs/snowmass2021/arxiv_2205.14379.pdf,1027275,cached,,8,15908,3057,2613,391,18951,1988.5,382.125,326.625,pdftotext
arxiv:2205.14486,2205.14486,Two-Real-Singlet-Model (TRSM) Benchmark Planes,https://www.slac.stanford.edu/econf/C210711/papers/2205.14486.pdf,https://www.slac.stanford.edu/econf/C210711/papers/2205.14486.pdf,official SLAC eConf,tmp/pdfs/snowmass2021/arxiv_2205.14486.pdf,2761119,cached,,14,22240,4970,3890,1135,27615,1588.5714285714287,355.0,277.85714285714283,pdftotext
arxiv:2205.15373,2205.15373,A Lattice QCD Perspective on Weak Decays of b and c Quarks,https://www.slac.stanford.edu/econf/C210711/papers/2205.15373.pdf,https://www.slac.stanford.edu/econf/C210711/papers/2205.15373.pdf,official SLAC eConf,tmp/pdfs/snowmass2021/arxiv_2205.15373.pdf,727291,cached,,19,86862,16167,13550,2183,102615,4571.684210526316,850.8947368421053,713.1578947368421,pdftotext
arxiv:2206.01849,2206.01849,Building a Culture of Equitable Access and Success for Marginalized Members in Today's Particle Physics Community,https://www.slac.stanford.edu/econf/C210711/papers/2206.01849.pdf,https://www.slac.stanford.edu/econf/C210711/papers/2206.01849.pdf,official SLAC eConf,tmp/pdfs/snowmass2021/arxiv_2206.01849.pdf,373491,cached,,51,112839,19294,18051,1265,132288,2212.529411764706,378.3137254901961,353.94117647058823,pdftotext
arxiv:2206.03456,2206.03456,Summarizing Experimental Sensitivities of Collider Experiments to Dark Matter Models and Comparison to Other Experiments,https://www.slac.stanford.edu/econf/C210711/papers/2206.03456.pdf,https://www.slac.stanford.edu/econf/C210711/papers/2206.03456.pdf,official SLAC eConf,tmp/pdfs/snowmass2021/arxiv_2206.03456.pdf,22910769,cached,,53,74063,16228,12838,2957,91406,1397.4150943396226,306.188679245283,242.22641509433961,pdftotext
arxiv:2206.06632,2206.06632,Explainable AI for High Energy Physics,https://www.slac.stanford.edu/econf/C210711/papers/2206.06632.pdf,https://www.slac.stanford.edu/econf/C210711/papers/2206.06632.pdf,official SLAC eConf,tmp/pdfs/snowmass2021/arxiv_2206.06632.pdf,242633,cached,,8,16021,2789,2556,231,18774,2002.625,348.625,319.5,pdftotext
arxiv:2206.08326,2206.08326,Global SMEFT Fits at Future Colliders,https://www.slac.stanford.edu/econf/C210711/papers/2206.08326.pdf,https://www.slac.stanford.edu/econf/C210711/papers/2206.08326.pdf,official SLAC eConf,tmp/pdfs/snowmass2021/arxiv_2206.08326.pdf,3480400,cached,,89,146493,34858,23692,7440,183967,1645.9887640449438,391.6629213483146,266.2022471910112,pdftotext
arxiv:2206.11331,2206.11331,Rare Decays of b and c Hadrons,https://www.slac.stanford.edu/econf/C210711/papers/2206.11331.pdf,https://www.slac.stanford.edu/econf/C210711/papers/2206.11331.pdf,official SLAC eConf,tmp/pdfs/snowmass2021/arxiv_2206.11331.pdf,700490,cached,,38,83248,17243,14692,1990,101431,2190.7368421052633,453.7631578947368,386.63157894736844,pdftotext
arxiv:2206.12465,2206.12465,xFitter: An Open Source QCD Analysis Framework,https://www.slac.stanford.edu/econf/C210711/papers/2206.12465.pdf,https://www.slac.stanford.edu/econf/C210711/papers/2206.12465.pdf,official SLAC eConf,tmp/pdfs/snowmass2021/arxiv_2206.12465.pdf,1960797,cached,,20,77474,15391,13373,1972,92784,3873.7,769.55,668.65,pdftotext
arxiv:2206.13431,2206.13431,Kinematic Variables and Feature Engineering for Particle Phenomenology,https://www.slac.stanford.edu/econf/C210711/papers/2206.13431.pdf,https://www.slac.stanford.edu/econf/C210711/papers/2206.13431.pdf,official SLAC eConf,tmp/pdfs/snowmass2021/arxiv_2206.13431.pdf,6261882,cached,,54,247895,49329,44253,5514,298823,4590.648148148148,913.5,819.5,pdftotext
arxiv:2206.14249,2206.14249,Effective Field Theories of Gravity and Compact Binary Dynamics,https://www.slac.stanford.edu/econf/C210711/papers/2206.14249.pdf,https://www.slac.stanford.edu/econf/C210711/papers/2206.14249.pdf,official SLAC eConf,tmp/pdfs/snowmass2021/arxiv_2206.14249.pdf,1731482,cached,,35,128356,21346,20420,5762,147808,3667.3142857142857,609.8857142857142,583.4285714285714,pdftotext
arxiv:2206.15345,2206.15345,Spin Polarized Electron Beams Production Beyond III-V Semiconductors,https://www.slac.stanford.edu/econf/C210711/papers/2206.15345.pdf,https://www.slac.stanford.edu/econf/C210711/papers/2206.15345.pdf,official SLAC eConf,tmp/pdfs/snowmass2021/arxiv_2206.15345.pdf,3359087,cached,,12,31715,5956,5553,424,37637,2642.9166666666665,496.3333333333333,462.75,pdftotext
arxiv:2207.00122,2207.00122,Public Policy and Government Engagement: Congressional Advocacy for HEP Funding (The 'DC Trip'),https://www.slac.stanford.edu/econf/C210711/papers/2207.00122.pdf,https://www.slac.stanford.edu/econf/C210711/papers/2207.00122.pdf,official SLAC eConf,tmp/pdfs/snowmass2021/arxiv_2207.00122.pdf,827048,cached,,41,98501,17764,16700,1124,116475,2402.4634146341464,433.2682926829268,407.3170731707317,pdftotext
arxiv:2207.00124,2207.00124,Public Policy and Government Engagement: Congressional Advocacy for Areas Beyond HEP Funding,https://www.slac.stanford.edu/econf/C210711/papers/2207.00124.pdf,https://www.slac.stanford.edu/econf/C210711/papers/2207.00124.pdf,official SLAC eConf,tmp/pdfs/snowmass2021/arxiv_2207.00124.pdf,149983,cached,,15,37429,6753,6551,242,44297,2495.266666666667,450.2,436.73333333333335,pdftotext
arxiv:2207.00125,2207.00125,Public Policy and Government Engagement: Non-Congressional Government Engagement,https://www.slac.stanford.edu/econf/C210711/papers/2207.00125.pdf,https://www.slac.stanford.edu/econf/C210711/papers/2207.00125.pdf,official SLAC eConf,tmp/pdfs/snowmass2021/arxiv_2207.00125.pdf,2609417,cached,,26,62251,11081,10631,551,73548,2394.269230769231,426.1923076923077,408.88461538461536,pdftotext
arxiv:2207.01851,2207.01851,Lepton-Flavor Violation and Lepton-Flavor-Universality Violation in b and c Decays,https://www.slac.stanford.edu/econf/C210711/papers/2207.01851.pdf,https://www.slac.stanford.edu/econf/C210711/papers/2207.01851.pdf,official SLAC eConf,tmp/pdfs/snowmass2021/arxiv_2207.01851.pdf,1367015,cached,,38,84780,17092,14265,2340,102396,2231.0526315789475,449.7894736842105,375.39473684210526,pdftotext
arxiv:2207.02882,2207.02882,Cosmogenic Dark Matter and Exotic Particle Searches in Neutrino Experiments,https://www.slac.stanford.edu/econf/C210711/papers/2207.02882.pdf,https://www.slac.stanford.edu/econf/C210711/papers/2207.02882.pdf,official SLAC eConf,tmp/pdfs/snowmass2021/arxiv_2207.02882.pdf,1391482,cached,,44,107263,20189,17497,2370,128229,2437.7954545454545,458.84090909090907,397.65909090909093,pdftotext
arxiv:2207.05103,2207.05103,A Grand Scan of the pMSSM Parameter Space for Snowmass 2021,https://www.slac.stanford.edu/econf/C210711/papers/2207.05103.pdf,https://www.slac.stanford.edu/econf/C210711/papers/2207.05103.pdf,official SLAC eConf,tmp/pdfs/snowmass2021/arxiv_2207.05103.pdf,1563160,cached,,26,53347,10854,8656,2031,64240,2051.8076923076924,417.46153846153845,332.9230769230769,pdftotext
arxiv:2207.06213,2207.06213,U.S. National Accelerator R&D Program on Future Colliders,https://www.slac.stanford.edu/econf/C210711/papers/2207.06213.pdf,https://www.slac.stanford.edu/econf/C210711/papers/2207.06213.pdf,official SLAC eConf,tmp/pdfs/snowmass2021/arxiv_2207.06213.pdf,105438,cached,,9,16348,3102,2969,151,19486,1816.4444444444443,344.6666666666667,329.8888888888889,pdftotext
arxiv:2207.06307,2207.06307,Belle II Physics Reach and Plans for the Next Decade and Beyond,https://www.slac.stanford.edu/econf/C210711/papers/2207.06307.pdf,https://www.slac.stanford.edu/econf/C210711/papers/2207.06307.pdf,official SLAC eConf,tmp/pdfs/snowmass2021/arxiv_2207.06307.pdf,7194580,cached,,53,110784,21906,18369,2909,134143,2090.264150943396,413.3207547169811,346.58490566037733,pdftotext
arxiv:2207.06507,2207.06507,Comments on Collinear Factorization,https://www.slac.stanford.edu/econf/C210711/papers/2207.06507.pdf,https://www.slac.stanford.edu/econf/C210711/papers/2207.06507.pdf,official SLAC eConf,tmp/pdfs/snowmass2021/arxiv_2207.06507.pdf,328424,cached,,16,35413,6622,5895,653,41933,2213.3125,413.875,368.4375,pdftotext
arxiv:2207.06898,2207.06898,Dark Sector Studies with Neutrino Beams,https://www.slac.stanford.edu/econf/C210711/papers/2207.06898.pdf,https://www.slac.stanford.edu/econf/C210711/papers/2207.06898.pdf,official SLAC eConf,tmp/pdfs/snowmass2021/arxiv_2207.06898.pdf,9953710,cached,,83,212277,41296,35948,5235,255178,2557.5542168674697,497.5421686746988,433.10843373493975,pdftotext
arxiv:2207.06905,2207.06905,Exploring Dark Sector Portals with High Intensity Experiments,https://www.slac.stanford.edu/econf/C210711/papers/2207.06905.pdf,https://www.slac.stanford.edu/econf/C210711/papers/2207.06905.pdf,official SLAC eConf,tmp/pdfs/snowmass2021/arxiv_2207.06905.pdf,1940641,cached,,28,61104,11749,10215,1459,72655,2182.285714285714,419.60714285714283,364.82142857142856,pdftotext
arxiv:2207.07508,2207.07508,Snowmass Early Career: The Key Initiatives Organization,https://www.slac.stanford.edu/econf/C210711/papers/2207.07508.pdf,https://www.slac.stanford.edu/econf/C210711/papers/2207.07508.pdf,official SLAC eConf,tmp/pdfs/snowmass2021/arxiv_2207.07508.pdf,146332,cached,,16,53238,10042,9869,199,63696,3327.375,627.625,616.8125,pdftotext
arxiv:2207.07641,2207.07641,Lattice QCD and Particle Physics,https://www.slac.stanford.edu/econf/C210711/papers/2207.07641.pdf,https://www.slac.stanford.edu/econf/C210711/papers/2207.07641.pdf,official SLAC eConf,tmp/pdfs/snowmass2021/arxiv_2207.07641.pdf,1813563,cached,,65,180881,34695,29775,4487,214803,2782.7846153846153,533.7692307692307,458.0769230769231,pdftotext
arxiv:2207.08875,2207.08875,Electron Sources for Accelerators,https://www.slac.stanford.edu/econf/C210711/papers/2207.08875.pdf,https://www.slac.stanford.edu/econf/C210711/papers/2207.08875.pdf,official SLAC eConf,tmp/pdfs/snowmass2021/arxiv_2207.08875.pdf,241155,cached,,25,58421,10595,9985,660,69183,2336.84,423.8,399.4,pdftotext
arxiv:2207.09060,2207.09060,Data Science and Machine Learning in Education,https://www.slac.stanford.edu/econf/C210711/papers/2207.09060.pdf,https://www.slac.stanford.edu/econf/C210711/papers/2207.09060.pdf,official SLAC eConf,tmp/pdfs/snowmass2021/arxiv_2207.09060.pdf,390367,cached,,19,45304,7948,7378,567,53030,2384.4210526315787,418.3157894736842,388.3157894736842,pdftotext
arxiv:2207.10618,2207.10618,"Frontiers of Quantum Gravity: Shared Challenges, Converging Directions",https://www.slac.stanford.edu/econf/C210711/papers/2207.10618.pdf,https://www.slac.stanford.edu/econf/C210711/papers/2207.10618.pdf,official SLAC eConf,tmp/pdfs/snowmass2021/arxiv_2207.10618.pdf,238183,cached,,21,51572,9136,7907,1151,60207,2455.809523809524,435.04761904761904,376.5238095238095,pdftotext
arxiv:2207.10636,2207.10636,Solving Scattering in N=4 Super-Yang-Mills Theory,https://www.slac.stanford.edu/econf/C210711/papers/2207.10636.pdf,https://www.slac.stanford.edu/econf/C210711/papers/2207.10636.pdf,official SLAC eConf,tmp/pdfs/snowmass2021/arxiv_2207.10636.pdf,777360,cached,,31,69394,13407,11324,1913,82926,2238.516129032258,432.48387096774195,365.2903225806452,pdftotext
arxiv:2207.11055,2207.11055,High Precision in CKM Unitarity Tests in b and c Decays,https://www.slac.stanford.edu/econf/C210711/papers/2207.11055.pdf,https://www.slac.stanford.edu/econf/C210711/papers/2207.11055.pdf,official SLAC eConf,tmp/pdfs/snowmass2021/arxiv_2207.11055.pdf,452721,cached,,20,37020,7615,6349,1013,44961,1851.0,380.75,317.45,pdftotext
arxiv:2207.12400,2207.12400,Scintillating Bubble Chambers: Liquid-Noble Bubble Chambers for Dark Matter and CEνNS Detection,https://www.slac.stanford.edu/econf/C210711/papers/2207.12400.pdf,https://www.slac.stanford.edu/econf/C210711/papers/2207.12400.pdf,official SLAC eConf,tmp/pdfs/snowmass2021/arxiv_2207.12400.pdf,18022686,cached,,35,77849,14210,13045,1372,92097,2224.2571428571428,406.0,372.7142857142857,pdftotext
arxiv:2208.03284,2208.03284,Interpretable Uncertainty Quantification in AI for HEP,https://www.slac.stanford.edu/econf/C210711/papers/2208.03284.pdf,https://www.slac.stanford.edu/econf/C210711/papers/2208.03284.pdf,official SLAC eConf,tmp/pdfs/snowmass2021/arxiv_2208.03284.pdf,158429,cached,,16,38686,6686,6226,470,45285,2417.875,417.875,389.125,pdftotext
arxiv:2208.07910,2208.07910,"When, Where, and How to Open Data: A Personal Perspective",https://www.slac.stanford.edu/econf/C210711/papers/2208.07910.pdf,https://www.slac.stanford.edu/econf/C210711/papers/2208.07910.pdf,official SLAC eConf,tmp/pdfs/snowmass2021/arxiv_2208.07910.pdf,839143,cached,,11,23149,4521,4100,389,27686,2104.4545454545455,411.0,372.72727272727275,pdftotext
arxiv:2208.10466,2208.10466,The Carbon Footprint of Proposed e+e- Higgs Factories,https://www.slac.stanford.edu/econf/C210711/papers/2208.10466.pdf,https://www.slac.stanford.edu/econf/C210711/papers/2208.10466.pdf,official SLAC eConf,tmp/pdfs/snowmass2021/arxiv_2208.10466.pdf,1167468,cached,,15,28135,5401,4966,441,33503,1875.6666666666667,360.06666666666666,331.06666666666666,pdftotext
arxiv:2208.12379,2208.12379,Challenges and Opportunities to Assure Future Manufacturing of Magnet Conductors for the Accelerator Sector,https://www.slac.stanford.edu/econf/C210711/papers/2208.12379.pdf,https://www.slac.stanford.edu/econf/C210711/papers/2208.12379.pdf,official SLAC eConf,tmp/pdfs/snowmass2021/arxiv_2208.12379.pdf,1882098,cached,,26,81586,14760,13817,1350,95998,3137.923076923077,567.6923076923077,531.4230769230769,pdftotext
arxiv:2209.01899,2209.01899,Sensitivity to Heavy Neutral Leptons with the SAND Detector at the DUNE ND Complex,https://www.slac.stanford.edu/econf/C210711/papers/2209.01899.pdf,https://www.slac.stanford.edu/econf/C210711/papers/2209.01899.pdf,official SLAC eConf,tmp/pdfs/snowmass2021/arxiv_2209.01899.pdf,1128985,cached,,17,32383,7044,5262,1579,39543,1904.8823529411766,414.3529411764706,309.52941176470586,pdftotext
arxiv:2209.01995,2209.01995,Elementary Particle Non-Perturbative Mass Generation. A Step towards a Beyond-the-Standard-Model Model,https://www.slac.stanford.edu/econf/C210711/papers/2209.01995.pdf,https://www.slac.stanford.edu/econf/C210711/papers/2209.01995.pdf,official SLAC eConf,tmp/pdfs/snowmass2021/arxiv_2209.01995.pdf,575359,cached,,6,20906,4812,4343,442,26175,3484.3333333333335,802.0,723.8333333333334,pdftotext
arxiv:2209.02883,2209.02883,Physics Opportunities in the ORNL Spallation Neutron Source Second Target Station Era,https://www.slac.stanford.edu/econf/C210711/papers/2209.02883.pdf,https://www.slac.stanford.edu/econf/C210711/papers/2209.02883.pdf,official SLAC eConf,tmp/pdfs/snowmass2021/arxiv_2209.02883.pdf,5547965,cached,,20,48100,8918,8090,823,56959,2405.0,445.9,404.5,pdftotext
arxiv:2209.03281,2209.03281,Center-of-Mass Energy Determination using e+e−→μ+μ-(γ) Events at Future e+e− Colliders,https://www.slac.stanford.edu/econf/C210711/papers/2209.03281.pdf,https://www.slac.stanford.edu/econf/C210711/papers/2209.03281.pdf,official SLAC eConf,tmp/pdfs/snowmass2021/arxiv_2209.03281.pdf,1420113,cached,,30,55481,11395,9919,1337,67497,1849.3666666666666,379.8333333333333,330.6333333333333,pdftotext
arxiv:2209.03303,2209.03303,Model-Agnostic Exploration of the Mass Reach of Precision Higgs Boson Coupling Measurements,https://www.slac.stanford.edu/econf/C210711/papers/2209.03303.pdf,https://www.slac.stanford.edu/econf/C210711/papers/2209.03303.pdf,official SLAC eConf,tmp/pdfs/snowmass2021/arxiv_2209.03303.pdf,1033373,cached,,21,26418,5863,5128,650,32583,1258.0,279.1904761904762,244.1904761904762,pdftotext
arxiv:2209.03333,2209.03333,Single Vector-Like Top Quark Production via Chromomagnetic Interactions at Present and Future Hadron Colliders at the LHC and FCC-hh/SppC Colliders,https://www.slac.stanford.edu/econf/C210711/papers/2209.03333.pdf,https://www.slac.stanford.edu/econf/C210711/papers/2209.03333.pdf,official SLAC eConf,tmp/pdfs/snowmass2021/arxiv_2209.03333.pdf,802599,cached,,14,23707,5543,4200,1185,29874,1693.357142857143,395.92857142857144,300.0,pdftotext
arxiv:2209.03505,2209.03505,Background Monte Carlo Samples for a Future Hadron Collider,https://www.slac.stanford.edu/econf/C210711/papers/2209.03505.pdf,https://www.slac.stanford.edu/econf/C210711/papers/2209.03505.pdf,official SLAC eConf,tmp/pdfs/snowmass2021/arxiv_2209.03505.pdf,1627576,cached,,12,16241,3952,2935,981,20625,1353.4166666666667,329.3333333333333,244.58333333333334,pdftotext
arxiv:2209.03585,2209.03585,"A Spectroscopic Road Map for Cosmic Frontier: DESI, DESI-II, Stage-5",https://www.slac.stanford.edu/econf/C210711/papers/2209.03585.pdf,https://www.slac.stanford.edu/econf/C210711/papers/2209.03585.pdf,official SLAC eConf,tmp/pdfs/snowmass2021/arxiv_2209.03585.pdf,3747185,cached,,53,119039,24330,21118,2830,142367,2246.0188679245284,459.0566037735849,398.45283018867923,pdftotext
arxiv:2209.03988,2209.03988,"MoEDAL-MAPP, an LHC Dedicated Detector Search Facility",https://www.slac.stanford.edu/econf/C210711/papers/2209.03988.pdf,https://www.slac.stanford.edu/econf/C210711/papers/2209.03988.pdf,official SLAC eConf,tmp/pdfs/snowmass2021/arxiv_2209.03988.pdf,23926416,cached,,39,80944,15952,14516,1783,96922,2075.4871794871797,409.02564102564105,372.20512820512823,pdftotext
arxiv:2209.04322,2209.04322,The MegaMapper: A Stage-5 Spectroscopic Instrument Concept for the Study of Inflation and Dark Energy,https://www.slac.stanford.edu/econf/C210711/papers/2209.04322.pdf,https://www.slac.stanford.edu/econf/C210711/papers/2209.04322.pdf,official SLAC eConf,tmp/pdfs/snowmass2021/arxiv_2209.04322.pdf,10848641,cached,,20,34702,6690,5996,666,41278,1735.1,334.5,299.8,pdftotext
arxiv:2209.06755,2209.06755,How Community Agreements Can Improve Workplace Culture in Physics,https://www.slac.stanford.edu/econf/C210711/papers/2209.06755.pdf,https://www.slac.stanford.edu/econf/C210711/papers/2209.06755.pdf,official SLAC eConf,tmp/pdfs/snowmass2021/arxiv_2209.06755.pdf,202210,cached,,17,48656,8519,8290,305,57089,2862.1176470588234,501.11764705882354,487.6470588235294,pdftotext
arxiv:2209.07412,2209.07412,The Dense Matter Equation of State and QCD Phase Transitions,https://www.slac.stanford.edu/econf/C210711/papers/2209.07412.pdf,https://www.slac.stanford.edu/econf/C210711/papers/2209.07412.pdf,official SLAC eConf,tmp/pdfs/snowmass2021/arxiv_2209.07412.pdf,4673169,cached,,30,84993,15905,13114,2762,100349,2833.1,530.1666666666666,437.1333333333333,pdftotext
arxiv:2209.07429,2209.07429,CP Violation in b and c Quark Decays,https://www.slac.stanford.edu/econf/C210711/papers/2209.07429.pdf,https://www.slac.stanford.edu/econf/C210711/papers/2209.07429.pdf,official SLAC eConf,tmp/pdfs/snowmass2021/arxiv_2209.07429.pdf,338317,cached,,24,50573,10087,8590,1327,60891,2107.2083333333335,420.2916666666667,357.9166666666667,pdftotext
arxiv:2209.10109,2209.10109,U.S. CMS - PURSUE (Program for Undergraduate Research SUmmer Experience),https://www.slac.stanford.edu/econf/C210711/papers/2209.10109.pdf,https://www.slac.stanford.edu/econf/C210711/papers/2209.10109.pdf,official SLAC eConf,tmp/pdfs/snowmass2021/arxiv_2209.10109.pdf,752211,cached,,9,22249,4009,3895,126,26117,2472.1111111111113,445.44444444444446,432.77777777777777,pdftotext
arxiv:2212.09524,2212.09524,Adding Stroboscopic Muon Information For Reduction of Systematic Uncertainties in DUNE,https://www.slac.stanford.edu/econf/C210711/papers/2212.09524.pdf,https://www.slac.stanford.edu/econf/C210711/papers/2212.09524.pdf,official SLAC eConf,tmp/pdfs/snowmass2021/arxiv_2212.09524.pdf,6398749,cached,,14,18697,3559,3344,238,22416,1335.5,254.21428571428572,238.85714285714286,pdftotext
external:https://cds.cern.ch/record/2806113,,Future Physics Potential of LHCb,https://www.slac.stanford.edu/econf/C210711/papers/CDS-2806113.pdf,https://www.slac.stanford.edu/econf/C210711/papers/CDS-2806113.pdf,official SLAC eConf,tmp/pdfs/snowmass2021/external_https_cds.cern.ch_record_2806113.pdf,2926512,cached,,40,92583,18757,15773,2535,112052,2314.575,468.925,394.325,pdftotext
external:https://cds.cern.ch/record/2806962,,Physics with the Phase-2 ATLAS and CMS Detectors,https://www.slac.stanford.edu/econf/C210711/papers/CDS-2806962.pdf,https://www.slac.stanford.edu/econf/C210711/papers/CDS-2806962.pdf,official SLAC eConf,tmp/pdfs/snowmass2021/external_https_cds.cern.ch_record_2806962.pdf,8339712,cached,,118,271104,56551,44589,8235,329467,2297.491525423729,479.2457627118644,377.8728813559322,pdftotext
external:https://hal.archives-ouvertes.fr/hal-03634918,,Tagged Neutrino Beams,https://www.slac.stanford.edu/econf/C210711/papers/HAL-03634918.pdf,https://hal.science/hal-03634918/document,HAL fallback,tmp/pdfs/snowmass2021/external_https_hal.archives-ouvertes.fr_hal-03634918.pdf,295280,cached_fallback,,4,5942,1092,1038,70,7093,1485.5,273.0,259.5,pdftotext
