rank,record_id,title,authors_as_listed,arxiv,publication_year,frontier_labels,primary_arxiv_category,citation_count,citation_count_without_self_citations,citations_per_year,impact_proxy_score_0_100,frontier_count,placement_count,citation_source,inspire_url
1,arxiv:2203.06142,"Cosmology Intertwined: A Review of the Particle Physics, Astrophysics, and Cosmology Associated with the Cosmological Tensions and Anomalies",E. Abdalla et al.,2203.06142,2022,Cosmic,astro-ph.CO,1594,884,361.1715260545906,99.90689013035382,1,1,INSPIRE,https://inspirehep.net/literature/2050441
2,arxiv:2204.03381,Quantum Simulation for High Energy Physics,C. W. Bauer et al.,2204.03381,2022,Computational | Theory,quant-ph,544,399,125.36025236593059,99.72067039106145,2,2,INSPIRE,https://inspirehep.net/literature/2064292
3,arxiv:2203.05090,The Forward Physics Facility at the High-Luminosity LHC,J. L. Feng et al.,2203.05090,2022,Accelerator Science and Technology | Cosmic | Energy | Instrumentation | Neutrinos | Rare Processes and Precision Measurements | Theory,hep-ex,422,136,95.49907063197026,99.53445065176908,7,7,INSPIRE,https://inspirehep.net/literature/2049796
4,arxiv:2203.14923,Axion Dark Matter,J. Jaeckel et al.,2203.14923,2022,Accelerator Science and Technology | Cosmic | Instrumentation | Rare Processes and Precision Measurements | Theory,hep-ex,346,229,79.23291536050156,99.34823091247671,5,5,INSPIRE,https://inspirehep.net/literature/2059869
5,arxiv:2203.08039,The Present and Future Status of Heavy Neutral Leptons,A. M. Abdullahi et al.,2203.08039,2022,Neutrinos,hep-ph,343,235,77.91091417910447,99.16201117318434,1,1,INSPIRE,https://inspirehep.net/literature/2052659
6,arxiv:2205.09545,Generalized Symmetries in Quantum Field Theory and Beyond,C. Cordova et al.,2205.09545,2022,Theory,hep-th,312,279,73.8548282566429,98.84543761638733,1,1,INSPIRE,https://inspirehep.net/literature/2085224
7,arxiv:2203.08128,Inflation: Theory and Observations,A. Achúcarro et al.,2203.08128,2022,Cosmic | Theory,astro-ph.CO,320,243,72.6865671641791,98.91992551210427,2,2,INSPIRE,https://inspirehep.net/literature/2052552
8,arxiv:2203.07622,The International Linear Collider,A. Aryshev et al.,2203.07622,2022,Accelerator Science and Technology | Community Engagement | Cosmic | Energy | Instrumentation | Neutrinos | Rare Processes and Precision Measurements | Theory,physics.acc-ph,293,93,66.51227470478558,98.60335195530726,8,8,INSPIRE,https://inspirehep.net/literature/2052751
9,arxiv:2111.11392,Celestial Holography,"S. Pasterski, et al.",2111.11392,2021,Theory,hep-th,284,264,60.27367809413132,98.28677839851024,1,1,INSPIRE,https://inspirehep.net/literature/1973246
10,arxiv:2203.14915,New Horizons: Scalar and Vector Ultralight Dark Matter,D. Antypas et al.,2203.14915,2022,Cosmic | Instrumentation | Rare Processes and Precision Measurements | Theory,hep-ex,261,158,59.768181818181816,98.10055865921787,4,4,INSPIRE,https://inspirehep.net/literature/2059892
11,arxiv:2109.10905,"The Forward Physics Facility: Sites, Experiments, and Physics Potential",L. A. Anchordoqui et al.,2109.10905,2021,Cosmic | Energy | Neutrinos | Rare Processes and Precision Measurements | Theory,hep-ph,287,87,58.8253367003367,98.30540037243946,5,5,INSPIRE,https://inspirehep.net/literature/1926149
12,arxiv:2203.08121,The Cosmological Bootstrap,D. Baumann et al.,2203.08121,2022,Cosmic | Theory,hep-th,224,187,50.88059701492537,97.72811918063314,2,2,INSPIRE,https://inspirehep.net/literature/2052479
13,arxiv:2203.02309,A Next-Generation Liquid Xenon Observatory for Dark Matter and Neutrino Physics,J. Aalbers et al.,2203.02309,2022,Cosmic | Instrumentation | Neutrinos | Rare Processes and Precision Measurements | Underground Facilities and Infrastructure,physics.ins-det,218,77,49.18128474366893,97.54189944134077,5,5,INSPIRE,https://inspirehep.net/literature/2046565
14,arxiv:2203.11110,Event Generators for High-Energy Physics Experiments,J. M. Campbell et al.,2203.11110,2022,Cosmic | Computational | Energy | Neutrinos | Theory,hep-ph,201,61,45.82724719101124,97.3556797020484,5,5,INSPIRE,https://inspirehep.net/literature/2055764
15,arxiv:2203.13199,Electron Ion Collider for High Energy Physics,R. Abdul Khalek et al.,2203.13199,2022,Accelerator Science and Technology | Energy | Instrumentation | Theory,hep-ph,197,110,44.999530956848034,97.0391061452514,4,4,INSPIRE,https://inspirehep.net/literature/2057945
16,arxiv:2203.08096,High-Energy and Ultra-High-Energy Neutrinos,M. Ackermann et al.,2203.08096,2022,Cosmic | Instrumentation | Neutrinos | Theory,hep-ph,196,83,44.520522388059696,96.85288640595903,4,4,INSPIRE,https://inspirehep.net/literature/2052677
17,arxiv:2101.08320,The LHC Olympics 2020: A Community Challenge for Anomaly Detection in High Energy Physics,G. Kasieczka et al.,2101.08320,2021,Computational | Energy | Theory,hep-ph,243,114,43.786753823384316,97.57914338919925,3,3,INSPIRE,https://inspirehep.net/literature/1842125
18,arxiv:2205.05845,Ultra-High-Energy Cosmic Rays: The Intersection of the Cosmic and Energy Frontiers,A. Coleman et al.,2205.05845,2022,Cosmic,astro-ph.HE,180,82,42.38878143133463,96.21973929236498,1,1,INSPIRE,https://inspirehep.net/literature/2080572
19,arxiv:2203.08297,The Landscape of Low-Threshold Dark Matter Direct Detection in the Next Decade,R. Essig et al.,2203.08297,2022,Cosmic,hep-ph,183,109,41.56763059701492,96.55493482309123,1,1,INSPIRE,https://inspirehep.net/literature/2053446
20,arxiv:2203.07256,Muon Collider Physics Summary,C. Aimè et al.,2203.07256,2022,Energy | Theory,hep-ph,182,92,41.31479179614667,96.36871508379888,2,2,INSPIRE,https://inspirehep.net/literature/2051198
21,arxiv:2204.05194,Gravitational Waves and Scattering Amplitudes,A. Buonanno et al.,2204.05194,2022,Cosmic | Theory,hep-th,175,152,40.429316888045534,95.66108007448788,2,2,INSPIRE,https://inspirehep.net/literature/2065377
22,arxiv:2204.06547,The Double Copy and its Applications,T. Adamo et al.,2204.06547,2022,Theory,hep-th,174,137,40.249208359721344,95.21415270018622,1,1,INSPIRE,https://inspirehep.net/literature/2066524
23,arxiv:2203.13923,Proton structure at the Precision Frontier,S. Amoroso et al.,2203.13923,2022,Energy | Theory,hep-ph,175,61,39.99921777221527,95.54934823091247,2,2,INSPIRE,https://inspirehep.net/literature/2059340
24,arxiv:2203.05728,CMB-HD White Paper,S. Aiola et al. (CMB-HD Collaboration).,2203.05728,2022,Cosmic,astro-ph.CO,175,133,39.62724736515809,95.49348230912476,1,1,INSPIRE,https://inspirehep.net/literature/2050051
25,arxiv:2203.07261,The Physics Case of a 3 TeV Muon Collider Stage,J. de Blas et al.,2203.07261,2022,Energy | Theory,hep-ph,173,83,39.27175264139217,94.91620111731842,2,2,INSPIRE,https://inspirehep.net/literature/2051251
26,arxiv:2203.08024,CMB-S4 White Paper,K. Abazajian et al.,2203.08024,2022,Cosmic | Instrumentation,astro-ph.CO,172,112,39.06902985074626,94.72998137802607,2,2,INSPIRE,https://inspirehep.net/literature/2052441
27,arxiv:2201.07805,New Physics Searches at Kaon and Hyperon Factories,E. Goudzovski et al.,2201.07805,2022,Rare Processes and Precision Measurements,hep-ph,175,93,38.43580877931449,95.32588454376163,1,1,INSPIRE,https://inspirehep.net/literature/2014186
28,arxiv:2203.06520,The Future Circular Collider: a Summary for the US 2021 Snowmass Process,G. Bernardi et al.,2203.06520,2022,Accelerator Science and Technology | Energy | Instrumentation | Neutrinos | Rare Processes and Precision Measurements | Theory,hep-ex,166,134,37.63594040968342,94.48789571694599,6,6,INSPIRE,https://inspirehep.net/literature/2051032
29,arxiv:2207.06307,Belle II Physics Reach and Plans for the Next Decade and Beyond,L. Aggarwal et al. (Belle II Collaboration).,2207.06307,2022,Energy | Rare Processes and Precision Measurements,hep-ex,152,116,37.310483870967744,93.91061452513966,2,2,INSPIRE,https://inspirehep.net/literature/2111425
30,arxiv:2203.07972,Detection of Early-Universe Gravitational Wave Signatures and Fundamental Physics,R. Caldwell et al.,2203.07972,2022,Cosmic | Energy,gr-qc,153,89,34.75326492537313,94.0875232774674,2,2,INSPIRE,https://inspirehep.net/literature/2052484
31,arxiv:2203.08271,The Strong Coupling Constant: State of the Art and the Decade Ahead,D. d'Enterria et al.,2203.08271,2022,Energy,hep-ph,153,74,34.75326492537313,94.0875232774674,1,1,INSPIRE,https://inspirehep.net/literature/2053387
32,arxiv:2203.07323,Light Sterile Neutrino Searches and Related Phenomenology,M. A. Acero et al.,2203.07323,2022,Neutrinos,hep-ex,153,83,34.7316656308266,94.00372439478585,1,1,INSPIRE,https://inspirehep.net/literature/2051352
33,arxiv:2203.07088,Functions Beyond Multiple Polylogarithms for Precision Collider Physics,J. L. Bourjaily et al.,2203.07088,2022,Theory,hep-ph,145,94,32.91563082660037,93.55679702048417,1,1,INSPIRE,https://inspirehep.net/literature/2051224
34,arxiv:2205.08553,The Physics potential of the CEPC,H. Cheng et al.,2205.08553,2022,Accelerator Science and Technology | Energy | Theory,hep-ph,138,107,32.62427184466019,93.10986964618249,3,3,INSPIRE,https://inspirehep.net/literature/2084168
35,arxiv:2206.08326,Global SMEFT Fits at Future Colliders,J. de Blas et al.,2206.08326,2022,Energy,hep-ph,135,100,32.5470297029703,92.79329608938546,1,1,INSPIRE,https://inspirehep.net/literature/2096992
36,arxiv:2005.10289,Vector Boson Fusion at Multi-TeV Muon Colliders,A. Costantini et al.,2005.10289,2020,Accelerator Science and Technology | Computational | Energy | Theory,hep-ph,200,177,32.15228873239436,95.99627560521415,4,4,INSPIRE,https://inspirehep.net/literature/1797226
37,arxiv:2203.01955,Neutrino Self-Interactions,J. M. Berryman et al.,2203.01955,2022,Neutrinos | Theory,hep-ph,142,95,32.01574074074074,93.20297951582867,2,2,INSPIRE,https://inspirehep.net/literature/2046321
38,arxiv:2203.02421,S-Matrix Bootstrap,M. Kruczenski et al.,2203.02421,2022,Theory,hep-th,140,133,31.584311303273626,93.0167597765363,1,1,INSPIRE,https://inspirehep.net/literature/2046440
39,arxiv:2203.08103,Electric Dipole Moments and the Search for New Physics,R. Alarcon et al.,2203.08103,2022,Rare Processes and Precision Measurements,hep-ph,136,72,30.891791044776117,92.7001862197393,1,1,INSPIRE,https://inspirehep.net/literature/2052270
40,arxiv:2209.03585,"A Spectroscopic Road Map for Cosmic Frontier: DESI, DESI-II, Stage-5",D. J. Schlegel et al.,2209.03585,2022,Cosmic,astro-ph.CO,121,57,30.884171907756812,91.9925512104283,1,1,INSPIRE,https://inspirehep.net/literature/2148948
41,arxiv:2203.15810,Prospects for Precise Predictions of a_μ in the Standard Model,G. Colangelo et al.,2203.15810,2022,Rare Processes and Precision Measurements | Theory,hep-ph,134,59,30.70483061480552,92.32774674115456,2,2,INSPIRE,https://inspirehep.net/literature/2060022
42,arxiv:2203.08084,Dark Matter Direct Detection to the Neutrino Fog,D.S. Akerib et al.,2203.08084,2022,Cosmic,hep-ex,132,108,29.983208955223876,92.14152700186219,1,1,INSPIRE,https://inspirehep.net/literature/2052588
43,arxiv:2203.06805,UV Constraints on IR Physics,C. de Rham et al.,2203.06805,2022,Theory,hep-th,130,107,29.49223602484472,91.95530726256982,1,1,INSPIRE,https://inspirehep.net/literature/2051217
44,arxiv:2205.05708,Naturalness,N. Craig.,2205.05708,2022,Energy | Theory,hep-ph,118,114,27.78820116054159,91.50837988826815,2,2,INSPIRE,https://inspirehep.net/literature/2698478
45,arxiv:2203.07361,Coherent Elastic Neutrino-Nucleus Scattering: Terrestrial and Astrophysical Applications,M. Abdullah et al.,2203.07361,2022,Neutrinos,hep-ph,119,39,27.01351771286513,91.5828677839851,1,1,INSPIRE,https://inspirehep.net/literature/2051269
46,arxiv:2203.05502,Searches for Long-Lived Particles at the Future FCC-ee,C. B. Verhaaren et al.,2203.05502,2022,Energy,hep-ex,115,71,26.040762554246744,91.26629422718807,1,1,INSPIRE,https://inspirehep.net/literature/2049590
47,arxiv:2203.08033,A Muon Collider Facility for Physics Discovery,D. Stratakis et al.,2203.08033,2022,Accelerator Science and Technology | Energy,physics.acc-ph,114,58,25.894589552238802,91.08007448789571,2,2,INSPIRE,https://inspirehep.net/literature/2052859
48,arxiv:2203.10811,Beyond the Standard Model Effects on Neutrino Flavor,C. A. Argüelles et al.,2203.10811,2022,Neutrinos,hep-ph,113,58,25.76357677902622,90.89385474860335,1,1,INSPIRE,https://inspirehep.net/literature/2622891
49,arxiv:2209.04322,The MegaMapper: A Stage-5 Spectroscopic Instrument Concept for the Study of Inflation and Dark Energy,D. J. Schlegel et al.,2209.04322,2022,Cosmic,astro-ph.IM,97,71,24.7756993006993,89.86033519553072,1,1,INSPIRE,https://inspirehep.net/literature/2149557
50,arxiv:1906.10134,"CMB-HD: An Ultra-Deep, High Resolution Millimeter Wave Survey over Half the Sky",N. Sehgal et al.,1906.10134,2019,Cosmic | Neutrinos,astro-ph.CO,175,116,24.555800998847484,94.0409683426443,2,2,INSPIRE,https://inspirehep.net/literature/1741243
51,arxiv:2203.07984,Dark Matter In Extreme Astrophysical Environments,M. Baryakhtar et al.,2203.07984,2022,Cosmic | Theory,hep-ph,106,57,24.077425373134325,90.59590316573556,2,2,INSPIRE,https://inspirehep.net/literature/2052716
52,arxiv:2003.09084,Modern and Future Colliders,"V. Shiltsev, F. Zimmermann",2003.09084,2019,Accelerator Science and Technology,physics.acc-ph,181,153,23.806355779618293,94.45065176908751,1,1,INSPIRE,https://inspirehep.net/literature/1764966
53,arxiv:2203.09030,"Theoretical Tools for Neutrino Scattering: Interplay between Lattice QCD, EFTs, Nuclear Physics, Phenomenology, and Neutrino Event Generators",L. Alvarez Ruso et al.,2203.09030,2022,Computational | Neutrinos | Theory,hep-ph,101,36,22.9559738643435,90.22346368715083,3,3,INSPIRE,https://inspirehep.net/literature/2054044
54,arxiv:2205.01567,Higher Spin Gravity and Higher Spin Symmetry,X. Bekaert et al.,2205.01567,2022,Theory,hep-th,96,71,22.491340602950608,89.3854748603352,1,1,INSPIRE,https://inspirehep.net/literature/2076040
55,arxiv:2203.08232,Effective Field Theories in Cosmology,G. Cabass et al.,2203.08232,2022,Theory,astro-ph.CO,99,76,22.487406716417908,89.82309124767225,1,1,INSPIRE,https://inspirehep.net/literature/2053417
56,arxiv:2203.07646,Strategy for Understanding the Higgs Physics: The Cool Copper Collider,S. Dasu et al.,2203.07646,2022,Accelerator Science and Technology | Energy | Instrumentation,hep-ex,99,49,22.487406716417908,89.82309124767225,3,3,INSPIRE,https://inspirehep.net/literature/2052501
57,arxiv:2111.02442,The Effective Vector Boson Approximation in High-Energy Muon Collisions,R. Ruiz et al.,2111.02442,2021,Accelerator Science and Technology | Computational | Energy | Theory,hep-ph,104,87,21.831034482758618,90.13035381750466,4,4,INSPIRE,https://inspirehep.net/literature/1960240
58,arxiv:2202.11012,The Analytic Conformal Bootstrap,T. Hartman et al.,2202.11012,2022,Theory,hep-th,95,90,21.300644567219155,89.0316573556797,1,1,INSPIRE,https://inspirehep.net/literature/2036958
59,arxiv:2203.12169,Neutrinoless Double-Beta Decay: A Roadmap for Matching Theory to Experiment,V. Cirigliano et al.,2203.12169,2022,Neutrinos | Rare Processes and Precision Measurements | Theory,hep-ph,93,70,21.21689569019363,88.78026070763501,3,3,INSPIRE,https://inspirehep.net/literature/2057341
60,arxiv:2203.08059,KATRIN: Status and Prospects for the Neutrino Mass and Beyond,M. Aker et al.,2203.08059,2022,Neutrinos,nucl-ex,93,73,21.12453358208955,88.7243947858473,1,1,INSPIRE,https://inspirehep.net/literature/2052318
61,arxiv:2203.09186,The CLIC Project,O. Brunner et al.,2203.09186,2022,Accelerator Science and Technology | Energy,physics.acc-ph,92,82,20.923412204234126,88.4729981378026,2,2,INSPIRE,https://inspirehep.net/literature/2054221
62,arxiv:2110.15800,C3: A 'Cool' Route to the Higgs Boson and Beyond,M. Bai et al.,2110.15800,2021,Accelerator Science and Technology | Energy,hep-ex,99,55,20.698196908986834,89.45996275605214,2,2,INSPIRE,https://inspirehep.net/literature/1955742
63,arxiv:2203.06380,Astrophysical and Cosmological Probes of Dark Matter,K. K. Boddy et al.,2203.06380,2022,Theory,hep-ph,89,67,20.178305400372437,88.13780260707634,1,1,INSPIRE,https://inspirehep.net/literature/2051118
64,arxiv:2203.06508,Ultraheavy Particle Dark Matter,D. Carney et al.,2203.06508,2022,Cosmic | Instrumentation | Theory,hep-ph,89,47,20.178305400372437,88.13780260707634,3,3,INSPIRE,https://inspirehep.net/literature/2050968
65,arxiv:2203.07964,Simulated Detector Performance at the Muon Collider,N. Bartosik et al.,2203.07964,2022,Energy | Instrumentation,hep-ex,87,29,19.76166044776119,87.8584729981378,2,2,INSPIRE,https://inspirehep.net/literature/2052548
66,arxiv:2203.09503,"Theory, Phenomenology, and Experimental Avenues for Dark Showers",G. Albouy et al.,2203.09503,2022,Energy | Theory,hep-ph,86,42,19.55884184308842,87.67225325884543,2,2,INSPIRE,https://inspirehep.net/literature/2054250
67,arxiv:2203.08967,Primordial Black Hole Dark Matter,S. Bird et al.,2203.08967,2022,Cosmic,hep-ph,85,72,19.31938394523958,87.48603351955308,1,1,INSPIRE,https://inspirehep.net/literature/2054306
68,arxiv:2203.08117,The Numerical Conformal Bootstrap,D. Poland et al.,2203.08117,2022,Computational | Theory,hep-th,84,81,19.080223880597014,87.2998137802607,2,2,INSPIRE,https://inspirehep.net/literature/2052264
69,arxiv:2203.08463,A Strategy for Low-Mass Dark Matter Searches with Cryogenic Detectors in the SuperCDMS SNOLAB Facility,M. F. Albakry et al.,2203.08463,2022,Cosmic | Instrumentation | Neutrinos | Underground Facilities and Infrastructure,physics.ins-det,83,60,18.86481020535159,87.048417132216,4,4,INSPIRE,https://inspirehep.net/literature/2053352
70,arxiv:2203.07349,The Project 8 Neutrino Mass Experiment,A. Ashtari Esfahani et al.,2203.07349,2022,Neutrinos,nucl-ex,83,66,18.84136109384711,86.9925512104283,1,1,INSPIRE,https://inspirehep.net/literature/2050876
71,arxiv:2203.09425,High Precision Higgs from High Energy Muon Colliders,M. Forslund et al.,2203.09425,2022,Energy,hep-ph,82,75,18.649128268991284,86.67597765363128,1,1,INSPIRE,https://inspirehep.net/literature/2054278
72,arxiv:2203.06100,DUNE Physics Summary,A. Abed Abud et al. (DUNE Collaboration),2203.06100,2022,Cosmic | Neutrinos | Rare Processes and Precision Measurements,hep-ex,82,45,18.57971464019851,86.62011173184356,3,3,INSPIRE,https://inspirehep.net/literature/2050110
73,arxiv:2203.06730,The Path Forward to N3LO,F. Caola et al.,2203.06730,2022,Theory,hep-ph,81,68,18.37593167701863,86.36871508379888,1,1,INSPIRE,https://inspirehep.net/literature/2051098
74,arxiv:2203.08310,Future Circular Lepton Collider FCC-ee: Overview and Status,I. Agapov et al.,2203.08310,2022,Accelerator Science and Technology,physics.acc-ph,80,71,18.171641791044774,86.18249534450652,1,1,INSPIRE,https://inspirehep.net/literature/2053449
75,arxiv:2203.07943,The Physics of Light Relics,C. Dvorkin et al.,2203.07943,2022,Cosmic | Theory,hep-ph,77,44,17.490205223880594,85.99627560521415,2,2,INSPIRE,https://inspirehep.net/literature/2052620
76,arxiv:2203.07354,Dark Matter Physics from Halo Measurements,K. Bechtol et al.,2203.07354,2022,Cosmic,hep-ph,75,37,17.02532628962088,85.74487895716945,1,1,INSPIRE,https://inspirehep.net/literature/2051347
77,arxiv:2207.06905,Exploring Dark Sector Portals with High Intensity Experiments,B. Batell et al.,2207.06905,2022,Cosmic | Rare Processes and Precision Measurements | Theory,hep-ph,69,62,16.94838601210491,84.8417132216015,3,3,INSPIRE,https://inspirehep.net/literature/2112364
78,arxiv:2203.05591,Tau Neutrinos in the Next Decade: from GeV to EeV,R. Mammen Abraham et al.,2203.05591,2022,Cosmic | Energy | Instrumentation | Neutrinos | Theory | Underground Facilities and Infrastructure,hep-ph,74,24,16.75666460012399,85.37243947858472,6,6,INSPIRE,https://inspirehep.net/literature/2050231
79,arxiv:2203.07377,Synergy between Cosmological and Laboratory Searches in Neutrino Physics,K. N. Abazajian et al.,2203.07377,2022,Cosmic | Neutrinos | Theory,hep-ph,73,42,16.571317588564323,85.12104283054003,3,3,INSPIRE,https://inspirehep.net/literature/2052515
80,arxiv:2201.03096,Quantum Aspects of Black Holes and the Emergence of Spacetime,R. Bousso et al.,2201.03096,2022,Theory,hep-th,75,71,16.3740286909743,85.52141527001862,1,1,INSPIRE,https://inspirehep.net/literature/2007273
81,arxiv:2206.14249,Effective Field Theories of Gravity and Compact Binary Dynamics,W. D. Goldberger.,2206.14249,2022,Theory,hep-th,66,64,16.03892215568862,84.35754189944134,1,1,INSPIRE,https://inspirehep.net/literature/2103428
82,arxiv:2203.08129,"Forward Physics, BFKL, Saturation Physics and Diffraction",M. Hentschinski et al.,2203.08129,2022,Energy,hep-ph,70,24,15.900186567164178,84.75791433891992,1,1,INSPIRE,https://inspirehep.net/literature/2052682
83,arxiv:2203.04981,Micro- and Macro-Structure of Black Holes,I. Bena et al.,2203.04981,2022,Theory,hep-th,70,56,15.841078066914497,84.7020484171322,1,1,INSPIRE,https://inspirehep.net/literature/2049605
84,arxiv:2206.12465,xFitter: An Open Source QCD Analysis Framework,H. Abdolmaleki et al. (xFitter Developers’ Team).,2206.12465,2022,Energy,hep-ph,65,28,15.753981420039814,83.92923649906889,1,1,INSPIRE,https://inspirehep.net/literature/2101813
85,arxiv:2004.13687,Challenges in Monte Carlo Event Generator Software for High-Luminosity LHC,A. Valassi et al.,2004.13687,2020,Computational | Theory,hep-ph,97,62,15.444311246730603,87.84916201117318,2,2,INSPIRE,https://inspirehep.net/literature/1793219
86,arxiv:2203.14919,Charged Lepton Flavor Violation in the Tau Sector,S. Banerjee et al.,2203.14919,2022,Rare Processes and Precision Measurements,hep-ph,67,58,15.342789968652038,84.20856610800745,1,1,INSPIRE,https://inspirehep.net/literature/2059459
87,arxiv:2203.02029,Hyper-Kamiokande Experiment,J. Bian et al. (Hyper-Kamiokande Collaboration),2203.02029,2022,Neutrinos,hep-ex,65,61,14.655092592592592,83.76163873370577,1,1,INSPIRE,https://inspirehep.net/literature/2046404
88,arxiv:2202.03285,Jet Flavour Tagging for Future Colliders with Fast Simulation,F. Bedeschi et al.,2202.03285,2022,Energy,hep-ex,65,51,14.441149635036496,83.70577281191805,1,1,INSPIRE,https://inspirehep.net/literature/2029200
89,arxiv:2203.07506,Cosmology and Fundamental Physics from the Three-Dimensional Large Scale Structure,S. Ferraro et al.,2203.07506,2022,Cosmic,astro-ph.CO,63,41,14.30127408328154,83.38919925512104,1,1,INSPIRE,https://inspirehep.net/literature/2052439
90,arxiv:2203.07651,The REDTOP Experiment: Rare η/η′ Decays To Probe New Physics,J. Elam et al. (REDTOP Collaboration),2203.07651,2022,Rare Processes and Precision Measurements,hep-ex,62,28,14.0830223880597,83.13780260707634,1,1,INSPIRE,https://inspirehep.net/literature/2052541
91,arxiv:2203.03035,Study of CP violation in Hyperon Decays at Super Charm-Tau Factories with a Polarized Electron Beam,N. Salone et al.,2203.03035,2022,Rare Processes and Precision Measurements,hep-ph,62,31,14.004638218923933,83.08193668528864,1,1,INSPIRE,https://inspirehep.net/literature/2047192
92,arxiv:2203.12714,"Searches for New Particles, Dark Matter, and Gravitational Waves with SRF Cavities",A. Berlin et al.,2203.12714,2022,Cosmic | Computational | Instrumentation | Theory,hep-ph,61,37,13.92515625,82.76536312849161,4,4,INSPIRE,https://inspirehep.net/literature/2057981
93,arxiv:2203.08771,Searches for Baryon Number Violation in Neutrino Experiments,P. S. B. Dev et al.,2203.08771,2022,Neutrinos | Rare Processes and Precision Measurements,hep-ex,61,34,13.864499066583697,82.7094972067039,2,2,INSPIRE,https://inspirehep.net/literature/2053590
94,arxiv:2204.04575,The COHERENT Experimental Program,D. Akimov et al.,2204.04575,2022,Cosmic | Instrumentation | Neutrinos,hep-ex,60,44,13.843967150979152,82.39292364990689,3,3,INSPIRE,https://inspirehep.net/literature/2065245
95,arxiv:2202.07193,Lattice QCD Calculations of Parton Physics,M. Constantinou et al.,2202.07193,2022,Computational | Energy | Theory,hep-lat,60,34,13.395476772616135,82.33705772811918,3,3,INSPIRE,https://inspirehep.net/literature/2032549
96,arxiv:2207.10618,"Frontiers of Quantum Gravity: Shared Challenges, Converging Directions",J. de Boer et al.,2207.10618,2022,Cosmic | Theory,hep-th,53,35,13.079898648648648,81.04283054003724,2,2,INSPIRE,https://inspirehep.net/literature/2120699
97,arxiv:2207.07641,Lattice QCD and Particle Physics,A. S. Kronfeld et al.,2207.07641,2022,Cosmic | Computational | Energy | Neutrinos | Rare Processes and Precision Measurements | Theory,hep-lat,53,24,13.027086137281293,80.98696461824953,6,6,INSPIRE,https://inspirehep.net/literature/2115266
98,arxiv:2203.12852,"Graph Neural Networks in Particle Physics: Implementations, Innovations, and Challenges",S. Thais et al.,2203.12852,2022,Computational,hep-ex,56,43,12.783750000000001,81.90875232774673,1,1,INSPIRE,https://inspirehep.net/literature/2057973
99,arxiv:2203.07224,Promising Technologies and R&D Directions for the Future Muon Collider Detectors,S. Jindariani et al.,2203.07224,2022,Energy | Instrumentation,physics.ins-det,56,17,12.712243629583591,81.85288640595903,2,2,INSPIRE,https://inspirehep.net/literature/2051166
100,arxiv:2203.11349,The Belle II Detector Upgrade Program,F. Forti (Belle II Collaboration).,2203.11349,2022,Instrumentation,hep-ex,55,47,12.539794007490638,81.47113594040968,1,1,INSPIRE,https://inspirehep.net/literature/2056871
101,arxiv:2203.07629,Cosmology at the Theory Frontier,R. Flauger et al.,2203.07629,2022,Theory,hep-th,55,43,12.493003731343283,81.41527001862197,1,1,INSPIRE,https://inspirehep.net/literature/2052446
102,arxiv:2203.09451,Circular Electron Positron Collider (CEPC),CEPC Accelerator Study Group,2203.09451,2022,Accelerator Science and Technology | Energy,physics.acc-ph,53,40,12.038712686567163,80.67970204841714,2,2,INSPIRE,https://inspirehep.net/literature/2054376
103,arxiv:2203.07638,Cosmic Microwave Background Measurements White Paper,C. L. Chang et al.,2203.07638,2022,Cosmic | Instrumentation | Theory,astro-ph.CO,53,37,12.038712686567163,80.67970204841714,3,3,INSPIRE,https://inspirehep.net/literature/2052414
104,arxiv:2203.06680,Early-Universe Model Building,P. Asadi et al.,2203.06680,2022,Cosmic | Theory,hep-ph,53,26,12.023757763975155,80.59590316573556,2,2,INSPIRE,https://inspirehep.net/literature/2051195
105,arxiv:2006.04824,New Physics in B Meson Mixing: Future Sensitivity and Limitations,J. Charles et al.,2006.04824,2020,Rare Processes and Precision Measurements | Theory,hep-ph,74,53,11.996671105193075,83.86405959031657,2,2,INSPIRE,https://inspirehep.net/literature/1800385
106,arxiv:2202.06703,Heavy Neutrinos at Future Linear e+e− Colliders,K. Mękała et al.,2202.06703,2022,Energy | Neutrinos,hep-ph,53,41,11.82544288332315,80.48417132216015,2,2,INSPIRE,https://inspirehep.net/literature/2032064
107,arxiv:2203.08192,Current Status and Future Prospects for the Light Dark Matter eXperiment (LDMX),T. Åkesson et al.,2203.08192,2022,Rare Processes and Precision Measurements,hep-ex,52,42,11.811567164179104,79.77653631284916,1,1,INSPIRE,https://inspirehep.net/literature/2053415
108,arxiv:2202.05838,Applications of Machine Learning to Lattice Quantum Field Theory,D. Boyda et al.,2202.05838,2022,Computational | Theory,hep-lat,53,36,11.796617915904935,80.37243947858474,2,2,INSPIRE,https://inspirehep.net/literature/2032001
109,arxiv:2203.05939,Opportunities for New Physics Searches with Heavy Ions at Colliders,David d'Enterria et al.,2203.05939,2022,Energy,hep-ph,52,31,11.782258064516128,79.66480446927375,1,1,INSPIRE,https://inspirehep.net/literature/2050432
110,arxiv:2209.03988,"MoEDAL-MAPP, an LHC Dedicated Detector Search Facility",J. Pinfold.,2209.03988,2022,Energy,hep-ph,46,28,11.741090146750524,78.50093109869646,1,1,INSPIRE,https://inspirehep.net/literature/2149546
111,arxiv:2202.07683,White Paper on SuperConformal Field Theories,P. C. Argyres et al.,2202.07683,2022,Theory,hep-th,52,33,11.609413202933984,79.55307262569832,1,1,INSPIRE,https://inspirehep.net/literature/2033570
112,arxiv:2203.07117,Quantum Information in Quantum Field Theory and Quantum Gravity,T. Faulkner et al.,2203.07117,2022,Theory,hep-th,51,48,11.577221876942199,79.23649906890131,1,1,INSPIRE,https://inspirehep.net/literature/2051219
113,arxiv:2205.12847,Upgrading SuperKEKB with a Polarized Electron Beam: Discovery Potential and Proposed Implementation,S. Banerjee et al.,2205.12847,2022,Accelerator Science and Technology | Energy | Rare Processes and Precision Measurements,physics.acc-ph,48,25,11.406636304489265,78.7243947858473,3,3,INSPIRE,https://inspirehep.net/literature/2087635
114,arxiv:2203.08206,Probing the Electroweak Phase Transition with Exotic Higgs Decays,M. Carena et al.,2203.08206,2022,Cosmic | Energy,hep-ph,50,38,11.357276119402984,78.92923649906889,2,2,INSPIRE,https://inspirehep.net/literature/2053763
115,arxiv:2203.07492,Light Dark Matter Direct Detection at the Interface With Condensed Matter Physics,A. Mitridate et al.,2203.07492,2022,Cosmic | Theory,hep-ph,50,46,11.350217526413921,78.87337057728118,2,2,INSPIRE,https://inspirehep.net/literature/2052428
116,arxiv:2203.06853,Electron Scattering and Neutrino Physics,A. Ankowski et al.,2203.06853,2022,Neutrinos | Theory,hep-ex,48,16,10.896208825357364,78.55679702048417,2,2,INSPIRE,https://inspirehep.net/literature/2050877
117,arxiv:2203.06859,Puzzling Excesses in Dark Matter Searches and How to Resolve Them,R. K. Leane et al.,2203.06859,2022,Cosmic | Theory,hep-ph,47,32,10.669204474829085,78.30540037243948,2,2,INSPIRE,https://inspirehep.net/literature/2051092
118,arxiv:2106.01393,Vector Boson Scattering Processes: Status and Prospects,D. Buarque Franzosi et al.,2106.01393,2021,Energy | Neutrinos | Theory,hep-ph,55,27,10.606520591341077,80.46554934823091,3,3,INSPIRE,https://inspirehep.net/literature/1866947
119,arxiv:2207.06898,Dark Sector Studies with Neutrino Beams,B. Batell et al.,2207.06898,2022,Cosmic | Neutrinos | Rare Processes and Precision Measurements | Theory,hep-ph,43,15,10.562037659717552,76.95530726256983,4,4,INSPIRE,https://inspirehep.net/literature/2112369
120,arxiv:2203.07804,Future Circular Hadron Collider FCC-hh: Overview and Status,M. Benedikt et al.,2203.07804,2022,Accelerator Science and Technology,physics.acc-ph,46,38,10.448694029850746,77.94227188081936,1,1,INSPIRE,https://inspirehep.net/literature/2052856
121,arxiv:2204.00001,The Mu3e Experiment,G. Hesketh et al.,2204.00001,2022,Rare Processes and Precision Measurements,hep-ex,45,45,10.330766813324953,77.43016759776536,1,1,INSPIRE,https://inspirehep.net/literature/2061380
122,arxiv:2203.08386,Toward CUPID-1T,A. Armatol et al.,2203.08386,2022,Instrumentation | Neutrinos | Rare Processes and Precision Measurements | Underground Facilities and Infrastructure,nucl-ex,45,30,10.227909147479776,77.37430167597765,4,4,INSPIRE,https://inspirehep.net/literature/2053368
123,arxiv:2203.08228,Future Gravitational-Wave Detector Facilities,S. W. Ballmer et al.,2203.08228,2022,Cosmic,gr-qc,45,39,10.221548507462686,77.29050279329608,1,1,INSPIRE,https://inspirehep.net/literature/2053400
124,arxiv:2203.08366,Linear Collider Based on Laser-Plasma Accelerators,C. Benedetti et al.,2203.08366,2022,Accelerator Science and Technology,physics.acc-ph,45,18,10.221548507462686,77.29050279329608,1,1,INSPIRE,https://inspirehep.net/literature/2053625
125,arxiv:2203.06258,The Potential of a TeV-Scale Muon-Ion Collider,D. Acosta et al.,2203.06258,2022,Accelerator Science and Technology | Energy,hep-ex,45,44,10.196184863523573,77.20670391061452,2,2,INSPIRE,https://inspirehep.net/literature/2050815
126,arxiv:2203.07270,Phenomenological Aspects of Composite Higgs Scenarios: Exotic Scalars and Vector-Like Quarks,A. Banerjee et al.,2203.07270,2022,Energy | Theory,hep-ph,44,27,9.98819142324425,76.75977653631284,2,2,INSPIRE,https://inspirehep.net/literature/2051222
127,arxiv:2203.08805,Quantum Computing for Data Analysis in High-Energy Physics,A. Delgado et al.,2203.08805,2022,Computational,physics.data-an,43,24,9.767257462686565,76.50837988826817,1,1,INSPIRE,https://inspirehep.net/literature/2054075
128,arxiv:2203.05010,New Ideas in Baryogenesis,G. Elor et al.,2203.05010,2022,Theory,hep-ph,42,26,9.504646840148698,76.1266294227188,1,1,INSPIRE,https://inspirehep.net/literature/2049545
129,arxiv:2203.00740,Low-Energy Physics in Neutrino LArTPCs,D. Caratelli et al.,2203.00740,2022,Instrumentation | Neutrinos,physics.ins-det,42,8,9.457768187422936,76.0707635009311,2,2,INSPIRE,https://inspirehep.net/literature/2043497
130,arxiv:2203.07316,The Road Ahead for CODEX-b,G. Aielli et al.,2203.07316,2022,Energy | Rare Processes and Precision Measurements,hep-ex,41,30,9.307178371659415,75.6610800744879,2,2,INSPIRE,https://inspirehep.net/literature/2051244
131,arxiv:2203.07242,The Windchime Project,A. Attanasio et al. (Windchime Collaboration),2203.07242,2022,Cosmic | Instrumentation | Theory,hep-ex,41,26,9.307178371659415,75.6610800744879,3,3,INSPIRE,https://inspirehep.net/literature/2051205
132,arxiv:2203.03230,Hadron Spectroscopy with Lattice QCD,J. Bulava et al.,2203.03230,2022,Rare Processes and Precision Measurements | Theory,hep-lat,40,24,9.040841584158416,75.31657355679702,2,2,INSPIRE,https://inspirehep.net/literature/2047120
133,arxiv:2203.07059,Theories and Experiments for Testable Baryogenesis Mechanisms,J. L. Barrow et al.,2203.07059,2022,Rare Processes and Precision Measurements,hep-ph,38,19,8.62616532007458,75.0,1,1,INSPIRE,https://inspirehep.net/literature/2051136
134,arxiv:2203.05531,Review of Neutral Naturalness,B. Batell et al.,2203.05531,2022,Theory,hep-ph,38,27,8.604773713577185,74.94413407821229,1,1,INSPIRE,https://inspirehep.net/literature/3089945
135,arxiv:2203.08278,A New Charged Lepton Flavor Violation Program at Fermilab,M. Aoki et al.,2203.08278,2022,Rare Processes and Precision Measurements,hep-ex,37,23,8.404384328358208,74.46927374301676,1,1,INSPIRE,https://inspirehep.net/literature/2053459
136,arxiv:2203.08806,New Directions for Surrogate Models and Differentiable Programming for High Energy Physics Detector Simulation,A. Adelmann et al.,2203.08806,2022,Computational,hep-ph,37,15,8.404384328358208,74.46927374301676,1,1,INSPIRE,https://inspirehep.net/literature/2054074
137,arxiv:2203.06894,The Landscape of Cosmic-Ray and High-Energy Photon Probes of Particle Dark Matter,T. Aramaki et al.,2203.06894,2022,Cosmic,hep-ex,37,17,8.399160969546301,74.3854748603352,1,1,INSPIRE,https://inspirehep.net/literature/2051102
138,arxiv:2109.15181,On the Modeling Uncertainties of ttbar W± Multi-Lepton Signatures,G. Bevilacqua et al.,2109.15181,2021,Energy,hep-ph,40,20,8.235625704622322,74.98137802607077,1,1,INSPIRE,https://inspirehep.net/literature/1935822
139,arxiv:2203.07726,Flavor Model Building,"W. Altmannshofer, J. Zupan",2203.07726,2022,Theory,hep-ph,36,27,8.177238805970148,73.81750465549348,1,1,INSPIRE,https://inspirehep.net/literature/2052492
140,arxiv:2203.07064,Dark Matter Physics from the CMB-S4 Experiment,C. Dvorkin et al.,2203.07064,2022,Cosmic,hep-ph,36,19,8.172156619018024,73.73370577281192,1,1,INSPIRE,https://inspirehep.net/literature/2051192
141,arxiv:2203.07569,Mu2e-II: Muon to Electron Conversion with PIP-II,K. Byrum et al.,2203.07569,2022,Rare Processes and Precision Measurements,hep-ex,36,14,8.172156619018024,73.73370577281192,1,1,INSPIRE,https://inspirehep.net/literature/2052525
142,arxiv:2203.09524,On the Importance of Rare Kaon Decays,J. Aebischer et al.,2203.09524,2022,Rare Processes and Precision Measurements,hep-ph,35,22,7.959993773349939,73.32402234636871,1,1,INSPIRE,https://inspirehep.net/literature/2054663
143,arxiv:2203.05484,Axion-Like Particles at High Energy Muon Colliders,T. Han et al.,2203.05484,2022,Accelerator Science and Technology | Energy | Theory,hep-ph,35,29,7.925449473031618,73.26815642458101,3,3,INSPIRE,https://inspirehep.net/literature/2049621
144,arxiv:2207.10636,Solving Scattering in N=4 Super-Yang-Mills Theory,N. Arkani-Hamed et al.,2207.10636,2022,Theory,hep-th,32,21,7.897297297297297,71.84357541899442,1,1,INSPIRE,https://inspirehep.net/literature/2120761
145,arxiv:2203.10110,Effective Field Theories for Condensed Matter Systems,T. Brauner et al.,2203.10110,2022,Theory,hep-th,34,27,7.737383177570094,72.9608938547486,1,1,INSPIRE,https://inspirehep.net/literature/2055714
146,arxiv:2204.01742,String Theory and Particle Physics,M. Cvetic et al.,2204.01742,2022,Theory,hep-th,33,22,7.590207808564231,72.44878957169459,1,1,INSPIRE,https://inspirehep.net/literature/2063384
147,arxiv:2203.07535,Strange Quark as a Probe for New Physics in the Higgs Sector,A. Albert et al.,2203.07535,2022,Energy,hep-ex,33,15,7.491143567433188,72.39292364990689,1,1,INSPIRE,https://inspirehep.net/literature/2052514
148,arxiv:2203.06200,Observational Facilities to Study Dark Matter,S.Chakrabarti et al.,2203.06200,2022,Cosmic,astro-ph.CO,33,19,7.47720223325062,72.30912476722533,1,1,INSPIRE,https://inspirehep.net/literature/2050926
149,arxiv:2203.05914,"Recoil Imaging for Dark Matter, Neutrinos, and Physics Beyond the Standard Model",C. A. J. O'Hare et al.,2203.05914,2022,Cosmic | Instrumentation | Neutrinos,physics.ins-det,33,11,7.47720223325062,72.30912476722533,3,3,INSPIRE,https://inspirehep.net/literature/2050141
150,arxiv:2203.05731,Beam background expectations for Belle II at SuperKEKB,A. Natochii et al.,2203.05731,2022,Accelerator Science and Technology,hep-ex,33,16,7.47256664600124,72.22532588454376,1,1,INSPIRE,https://inspirehep.net/literature/2050036
151,arxiv:2204.08668,Neutrino Flavor Model Building and the Origins of Flavor and CP Violation,Y. Almumin et al.,2204.08668,2022,Neutrinos | Theory,hep-ph,32,24,7.430387794024158,71.45251396648044,2,2,INSPIRE,https://inspirehep.net/literature/2069317
152,arxiv:2207.12400,Scintillating Bubble Chambers: Liquid-Noble Bubble Chambers for Dark Matter and CEνNS Detection,E. Alfonso-Pita et al.,2207.12400,2022,Cosmic | Instrumentation | Neutrinos,physics.ins-det,30,16,7.403716216216216,70.28864059590316,3,3,INSPIRE,https://inspirehep.net/literature/2126035
153,arxiv:2202.08292,The Deepest Problem: Some Perspectives on Quantum Gravity,S. B. Giddings.,2202.08292,2022,Theory,hep-th,33,30,7.372018348623852,72.05772811918062,1,1,INSPIRE,https://inspirehep.net/literature/2034284
154,arxiv:2203.16583,Substructure of Multiquark Hadrons,N. Brambilla et al.,2203.16583,2022,Rare Processes and Precision Measurements,hep-ph,32,16,7.337099811676083,71.28491620111731,1,1,INSPIRE,https://inspirehep.net/literature/2060761
155,arxiv:2206.13431,Kinematic Variables and Feature Engineering for Particle Phenomenology,R. Franceschini et al.,2206.13431,2022,Energy | Theory,hep-ph,30,16,7.285571808510638,70.12104283054003,2,2,INSPIRE,https://inspirehep.net/literature/2101803
156,arxiv:2203.08079,PIP2-BD: GeV Proton Beam Dump at Fermilab's PIP-II Linac,M. Toups et al.,2203.08079,2022,Accelerator Science and Technology | Neutrinos | Rare Processes and Precision Measurements,hep-ex,32,12,7.26865671641791,71.14525139664804,3,3,INSPIRE,https://inspirehep.net/literature/2052914
157,arxiv:2203.08126,Recent Progress and Next Steps for the MATHUSLA LLP Detector,C. Alpigiani et al.,2203.08126,2022,Energy | Instrumentation,hep-ex,32,23,7.26865671641791,71.14525139664804,2,2,INSPIRE,https://inspirehep.net/literature/2052601
158,arxiv:2204.08605,Quantum Computing Hardware for HEP Algorithms and Sensing,M. S. Alam et al.,2204.08605,2022,Computational | Theory,quant-ph,31,15,7.193614993646761,70.47486033519553,2,2,INSPIRE,https://inspirehep.net/literature/2069448
159,arxiv:2203.08056,Machine Learning and Cosmology,C. Dvorkin et al.,2203.08056,2022,Cosmic | Computational,hep-ph,31,25,7.04151119402985,70.41899441340782,2,2,INSPIRE,https://inspirehep.net/literature/2052713
160,arxiv:2203.07258,Cosmology with Millimeter-Wave Line Intensity Mapping,K. S. Karkare et al.,2203.07258,2022,Cosmic,astro-ph.CO,31,18,7.037134866376631,70.3631284916201,1,1,INSPIRE,https://inspirehep.net/literature/2051189
161,arxiv:2205.02140,Prospects for the Measurement of Top-Quark Couplings,G. Durieux et al.,2205.02140,2022,Energy,hep-ph,30,17,7.033055198973042,69.78584729981378,1,1,INSPIRE,https://inspirehep.net/literature/2077199
162,arxiv:2203.06153,Symmetry Group Equivariant Architectures for Physics,A. Bogatskiy et al.,2203.06153,2022,Computational,cs.LG,31,23,7.024038461538461,70.25139664804469,1,1,INSPIRE,https://inspirehep.net/literature/2050183
163,arxiv:2205.15373,A Lattice QCD Perspective on Weak Decays of b and c Quarks,P. A. Boyle et al.,2205.15373,2022,Computational | Rare Processes and Precision Measurements | Theory,hep-lat,29,19,6.914001305483028,68.95716945996276,3,3,INSPIRE,https://inspirehep.net/literature/2089735
164,arxiv:2103.08623,A Lunar Farside Low Radio Frequency Array for Dark Ages 21-cm Cosmology,J. Burns et al.,2103.08623,2021,Cosmic,astro-ph.IM,37,32,6.849594526102383,72.87709497206703,1,1,INSPIRE,https://inspirehep.net/literature/1851911
165,arxiv:2203.08139,Numerical Relativity for Next-Generation Gravitational-Wave Probes of Fundamental Physics,F. Foucart et al.,2203.08139,2022,Cosmic | Computational,gr-qc,30,28,6.814365671641791,69.56238361266294,2,2,INSPIRE,https://inspirehep.net/literature/2052485
166,arxiv:2204.08943,Physics in the Tau-Charm Region at BESIII,H. B. Li et al.,2204.08943,2022,Rare Processes and Precision Measurements,hep-ex,29,22,6.733788938334393,68.78957169459963,1,1,INSPIRE,https://inspirehep.net/literature/2069262
167,arxiv:2204.00039,Lattice QCD and the Computational Frontier,P. Boyle et al.,2204.00039,2022,Computational | Theory,hep-lat,29,21,6.653423366834171,68.73370577281192,2,2,INSPIRE,https://inspirehep.net/literature/2061349
168,arxiv:2203.09076,C^3 Demonstration Research and Development Plan,E. A. Nanni et al.,2203.09076,2022,Accelerator Science and Technology | Community Engagement,physics.acc-ph,29,9,6.595423412204235,68.6778398510242,2,2,INSPIRE,https://inspirehep.net/literature/2054193
169,arxiv:2203.07462,Jets and Jet Substructure at Future Colliders,B. Nachman et al.,2203.07462,2022,Energy,hep-ph,29,19,6.583126165320074,68.59404096834264,1,1,INSPIRE,https://inspirehep.net/literature/2052458
170,arxiv:2203.07048,LHCb Future Dark-Sector Sensitivity Projections for Snowmass 2021,Daniel Craik et al.,2203.07048,2022,Energy | Rare Processes and Precision Measurements,hep-ph,29,26,6.583126165320074,68.59404096834264,2,2,INSPIRE,https://inspirehep.net/literature/2051164
171,arxiv:2203.11406,Muonium to Antimuonium Conversion,A.-Y. Bai et al.,2203.11406,2022,Rare Processes and Precision Measurements,hep-ph,28,22,6.383895131086143,67.66294227188082,1,1,INSPIRE,https://inspirehep.net/literature/2056869
172,arxiv:2203.07864,21cm Radiation as a Probe of Physics Across Cosmic Ages,A. Liu et al.,2203.07864,2022,Cosmic | Instrumentation,astro-ph.CO,28,27,6.360074626865671,67.60707635009311,2,2,INSPIRE,https://inspirehep.net/literature/2052539
173,arxiv:2203.07220,Rubin Observatory after LSST,B. Blum et al.,2203.07220,2022,Cosmic,astro-ph.CO,28,21,6.356121814791796,67.55121042830541,1,1,INSPIRE,https://inspirehep.net/literature/2051310
174,arxiv:2203.06037,Directional Detection of Dark Matter Using Solid-State Quantum Sensing,R. Ebadi et al.,2203.06037,2022,Cosmic | Instrumentation,physics.ins-det,28,23,6.344292803970223,67.4953445065177,2,2,INSPIRE,https://inspirehep.net/literature/2050075
175,arxiv:2203.05505,Testing Lepton Flavor Universality and CKM Unitarity with Rare Pion Decays in the PIONEER experiment,W. Altmannshofer et al. (PIONEER Collaboration),2203.05505,2022,Rare Processes and Precision Measurements,hep-ex,28,16,6.340359578425294,67.43947858472998,1,1,INSPIRE,https://inspirehep.net/literature/2049578
176,arxiv:2205.01799,Observational Signatures of Quantum Gravity,K. M. Zurek et al.,2205.01799,2022,Cosmic | Theory,gr-qc,27,15,6.325689544579858,66.73184357541899,2,2,INSPIRE,https://inspirehep.net/literature/2077177
177,arxiv:2204.13394,Searches for New Physics with High-Intensity Kaon Beams,"KOTO, LHCb, NA62/KLEVER Collaborations, the US Kaon Interest Group.",2204.13394,2022,Rare Processes and Precision Measurements,hep-ex,27,26,6.305466751918158,66.67597765363128,1,1,INSPIRE,https://inspirehep.net/literature/2074136
178,arxiv:2206.11331,Rare Decays of b and c Hadrons,"W. Altmannshofer, F. Archilli.",2206.11331,2022,Rare Processes and Precision Measurements,hep-ph,26,19,6.29324055666004,66.22905027932961,1,1,INSPIRE,https://inspirehep.net/literature/2099988
179,arxiv:2201.11696,Hamiltonian Truncation,A. L. Fitzpatrick et al.,2201.11696,2022,Theory,hep-th,28,25,6.179456193353475,67.21601489757916,1,1,INSPIRE,https://inspirehep.net/literature/2020682
180,arxiv:2203.06240,Cosmic Frontier: Fundamental Physics and Beyond the Standard Model,E. Berti et al.,2203.06240,2022,Cosmic | Theory,hep-ph,27,22,6.117710918114144,66.50837988826815,2,2,INSPIRE,https://inspirehep.net/literature/2051112
181,arxiv:2204.04200,Computational Challenges for Multi-Loop Collider Phenomenology,F. Febres Cordero et al.,2204.04200,2022,Computational | Theory,hep-ph,26,21,5.995265151515151,66.06145251396647,2,2,INSPIRE,https://inspirehep.net/literature/2064884
182,arxiv:2202.02222,Portal Matter and Dark Sector Phenomenology at Colliders,T. G. Rizzo.,2202.02222,2022,Cosmic | Energy | Theory,hep-ph,27,14,5.987704918032787,66.39664804469274,3,3,INSPIRE,https://inspirehep.net/literature/2027816
183,arxiv:1906.02693,FCC-ee: Your Questions Answered,A. Blondel et al.,1906.02693,2019,Accelerator Science and Technology | Energy | Neutrinos | Rare Processes and Precision Measurements | Theory,hep-ph,42,25,5.852918733307898,73.05400372439479,5,5,INSPIRE,https://inspirehep.net/literature/1738661
184,arxiv:2203.07214,High Energy Physics Opportunities Using Reactor Antineutrinos,O. A. Akindele et al.,2203.07214,2022,Neutrinos,hep-ex,25,8,5.675108763206961,65.38175046554935,1,1,INSPIRE,https://inspirehep.net/literature/2051194
185,arxiv:2203.07360,The Future of Gamma-Ray Experiments in the MeV-EeV Range,K. Engel et al.,2203.07360,2022,Cosmic,astro-ph.HE,25,17,5.675108763206961,65.38175046554935,1,1,INSPIRE,https://inspirehep.net/literature/2051642
186,arxiv:2203.07252,Vera C. Rubin Observatory as a Flagship Dark Matter Experiment,Y.-Y. Mao et al.,2203.07252,2022,Cosmic,hep-ex,25,10,5.675108763206961,65.38175046554935,1,1,INSPIRE,https://inspirehep.net/literature/2051169
187,arxiv:2203.06281,A Gaseous Argon-Based Near Detector to Enhance the Physics Capabilities of DUNE,A. Abed Abud et al.,2203.06281,2022,Instrumentation | Neutrinos,hep-ex,25,6,5.6645471464019845,65.27001862197393,2,2,INSPIRE,https://inspirehep.net/literature/2050940
188,arxiv:2105.12962,Physics Reach of a Long-Lived Particle Detector at Belle II,S. Dreyer et al.,2105.12962,2021,Rare Processes and Precision Measurements,hep-ph,29,21,5.574868421052631,67.56052141527002,1,1,INSPIRE,https://inspirehep.net/literature/1865781
189,arxiv:2203.07545,Neutrinos from Stored Muons (nuSTORM),L. Alvarez Ruso et al. (nuSTORM Collaboration),2203.07545,2022,Neutrinos | Rare Processes and Precision Measurements,hep-ex,24,21,5.448104412678682,64.60893854748603,2,2,INSPIRE,https://inspirehep.net/literature/2052496
190,arxiv:2203.07351,WIMP Dark Matter at High Energy Muon Colliders,T. Han et al.,2203.07351,2022,Accelerator Science and Technology | Cosmic | Energy | Theory,hep-ph,24,19,5.448104412678682,64.60893854748603,4,4,INSPIRE,https://inspirehep.net/literature/2051665
191,arxiv:2207.02882,Cosmogenic Dark Matter and Exotic Particle Searches in Neutrino Experiments,J. Berger et al.,2207.02882,2022,Neutrinos,hep-ph,22,16,5.374916387959867,62.960893854748605,1,1,INSPIRE,https://inspirehep.net/literature/2107154
192,arxiv:2111.03096,Comparison of SUSY Spectra Generators for Natural SUSY and String Landscape Predictions,H. Baer et al.,2111.03096,2021,Energy,hep-ph,25,10,5.250862564692352,64.99068901303538,1,1,INSPIRE,https://inspirehep.net/literature/1961516
193,arxiv:2203.11298,Neutrino Scattering Measurements on Hydrogen and Deuterium,L. Alvarez Ruso et al.,2203.11298,2022,Neutrinos | Theory,hep-ex,23,14,5.243913857677903,63.63128491620111,2,2,INSPIRE,https://inspirehep.net/literature/2056721
194,arxiv:2203.07799,Superconducting Detector Magnets for High Energy Physics,M. Mentink et al.,2203.07799,2022,Accelerator Science and Technology,physics.ins-det,23,21,5.224347014925373,63.54748603351955,1,1,INSPIRE,https://inspirehep.net/literature/2052783
195,arxiv:2203.08324,The Heavy Photon Search Experiment,N. Baltzell et al.,2203.08324,2022,Rare Processes and Precision Measurements,hep-ex,23,18,5.224347014925373,63.54748603351955,1,1,INSPIRE,https://inspirehep.net/literature/2053794
196,arxiv:2203.07624,Implications of Quantum Gravity for Particle Physics,P. Draper et al.,2203.07624,2022,Theory,hep-ph,23,18,5.221100062150404,63.40782122905028,1,1,INSPIRE,https://inspirehep.net/literature/2052397
197,arxiv:2203.07091,Quantum Computing Systems and Software for High-energy Physics Research,T. S. Humble et al.,2203.07091,2022,Computational,quant-ph,23,19,5.221100062150404,63.40782122905028,1,1,INSPIRE,https://inspirehep.net/literature/2051498
198,arxiv:2203.07501,SoLAr: Solar Neutrinos in Liquid Argon,S. Para et al.,2203.07501,2022,Neutrinos,hep-ex,23,6,5.221100062150404,63.40782122905028,1,1,INSPIRE,https://inspirehep.net/literature/2052409
199,arxiv:2207.01851,Lepton-Flavor Violation and Lepton-Flavor-Universality Violation in b and c Decays,"D. Guadagnoli, P. Koppenburg.",2207.01851,2022,Rare Processes and Precision Measurements,hep-ph,21,21,5.127172459893049,61.927374301675975,1,1,INSPIRE,https://inspirehep.net/literature/2106084
200,arxiv:2203.15954,Probing dark matter with small-scale astrophysical observations,R. Brito et al.,2203.15954,2022,Cosmic,hep-ph,22,15,5.041091593475533,62.45810055865921,1,1,INSPIRE,https://inspirehep.net/literature/2060148
201,external:https://cds.cern.ch/record/2806113,Future Physics Potential of LHCb,LHCb Collaboration.,,2022,Instrumentation | Rare Processes and Precision Measurements,,23,22,4.997471743010113,63.184357541899445,2,2,INSPIRE-CDS,https://inspirehep.net/literature/2071541
202,arxiv:2204.02280,Opportunities for Precision QCD Physics in Hadronization at Belle II,A. Accardi et al.,2204.02280,2022,Energy,hep-ex,21,11,4.833175803402646,61.75977653631284,1,1,INSPIRE,https://inspirehep.net/literature/2063309
203,arxiv:2203.07049,Cosmological Simulations for Dark Matter Physics,A. Banerjee et al.,2203.07049,2022,Cosmic,astro-ph.CO,21,8,4.767091361093847,61.70391061452514,1,1,INSPIRE,https://inspirehep.net/literature/2051170
204,arxiv:2203.04902,Tensor Networks for High Energy Physics,Y. Meurice et al.,2203.04902,2022,Computational | Theory,hep-lat,21,17,4.752323420074349,61.64804469273743,2,2,INSPIRE,https://inspirehep.net/literature/2048957
205,arxiv:2202.06890,"Infrared Properties of Quantum Gravity: UV/IR Mixing, Gravitizing the Quantum – Theory and Observation",P. Berglund et al.,2202.06890,2022,Theory,hep-th,21,11,4.6855528405620035,61.592178770949715,1,1,INSPIRE,https://inspirehep.net/literature/2032186
206,arxiv:2111.12119,Event-Based Anomaly Detection for New Physics Searches at the LHC using Machine Learning,S. V. Chekanov et al.,2111.12119,2021,Computational | Energy,hep-ph,22,15,4.671802325581395,62.12290502793296,2,2,INSPIRE,https://inspirehep.net/literature/1975588
207,arxiv:2204.13245,Positron Sources for Future High Energy Physics Colliders,P. Musumeci et al.,2204.13245,2022,Accelerator Science and Technology,physics.acc-ph,20,13,4.667731629392971,60.50279329608938,1,1,INSPIRE,https://inspirehep.net/literature/2074254
208,arxiv:2204.02536,Next-Generation Superconducting RF Technology based on Advanced Thin Film Technologies and Innovative Materials for Accelerator Enhanced Performance and Energy Reach,A.- M. Valente-Feliciano et al.,2204.02536,2022,Accelerator Science and Technology,physics.acc-ph,20,12,4.6030245746691865,60.44692737430167,1,1,INSPIRE,https://inspirehep.net/literature/2064088
209,arxiv:2203.10998,Discovering New Physics in Rare Kaon Decays,T. Blum et al.,2203.10998,2022,Computational | Rare Processes and Precision Measurements | Theory,hep-lat,20,13,4.559925093632959,60.391061452513966,3,3,INSPIRE,https://inspirehep.net/literature/2055552
210,arxiv:2203.10057,"Data and Analysis Preservation, Recasting, and Reinterpretation",S. Bailey et al.,2203.10057,2022,Computational | Theory,hep-ph,20,5,4.5514018691588785,60.33519553072625,2,2,INSPIRE,https://inspirehep.net/literature/2054747
211,arxiv:2203.09202,Performance of the LHC Injector Chain after the Upgrade and Potential Development,"H. Bartosik, G. Rumolo.",2203.09202,2022,Accelerator Science and Technology,physics.acc-ph,20,19,4.548567870485679,60.279329608938546,1,1,INSPIRE,https://inspirehep.net/literature/2054372
212,arxiv:2203.07987,Study Overview for Super Proton-Proton Collider,J. Tang et al.,2203.07987,2022,Accelerator Science and Technology,hep-ex,20,15,4.5429104477611935,60.195530726256976,1,1,INSPIRE,https://inspirehep.net/literature/2052529
213,arxiv:2203.08053,The Quest to Define QFT,M. Dedushenko.,2203.08053,2022,Theory,hep-th,20,20,4.5429104477611935,60.195530726256976,1,1,INSPIRE,https://inspirehep.net/literature/2052407
214,arxiv:2203.07623,Calibrations and Backgrounds for Dark Matter Direct Detection,D. Baxter et al.,2203.07623,2022,Cosmic,hep-ex,20,12,4.540087010565569,60.11173184357541,1,1,INSPIRE,https://inspirehep.net/literature/2052575
215,arxiv:2112.12593,Nu Tools: Exploring Practical Roles for Neutrinos in Nuclear Energy and Security,O. A. Akindele et al.,2112.12593,2021,Neutrinos,hep-ph,21,14,4.530567040756054,61.03351955307262,1,1,INSPIRE,https://inspirehep.net/literature/1996507
216,arxiv:2107.01252,Higgs Portal Vector Dark Matter Interpretation: Review of Effective Field Theory Approach and Ultraviolet Complete Models,M. Zaazoua et al.,2107.01252,2021,Cosmic | Energy,hep-ph,23,17,4.506840128755365,62.3463687150838,2,2,INSPIRE,https://inspirehep.net/literature/1876592
217,arxiv:2202.07163,Bootstrapping String Theory,R. Gopakumar et al.,2202.07163,2022,Theory,hep-th,20,18,4.4624312767257175,59.94413407821229,1,1,INSPIRE,https://inspirehep.net/literature/2032817
218,arxiv:2203.08026,Some Open Questions in Axion Theory,P. Agrawal et al.,2203.08026,2022,Theory,hep-ph,19,14,4.315764925373134,59.10614525139665,1,1,INSPIRE,https://inspirehep.net/literature/2052430
219,arxiv:2203.06771,Theoretical Developments in the SMEFT at Dimension-8 and Beyond,S. Alioli et al.,2203.06771,2022,Theory,hep-ph,19,13,4.310403726708074,59.05027932960894,1,1,INSPIRE,https://inspirehep.net/literature/2051226
220,arxiv:2202.12839,Theia: Summary of physics program,M. Askins et al.,2202.12839,2022,Instrumentation | Neutrinos | Underground Facilities and Infrastructure,hep-ex,19,12,4.267988929889299,58.99441340782123,3,3,INSPIRE,https://inspirehep.net/literature/2039010
221,arxiv:2205.10404,Prospects for Heavy WIMP Dark Matter Searches at Muon Colliders,K. Black et al.,2205.10404,2022,Energy,hep-ex,18,14,4.2636186770428015,58.026070763500925,1,1,INSPIRE,https://inspirehep.net/literature/2086416
222,arxiv:2208.03284,Interpretable Uncertainty Quantification in AI for HEP,T. Y. Chen et al.,2208.03284,2022,Computational,hep-ex,17,13,4.23839590443686,56.47113594040968,1,1,INSPIRE,https://inspirehep.net/literature/2132723
223,arxiv:2203.12389,Climate Impacts of Particle Physics,K. Bloom et al.,2203.12389,2022,Community Engagement,physics.soc-ph,18,13,4.1090625,57.91433891992551,1,1,INSPIRE,https://inspirehep.net/literature/2057468
224,arxiv:2203.11846,Tabletop Experiments for Infrared Quantum Gravity,D. Carney et al.,2203.11846,2022,Theory,gr-qc,18,14,4.106495940037477,57.8584729981378,1,1,INSPIRE,https://inspirehep.net/literature/2056990
225,arxiv:2209.07412,The Dense Matter Equation of State and QCD Phase Transitions,S. Bogdanov et al.,2209.07412,2022,Cosmic,astro-ph.HE,16,10,4.103932584269663,54.73929236499069,1,1,INSPIRE,https://inspirehep.net/literature/2152215
226,arxiv:2203.10184,Study of Electroweak Phase Transition in Exotic Higgs Decays at the CEPC,Z. Wang et al.,2203.10184,2022,Energy,hep-ex,18,13,4.096261682242991,57.746741154562386,1,1,INSPIRE,https://inspirehep.net/literature/2055631
227,arxiv:2203.08821,Low Background kTon-Scale Liquid Argon Time Projection Chambers,A. Avasthi et al.,2203.08821,2022,Cosmic | Instrumentation | Neutrinos | Underground Facilities and Infrastructure,physics.ins-det,18,9,4.091163658991911,57.69087523277467,4,4,INSPIRE,https://inspirehep.net/literature/2054088
228,arxiv:2203.07479,Future Advances in Photon-Based Neutrino Detectors,J. R. Klein et al.,2203.07479,2022,Instrumentation | Neutrinos,physics.ins-det,18,7,4.086078309509012,57.60707635009311,2,2,INSPIRE,https://inspirehep.net/literature/2052358
229,arxiv:2203.07141,Hadron Spectroscopy at STCF,F. K. Guo et al.,2203.07141,2022,Rare Processes and Precision Measurements,hep-ph,18,15,4.086078309509012,57.60707635009311,1,1,INSPIRE,https://inspirehep.net/literature/2051313
230,arxiv:2203.06773,Strategies for Beam-Induced Background Reduction at Muon Colliders,D. Ally et al.,2203.06773,2022,Energy | Instrumentation,physics.ins-det,18,15,4.083540372670807,57.523277467411546,2,2,INSPIRE,https://inspirehep.net/literature/2050949
231,arxiv:2203.06476,The ReLiC: Recycling Linear e+e− Collider,V. N. Litvinenko et al.,2203.06476,2022,Accelerator Science and Technology | Energy,hep-ex,18,13,4.081005586592179,57.46741154562383,2,2,INSPIRE,https://inspirehep.net/literature/2050944
232,arxiv:2209.02883,Physics Opportunities in the ORNL Spallation Neutron Source Second Target Station Era,J. Asaadi et al.,2209.02883,2022,Cosmic | Instrumentation | Neutrinos,hep-ex,16,6,4.078157711095604,54.34823091247672,3,3,INSPIRE,https://inspirehep.net/literature/2148110
233,arxiv:2203.03925,Physics Opportunities for the Fermilab Booster Replacement,J. Arrington et al.,2203.03925,2022,Accelerator Science and Technology | Neutrinos | Rare Processes and Precision Measurements | Theory,hep-ph,18,7,4.070897832817337,57.35567970204842,4,4,INSPIRE,https://inspirehep.net/literature/2048096
234,arxiv:2008.13636,HL-LHC Computing Review: Common Tools and Community Software,T. Aarrestad et al.,2008.13636,2020,Computational,physics.comp-ph,24,10,4.04149377593361,62.12290502793296,1,1,INSPIRE,https://inspirehep.net/literature/1814031
235,arxiv:2204.01178,Key Directions for Research and Development of Superconducting Radio Frequency Cavities,S. Belomestnykh et al.,2204.01178,2022,Accelerator Science and Technology,physics.acc-ph,17,3,3.90764631843927,55.74487895716946,1,1,INSPIRE,https://inspirehep.net/literature/2062535
236,arxiv:2203.16255,"Physics Community Needs, Tools, and Resources for Machine Learning",P. Harris et al.,2203.16255,2022,Cosmic | Computational | Energy | Instrumentation | Neutrinos,cs.LG,17,7,3.897834274952919,55.68901303538175,5,5,INSPIRE,https://inspirehep.net/literature/2060087
237,arxiv:2203.10089,Theory Frontier: Theory Meets the Lab,R. Essig et al.,2203.10089,2022,Cosmic | Energy | Rare Processes and Precision Measurements | Theory,hep-ph,17,10,3.868691588785047,55.633147113594035,4,4,INSPIRE,https://inspirehep.net/literature/2054740
238,arxiv:2203.07495,Probing New Physics with mu+mu− → bs at a Muon Collider,W. Altmannshofer et al.,2203.07495,2022,Energy,hep-ph,17,13,3.859073958980733,55.493482309124765,1,1,INSPIRE,https://inspirehep.net/literature/2052440
239,arxiv:2203.07212,Prompt Electron and Tau Neutrinos and Antineutrinos in the Forward Region at the LHC,W. Bai et al.,2203.07212,2022,Cosmic | Energy | Neutrinos,hep-ph,17,8,3.859073958980733,55.493482309124765,3,3,INSPIRE,https://inspirehep.net/literature/2051674
240,arxiv:2203.07491,Prospects for obtaining Dark Matter Constraints with DESI,M. Valluri et al.,2203.07491,2022,Cosmic,astro-ph.CO,17,10,3.859073958980733,55.493482309124765,1,1,INSPIRE,https://inspirehep.net/literature/2052451
241,arxiv:2203.07250,"Quantum Sensors for HEP Science – Interferometers, Mechanics, Traps, and Clocks",D. Carney et al.,2203.07250,2022,Cosmic | Instrumentation | Rare Processes and Precision Measurements,quant-ph,17,10,3.859073958980733,55.493482309124765,3,3,INSPIRE,https://inspirehep.net/literature/2051476
242,arxiv:2203.06219,Testing Neutrino Flavor Models,J. Gehrlein et al.,2203.06219,2022,Neutrinos | Theory,hep-ph,17,12,3.8518920595533497,55.353817504655495,2,2,INSPIRE,https://inspirehep.net/literature/2050932
243,arxiv:2203.05052,An 8 GeV Linac as the Booster Replacement in the Fermilab Power Upgrade,S. Belomestnykh et al.,2203.05052,2022,Accelerator Science and Technology | Neutrinos,physics.acc-ph,17,9,3.8471189591078065,55.29795158286778,2,2,INSPIRE,https://inspirehep.net/literature/2049848
244,arxiv:2203.04312,Dual-Readout Calorimetry for Future Experiments Probing Fundamental Physics,I. Pezzotti et al.,2203.04312,2022,Instrumentation,physics.ins-det,17,10,3.844736842105263,55.24208566108007,1,1,INSPIRE,https://inspirehep.net/literature/2048984
245,arxiv:2203.03211,Charm Physics in the High-Luminosity Super Tau-Charm Factory,H.-Y. Cheng et al.,2203.03211,2022,Rare Processes and Precision Measurements,hep-ph,17,13,3.8423576732673266,55.18621973929236,1,1,INSPIRE,https://inspirehep.net/literature/2047216
246,arxiv:2208.10466,The Carbon Footprint of Proposed e+e- Higgs Factories,"P. Janot, A. Blondel.",2208.10466,2022,Accelerator Science and Technology | Energy,hep-ph,15,13,3.783667127071823,52.19739292364991,2,2,INSPIRE,https://inspirehep.net/literature/2139871
247,arxiv:2204.10774,High Average Power Ultrafast Laser Technologies for Driving Future Advanced Accelerators,L. Kiani et al.,2204.10774,2022,Accelerator Science and Technology,physics.acc-ph,16,13,3.7222929936305733,53.510242085661076,1,1,INSPIRE,https://inspirehep.net/literature/2071199
248,arxiv:2203.17258,"More is Different: Non-Minimal Dark Sectors and Their Implications for Particle Physics, Astrophysics, and Cosmology – 13 Take-Away Lessons for Snowmass 2021",K. R. Dienes et al.,2203.17258,2022,Cosmic | Energy | Theory,hep-ph,16,11,3.670854271356784,53.45437616387337,3,3,INSPIRE,https://inspirehep.net/literature/2060837
249,arxiv:2203.12035,Displaying Dark Matter Constraints from Colliders with Varying Simplified Model Parameters,A. Albert et al.,2203.12035,2022,Energy,hep-ph,16,8,3.650218613366646,53.39851024208566,1,1,INSPIRE,https://inspirehep.net/literature/2057422
250,arxiv:2203.10074,Advancing the Landscape of Multimessenger Science in the Next Decade,K. Engel et al.,2203.10074,2022,Cosmic,astro-ph.HE,16,12,3.641121495327103,53.34264432029795,1,1,INSPIRE,https://inspirehep.net/literature/2054825
251,arxiv:2203.08088,Future Collider Options for the US,P. C. Bhat,2203.08088,2022,Accelerator Science and Technology | Energy | Theory,hep-ex,16,6,3.634328358208955,53.25884543761639,3,3,INSPIRE,https://inspirehep.net/literature/2052590
252,arxiv:2203.08094,The Physics Case for a Neutrino Factory,A. Bogacz et al.,2203.08094,2022,Accelerator Science and Technology | Energy | Neutrinos,hep-ph,16,11,3.634328358208955,53.25884543761639,3,3,INSPIRE,https://inspirehep.net/literature/2052576
253,arxiv:2203.07533,"Warped Compactifications in Particle Physics, Cosmology and Quantum Gravity",P. Agrawal et al.,2203.07533,2022,Theory,hep-th,16,10,3.6320696084524546,53.17504655493482,1,1,INSPIRE,https://inspirehep.net/literature/2052899
254,arxiv:2203.06114,Displaced Fat-Jets and Tracks to Probe Boosted Right-Handed Neutrinos in the U(1)_{B−L} Model,R. Padhan et al.,2203.06114,2022,Energy | Theory,hep-ph,16,8,3.62531017369727,53.11918063314711,2,2,INSPIRE,https://inspirehep.net/literature/2050089
255,arxiv:2205.14379,Signal Strength and W-boson Mass Measurements as a Probe of the Electroweak Phase Transition at colliders,A. Papaefstathiou et al.,2205.14379,2022,Energy | Theory,hep-ph,15,8,3.5715449804432855,51.69459962756052,2,2,INSPIRE,https://inspirehep.net/literature/2089025
256,arxiv:2204.07944,Impact of Lattice s(x)−sbar(x) Data in the CTEQ-TEA Global Analysis,T.-J. Hou et al.,2204.07944,2022,Computational | Energy | Theory,hep-ph,15,4,3.4785714285714286,51.63873370577281,3,3,INSPIRE,https://inspirehep.net/literature/2068156
257,arxiv:1912.11871,Circular and Linear e+e− Colliders: Another Story of Complementarity,"A. Blondel, P. Janot.",1912.11871,2019,Energy,hep-ex,23,20,3.474255583126551,60.055865921787706,1,1,INSPIRE,https://inspirehep.net/literature/1773245
258,arxiv:2203.07144,DIMUS: Super-Compact Dimuonium Spectroscopy Collider at Fermilab,P. J. Fox et al.,2203.07144,2021,Accelerator Science and Technology | Rare Processes and Precision Measurements | Theory,hep-ex,18,15,3.469393139841689,55.95903165735568,3,3,INSPIRE,https://inspirehep.net/literature/2010052
259,arxiv:2203.09467,Celeritas: GPU-Accelerated Particle Transport for Detector Simulation in High Energy Physics Experiments,S. C. Tognini et al.,2203.09467,2022,Computational,physics.data-an,15,13,3.409303049159926,51.47113594040968,1,1,INSPIRE,https://inspirehep.net/literature/2054225
260,arxiv:2203.08335,Accelerator Modeling Community White Paper,S. Biedron et al.,2203.08335,2022,Accelerator Science and Technology | Computational,physics.acc-ph,15,10,3.4071828358208953,51.35940409683426,2,2,INSPIRE,https://inspirehep.net/literature/2053629
261,arxiv:2203.07946,Data-Driven Cosmology,M. A. Amin et al.,2203.07946,2022,Theory,astro-ph.CO,15,9,3.4071828358208953,51.35940409683426,1,1,INSPIRE,https://inspirehep.net/literature/2052871
262,arxiv:2203.08357,Novel Materials and Concepts for Next-Generation High Power Target Applications,K. Ammigan et al.,2203.08357,2022,Accelerator Science and Technology,physics.acc-ph,15,7,3.4071828358208953,51.35940409683426,1,1,INSPIRE,https://inspirehep.net/literature/2053659
263,arxiv:2203.07291,High Density Galaxy Clustering in the Regime of Cosmic Acceleration,K. Dawson et al.,2203.07291,2022,Cosmic,astro-ph.CO,15,10,3.4050652579241762,51.21973929236499,1,1,INSPIRE,https://inspirehep.net/literature/2051218
264,arxiv:2203.07218,Strong CP Beyond Axion Direct Detection,N. Blinov et al.,2203.07218,2022,Cosmic | Energy | Theory,hep-ph,15,11,3.4050652579241762,51.21973929236499,3,3,INSPIRE,https://inspirehep.net/literature/2050809
265,arxiv:2205.11730,BSM Higgs Production at a Muon Collider,T. Han et al.,2205.11730,2022,Energy | Theory,hep-ph,14,13,3.3226120857699804,50.093109869646185,2,2,INSPIRE,https://inspirehep.net/literature/2087160
266,arxiv:2109.14938,"HL-LHC Computing Review Stage-2, Common Software Projects: Event Generators",E. Yazgan et al. (HSF Physics Event Generator Working Group),2109.14938,2021,Computational | Theory,hep-ph,16,3,3.294250281848929,52.4487895716946,2,2,INSPIRE,https://inspirehep.net/literature/1935816
267,arxiv:2203.08484,XCC: An X-ray FEL-Based γγ Collider Higgs Factory,T. Barklow et al.,2203.08484,2022,Accelerator Science and Technology | Energy,hep-ex,14,7,3.1820161792159305,49.981378026070765,2,2,INSPIRE,https://inspirehep.net/literature/2053742
268,arxiv:2203.08319,Enhanced NeUtrino BEams from kaon Tagging (ENUBET),A. Longhin et al. (ENUBET Collaboration),2203.08319,2022,Accelerator Science and Technology | Neutrinos,hep-ex,14,10,3.1800373134328357,49.869646182495345,2,2,INSPIRE,https://inspirehep.net/literature/2053505
269,arxiv:2203.08211,Higgs-Energy LEptoN (HELEN) Collider Based on Advanced Superconducting Radio Frequency Technology,S. Belomestnykh et al.,2203.08211,2022,Accelerator Science and Technology | Energy,physics.acc-ph,14,3,3.1800373134328357,49.869646182495345,2,2,INSPIRE,https://inspirehep.net/literature/2053427
270,arxiv:2203.08102,SBN-BD: O(10 GeV) Proton Beam Dump at Fermilab's PIP-II Linac,M. Toups et al.,2203.08102,2022,Accelerator Science and Technology | Neutrinos | Rare Processes and Precision Measurements,hep-ex,14,6,3.1800373134328357,49.869646182495345,3,3,INSPIRE,https://inspirehep.net/literature/2052882
271,arxiv:2203.03698,Higher-Order Corrections for t tbar Production at High Energies,N. Kidonakis.,2203.03698,2022,Energy,hep-ph,14,10,3.1642945544554455,49.757914338919925,1,1,INSPIRE,https://inspirehep.net/literature/2048027
272,arxiv:2106.02133,An Upgrade Path for the Fermilab Accelerator Complex,R. Ainsworth et al.,2106.02133,2021,Accelerator Science and Technology | Neutrinos,physics.acc-ph,16,8,3.08716323296355,52.113594040968344,2,2,INSPIRE,https://inspirehep.net/literature/1867161
273,arxiv:2203.09691,Precision Studies of Spacetime Symmetries and Gravitational Physics,E. Adelberger et al.,2203.09691,2022,Accelerator Science and Technology | Cosmic | Instrumentation | Rare Processes and Precision Measurements,hep-ex,13,12,2.9565691158156913,48.9292364990689,4,4,INSPIRE,https://inspirehep.net/literature/2054694
274,arxiv:2203.08374,Advanced RF Structures for Wakefield Acceleration and High-Gradient Research,X. Lu et al.,2203.08374,2022,Accelerator Science and Technology,physics.acc-ph,13,4,2.952891791044776,48.87337057728119,1,1,INSPIRE,https://inspirehep.net/literature/2053620
275,arxiv:2203.07339,FNAL PIP-II Accumulator Ring,W. Pellico et al.,2203.07339,2022,Accelerator Science and Technology,physics.acc-ph,13,11,2.9510565568676195,48.81750465549348,1,1,INSPIRE,https://inspirehep.net/literature/2051636
276,arxiv:2203.05924,Real-time Cosmology with High Precision Spectroscopy and Astrometry,S. Chakrabarti et al.,2203.05924,2022,Cosmic,astro-ph.CO,13,10,2.945564516129032,48.76163873370577,1,1,INSPIRE,https://inspirehep.net/literature/2050278
277,arxiv:2206.03456,Summarizing Experimental Sensitivities of Collider Experiments to Dark Matter Models and Comparison to Other Experiments,A. Boveia et al.,2206.03456,2022,Energy,hep-ph,12,6,2.875984251968504,47.923649906890134,1,1,INSPIRE,https://inspirehep.net/literature/2092603
278,arxiv:2107.06021,Future searches for SUSY at the LHC post Fermilab (g−2)_μ,A. Aboubrahim et al.,2107.06021,2021,Energy | Theory,hep-ph,14,11,2.759579060982191,49.36685288640596,2,2,INSPIRE,https://inspirehep.net/literature/1882839
279,arxiv:2203.12442,Plasma Processing for In-Situ Field Emission Mitigation of Superconducting Radiofrequency (SRF) Cryomodules,M. Martinello et al.,2203.12442,2022,Accelerator Science and Technology,physics.acc-ph,12,7,2.7393750000000003,47.811918063314714,1,1,INSPIRE,https://inspirehep.net/literature/2057669
280,arxiv:2203.08135,Anomalous Quartic Gauge Couplings at a Muon Collider,B. Abbott et al.,2203.08135,2022,Energy,hep-ex,12,11,2.725746268656716,47.700186219739294,1,1,INSPIRE,https://inspirehep.net/literature/2052616
281,arxiv:2203.08803,The European Spallation Source Neutrino Super Beam,A. Alekou et al.,2203.08803,2022,Accelerator Science and Technology | Cosmic | Neutrinos | Rare Processes and Precision Measurements | Underground Facilities and Infrastructure,physics.acc-ph,12,10,2.725746268656716,47.700186219739294,5,5,INSPIRE,https://inspirehep.net/literature/2054411
282,arxiv:2203.08293,The Sanford Underground Research Facility,J. Heise.,2203.08293,2022,Community Engagement | Cosmic | Computational | Instrumentation | Neutrinos | Rare Processes and Precision Measurements | Underground Facilities and Infrastructure,hep-ex,12,9,2.725746268656716,47.700186219739294,7,7,INSPIRE,https://inspirehep.net/literature/2060454
283,arxiv:2203.07089,"Experimental Searches for Muon to Electron Conversion in a Nucleus: COMET, DeeMe, and Mu2e",S. Middleton et al.,2203.07089,2022,Rare Processes and Precision Measurements,hep-ex,12,12,2.724052206339341,47.56052141527002,1,1,INSPIRE,https://inspirehep.net/literature/2051309
284,arxiv:2203.07626,Monolithic Active Pixel Sensors on CMOS technologies,N. Apadula et al.,2203.07626,2022,Instrumentation,physics.ins-det,12,6,2.724052206339341,47.56052141527002,1,1,INSPIRE,https://inspirehep.net/literature/2052300
285,arxiv:2201.13321,Moonshine,S. M. Harrison et al.,2201.13321,2022,Theory,hep-th,12,11,2.654754694124773,47.476722532588454,1,1,INSPIRE,https://inspirehep.net/literature/2022663
286,arxiv:2203.08425,Advanced Accelerator Linear Collider Demonstration Facility at Intermediate Energy,C. Benedetti et al.,2203.08425,2022,Accelerator Science and Technology,physics.acc-ph,11,4,2.5001555693839457,46.443202979515824,1,1,INSPIRE,https://inspirehep.net/literature/2053623
287,arxiv:2203.08315,Challenges and Opportunities of SRF Theory for Next Generation Particle Accelerators,A. Gurevich et al.,2203.08315,2022,Accelerator Science and Technology,physics.acc-ph,11,10,2.4986007462686564,46.359404096834254,1,1,INSPIRE,https://inspirehep.net/literature/2053599
288,arxiv:2203.07700,"Modeling, Statistics, Simulations, and Computing Needs for Direct Dark Matter Detection",Y. Kahn et al.,2203.07700,2022,Cosmic | Computational,hep-ex,11,6,2.4986007462686564,46.359404096834254,2,2,INSPIRE,https://inspirehep.net/literature/2052506
289,arxiv:2203.07455,Complex Scalar Singlet Model Benchmarks for Snowmass,S. Adhikari et al.,2203.07455,2022,Energy | Theory,hep-ph,11,7,2.4970478558110627,46.27560521415269,2,2,INSPIRE,https://inspirehep.net/literature/2052402
290,arxiv:2203.07371,Medium-Grain Niobium SRF Cavity Production Technology for Science Frontiers and Accelerator Applications,G. Myneni et al.,2203.07371,2022,Accelerator Science and Technology,physics.acc-ph,11,4,2.4924007444168734,46.219739292364984,1,1,INSPIRE,https://inspirehep.net/literature/2653913
291,arxiv:2203.05078,Physical Mathematics 2021,I. Bah et al.,2203.05078,2022,Theory,hep-th,11,9,2.4893122676579926,46.16387337057727,1,1,INSPIRE,https://inspirehep.net/literature/2049620
292,arxiv:2207.06507,Comments on Collinear Factorization,G. Sterman.,2207.06507,2022,Theory,hep-ph,10,6,2.4546370967741935,44.608938547486034,1,1,INSPIRE,https://inspirehep.net/literature/2112413
293,arxiv:2202.03389,Sensitivity to Dijet Resonances at Proton-Proton Colliders,R. M. Harris et al.,2202.03389,2022,Energy,hep-ex,11,7,2.4438868613138687,46.05214152700186,1,1,INSPIRE,https://inspirehep.net/literature/2029192
294,arxiv:2203.09734,A Facility for Low-Radioactivity Underground Argon,H. O. Back et al.,2203.09734,2022,Cosmic | Instrumentation | Neutrinos | Underground Facilities and Infrastructure,physics.ins-det,10,3,2.2757009345794392,44.497206703910614,4,4,INSPIRE,https://inspirehep.net/literature/2054712
295,arxiv:2203.08210,A Short Overview on Low Mass Scalars at Future Lepton Colliders,T. Robens.,2203.08210,2022,Energy | Theory,hep-ph,10,5,2.2714552238805967,44.35754189944134,2,2,INSPIRE,https://inspirehep.net/literature/2053425
296,arxiv:2203.08275,Continuous and Coordinated Efforts of Structure Wakefield Acceleration (SWFA) Development for an Energy Frontier Machine,C. Jing et al.,2203.08275,2022,Accelerator Science and Technology,physics.acc-ph,10,4,2.2714552238805967,44.35754189944134,1,1,INSPIRE,https://inspirehep.net/literature/2053576
297,arxiv:2203.08127,Directly Probing the CP-Structure of the Higgs-Top Yukawa at HL-LHC and Future Colliders,R. K. Barman et al.,2203.08127,2022,Energy | Theory,hep-ph,10,5,2.2714552238805967,44.35754189944134,2,2,INSPIRE,https://inspirehep.net/literature/2052893
298,arxiv:2203.08042,Higgs Self Couplings Measurements at Future Proton-Proton Colliders,A. Taliercio et al.,2203.08042,2022,Energy,hep-ex,10,8,2.2714552238805967,44.35754189944134,1,1,INSPIRE,https://inspirehep.net/literature/2052587
299,arxiv:2203.07358,CERC - Circular e+e- Collider using Energy-Recovery Linac,V. N. Litvinenko et al.,2203.07358,2022,Accelerator Science and Technology | Energy,physics.acc-ph,10,8,2.2700435052827843,44.18994413407821,2,2,INSPIRE,https://inspirehep.net/literature/2051281
300,arxiv:2203.07459,Channeling Acceleration in Crystals and Nanostructures and Studies of Solid Plasmas: New Opportunities,R. Ariniello et al.,2203.07459,2022,Accelerator Science and Technology,physics.acc-ph,10,8,2.2700435052827843,44.18994413407821,1,1,INSPIRE,https://inspirehep.net/literature/2722890
301,arxiv:2203.06705,Heavy Neutral Lepton Searches at the Electron-Ion Collider,B. Batell et al.,2203.06705,2022,Energy | Neutrinos | Rare Processes and Precision Measurements,hep-ph,10,7,2.2686335403726705,44.050279329608934,3,3,INSPIRE,https://inspirehep.net/literature/2050991
302,arxiv:2203.06795,Opportunities from Cross-survey Analyses of Static Probes,E. J. Baxter et al.,2203.06795,2022,Cosmic,hep-ex,10,4,2.2686335403726705,44.050279329608934,1,1,INSPIRE,https://inspirehep.net/literature/2051042
303,arxiv:2203.06781,Synergies between Dark Matter Searches and Multiwavelength/Multimessenger Astrophysics,S. Ando et al.,2203.06781,2022,Cosmic,hep-ph,10,7,2.2686335403726705,44.050279329608934,1,1,INSPIRE,https://inspirehep.net/literature/2051171
304,arxiv:2203.00042,A Call to Arms Control: Synergies between Nonproliferation Applications of Neutrino Detectors and Large-Scale Fundamental Neutrino Physics Experiments,T. Akindele et al.,2203.00042,2022,Accelerator Science and Technology | Community Engagement | Instrumentation | Neutrinos | Underground Facilities and Infrastructure,physics.ins-det,10,5,2.2504621072088726,43.938547486033514,5,5,INSPIRE,https://inspirehep.net/literature/2040935
305,arxiv:2205.13215,The SLAC Linac to ESA (LESA) Beamline for Dark Sector Searches and Test Beams,T. Markiewicz et al.,2205.13215,2022,Accelerator Science and Technology | Rare Processes and Precision Measurements,physics.acc-ph,9,3,2.14013671875,42.188081936685286,2,2,INSPIRE,https://inspirehep.net/literature/2087919
306,arxiv:2203.16994,Prospects for Measurements of the Bottom Quark Mass,J. Aparisi et al.,2203.16994,2022,Energy,hep-ex,9,5,2.064855527638191,42.13221601489758,1,1,INSPIRE,https://inspirehep.net/literature/2060737
307,arxiv:2203.09886,Analysis Description Language: A DSL for HEP Analysis,H. B. Prosper et al.,2203.09886,2022,Computational,hep-ph,9,6,2.0481308411214956,42.076350093109866,1,1,INSPIRE,https://inspirehep.net/literature/2054731
308,arxiv:2203.09488,Quantum Sensors for High Precision Measurements of Spin-dependent Interactions,D. Budker et al.,2203.09488,2022,Cosmic | Instrumentation,quant-ph,9,6,2.0468555417185557,42.02048417132216,2,2,INSPIRE,https://inspirehep.net/literature/2054239
309,arxiv:2203.07645,Software and Computing for Small HEP Experiments,D. Casper et al.,2203.07645,2022,Cosmic | Computational | Energy | Neutrinos | Rare Processes and Precision Measurements,hep-ex,9,4,2.044309701492537,41.964618249534446,5,5,INSPIRE,https://inspirehep.net/literature/2052594
310,arxiv:2203.06752,Nb3Sn Superconducting Radiofrequency Cavities: a Maturing Technology for Particle Accelerators and Detectors,S. Posen et al.,2203.06752,2022,Accelerator Science and Technology,physics.acc-ph,9,3,2.0417701863354036,41.90875232774674,1,1,INSPIRE,https://inspirehep.net/literature/2051592
311,arxiv:2202.11578,Mini-Review: Expectations for Supersymmetry from the String Landscape,H. Baer et al.,2202.11578,2022,Energy | Theory,hep-ph,9,4,2.019195331695332,41.82495344506518,2,2,INSPIRE,https://inspirehep.net/literature/2037018
312,arxiv:2202.11828,Novel Sensors for Particle Tracking,M. R. Hoeferkamp et al.,2202.11828,2022,Instrumentation,physics.ins-det,9,6,2.019195331695332,41.82495344506518,1,1,INSPIRE,https://inspirehep.net/literature/2037660
313,arxiv:2202.08273,Higgs Boson Decay to Charmonia via c-Quark Fragmentation,T. Han et al.,2202.08273,2022,Energy | Theory,hep-ph,9,7,2.010550458715596,41.74115456238361,2,2,INSPIRE,https://inspirehep.net/literature/2034256
314,arxiv:2107.13581,Longitudinally Polarized ZZ Scattering at the Muon Collider,T. Yang et al.,2107.13581,2021,Energy,hep-ph,10,6,1.9872143634385202,43.37988826815642,1,1,INSPIRE,https://inspirehep.net/literature/1895129
315,arxiv:2206.06632,Explainable AI for High Energy Physics,M. S. Neubauer et al.,2206.06632,2022,Computational,hep-ex,8,4,1.926170072511536,40.0,1,1,INSPIRE,https://inspirehep.net/literature/2095880
316,arxiv:2205.14486,Two-Real-Singlet-Model (TRSM) Benchmark Planes,T. Robens.,2205.14486,2022,Energy | Theory,hep-ph,8,3,1.904823989569752,39.94413407821229,2,2,INSPIRE,https://inspirehep.net/literature/2089016
317,arxiv:2111.06932,A Cost-Efective Upgrade Path for the Fermilab Accelerator Complex,S. Nagaitsev et al.,2111.06932,2021,Accelerator Science and Technology | Neutrinos,physics.acc-ph,9,6,1.899046793760832,41.51769087523277,2,2,INSPIRE,https://inspirehep.net/literature/1968720
318,arxiv:2103.00522,Optimising Top-Quark Threshold Scan at CLIC using Genetic Algorithm,"K. Nowak, A. F. Zarnecki.",2103.00522,2021,Energy,hep-ex,10,5,1.8372736418511066,43.15642458100558,1,1,INSPIRE,https://inspirehep.net/literature/1849304
319,arxiv:2203.13998,A Work Proposal for a Collaborative Study of Magnet Technology for a Future Muon Collider,L. Bottura et al.,2203.13998,2022,Accelerator Science and Technology,physics.acc-ph,8,4,1.8296806512210395,39.77653631284916,1,1,INSPIRE,https://inspirehep.net/literature/2059051
320,arxiv:2203.13979,Japan’s Strategy for Future Projects in High Energy Physics,M. Endo et al.,2203.13979,2022,Accelerator Science and Technology | Cosmic | Energy | Neutrinos | Rare Processes and Precision Measurements | Underground Facilities and Infrastructure,hep-ex,8,8,1.8285356695869839,39.72067039106145,6,6,INSPIRE,https://inspirehep.net/literature/2058931
321,arxiv:2203.08554,Fast Timing With Silicon Carbide Low Gain Avalanche Detectors,P. Barletta et al.,2203.08554,2022,Instrumentation,physics.ins-det,8,7,1.8182949595519604,39.66480446927374,1,1,INSPIRE,https://inspirehep.net/literature/2053729
322,arxiv:2203.08330,Expected Sensitivity to Invisible Higgs Boson Decays at the ILC with the SiD Detector,C. Potter et al.,2203.08330,2022,Energy,hep-ph,8,8,1.8171641791044775,39.497206703910614,1,1,INSPIRE,https://inspirehep.net/literature/2053754
323,arxiv:2203.07883,Global Fit of 2HDM with Future Collider Results,A. Beniwal et al.,2203.07883,2022,Energy,hep-ph,8,7,1.8171641791044775,39.497206703910614,1,1,INSPIRE,https://inspirehep.net/literature/2052511
324,arxiv:2203.08239,Irradiation Facilities and Irradiation Methods for High Power Target,F. Pellemoine et al.,2203.08239,2022,Accelerator Science and Technology,physics.acc-ph,8,4,1.8171641791044775,39.497206703910614,1,1,INSPIRE,https://inspirehep.net/literature/2053559
325,arxiv:2203.07913,New Physics with Missing Energy at Future Lepton Colliders,J. Kalinowski et al.,2203.07913,2022,Energy | Theory,hep-ph,8,4,1.8171641791044775,39.497206703910614,2,2,INSPIRE,https://inspirehep.net/literature/2052527
326,arxiv:2203.08379,Plasma-Based Particle Sources,M. Fuchs et al.,2203.08379,2022,Accelerator Science and Technology,physics.acc-ph,8,3,1.8171641791044775,39.497206703910614,1,1,INSPIRE,https://inspirehep.net/literature/2053627
327,arxiv:2203.07336,Effective Field Theory Matching and Applications,T. Cohen et al.,2203.07336,2022,Theory,hep-ph,8,4,1.8160348042262273,39.32960893854748,1,1,INSPIRE,https://inspirehep.net/literature/2051236
328,arxiv:2203.05525,Passive Low Energy Nuclear Recoil Detection with Color Centers – PALEOCCENE,K. Alfonso et al.,2203.05525,2022,Cosmic | Instrumentation | Neutrinos,hep-ex,8,2,1.8115313081215125,39.273743016759774,3,3,INSPIRE,https://inspirehep.net/literature/2049571
329,arxiv:2209.03281,Center-of-Mass Energy Determination using e+e−→μ+μ-(γ) Events at Future e+e− Colliders,"B. Madison, G. W. Wilson.",2209.03281,2022,Accelerator Science and Technology | Energy | Instrumentation,hep-ex,7,1,1.7854399441340782,37.06703910614525,3,3,INSPIRE,https://inspirehep.net/literature/2148155
330,arxiv:2201.04219,Light Dark Matter Detection with Hydrogen-Rich Crystals and Low-Tc TES Detectors,G. Wang et al.,2201.04219,2022,Cosmic | Instrumentation,physics.ins-det,8,8,1.748653500897666,39.162011173184354,2,2,INSPIRE,https://inspirehep.net/literature/2009638
331,arxiv:2207.05103,A Grand Scan of the pMSSM Parameter Space for Snowmass 2021,J. Dickinson et al.,2207.05103,2022,Cosmic | Energy,hep-ph,7,6,1.7159395973154363,36.95530726256983,2,2,INSPIRE,https://inspirehep.net/literature/2110870
332,arxiv:2111.12156,Event-Level Variables for Semivisible Jets using Anomalous Jet Tagging,"H. Beauchesne, G. Grilli di Cortona.",2111.12156,2021,Energy | Theory,hep-ph,8,6,1.6988372093023254,39.05027932960894,2,2,INSPIRE,https://inspirehep.net/literature/1975603
333,arxiv:2205.05745,Probing the Cosmic Dark Ages with the Lunar Crater Radio Telescope,A. Goel et al.,2205.05745,2022,Cosmic,astro-ph.CO,7,7,1.648452611218569,36.84357541899441,1,1,INSPIRE,https://inspirehep.net/literature/2080676
334,arxiv:2204.03713,Climate of the Field: Snowmass 2021,E. V. Hansen et al.,2204.03713,2022,Community Engagement,physics.soc-ph,7,1,1.6130914826498421,36.787709497206706,1,1,INSPIRE,https://inspirehep.net/literature/2065066
335,arxiv:2204.01992,Enabling Flagship Dark Energy Experiments to Reach their Full Potential,J. A. Blazek et al.,2204.01992,2022,Cosmic,astro-ph.CO,7,1,1.6110586011342154,36.73184357541899,1,1,INSPIRE,https://inspirehep.net/literature/2063299
336,arxiv:2204.01860,LANSCE-PSR Short-Pulse Upgrade for Improved Dark Sector Particle Searches with the Coherent Captain Mills Experiment,R. G. Van de Water et al.,2204.01860,2022,Accelerator Science and Technology | Neutrinos | Rare Processes and Precision Measurements,physics.ins-det,7,7,1.610044080604534,36.675977653631286,3,3,INSPIRE,https://inspirehep.net/literature/2063274
337,arxiv:2005.05221,Physics Potential of Timing Layers in Future Collider Detectors,S.V. Chekanov et al.,2005.05221,2020,Energy | Instrumentation,physics.ins-det,10,7,1.6012713722051732,42.0949720670391,2,2,INSPIRE,https://inspirehep.net/literature/1795111
338,arxiv:2203.13900,4-Dimensional Trackers,D. Berry et al.,2203.13900,2022,Instrumentation,physics.ins-det,7,3,1.599968710888611,36.536312849162016,1,1,INSPIRE,https://inspirehep.net/literature/2058917
339,arxiv:2203.13768,The CAFAna Framework for Neutrino Analysis,C. Backhouse et al.,2203.13768,2022,Computational | Neutrinos,hep-ex,7,7,1.599968710888611,36.536312849162016,2,2,INSPIRE,https://inspirehep.net/literature/2058498
340,arxiv:2203.11513,Power Dynamics in Physics,A. K. Hodari et al.,2203.11513,2022,Community Engagement,physics.soc-ph,7,1,1.5969706433479076,36.452513966480446,1,1,INSPIRE,https://inspirehep.net/literature/2094668
341,arxiv:2203.11047,Transformative Technology for FLASH Radiation Therapy,S. Boucher et al.,2203.11047,2022,Accelerator Science and Technology | Community Engagement,physics.med-ph,7,4,1.5959737827715357,36.39664804469274,2,2,INSPIRE,https://inspirehep.net/literature/2055924
342,arxiv:2203.09718,An Impartial Perspective for Superconducting Nb3Sn coated Copper RF Cavities for Future Accelerators,E. Barzi et al.,2203.09718,2022,Accelerator Science and Technology | Energy | Rare Processes and Precision Measurements,physics.acc-ph,7,3,1.5919987546699876,36.340782122905026,3,3,INSPIRE,https://inspirehep.net/literature/2054669
343,arxiv:2203.08736,REBCO – a Silver Bullet for our Next High-Field Magnet and Collider Budget?,X. Wang et al.,2203.08736,2022,Accelerator Science and Technology,physics.acc-ph,7,5,1.5910080896079652,36.28491620111732,1,1,INSPIRE,https://inspirehep.net/literature/2053469
344,arxiv:2203.08353,High Energy & High Luminosity γγ Colliders,E. Barzi et al.,2203.08353,2022,Accelerator Science and Technology | Cosmic | Energy | Neutrinos | Rare Processes and Precision Measurements | Theory,physics.acc-ph,7,5,1.5900186567164178,36.14525139664805,6,6,INSPIRE,https://inspirehep.net/literature/2053456
345,arxiv:2203.08208,Need for Amplitude Analysis in the Discovery of New Hadrons,M. Albaladejo et al.,2203.08208,2022,Rare Processes and Precision Measurements,hep-ph,7,6,1.5900186567164178,36.14525139664805,1,1,INSPIRE,https://inspirehep.net/literature/2053325
346,arxiv:2203.08347,Sensitivity to Decays of Long-Lived Dark Photons at the ILC,L. Jeanty et al.,2203.08347,2022,Energy,hep-ph,7,6,1.5900186567164178,36.14525139664805,1,1,INSPIRE,https://inspirehep.net/literature/2053447
347,arxiv:2203.08107,Simplified Dark Matter Models with Charged Mediators,T. Ghosh et al.,2203.08107,2022,Energy | Rare Processes and Precision Measurements | Theory,hep-ph,7,4,1.5900186567164178,36.14525139664805,3,3,INSPIRE,https://inspirehep.net/literature/2052595
348,arxiv:2203.07056,Stau Study at the ILC and its Implication for the Muon g-2 Anomaly,M. Endo et al.,2203.07056,2022,Energy,hep-ph,7,3,1.589030453697949,35.977653631284916,1,1,INSPIRE,https://inspirehep.net/literature/2051083
349,arxiv:2203.07344,Top-Quark Mass Extraction from t tbar j+X Events at the LHC: Theory Predictions,S. Alioli et al.,2203.07344,2022,Energy | Theory,hep-ph,7,5,1.589030453697949,35.977653631284916,2,2,INSPIRE,https://inspirehep.net/literature/2051288
350,arxiv:2106.06494,Hidden Sectors and a Multi-Temperature Universe,A. Aboubrahim et al.,2106.06494,2021,Cosmic | Theory,hep-ph,8,2,1.550132625994695,38.04469273743017,2,2,INSPIRE,https://inspirehep.net/literature/1868392
351,arxiv:2208.12379,Challenges and Opportunities to Assure Future Manufacturing of Magnet Conductors for the Accelerator Sector,L. Cooley et al.,2208.12379,2022,Accelerator Science and Technology,physics.acc-ph,6,3,1.5166089965397924,33.1657355679702,1,1,INSPIRE,https://inspirehep.net/literature/2142296
352,arxiv:2207.11055,High Precision in CKM Unitarity Tests in b and c Decays,"A. Lenz, S. Monteil.",2207.11055,2022,Rare Processes and Precision Measurements,hep-ex,6,5,1.4817444219066935,33.109869646182496,1,1,INSPIRE,https://inspirehep.net/literature/2121027
353,arxiv:2206.01849,Building a Culture of Equitable Access and Success for Marginalized Members in Today's Particle Physics Community,K. A. Assamagan et al.,2206.01849,2022,Community Engagement,physics.soc-ph,6,1,1.4342277486910993,33.05400372439479,1,1,INSPIRE,https://inspirehep.net/literature/2091565
354,arxiv:2204.00149,Electronics for Fast Timing,D. Braga et al.,2204.00149,2022,Instrumentation,physics.ins-det,6,4,1.376570351758794,32.998137802607076,1,1,INSPIRE,https://inspirehep.net/literature/2061375
355,arxiv:2203.12043,"High Efficiency, Low Cost, RF Sources for Accelerators and Colliders",R. L. Ives et al.,2203.12043,2022,Accelerator Science and Technology,physics.acc-ph,6,3,1.3688319800124922,32.91433891992551,1,1,INSPIRE,https://inspirehep.net/literature/2661187
356,arxiv:2203.11518,Informal Socialization in Physics Training,A. K. Hodari et al.,2203.11518,2022,Community Engagement,physics.ed-ph,6,0,1.3688319800124922,32.91433891992551,1,1,INSPIRE,https://inspirehep.net/literature/2094674
357,arxiv:2203.11226,Multi-Experiment Probes for Dark Energy – Transients,A. G. Kim et al.,2203.11226,2022,Cosmic,astro-ph.CO,6,1,1.3679775280898878,32.83054003724395,1,1,INSPIRE,https://inspirehep.net/literature/2056850
358,arxiv:2203.10431,"Critical Problems of Energy Frontier Muon Colliders: Optics, Magnets, and Radiation",Yu. I. Alexahin et al.,2203.10431,2022,Accelerator Science and Technology,physics.acc-ph,6,2,1.366271820448878,32.774674115456236,1,1,INSPIRE,https://inspirehep.net/literature/2055939
359,arxiv:2203.10198,The Ion Fluorescence Chamber (IFC): A New Concept for Directional Dark Matter and Topologically Imaging Neutrinoless Double Beta Decay Searches,B. J. P. Jones et al.,2203.10198,2022,Instrumentation | Neutrinos,physics.ins-det,6,2,1.3654205607476637,32.71880819366853,2,2,INSPIRE,https://inspirehep.net/literature/2055563
360,arxiv:2203.09512,Higgs Coupling Sensitivities and Model-Independent Bounds on the Scale of New Physics,F. Abu-Ajamieh et al.,2203.09512,2022,Energy,hep-ph,6,1,1.3645703611457038,32.66294227188082,1,1,INSPIRE,https://inspirehep.net/literature/2054204
361,arxiv:2203.08779,The Selena Neutrino Experiment,A. E. Chavarria et al.,2203.08779,2022,Neutrinos,physics.ins-det,6,2,1.3637212196639703,32.60707635009311,1,1,INSPIRE,https://inspirehep.net/literature/2053723
362,arxiv:2203.07944,Measurement of ALR using Radiative REturn at ILC 250,T. Mizuno et al.,2203.07944,2022,Energy,hep-ex,6,3,1.362873134328358,32.49534450651769,1,1,INSPIRE,https://inspirehep.net/literature/2052490
363,arxiv:2203.07668,Measuring the Tau Polarization at ILC,"K. Yumino, D. Jeans.",2203.07668,2022,Energy,hep-ex,6,2,1.362873134328358,32.49534450651769,1,1,INSPIRE,https://inspirehep.net/literature/2052592
364,arxiv:2203.07786,U(1)_T3R Extension of Standard Model: A Sub-GeV Dark Matter Model,B. Dutta et al.,2203.07786,2022,Cosmic | Theory,hep-ph,6,3,1.362873134328358,32.49534450651769,2,2,INSPIRE,https://inspirehep.net/literature/2052918
365,arxiv:2203.07237,HEP Computing Collaborations for the Challenges of the Next Decade,S. Campana et al.,2203.07237,2022,Computational,physics.comp-ph,6,6,1.3620261031696705,32.32774674115456,1,1,INSPIRE,https://inspirehep.net/literature/2051900
366,arxiv:2203.07328,Snowmass 2021 Community Survey Report,G. Agarwal et al.,2203.07328,2022,Community Engagement,hep-ex,6,5,1.3620261031696705,32.32774674115456,1,1,INSPIRE,https://inspirehep.net/literature/2051242
367,arxiv:2203.07423,Sustainability Considerations for Accelerator and Collider Facilities,T. Roser.,2203.07423,2022,Accelerator Science and Technology | Community Engagement,physics.acc-ph,6,6,1.3620261031696705,32.32774674115456,2,2,INSPIRE,https://inspirehep.net/literature/2052680
368,arxiv:2203.06525,MPGDs for Tracking and Muon Detection at Future High Energy Physics Colliders,K. Black et al.,2203.06525,2022,Instrumentation,physics.ins-det,6,4,1.3603351955307261,32.21601489757914,1,1,INSPIRE,https://inspirehep.net/literature/2051609
369,arxiv:2203.06253,Fast Cycling HTS Based Superconducting Accelerator Magnets: Feasibility Study and Readiness Demonstration Program Driven by Neutrino Physics and Muon Collider Needs,H. Piekarz et al.,2203.06253,2022,Accelerator Science and Technology,physics.acc-ph,6,1,1.3594913151364763,32.10428305400372,1,1,INSPIRE,https://inspirehep.net/literature/2051542
370,arxiv:2203.06164,Higgs Factory Considerations,J. A. Bagger et al.,2203.06164,2022,Accelerator Science and Technology | Energy,hep-ex,6,2,1.3594913151364763,32.10428305400372,2,2,INSPIRE,https://inspirehep.net/literature/2050217
371,arxiv:2203.06024,Radiation Hardened Beam Instrumentations for Multi-Mega-Watt Beam Facilities,K. Yonehara.,2203.06024,2022,Accelerator Science and Technology,physics.acc-ph,6,4,1.3594913151364763,32.10428305400372,1,1,INSPIRE,https://inspirehep.net/literature/2050405
372,arxiv:2203.03700,Angular Cuts to Reduce the tau taubar+jet Background to the Higgsino Signal at the LHC,H. Baer et al.,2203.03700,2022,Energy,hep-ph,6,2,1.3561262376237624,31.992551210428303,1,1,INSPIRE,https://inspirehep.net/literature/2048385
373,arxiv:1901.11146,Studies of Granularity of a Hadronic Calorimeter for Tens-of-TeV Jets at a 100 TeV pp Collider,C.-H. Yeh et al.,1901.11146,2019,Energy | Instrumentation,physics.ins-det,10,5,1.3291484716157207,40.08379888268156,2,2,INSPIRE,https://inspirehep.net/literature/1717858
374,arxiv:2209.07429,CP Violation in b and c Quark Decays,A. Dery et al.,2209.07429,2022,Rare Processes and Precision Measurements,hep-ph,5,5,1.2824789325842696,28.882681564245807,1,1,INSPIRE,https://inspirehep.net/literature/2152228
375,arxiv:2209.03303,Model-Agnostic Exploration of the Mass Reach of Precision Higgs Boson Coupling Measurements,M. E. Peskin.,2209.03303,2022,Energy,hep-ph,5,3,1.275314245810056,28.798882681564244,1,1,INSPIRE,https://inspirehep.net/literature/2148154
376,arxiv:2209.03333,Single Vector-Like Top Quark Production via Chromomagnetic Interactions at Present and Future Hadron Colliders at the LHC and FCC-hh/SppC Colliders,A. Belyaev et al.,2209.03333,2022,Energy,hep-ph,5,3,1.275314245810056,28.798882681564244,1,1,INSPIRE,https://inspirehep.net/literature/2148151
377,arxiv:2209.01995,Elementary Particle Non-Perturbative Mass Generation. A Step towards a Beyond-the-Standard-Model Model,G. Rossi.,2209.01995,2022,Energy,hep-ph,5,0,1.2735355648535565,28.687150837988824,1,1,INSPIRE,https://inspirehep.net/literature/2147149
378,arxiv:2209.01899,Sensitivity to Heavy Neutral Leptons with the SAND Detector at the DUNE ND Complex,Z. G. Moghaddam et al.,2209.01899,2022,Neutrinos,hep-ex,5,5,1.2735355648535565,28.687150837988824,1,1,INSPIRE,https://inspirehep.net/literature/2147069
379,arxiv:2207.09060,Data Science and Machine Learning in Education,G. Benelli et al.,2207.09060,2022,Community Engagement | Computational,physics.ed-ph,5,2,1.2322874493927125,28.60335195530726,2,2,INSPIRE,https://inspirehep.net/literature/2116912
380,arxiv:2205.00031,Physics at Future Colliders: the Interplay Between Energy and Luminosity,"Z. Liu, L.-T. Wang.",2205.00031,2022,Accelerator Science and Technology | Energy,hep-ph,5,4,1.168426103646833,28.547486033519547,2,2,INSPIRE,https://inspirehep.net/literature/2075435
381,arxiv:2204.04045,Probing Fundamental Physics With Multi-Modal Cosmic Ray Events,D. Beznosko et al.,2204.04045,2022,Cosmic,hep-ex,5,0,1.1500314861460956,28.49162011173184,1,1,INSPIRE,https://inspirehep.net/literature/2064815
382,arxiv:2203.15729,"Evaluating the ILC SUSY Reach in the Most Challenging Scenario: Stau NLSP, Low ΔM , Lowest Cross Section",M. T. Núñez Pardo de Vera et al.,2203.15729,2022,Energy,hep-ph,5,2,1.145702634880803,28.435754189944127,1,1,INSPIRE,https://inspirehep.net/literature/2059506
383,arxiv:2203.13985,A Strategic Approach to Advance Magnet Technology for Next Generation Colliders,G. Ambrosio et al.,2203.13985,2022,Accelerator Science and Technology,physics.acc-ph,5,1,1.1435504070131497,28.37988826815642,1,1,INSPIRE,https://inspirehep.net/literature/2059080
384,arxiv:2203.11508,Policing and Gatekeeping in STEM,A. K. Hodari et al.,2203.11508,2022,Community Engagement,physics.ed-ph,5,0,1.140693316677077,28.32402234636871,1,1,INSPIRE,https://inspirehep.net/literature/2094672
385,arxiv:2203.11129,Electroweak Fragmentation at High Energies,T. Han et al.,2203.11129,2022,Energy | Theory,hep-ph,5,2,1.1399812734082397,28.268156424581,2,2,INSPIRE,https://inspirehep.net/literature/2055750
386,arxiv:2203.10203,Belle II Executive Summary,D. M. Asner et al.,2203.10203,2022,Rare Processes and Precision Measurements,hep-ex,5,4,1.1378504672897196,28.21229050279329,1,1,INSPIRE,https://inspirehep.net/literature/2055635
387,arxiv:2203.09336,The Necessity of International Particle Physics Opportunities for American Education,E. Arce-Lareta et al.,2203.09336,2022,Accelerator Science and Technology | Community Engagement,physics.ed-ph,5,0,1.1371419676214198,28.15642458100558,2,2,INSPIRE,https://inspirehep.net/literature/2054210
388,arxiv:2203.08338,Dark-matter And Neutrino Computation Explored (DANCE) Community Input to Snowmass,A. Roberts et al.,2203.08338,2022,Computational,hep-ex,5,3,1.1357276119402984,28.100558659217874,1,1,INSPIRE,https://inspirehep.net/literature/2053440
389,arxiv:2203.07620,Innovations in Trigger and Data Acquisition Systems for Next-Generation Physics Facilities,R. Bartoldus et al.,2203.07620,2022,Community Engagement | Computational | Instrumentation,hep-ex,5,4,1.1350217526413922,27.988826815642454,3,3,INSPIRE,https://inspirehep.net/literature/2052510
390,arxiv:2203.07572,Measuring the Electron Neutrino Mass using the Electron Capture Decay of 163Ho,J. Ullom et al.,2203.07572,2022,Instrumentation | Neutrinos,nucl-ex,5,2,1.1350217526413922,27.988826815642454,2,2,INSPIRE,https://inspirehep.net/literature/2052377
391,arxiv:2203.07406,SMEFT at the LHC and Beyond,W. Shepherd.,2203.07406,2022,Energy | Theory,hep-ph,5,2,1.1350217526413922,27.988826815642454,2,2,INSPIRE,https://inspirehep.net/literature/2052401
392,arxiv:2203.06131,BSM Neutrino Physics: Complementarity across Energies,T. Han et al.,2203.06131,2022,Energy | Rare Processes and Precision Measurements | Theory,hep-ph,5,2,1.132909429280397,27.877094972067034,3,3,INSPIRE,https://inspirehep.net/literature/2050428
393,arxiv:2203.04714,Modeling Needs for High Power Target,C. Barbier et al.,2203.04714,2022,Accelerator Science and Technology,physics.acc-ph,5,1,1.1315055762081785,27.821229050279324,1,1,INSPIRE,https://inspirehep.net/literature/2049104
394,arxiv:2203.03852,Combined Signatures of Heavy Higgses and Vectorlike Fermions at the HL-LHC,R. Dermisek et al.,2203.03852,2022,Energy | Theory,hep-ph,5,1,1.130105198019802,27.765363128491614,2,2,INSPIRE,https://inspirehep.net/literature/2048036
395,arxiv:2202.08154,Supersymmetric Lattice Theories,S. Catterall et al.,2202.08154,2022,Theory,hep-lat,5,3,1.11697247706422,27.709497206703908,1,1,INSPIRE,https://inspirehep.net/literature/2033361
396,arxiv:2103.10217,Model-Independent Searches for New Physics in Multi-Body Invariant Masses,S. V. Chekanov et al.,2103.10217,2021,Energy | Theory,hep-ph,6,2,1.1124365482233503,30.651769087523277,2,2,INSPIRE,https://inspirehep.net/literature/1852327
397,arxiv:2202.02194,"HL-LHC Computing Review Stage 2, Common Software Projects: Data Science Tools for Analysis",J. Pivarski et al.,2202.02194,2022,Computational,physics.data-an,5,2,1.1088342440801457,27.597765363128488,1,1,INSPIRE,https://inspirehep.net/literature/2027698
398,arxiv:2207.06213,U.S. National Accelerator R&D Program on Future Colliders,P. C. Bhat et al.,2207.06213,2022,Accelerator Science and Technology,physics.acc-ph,4,0,0.9818548387096774,23.89199255121043,1,1,INSPIRE,https://inspirehep.net/literature/2111233
399,arxiv:2204.01072,Conductor Properties and Coil Technology for a Bi2212 Dipole Insert for 20 Tesla Hybrid Accelerator Magnets,E. Barzi.,2204.01072,2022,Accelerator Science and Technology,physics.acc-ph,4,1,0.9194461925739459,23.83612662942272,1,1,INSPIRE,https://inspirehep.net/literature/2062314
400,arxiv:2204.00701,Feedback and Control Systems for Future Linear Colliders,D. Filippetto et al.,2204.00701,2022,Accelerator Science and Technology,physics.acc-ph,4,4,0.9182903834066625,23.78026070763501,1,1,INSPIRE,https://inspirehep.net/literature/2062570
401,arxiv:2203.16979,Quantum Networks for High Energy Physics,A. Derevianko et al.,2203.16979,2022,Computational,quant-ph,4,3,0.917713567839196,23.7243947858473,1,1,INSPIRE,https://inspirehep.net/literature/2060734
402,arxiv:2203.15984,Advanced RF Sources R&D for Economical Future Colliders,B. Weatherford et al.,2203.15984,2022,Accelerator Science and Technology,physics.acc-ph,4,1,0.9165621079046424,23.66852886405959,1,1,INSPIRE,https://inspirehep.net/literature/2060249
403,arxiv:2203.15062,Fast (Optical) Links”,M. Newcomer et al.,2203.15062,2022,Instrumentation,physics.ins-det,4,2,0.915987460815047,23.584729981378025,1,1,INSPIRE,https://inspirehep.net/literature/2059460
404,arxiv:2203.14894,Readout Technologies for Future Detectors,M. Begel et al.,2203.14894,2022,Instrumentation,physics.ins-det,4,3,0.915987460815047,23.584729981378025,1,1,INSPIRE,https://inspirehep.net/literature/2059457
405,arxiv:2203.11662,Enhancing HEP Research in Predominantly Undergraduate Institutions and Community Colleges,M. Bellis et al.,2203.11662,2022,Community Engagement,physics.ed-ph,4,1,0.9119850187265918,23.500931098696462,1,1,INSPIRE,https://inspirehep.net/literature/2056884
406,arxiv:2203.10393,In Search of Excellence and Equity in Physics,E. Barzi et al.,2203.10393,2022,Accelerator Science and Technology | Community Engagement | Cosmic | Computational | Energy | Instrumentation | Neutrinos | Rare Processes and Precision Measurements | Theory | Underground Facilities and Infrastructure,physics.soc-ph,4,4,0.9108478802992519,23.445065176908752,10,10,INSPIRE,https://inspirehep.net/literature/2055661
407,arxiv:2203.10060,Why should the U.S. Care about High Energy Physics in Africa and Latin America?,K. A. Assamagan et al.,2203.10060,2022,Community Engagement,physics.soc-ph,4,0,0.9102803738317757,23.389199255121042,1,1,INSPIRE,https://inspirehep.net/literature/2054971
408,arxiv:2203.09094,Near Term Applications driven by Advanced Accelerator Concepts,C. Emma et al.,2203.09094,2022,Accelerator Science and Technology,physics.acc-ph,4,3,0.9097135740971358,23.333333333333332,1,1,INSPIRE,https://inspirehep.net/literature/2054187
409,arxiv:2203.08748,Accessibility in High Energy Physics: Lessons from the Snowmass Process,K. A. Assamagan et al.,2203.08748,2022,Community Engagement,physics.ed-ph,4,1,0.9091474797759802,23.24953445065177,1,1,INSPIRE,https://inspirehep.net/literature/2053813
410,arxiv:2203.08981,Laser-Driven Structure-Based Accelerators,R. J. England et al.,2203.08981,2022,Accelerator Science and Technology,physics.acc-ph,4,3,0.9091474797759802,23.24953445065177,1,1,INSPIRE,https://inspirehep.net/literature/2054297
411,arxiv:2203.08809,"Broadening the Scope of Education, Career and Open Science in HEP",S. Malik et al.,2203.08809,2022,Community Engagement,physics.ed-ph,4,1,0.9085820895522387,22.942271880819366,1,1,INSPIRE,https://inspirehep.net/literature/2054147
412,arxiv:2203.07885,Data Storage for HEP Experiments in the Era of High-Performance Computing,A. Bashyal et al.,2203.07885,2022,Computational,hep-ex,4,2,0.9085820895522387,22.942271880819366,1,1,INSPIRE,https://inspirehep.net/literature/2052491
413,arxiv:2203.08280,Data Transfer and Network Services Management for Domain Science Workflows,T. Lehman et al.,2203.08280,2022,Computational,cs.NI,4,2,0.9085820895522387,22.942271880819366,1,1,INSPIRE,https://inspirehep.net/literature/2053809
414,arxiv:2203.08054,High Field Magnet Development for HEP in Europe: A Proposal from LDG HFM Expert Panel,P. Védrine et al.,2203.08054,2022,Accelerator Science and Technology,physics.acc-ph,4,3,0.9085820895522387,22.942271880819366,1,1,INSPIRE,https://inspirehep.net/literature/2052887
415,arxiv:2203.07901,"Introduction to a Low-Mass Dark Matter Project, ALETHEIA: A Liquid hElium Time projection cHambEr In dArk matter",J. Liao et al.,2203.07901,2022,Cosmic | Instrumentation | Neutrinos | Rare Processes and Precision Measurements | Underground Facilities and Infrastructure,astro-ph.IM,4,4,0.9085820895522387,22.942271880819366,5,5,INSPIRE,https://inspirehep.net/literature/2052981
416,arxiv:2203.08804,IsoDAR Overview,J. R. Alonso et al.,2203.08804,2022,Accelerator Science and Technology | Community Engagement | Neutrinos,hep-ex,4,1,0.9085820895522387,22.942271880819366,3,3,INSPIRE,https://inspirehep.net/literature/2054161
417,arxiv:2203.07654,Leading-Edge Technology And Feasibility-Directed (LEAF) Program Aimed at Readiness Demonstration for Energy Frontier Circular Colliders by the Next Decade,G. Ambrosio et al.,2203.07654,2022,Accelerator Science and Technology,physics.acc-ph,4,1,0.9085820895522387,22.942271880819366,1,1,INSPIRE,https://inspirehep.net/literature/2052748
418,arxiv:2203.07919,Report of the Snowmass'21 Workshop on High-Power Cyclotrons and FFAs,D. Winklehner et al.,2203.07919,2022,Accelerator Science and Technology | Neutrinos,physics.acc-ph,4,3,0.9085820895522387,22.942271880819366,2,2,INSPIRE,https://inspirehep.net/literature/2052885
419,arxiv:2203.07994,Sensitivity to Longitudinal Vector Boson Scattering in W±W±jj at Future Hadron Colliders,A. Apyan et al.,2203.07994,2022,Energy,hep-ph,4,3,0.9085820895522387,22.942271880819366,1,1,INSPIRE,https://inspirehep.net/literature/2052509
420,arxiv:2203.07614,Detector and Beamline Simulation for Next-Generation High Energy Physics Experiments,S. Banerjee et al.,2203.07614,2022,Cosmic | Computational | Energy | Instrumentation | Neutrinos | Rare Processes and Precision Measurements,hep-ex,4,1,0.9080174021131137,22.579143389199256,6,6,INSPIRE,https://inspirehep.net/literature/2052503
421,arxiv:2203.07352,"Development and Demonstration of Next Generation Technology for Nb_3Sn Accelerator Magnets with Lower Cost, Improved Performance Uniformity, and Higher Operating Point in the 12-14 T Range",G. Ambrosio et al.,2203.07352,2022,Accelerator Science and Technology,physics.acc-ph,4,1,0.9080174021131137,22.579143389199256,1,1,INSPIRE,https://inspirehep.net/literature/2051629
422,arxiv:2203.07286,Precision Timing for Collider-Experiment-Based Calorimetry,S. V. Chekanov et al.,2203.07286,2022,Instrumentation,physics.ins-det,4,1,0.9080174021131137,22.579143389199256,1,1,INSPIRE,https://inspirehep.net/literature/2051228
423,arxiv:2203.06929,Probing Heavy Majorana Neutrino Pair Production at ILC in a U(1)_{B−L} Extension of the Standard Model,J. Nakajima et al.,2203.06929,2022,Energy,hep-ex,4,2,0.9080174021131137,22.579143389199256,1,1,INSPIRE,https://inspirehep.net/literature/2051103
424,arxiv:2203.06799,Future Prospects for Parton Showers,N. Darvishi et al.,2203.06799,2022,Theory,hep-ph,4,1,0.9074534161490683,22.439478584729983,1,1,INSPIRE,https://inspirehep.net/literature/2051428
425,arxiv:2203.06112,Solving Simulation Systematics in and with AI/ML,B. Viren et al.,2203.06112,2022,Computational,hep-ex,4,3,0.9063275434243175,22.383612662942273,1,1,INSPIRE,https://inspirehep.net/literature/2050096
426,arxiv:2203.03710,The Composite Higgs Signal at the Next Big Collider,K. Lane.,2203.03710,2022,Energy,hep-ph,4,3,0.9040841584158416,22.327746741154563,1,1,INSPIRE,https://inspirehep.net/literature/2047927
427,arxiv:2203.01396,Good Things to do with Extra Higgs Doublets,H. Davoudiasl et al.,2203.01396,2022,Energy,hep-ph,4,4,0.9012954966070327,22.271880819366853,1,1,INSPIRE,https://inspirehep.net/literature/2044892
428,arxiv:2202.12343,Physics Opportunities with PROSPECT-II,M. Andriamirado et al.,2202.12343,2022,Neutrinos,hep-ex,4,2,0.8979717271051014,22.216014897579143,1,1,INSPIRE,https://inspirehep.net/literature/2039044
429,arxiv:2202.11529,Some Aspects of the Impact of the Electron Ion Collider on Particle Physics at the Energy Frontier,"S.V. Chekanov, S. Magill.",2202.11529,2022,Energy,hep-ph,4,3,0.8974201474201474,22.160148975791433,1,1,INSPIRE,https://inspirehep.net/literature/2037043
430,arxiv:2207.00124,Public Policy and Government Engagement: Congressional Advocacy for Areas Beyond HEP Funding,R. Diurba et al.,2207.00124,2022,Community Engagement,physics.soc-ph,3,0,0.7300133244503664,17.45810055865922,1,1,INSPIRE,https://inspirehep.net/literature/2104991
431,arxiv:2207.00122,Public Policy and Government Engagement: Congressional Advocacy for HEP Funding (The 'DC Trip'),M. Carneiro et al.,2207.00122,2022,Community Engagement,physics.soc-ph,3,0,0.7300133244503664,17.45810055865922,1,1,INSPIRE,https://inspirehep.net/literature/2104993
432,arxiv:2207.00125,Public Policy and Government Engagement: Non-Congressional Government Engagement,R. Diurba et al.,2207.00125,2022,Community Engagement,physics.soc-ph,3,0,0.7300133244503664,17.45810055865922,1,1,INSPIRE,https://inspirehep.net/literature/2104992
433,arxiv:2206.15345,Spin Polarized Electron Beams Production Beyond III-V Semiconductors,L. Cultrera.,2206.15345,2022,Accelerator Science and Technology,physics.acc-ph,3,3,0.7300133244503664,17.45810055865922,1,1,INSPIRE,https://inspirehep.net/literature/2104137
434,arxiv:2205.12198,Exotic Higgs Decays in the Type-II 2HDMs at Current and Future pp Colliders,F. Kling et al.,2205.12198,2022,Energy | Theory,hep-ph,3,2,0.7124512353706112,17.31843575418994,2,2,INSPIRE,https://inspirehep.net/literature/2087148
435,arxiv:2204.07285,Enabling Capabilities for Infrastructure and Workforce in Electronics and ASICs,M. Artuso et al.,2204.07285,2022,Instrumentation,physics.ins-det,3,0,0.6943916349809887,17.262569832402235,1,1,INSPIRE,https://inspirehep.net/literature/2067855
436,arxiv:2204.02928,Implications of Energy Peak for Collider Phenomenology: Top Quark Mass Determination and Beyond,K. Agashe et al.,2204.02928,2022,Energy | Theory,hep-ph,3,0,0.690889029003783,17.206703910614525,2,2,INSPIRE,https://inspirehep.net/literature/2063957
437,arxiv:2203.12542,Photon Counting from the Vacuum Ultraviolet to the Short Wavelength Infrared using Semiconductor and Superconducting Technologies,J. Asaadi et al.,2203.12542,2022,Instrumentation,physics.ins-det,3,0,0.6848437500000001,17.150837988826815,1,1,INSPIRE,https://inspirehep.net/literature/2057457
438,arxiv:2203.11523,"How to Read the Snowmass White Papers on Power Dynamics in Physics, Informal Socialization in Physics Training, and Policing and Gatekeeping in STEM",A. K. Hodari et al.,2203.11523,2022,Community Engagement,physics.ed-ph,3,0,0.6844159900062461,17.094972067039105,1,1,INSPIRE,https://inspirehep.net/literature/2094673
439,arxiv:2203.11665,Facilitating Non-HEP Career Transition,S. Malik et al.,2203.11665,2022,Community Engagement,physics.ed-ph,3,1,0.6839887640449439,17.039106145251395,1,1,INSPIRE,https://inspirehep.net/literature/2056911
440,arxiv:2203.10377,Nurturing the Industrial Accelerator Technology Base in the US,A. M. M. Todd,2203.10377,2022,Accelerator Science and Technology | Community Engagement,physics.acc-ph,3,2,0.683135910224439,16.98324022346369,2,2,INSPIRE,https://inspirehep.net/literature/2055810
441,arxiv:2203.10953,Particle Physics Outreach to K-12 Schools and Opportunities in Undergraduate Education,M. G. Bardeen et al.,2203.10953,2022,Community Engagement,physics.ed-ph,3,1,0.6827102803738319,16.927374301675975,1,1,INSPIRE,https://inspirehep.net/literature/2055665
442,arxiv:2203.09198,"AWAKE, Plasma Wakefield Acceleration of Electron Bunches for Near and Long Term Particle Physics Applications",P. Muggli (AWAKE Collaboration),2203.09198,2022,Accelerator Science and Technology,physics.acc-ph,3,3,0.6822851805728519,16.87150837988827,1,1,INSPIRE,https://inspirehep.net/literature/2054333
443,arxiv:2203.08869,Advancing Superconducting Magnet Diagnostics for Future Colliders,M. Marchevsky et al.,2203.08869,2022,Accelerator Science and Technology,physics.acc-ph,3,1,0.6818606098319852,16.70391061452514,1,1,INSPIRE,https://inspirehep.net/literature/2054268
444,arxiv:2203.14345,Evolution of HEP Processing Frameworks,C. D. Jones et al.,2203.14345,2022,Computational,cs.DC,3,2,0.6818606098319852,16.70391061452514,1,1,INSPIRE,https://inspirehep.net/literature/2058929
445,arxiv:2203.08919,"Strategies in Education, Outreach, and Inclusion to Enhance the US Workforce in Accelerator Science and Engineering",M. Bai et al.,2203.08919,2022,Accelerator Science and Technology | Community Engagement,physics.acc-ph,3,3,0.6818606098319852,16.70391061452514,2,2,INSPIRE,https://inspirehep.net/literature/2054274
446,arxiv:2203.08916,The Need for Structural Changes to Create Impactful Public Engagement in US Particle Physics,K. A. Assamagan et al.,2203.08916,2022,Community Engagement,physics.soc-ph,3,0,0.6818606098319852,16.70391061452514,1,1,INSPIRE,https://inspirehep.net/literature/2094671
447,arxiv:2203.08871,Understanding Training in Superconducting Accelerator Magnets using Acoustic Emission Diagnostics,M. Marchevsky.,2203.08871,2022,Accelerator Science and Technology,physics.acc-ph,3,2,0.6818606098319852,16.70391061452514,1,1,INSPIRE,https://inspirehep.net/literature/2054292
448,arxiv:2203.08010,Analysis Facilities for HL-LHC,D. Benjamin et al.,2203.08010,2022,Computational,hep-ex,3,2,0.681436567164179,16.396648044692736,1,1,INSPIRE,https://inspirehep.net/literature/2052513
449,arxiv:2203.08113,Data Preservation for Cosmology,M. Alvarez et al.,2203.08113,2022,Cosmic | Computational | Theory,astro-ph.CO,3,2,0.681436567164179,16.396648044692736,3,3,INSPIRE,https://inspirehep.net/literature/2052873
450,arxiv:2203.08276,Design Considerations for Fermilab Multi-MW Proton Facility in the DUNE/LBNF Era,J. Eldred et al.,2203.08276,2022,Accelerator Science and Technology | Neutrinos | Rare Processes and Precision Measurements,physics.acc-ph,3,3,0.681436567164179,16.396648044692736,3,3,INSPIRE,https://inspirehep.net/literature/2053548
451,arxiv:2203.08309,Fiber-Optic Diagnostic System for Future Accelerator Magnets,M. Baldini et al.,2203.08309,2022,Accelerator Science and Technology,physics.acc-ph,3,1,0.681436567164179,16.396648044692736,1,1,INSPIRE,https://inspirehep.net/literature/2053601
452,arxiv:2203.09945,Portability: A Necessary Approach for Future Scientific Software,M. Bhattacharya et al.,2203.09945,2022,Computational,physics.comp-ph,3,1,0.681436567164179,16.396648044692736,1,1,INSPIRE,https://inspirehep.net/literature/2054702
453,arxiv:2203.07907,Resummation for Future Colliders,M. van Beekveld et al.,2203.07907,2022,Theory,hep-ph,3,1,0.681436567164179,16.396648044692736,1,1,INSPIRE,https://inspirehep.net/literature/2052538
454,arxiv:2203.07287,A TPC-based Tracking System for a Future Belle II Upgrade,A. Löschke Centeno et al.,2203.07287,2022,Instrumentation,physics.ins-det,3,0,0.6810130515848353,16.11731843575419,1,1,INSPIRE,https://inspirehep.net/literature/2051246
455,arxiv:2203.07154,Materials for Future Calorimeters,"M. Yeh, R.-Y. Zhu.",2203.07154,2022,Instrumentation,physics.ins-det,3,3,0.6810130515848353,16.11731843575419,1,1,INSPIRE,https://inspirehep.net/literature/2051108
456,arxiv:2203.07202,Study of the hγZ coupling at the ILC,Y. Aoki et al.,2203.07202,2022,Energy,hep-ex,3,2,0.6810130515848353,16.11731843575419,1,1,INSPIRE,https://inspirehep.net/literature/2051671
457,arxiv:2203.07314,Track-Based Triggers for Exotic Signatures,K. F. Di Petrillo et al.,2203.07314,2022,Energy | Instrumentation,hep-ex,3,2,0.6810130515848353,16.11731843575419,2,2,INSPIRE,https://inspirehep.net/literature/2051243
458,arxiv:2203.06816,Accelerator and Beam Physics: Grand Challenges and Research Opportunities,S. Nagaitsev et al.,2203.06816,2022,Accelerator Science and Technology,physics.acc-ph,3,2,0.6805900621118012,15.921787709497206,1,1,INSPIRE,https://inspirehep.net/literature/2051669
459,arxiv:2203.06843,Deploying In-Network Caches in Support of Distributed Scientific Data Sharing,A. Sim et al.,2203.06843,2022,Computational,cs.NI,3,2,0.6805900621118012,15.921787709497206,1,1,INSPIRE,https://inspirehep.net/literature/2051916
460,arxiv:2203.06776,New Approach to DM Searches with Mono-Photon Signature,J. Kalinowski et al.,2203.06776,2022,Energy,hep-ph,3,1,0.6805900621118012,15.921787709497206,1,1,INSPIRE,https://inspirehep.net/literature/2051322
461,arxiv:2203.06562,MPGDs: Recent Advances and Current R&D,K. Dehmelt et al.,2203.06562,2022,Instrumentation,physics.ins-det,3,1,0.6801675977653631,15.810055865921786,1,1,INSPIRE,https://inspirehep.net/literature/2050822
462,arxiv:2203.06262,High-Pressure TPCs in Pressurized Caverns: Opportunities in Dark Matter and Neutrino Physics,B. Monreal.,2203.06262,2022,Cosmic | Instrumentation | Neutrinos | Underground Facilities and Infrastructure,hep-ph,3,2,0.6797456575682381,15.698324022346368,4,4,INSPIRE,https://inspirehep.net/literature/2050808
463,arxiv:2203.06309,Micro Pattern Gaseous Detectors for Nuclear Physics,F. Barbosa et al.,2203.06309,2022,Instrumentation,physics.ins-det,3,2,0.6797456575682381,15.698324022346368,1,1,INSPIRE,https://inspirehep.net/literature/2050852
464,arxiv:2203.06207,Probing Heavy-Flavor Parton Distribution Functions at Hadron Colliders,K. Xie et al.,2203.06207,2022,Energy,hep-ph,3,0,0.6797456575682381,15.698324022346368,1,1,INSPIRE,https://inspirehep.net/literature/2050952
465,arxiv:2203.04391,Adaptive Machine Learning for Time-Varying Systems: Towards 6D Phase Space Diagnostics of Short Intense Charged Particle Beams,"A. Scheinker, S. Gessner.",2203.04391,2022,Accelerator Science and Technology | Computational,physics.acc-ph,3,2,0.6784829721362229,15.58659217877095,2,2,INSPIRE,https://inspirehep.net/literature/2049097
466,arxiv:1910.14149,A Fast Method for Particle Tracking and Triggering using Small-Radius Silicon Detectors,A. V. Kotwal.,1910.14149,2019,Energy | Instrumentation,physics.ins-det,4,2,0.5903030303030303,20.093109869646185,2,2,INSPIRE,https://inspirehep.net/literature/1762355
467,arxiv:2011.05329,Jas4pp - a Data-Analysis Framework for Physics and Detector Studies,S. V. Chekanov et al.,2011.05329,2020,Computational,physics.comp-ph,3,1,0.5222831267874166,15.47486033519553,1,1,INSPIRE,https://inspirehep.net/literature/1829408
468,arxiv:2209.10109,U.S. CMS - PURSUE (Program for Undergraduate Research SUmmer Experience),T. Bose et al.,2209.10109,2022,Community Engagement,physics.ed-ph,2,1,0.5133520730850316,10.726256983240223,1,1,INSPIRE,https://inspirehep.net/literature/2154635
469,arxiv:2209.06755,How Community Agreements Can Improve Workplace Culture in Physics,E. Barzi et al.,2209.06755,2022,Accelerator Science and Technology | Community Engagement | Cosmic | Computational | Energy | Instrumentation | Neutrinos | Rare Processes and Precision Measurements | Theory | Underground Facilities and Infrastructure,physics.soc-ph,2,1,0.5126315789473684,10.670391061452513,10,10,INSPIRE,https://inspirehep.net/literature/2167210
470,arxiv:2208.07910,"When, Where, and How to Open Data: A Personal Perspective",B. Nachman.,2208.07910,2022,Computational | Theory,hep-ph,2,1,0.5024071526822559,10.614525139664803,2,2,INSPIRE,https://inspirehep.net/literature/2136855
471,arxiv:2207.08875,Electron Sources for Accelerators,D. Filippetto et al.,2207.08875,2022,Accelerator Science and Technology,physics.acc-ph,2,1,0.4925826028320971,10.558659217877095,1,1,INSPIRE,https://inspirehep.net/literature/2117126
472,arxiv:2205.12873,Ion Sources for Production of Highly Charged Ion Beams,A. Lapierre et al.,2205.12873,2022,Accelerator Science and Technology,physics.acc-ph,2,0,0.4752765126870527,10.502793296089385,1,1,INSPIRE,https://inspirehep.net/literature/2087837
473,arxiv:2204.08983,Transforming U.S. Particle Physics Education: A Snowmass 2021 Study,O. Bitter et al.,2204.08983,2022,Community Engagement,physics.ed-ph,2,1,0.4643992371265099,10.446927374301676,1,1,INSPIRE,https://inspirehep.net/literature/2069479
474,arxiv:2204.06667,Review of CMS Contributions to Hadron Spectroscopy,R. Chistov et al.,2204.06667,2022,Rare Processes and Precision Measurements,hep-ex,2,1,0.4626345788473718,10.391061452513966,1,1,INSPIRE,https://inspirehep.net/literature/2067368
475,arxiv:2204.00098,Readout for Calorimetry at Future Colliders,T. Andeen et al.,2204.00098,2022,Instrumentation,physics.ins-det,2,0,0.458856783919598,10.335195530726256,1,1,INSPIRE,https://inspirehep.net/literature/2061487
476,arxiv:2203.15138,Particle Flow Calorimetry,"R. Ruchti, K. Kruger.",2203.15138,2022,Energy | Instrumentation,physics.ins-det,2,2,0.4579937304075235,10.279329608938546,2,2,INSPIRE,https://inspirehep.net/literature/2059607
477,arxiv:2203.14347,Light-Weight and Highly Thermally Conductive Support Structures for Future Tracking Detectors,E. Anderssen et al.,2203.14347,2022,Instrumentation,physics.ins-det,2,1,0.45770676691729323,10.223463687150836,1,1,INSPIRE,https://inspirehep.net/literature/2059177
478,arxiv:2203.13305,Collider Physics Opportunities of Extended Warped Extra-Dimensional Models,K. Agashe et al.,2203.13305,2022,Energy | Theory,hep-ph,2,0,0.45684803001876173,10.167597765363128,2,2,INSPIRE,https://inspirehep.net/literature/2058509
479,arxiv:2203.12806,"RADiCAL: Precision-Timing, Ultracompact, Radiation-Hard Electromagnetic Calorimetry",T. Anderson et al.,2203.12806,2022,Energy | Instrumentation,physics.ins-det,2,0,0.45656250000000004,10.111731843575418,2,2,INSPIRE,https://inspirehep.net/literature/2058072
480,arxiv:2203.12118,R&D Works for Superconducting Magnets for Future Accelerator Applications in Japan,T. Ogitsu et al.,2203.12118,2022,Accelerator Science and Technology,physics.acc-ph,2,1,0.45627732667083076,10.05586592178771,1,1,INSPIRE,https://inspirehep.net/literature/2057636
481,arxiv:2203.11290,Beam Test Facilities for R&D in Accelerator Science and Technologies,J. Power et al.,2203.11290,2022,Accelerator Science and Technology,physics.acc-ph,2,1,0.4559925093632959,10.0,1,1,INSPIRE,https://inspirehep.net/literature/2057073
482,arxiv:2203.10564,High Temperature Superconducting Bi-2212 Magnets for Energy Frontier Circular Colliders,T. Shen et al.,2203.10564,2022,Accelerator Science and Technology,physics.acc-ph,2,0,0.4557080474111042,9.94413407821229,1,1,INSPIRE,https://inspirehep.net/literature/2055827
483,arxiv:2203.10161,Collaborative Computing Support for Analysis Facilities Exploiting Software as Infrastructure Techniques,M. Acosta Flechas et al.,2203.10161,2022,Computational,physics.data-an,2,1,0.45514018691588787,9.860335195530727,1,1,INSPIRE,https://inspirehep.net/literature/2055674
484,arxiv:2203.10046,Scalar-Mediated Dark Matter Model at Colliders and Gravitational Wave Detectors,J. Liu et al.,2203.10046,2022,Energy,hep-ph,2,0,0.45514018691588787,9.860335195530727,1,1,INSPIRE,https://inspirehep.net/literature/2054751
485,arxiv:2203.09585,Particle Physics Outreach at Non-Traditional Venues,J. Cochran et al.,2203.09585,2022,Community Engagement,physics.ed-ph,2,2,0.4548567870485679,9.776536312849162,1,1,INSPIRE,https://inspirehep.net/literature/2055298
486,arxiv:2203.08969,Deep learning applications for quality control in particle detector construction,N. Akchurin et al.,2203.08969,2022,Computational,hep-ex,2,0,0.4545737398879901,9.720670391061452,1,1,INSPIRE,https://inspirehep.net/literature/2054166
487,arxiv:2203.08106,Broader Impact of Cyclotron-based Neutrino Sources,J. Alonso. (IsoDAR Collaboration),2203.08106,2022,Neutrinos,hep-ex,2,2,0.45429104477611937,9.553072625698324,1,1,INSPIRE,https://inspirehep.net/literature/2052591
488,arxiv:2203.08064,Dependence of the Top-Quark Mass Measured in Top-Quark Pair Production on the Parton Distribution Functions at the LHC and Future Colliders,J. Gombas et al.,2203.08064,2022,Energy,hep-ph,2,0,0.45429104477611937,9.553072625698324,1,1,INSPIRE,https://inspirehep.net/literature/2052526
489,arxiv:2203.07995,Societal Impacts of Particle Physics Projects,R. Zens et al.,2203.07995,2022,Community Engagement,hep-ex,2,0,0.45429104477611937,9.553072625698324,1,1,INSPIRE,https://inspirehep.net/literature/2052241
490,arxiv:2203.09944,Test Beam and Irradiation Facilities,M. Hartz et al.,2203.09944,2022,Instrumentation,physics.acc-ph,2,1,0.45429104477611937,9.553072625698324,1,1,INSPIRE,https://inspirehep.net/literature/2054690
491,arxiv:2203.07888,The Need for Further Development of Magnetrons as RF Sources for HEP,T. Kroc et al.,2203.07888,2022,Accelerator Science and Technology,physics.acc-ph,2,1,0.45429104477611937,9.553072625698324,1,1,INSPIRE,https://inspirehep.net/literature/2052849
492,arxiv:2203.07353,Improving Di-Higgs Sensitivity at Future Colliders in Hadronic Final States with Machine Learning,D. Diaz et al.,2203.07353,2022,Computational | Energy,hep-ph,2,2,0.45400870105655683,9.30167597765363,2,2,INSPIRE,https://inspirehep.net/literature/2051230
493,arxiv:2203.06961,R Measurement and QCD Studies at Future Super Tau−Charm Factory,G. Huang et al.,2203.06961,2022,Rare Processes and Precision Measurements,hep-ex,2,1,0.45400870105655683,9.30167597765363,1,1,INSPIRE,https://inspirehep.net/literature/2051078
494,arxiv:2203.07274,Test Samples and Infrastructure for Accelerator Magnet Developments,S. Stoynev.,2203.07274,2022,Accelerator Science and Technology,physics.acc-ph,2,1,0.45400870105655683,9.30167597765363,1,1,INSPIRE,https://inspirehep.net/literature/2051630
495,arxiv:2203.07272,Two-Fermion Final States at International Linear Collider,T. Suehara.,2203.07272,2022,Energy,hep-ph,2,1,0.45400870105655683,9.30167597765363,1,1,INSPIRE,https://inspirehep.net/literature/2051186
496,arxiv:2203.06809,Ion Coulomb Crystals in Storage Rings for Quantum Information Science,S. Brooks et al.,2203.06809,2022,Accelerator Science and Technology | Computational | Instrumentation | Theory,physics.acc-ph,2,2,0.45372670807453414,9.162011173184357,4,4,INSPIRE,https://inspirehep.net/literature/2051432
497,arxiv:2203.06104,DUNE Software and High Performance Computing,B. Fleming et al.,2203.06104,2022,Computational | Neutrinos,hep-ex,2,2,0.45316377171215877,9.022346368715084,2,2,INSPIRE,https://inspirehep.net/literature/2050149
498,arxiv:2203.06093,Integration and Packaging,S. Mazza et al.,2203.06093,2022,Instrumentation,hep-ex,2,2,0.45316377171215877,9.022346368715084,1,1,INSPIRE,https://inspirehep.net/literature/2050076
499,arxiv:2203.06267,MPGDs for TPCs at Future Lepton Colliders,A. Bellerive et al.,2203.06267,2022,Instrumentation,physics.ins-det,2,0,0.45316377171215877,9.022346368715084,1,1,INSPIRE,https://inspirehep.net/literature/2050939
500,arxiv:2203.06216,Simulations of Silicon Radiation Detectors for High Energy Physics Experiments,B. Nachman et al.,2203.06216,2022,Instrumentation,physics.ins-det,2,2,0.45316377171215877,9.022346368715084,1,1,INSPIRE,https://inspirehep.net/literature/2050937
501,external:https://cds.cern.ch/record/2806962,Physics with the Phase-2 ATLAS and CMS Detectors,ATLAS and CMS Collaborations.,,2022,Cosmic | Energy | Rare Processes and Precision Measurements,,2,2,0.434562760261749,8.882681564245809,3,3,INSPIRE-CDS,https://inspirehep.net/literature/2071528
502,arxiv:2004.00580,Measuring the Neutrino Event Time in Liquid Argon by a Post-Reconstruction One-parameter Fit,E. Angelico et al.,2004.00580,2020,Instrumentation | Neutrinos,physics.ins-det,2,2,0.3147350280051702,8.8268156424581,2,2,INSPIRE,https://inspirehep.net/literature/1789225
503,arxiv:2212.09524,Adding Stroboscopic Muon Information For Reduction of Systematic Uncertainties in DUNE,H. J. Frisch,2212.09524,2022,Instrumentation | Neutrinos,hep-ex,1,1,0.2742117117117117,4.925512104283054,2,2,INSPIRE,https://inspirehep.net/literature/2616006
504,arxiv:2205.11920,MSSM Under Higgs Factories,H. Li et al.,2205.11920,2022,Energy | Theory,hep-ph,1,0,0.23748374512353707,4.8696461824953445,2,2,INSPIRE,https://inspirehep.net/literature/2087161
505,arxiv:2204.01919,Superconducting Nanowire Single-Photon Detectors and Effect of Accumulation and Unsteady Releases of Excess Energy in Materials,S. Pereverzev et al.,2204.01919,2022,Cosmic | Instrumentation | Neutrinos,quant-ph,1,0,0.23000629722921914,4.8137802607076345,3,3,INSPIRE,https://inspirehep.net/literature/2063574
506,arxiv:2203.15902,"Large-Format, Transmission-Line-Coupled Kinetic Inductance Detector Arrays for HEP at Millimeter Wavelengths",P. S. Barry et al.,2203.15902,2022,Instrumentation,physics.ins-det,1,0,0.22856695869837299,4.757914338919925,1,1,INSPIRE,https://inspirehep.net/literature/2060090
507,arxiv:2203.14706,"Application-Driven Engagement with Universities, Synergies with other Funding Agencies","J. Hoff, S. Memik.",2203.14706,2022,Community Engagement,physics.soc-ph,1,1,0.22813866333541538,4.702048417132216,1,1,INSPIRE,https://inspirehep.net/literature/2058971
508,arxiv:2203.08750,Common Coil Dipole for High Field Magnet Design and R&D,R. Gupta et al.,2203.08750,2022,Accelerator Science and Technology,physics.acc-ph,1,0,0.22728686994399505,4.562383612662942,1,1,INSPIRE,https://inspirehep.net/literature/2053688
509,arxiv:2203.08427,Laser Manipulation of H- Beams,A. Rakhman.,2203.08427,2022,Accelerator Science and Technology,physics.acc-ph,1,1,0.22728686994399505,4.562383612662942,1,1,INSPIRE,https://inspirehep.net/literature/2053343
510,arxiv:2203.08874,Prospects for the Measurement of the Standard Model Higgs Pair Production at the Muon Colliders,K. Black et al. (ENUBET Collaboration),2203.08874,2022,Energy,hep-ex,1,1,0.22728686994399505,4.562383612662942,1,1,INSPIRE,https://inspirehep.net/literature/2054086
511,arxiv:2203.09010,"Solving Critical Problems of the Muon Collider Higgs Factory: Optics, Magnets and their Protection, Detector Backgrounds",Yu. I. Alexahin et al.,2203.09010,2022,Accelerator Science and Technology,physics.acc-ph,1,0,0.22728686994399505,4.562383612662942,1,1,INSPIRE,https://inspirehep.net/literature/2054279
512,arxiv:2203.08811,Analysis Cyberinfrastructure: Challenges and Opportunities,K. Lannon et al.,2203.08811,2022,Computational,physics.data-an,1,1,0.22714552238805968,4.338919925512104,1,1,INSPIRE,https://inspirehep.net/literature/2054080
513,arxiv:2203.08290,Hadron Spectroscopy in Photoproduction,M. Albaladejo et al.,2203.08290,2022,Rare Processes and Precision Measurements,hep-ex,1,0,0.22714552238805968,4.338919925512104,1,1,INSPIRE,https://inspirehep.net/literature/2053492
514,arxiv:2203.08132,Hybrid Conformal REBCO Dipole for a Next Hadron Collider,P. M. McIntyre.,2203.08132,2022,Accelerator Science and Technology | Energy,physics.acc-ph,1,1,0.22714552238805968,4.338919925512104,2,2,INSPIRE,https://inspirehep.net/literature/2052611
515,arxiv:2203.08270,Prospects for Searches for Higgs Boson Decays to Dark Photons at the ILC,S. Snyder et al.,2203.08270,2022,Energy,hep-ph,1,1,0.22714552238805968,4.338919925512104,1,1,INSPIRE,https://inspirehep.net/literature/2053422
516,arxiv:2203.07564,Belle II Grid-Based User Analysis,J. V. Bennett et al.,2203.07564,2022,Computational,hep-ex,1,1,0.22700435052827841,4.143389199255121,1,1,INSPIRE,https://inspirehep.net/literature/2052494
517,arxiv:2203.07551,Fe-Based High Field Superconductors for Cost-Effective Future Accelerator Magnets,F. Kametani et al.,2203.07551,2022,Accelerator Science and Technology,cond-mat.supr-con,1,1,0.22700435052827841,4.143389199255121,1,1,INSPIRE,https://inspirehep.net/literature/2053000
518,arxiv:2203.09941,Photomultipliers as High Rate Radiation-Resistant In-Situ Sensors in Future Experiments,"D. R Winn, Y. Onel.",2203.09941,2022,Instrumentation,physics.ins-det,1,1,0.22700435052827841,4.143389199255121,1,1,INSPIRE,https://inspirehep.net/literature/2054850
519,arxiv:2203.06731,Inorganic Scintillators for Future HEP Experiments,C. Hu et al.,2203.06731,2022,Instrumentation,physics.ins-det,1,0,0.22686335403726707,3.975791433891992,1,1,INSPIRE,https://inspirehep.net/literature/2051676
520,arxiv:2203.06819,Measuring the CP properties of the Higgs Sector at Electron-Positron Colliders,I. Božović-Jelisavucić et al.,2203.06819,2022,Energy,hep-ex,1,0,0.22686335403726707,3.975791433891992,1,1,INSPIRE,https://inspirehep.net/literature/2051089
521,arxiv:2203.06800,Strategies for Conformal REBCO Windings,J. Rogers et al.,2203.06800,2022,Accelerator Science and Technology | Energy,hep-ex,1,1,0.22686335403726707,3.975791433891992,2,2,INSPIRE,https://inspirehep.net/literature/2051085
522,arxiv:2203.05729,Tree-level Interference in VBF production of Vh,C. Paranjape et al.,2203.05729,2022,Energy,hep-ph,1,0,0.22644141351518907,3.8640595903165735,1,1,INSPIRE,https://inspirehep.net/literature/2050465
523,arxiv:2203.02760,Azimuthal Angular Correlation as a New Boosted Top Jet Substructure,"Z. Yu, C.-P. Yuan.",2203.02760,2022,Energy,hep-ph,1,0,0.2257416563658838,3.808193668528864,1,1,INSPIRE,https://inspirehep.net/literature/2820081
524,arxiv:2203.01847,Understanding Vacuum Arcs and Gradient Limits,J. Norem et al.,2203.01847,2022,Accelerator Science and Technology,physics.plasm-ph,1,1,0.22546296296296298,3.7523277467411544,1,1,INSPIRE,https://inspirehep.net/literature/2045707
525,arxiv:2202.05104,"Quantum Gravity and Phenomenology: Dark Matter, Dark Energy, Vacuum Selection, Emergent Spacetime, and Wormholes",P. Berglund et al.,2202.05104,2022,Theory,hep-th,1,1,0.22257769652650822,3.696461824953445,1,1,INSPIRE,https://inspirehep.net/literature/2030712
526,arxiv:2112.09548,A Note on Blind Technique for New Physics Searches in Particle Physics,S. V. Chekanov et al.,2112.09548,2021,Energy,hep-ex,1,1,0.2152327637006482,3.6405959031657353,1,1,INSPIRE,https://inspirehep.net/literature/1992906
527,arxiv:2209.03505,Background Monte Carlo Samples for a Future Hadron Collider,R. Gardner et al.,2209.03505,2022,Energy,hep-ex,0,0,0.0,1.0242085661080074,1,1,INSPIRE,https://inspirehep.net/literature/2148936
528,arxiv:2203.06146,Cryogenic User Facilities for R&D on Noble Liquid Detectors and Low Temperature Devices,Y. Li et al.,2203.06146,2022,Instrumentation,physics.ins-det,0,0,0.0,1.0242085661080074,1,1,INSPIRE,https://inspirehep.net/literature/2050101
529,arxiv:2203.06255,Enabling U.S. Participation in Future Higgs Factories,K. Black et al.,2203.06255,2022,Energy,hep-ex,0,0,0.0,1.0242085661080074,1,1,INSPIRE,https://inspirehep.net/literature/2050934
530,arxiv:2203.09942,High Rate and High Precision Timing and Calorimeter Detectors,D. R. Winn et al.,2203.09942,2022,Instrumentation,physics.ins-det,0,0,0.0,1.0242085661080074,1,1,INSPIRE,https://inspirehep.net/literature/2054847
531,arxiv:2203.09939,"Novel Low Workfunction Semiconductors for Calorimetry and Detection: High Energy, Dark Matter and Neutrino Phenomena",D. R. Winn.,2203.09939,2022,Instrumentation,physics.ins-det,0,0,0.0,1.0242085661080074,1,1,INSPIRE,https://inspirehep.net/literature/2054704
532,arxiv:2203.11623,PetaVolts per Meter Plasmonics,A. A. Sahai et al.,2203.11623,2022,Accelerator Science and Technology | Computational | Energy,physics.acc-ph,0,0,0.0,1.0242085661080074,3,3,INSPIRE,https://inspirehep.net/literature/2056887
533,arxiv:2203.09740,Simulations for the Development of Quantum Computational Devices for HEP,"J. B. Kowalkowski, A. L. Lyon.",2203.09740,2022,Computational,quant-ph,0,0,0.0,1.0242085661080074,1,1,INSPIRE,https://inspirehep.net/literature/2054561
534,arxiv:2207.07508,Snowmass Early Career: The Key Initiatives Organization,J. Barrow et al.,2207.07508,2022,Community Engagement,physics.soc-ph,0,0,0.0,1.0242085661080074,1,1,INSPIRE,https://inspirehep.net/literature/2115318
535,arxiv:2203.15978,Superconducting Sensor Fabrication Capabilities for HEP Science,T. Cecil et al.,2203.15978,2022,Instrumentation,physics.ins-det,0,0,0.0,1.0242085661080074,1,1,INSPIRE,https://inspirehep.net/literature/2060080
536,arxiv:2203.08861,Towards an HPC Complementary Computing Facility,K. Herner et al.,2203.08861,2022,Computational,cs.DC,0,0,0.0,1.0242085661080074,1,1,INSPIRE,https://inspirehep.net/literature/2054152
537,arxiv:2203.06788,Ultrafast Inorganic Crystals with Mass Production Capability for Future High-Rate Experiments,C. Hu et al.,2203.06788,2022,Energy | Instrumentation | Rare Processes and Precision Measurements,physics.ins-det,0,0,0.0,1.0242085661080074,3,3,INSPIRE,https://inspirehep.net/literature/2051074
