paper_id,record_id,title,authors_as_listed,source_url,source_version,source_version_url,source_license,source_license_url,license_evidence_url,permits_adaptation,permits_commercial_reuse,license_decision,license_evidence,license_checked_at,translation_status,translation_license,machine_model,human_reviewers,frontiers,topics,notes
arXiv:2203.07864,arxiv:2203.07864,21cm Radiation as a Probe of Physics Across Cosmic Ages,A. Liu et al.,https://arxiv.org/abs/2203.07864,v1,https://arxiv.org/abs/2203.07864v1,ARXIV-NONEXCLUSIVE-DISTRIB-1.0,https://arxiv.org/licenses/nonexclusive-distrib/1.0/,https://arxiv.org/licenses/nonexclusive-distrib/1.0/,,,hold-manual-license-review,arxiv_abs_page,2026-08-09T05:47:03+00:00,not-started,,,,CF | IF,CF: Dark Energy and Cosmic Acceleration: Cosmic Dawn and Before | IF: General - cross-listed,Manual source-license review is required before publishing a full translation.
arXiv:2203.13900,arxiv:2203.13900,4-Dimensional Trackers,D. Berry et al.,https://arxiv.org/abs/2203.13900,v1,https://arxiv.org/abs/2203.13900v1,ARXIV-NONEXCLUSIVE-DISTRIB-1.0,https://arxiv.org/licenses/nonexclusive-distrib/1.0/,https://arxiv.org/licenses/nonexclusive-distrib/1.0/,,,hold-manual-license-review,arxiv_abs_page,2026-08-09T05:47:06+00:00,not-started,,,,IF,IF: Solid State Detectors and Tracking,Manual source-license review is required before publishing a full translation.
arXiv:2203.00042,arxiv:2203.00042,A Call to Arms Control: Synergies between Nonproliferation Applications of Neutrino Detectors and Large-Scale Fundamental Neutrino Physics Experiments,T. Akindele et al.,https://arxiv.org/abs/2203.00042,v4,https://arxiv.org/abs/2203.00042v4,ARXIV-NONEXCLUSIVE-DISTRIB-1.0,https://arxiv.org/licenses/nonexclusive-distrib/1.0/,https://arxiv.org/licenses/nonexclusive-distrib/1.0/,,,hold-manual-license-review,arxiv_abs_page,2026-08-09T05:47:01+00:00,not-started,,,,AF | CEF | IF | NF | UF,AF: Accelerators for Neutrinos | CEF: Environmental and Societal Impacts | IF: Cross-Cutting Issues and Systems Integration | NF: Neutrino Applications | UF: Underground Facilities for Neutrinos,Manual source-license review is required before publishing a full translation.
arXiv:2111.06932,arxiv:2111.06932,A Cost-Efective Upgrade Path for the Fermilab Accelerator Complex,S. Nagaitsev et al.,https://arxiv.org/abs/2111.06932,v2,https://arxiv.org/abs/2111.06932v2,CC-BY-4.0,https://creativecommons.org/licenses/by/4.0/,https://creativecommons.org/licenses/by/4.0/,True,True,eligible-after-attribution-check,arxiv_abs_page,2026-08-09T05:47:02+00:00,not-started,,,,AF | NF,AF: Accelerators for Neutrinos | NF: Artificial Neutrino Sources,Adaptation is indicated by the source license; preserve attribution and all license conditions.
arXiv:2203.09734,arxiv:2203.09734,A Facility for Low-Radioactivity Underground Argon,H. O. Back et al.,https://arxiv.org/abs/2203.09734,v1,https://arxiv.org/abs/2203.09734v1,ARXIV-NONEXCLUSIVE-DISTRIB-1.0,https://arxiv.org/licenses/nonexclusive-distrib/1.0/,https://arxiv.org/licenses/nonexclusive-distrib/1.0/,,,hold-manual-license-review,arxiv_abs_page,2026-08-09T05:47:04+00:00,not-started,,,,CF | IF | NF | UF,CF: General - cross-listed: | IF: Cross-Cutting Issues and Systems Integration | NF: General - cross-listed | UF: Supporting Capabilities,Manual source-license review is required before publishing a full translation.
arXiv:1910.14149,arxiv:1910.14149,A Fast Method for Particle Tracking and Triggering using Small-Radius Silicon Detectors,A. V. Kotwal.,https://arxiv.org/abs/1910.14149,v2,https://arxiv.org/abs/1910.14149v2,ARXIV-NONEXCLUSIVE-DISTRIB-1.0,https://arxiv.org/licenses/nonexclusive-distrib/1.0/,https://arxiv.org/licenses/nonexclusive-distrib/1.0/,,,hold-manual-license-review,arxiv_abs_page,2026-08-09T05:47:00+00:00,not-started,,,,EF | IF,EF: Beyond the Standard Model - More General Explorations | IF: Trigger and Data Acquisition,Manual source-license review is required before publishing a full translation.
arXiv:2203.06281,arxiv:2203.06281,A Gaseous Argon-Based Near Detector to Enhance the Physics Capabilities of DUNE,A. Abed Abud et al.,https://arxiv.org/abs/2203.06281,v1,https://arxiv.org/abs/2203.06281v1,CC-BY-4.0,https://creativecommons.org/licenses/by/4.0/,https://creativecommons.org/licenses/by/4.0/,True,True,eligible-after-attribution-check,arxiv_abs_page,2026-08-09T05:47:02+00:00,not-started,,,,IF | NF,IF: General - centered on this frontier | NF: General - centered on this frontier,Adaptation is indicated by the source license; preserve attribution and all license conditions.
arXiv:2207.05103,arxiv:2207.05103,A Grand Scan of the pMSSM Parameter Space for Snowmass 2021,J. Dickinson et al.,https://arxiv.org/abs/2207.05103,v2,https://arxiv.org/abs/2207.05103v2,ARXIV-NONEXCLUSIVE-DISTRIB-1.0,https://arxiv.org/licenses/nonexclusive-distrib/1.0/,https://arxiv.org/licenses/nonexclusive-distrib/1.0/,,,hold-manual-license-review,arxiv_abs_page,2026-08-09T05:47:00+00:00,not-started,,,,CF | EF,CF: Dark Matter: Particle-like | EF: Beyond the Standard Model - Model Specific Explorations,Manual source-license review is required before publishing a full translation.
arXiv:2205.15373,arxiv:2205.15373,A Lattice QCD Perspective on Weak Decays of b and c Quarks,P. A. Boyle et al.,https://arxiv.org/abs/2205.15373,v2,https://arxiv.org/abs/2205.15373v2,ARXIV-NONEXCLUSIVE-DISTRIB-1.0,https://arxiv.org/licenses/nonexclusive-distrib/1.0/,https://arxiv.org/licenses/nonexclusive-distrib/1.0/,,,hold-manual-license-review,arxiv_abs_page,2026-08-09T05:47:01+00:00,not-started,,,,CompF | RPF | TF,CompF: Theoretical Calculations and Simulations | RPF: Weak Decays of b and c Quarks | TF: Lattice Gauge Theory,Manual source-license review is required before publishing a full translation.
arXiv:2103.08623,arxiv:2103.08623,A Lunar Farside Low Radio Frequency Array for Dark Ages 21-cm Cosmology,J. Burns et al.,https://arxiv.org/abs/2103.08623,v1,https://arxiv.org/abs/2103.08623v1,CC-BY-4.0,https://creativecommons.org/licenses/by/4.0/,https://creativecommons.org/licenses/by/4.0/,True,True,eligible-after-attribution-check,arxiv_abs_page,2026-08-09T05:47:02+00:00,not-started,,,,CF,CF: Dark Matter: Cosmic Probes,Adaptation is indicated by the source license; preserve attribution and all license conditions.
arXiv:2203.08033,arxiv:2203.08033,A Muon Collider Facility for Physics Discovery,D. Stratakis et al.,https://arxiv.org/abs/2203.08033,v1,https://arxiv.org/abs/2203.08033v1,CC-BY-4.0,https://creativecommons.org/licenses/by/4.0/,https://creativecommons.org/licenses/by/4.0/,True,True,eligible-after-attribution-check,arxiv_abs_page,2026-08-09T05:47:02+00:00,not-started,,,,AF | EF,AF: Multi-TeV Colliders | EF: General - centered on this frontier,Adaptation is indicated by the source license; preserve attribution and all license conditions.
arXiv:2203.08278,arxiv:2203.08278,A New Charged Lepton Flavor Violation Program at Fermilab,M. Aoki et al.,https://arxiv.org/abs/2203.08278,v1,https://arxiv.org/abs/2203.08278v1,CC-BY-4.0,https://creativecommons.org/licenses/by/4.0/,https://creativecommons.org/licenses/by/4.0/,True,True,eligible-after-attribution-check,arxiv_abs_page,2026-08-09T05:47:02+00:00,not-started,,,,RPF,RPF: Charged Lepton Flavor Violation,Adaptation is indicated by the source license; preserve attribution and all license conditions.
arXiv:2203.02309,arxiv:2203.02309,A Next-Generation Liquid Xenon Observatory for Dark Matter and Neutrino Physics,J. Aalbers et al.,https://arxiv.org/abs/2203.02309,v1,https://arxiv.org/abs/2203.02309v1,CC-BY-4.0,https://creativecommons.org/licenses/by/4.0/,https://creativecommons.org/licenses/by/4.0/,True,True,eligible-after-attribution-check,arxiv_abs_page,2026-08-09T05:47:08+00:00,not-started,,,,CF | IF | NF | RPF | UF,CF: Dark Matter: Particle-like | IF: Noble Element-Based Detectors | NF: Neutrinos from Natural Sources | RPF: Fundamental Physics in Small Experiments | UF: Underground Detectors,Adaptation is indicated by the source license; preserve attribution and all license conditions.
arXiv:2112.09548,arxiv:2112.09548,A Note on Blind Technique for New Physics Searches in Particle Physics,S. V. Chekanov et al.,https://arxiv.org/abs/2112.09548,v1,https://arxiv.org/abs/2112.09548v1,ARXIV-NONEXCLUSIVE-DISTRIB-1.0,https://arxiv.org/licenses/nonexclusive-distrib/1.0/,https://arxiv.org/licenses/nonexclusive-distrib/1.0/,,,hold-manual-license-review,arxiv_abs_page,2026-08-09T05:47:10+00:00,not-started,,,,EF,EF: Beyond the Standard Model - More General Explorations,Manual source-license review is required before publishing a full translation.
arXiv:2203.08210,arxiv:2203.08210,A Short Overview on Low Mass Scalars at Future Lepton Colliders,T. Robens.,https://arxiv.org/abs/2203.08210,v1,https://arxiv.org/abs/2203.08210v1,CC-BY-4.0,https://creativecommons.org/licenses/by/4.0/,https://creativecommons.org/licenses/by/4.0/,True,True,eligible-after-attribution-check,arxiv_abs_page,2026-08-09T05:47:03+00:00,not-started,,,,EF | TF,EF: Higgs Boson as a Portal to New Physics | TF: Collider Phenomenology,Adaptation is indicated by the source license; preserve attribution and all license conditions.
arXiv:2209.03585,arxiv:2209.03585,"A Spectroscopic Road Map for Cosmic Frontier: DESI, DESI-II, Stage-5",D. J. Schlegel et al.,https://arxiv.org/abs/2209.03585,v1,https://arxiv.org/abs/2209.03585v1,CC-BY-4.0,https://creativecommons.org/licenses/by/4.0/,https://creativecommons.org/licenses/by/4.0/,True,True,eligible-after-attribution-check,arxiv_abs_page,2026-08-09T05:47:05+00:00,not-started,,,,CF,CF: Dark Energy and Cosmic Acceleration: Complementarity of Probes and New Facilities,Adaptation is indicated by the source license; preserve attribution and all license conditions.
arXiv:2203.13985,arxiv:2203.13985,A Strategic Approach to Advance Magnet Technology for Next Generation Colliders,G. Ambrosio et al.,https://arxiv.org/abs/2203.13985,v1,https://arxiv.org/abs/2203.13985v1,CC-BY-4.0,https://creativecommons.org/licenses/by/4.0/,https://creativecommons.org/licenses/by/4.0/,True,True,eligible-after-attribution-check,arxiv_abs_page,2026-08-09T05:47:04+00:00,not-started,,,,AF,AF: Accelerator Technology - Magnets,Adaptation is indicated by the source license; preserve attribution and all license conditions.
arXiv:2203.08463,arxiv:2203.08463,A Strategy for Low-Mass Dark Matter Searches with Cryogenic Detectors in the SuperCDMS SNOLAB Facility,M. F. Albakry et al.,https://arxiv.org/abs/2203.08463,v3,https://arxiv.org/abs/2203.08463v3,CC-BY-NC-ND-4.0,https://creativecommons.org/licenses/by-nc-nd/4.0/,https://creativecommons.org/licenses/by-nc-nd/4.0/,False,False,hold-no-public-adaptation,arxiv_abs_page,2026-08-09T05:47:04+00:00,not-started,,,,CF | IF | NF | UF,CF: Dark Matter: Particle-like | IF: Quantum Sensors | NF: Neutrinos Beyond the Standard Model | UF: Underground Detectors,Manual source-license review is required before publishing a full translation.
arXiv:2203.07287,arxiv:2203.07287,A TPC-based Tracking System for a Future Belle II Upgrade,A. Löschke Centeno et al.,https://arxiv.org/abs/2203.07287,v1,https://arxiv.org/abs/2203.07287v1,CC-BY-4.0,https://creativecommons.org/licenses/by/4.0/,https://creativecommons.org/licenses/by/4.0/,True,True,eligible-after-attribution-check,arxiv_abs_page,2026-08-09T05:47:07+00:00,not-started,,,,IF,IF: Micro Pattern Gas Detectors,Adaptation is indicated by the source license; preserve attribution and all license conditions.
arXiv:2203.13998,arxiv:2203.13998,A Work Proposal for a Collaborative Study of Magnet Technology for a Future Muon Collider,L. Bottura et al.,https://arxiv.org/abs/2203.13998,v2,https://arxiv.org/abs/2203.13998v2,ARXIV-NONEXCLUSIVE-DISTRIB-1.0,https://arxiv.org/licenses/nonexclusive-distrib/1.0/,https://arxiv.org/licenses/nonexclusive-distrib/1.0/,,,hold-manual-license-review,arxiv_abs_page,2026-08-09T05:47:10+00:00,not-started,,,,AF,AF: Accelerator Technology - Magnets,Manual source-license review is required before publishing a full translation.
arXiv:2203.06816,arxiv:2203.06816,Accelerator and Beam Physics: Grand Challenges and Research Opportunities,S. Nagaitsev et al.,https://arxiv.org/abs/2203.06816,v1,https://arxiv.org/abs/2203.06816v1,CC-BY-4.0,https://creativecommons.org/licenses/by/4.0/,https://creativecommons.org/licenses/by/4.0/,True,True,eligible-after-attribution-check,arxiv_abs_page,2026-08-09T05:47:07+00:00,not-started,,,,AF,AF: Beam Physics and Accelerator Education,Adaptation is indicated by the source license; preserve attribution and all license conditions.
arXiv:2203.08335,arxiv:2203.08335,Accelerator Modeling Community White Paper,S. Biedron et al.,https://arxiv.org/abs/2203.08335,v4,https://arxiv.org/abs/2203.08335v4,CC-BY-4.0,https://creativecommons.org/licenses/by/4.0/,https://creativecommons.org/licenses/by/4.0/,True,True,eligible-after-attribution-check,arxiv_abs_page,2026-08-09T05:47:07+00:00,not-started,,,,AF | CompF,AF: General - centered on this frontier | CompF: Theoretical Calculations and Simulations,Adaptation is indicated by the source license; preserve attribution and all license conditions.
arXiv:2203.08748,arxiv:2203.08748,Accessibility in High Energy Physics: Lessons from the Snowmass Process,K. A. Assamagan et al.,https://arxiv.org/abs/2203.08748,v3,https://arxiv.org/abs/2203.08748v3,CC-BY-NC-SA-4.0,https://creativecommons.org/licenses/by-nc-sa/4.0/,https://creativecommons.org/licenses/by-nc-sa/4.0/,True,False,eligible-noncommercial-only-after-sharealike-check,arxiv_abs_page,2026-08-09T05:47:07+00:00,not-started,,,,CEF,"CEF: Diversity, Equity, and Inclusion",Adaptation is indicated by the source license; preserve attribution and all license conditions.
arXiv:2203.04391,arxiv:2203.04391,Adaptive Machine Learning for Time-Varying Systems: Towards 6D Phase Space Diagnostics of Short Intense Charged Particle Beams,"A. Scheinker, S. Gessner.",https://arxiv.org/abs/2203.04391,v2,https://arxiv.org/abs/2203.04391v2,ARXIV-NONEXCLUSIVE-DISTRIB-1.0,https://arxiv.org/licenses/nonexclusive-distrib/1.0/,https://arxiv.org/licenses/nonexclusive-distrib/1.0/,,,hold-manual-license-review,arxiv_abs_page,2026-08-09T05:47:06+00:00,not-started,,,,AF | CompF,AF: Beam Physics and Accelerator Education | CompF: Machine Learning,Manual source-license review is required before publishing a full translation.
arXiv:2212.09524,arxiv:2212.09524,Adding Stroboscopic Muon Information For Reduction of Systematic Uncertainties in DUNE,H. J. Frisch,https://arxiv.org/abs/2212.09524,v1,https://arxiv.org/abs/2212.09524v1,ARXIV-NONEXCLUSIVE-DISTRIB-1.0,https://arxiv.org/licenses/nonexclusive-distrib/1.0/,https://arxiv.org/licenses/nonexclusive-distrib/1.0/,,,hold-manual-license-review,arxiv_abs_page,2026-08-09T05:47:08+00:00,not-started,,,,IF | NF,IF: Cross-Cutting Issues and Systems Integration | NF: Neutrino Detectors,Manual source-license review is required before publishing a full translation.
arXiv:2203.08425,arxiv:2203.08425,Advanced Accelerator Linear Collider Demonstration Facility at Intermediate Energy,C. Benedetti et al.,https://arxiv.org/abs/2203.08425,v3,https://arxiv.org/abs/2203.08425v3,ARXIV-NONEXCLUSIVE-DISTRIB-1.0,https://arxiv.org/licenses/nonexclusive-distrib/1.0/,https://arxiv.org/licenses/nonexclusive-distrib/1.0/,,,hold-manual-license-review,arxiv_abs_page,2026-08-09T05:47:10+00:00,not-started,,,,AF,AF: Advanced Accelerator Concepts,Manual source-license review is required before publishing a full translation.
arXiv:2203.15984,arxiv:2203.15984,Advanced RF Sources R&D for Economical Future Colliders,B. Weatherford et al.,https://arxiv.org/abs/2203.15984,v1,https://arxiv.org/abs/2203.15984v1,CC-BY-4.0,https://creativecommons.org/licenses/by/4.0/,https://creativecommons.org/licenses/by/4.0/,True,True,eligible-after-attribution-check,arxiv_abs_page,2026-08-09T05:47:07+00:00,not-started,,,,AF,AF: Accelerator Technology - RF,Adaptation is indicated by the source license; preserve attribution and all license conditions.
arXiv:2203.08374,arxiv:2203.08374,Advanced RF Structures for Wakefield Acceleration and High-Gradient Research,X. Lu et al.,https://arxiv.org/abs/2203.08374,v3,https://arxiv.org/abs/2203.08374v3,CC-BY-4.0,https://creativecommons.org/licenses/by/4.0/,https://creativecommons.org/licenses/by/4.0/,True,True,eligible-after-attribution-check,arxiv_abs_page,2026-08-09T05:47:15+00:00,not-started,,,,AF,AF: Accelerator Technology - RF,Adaptation is indicated by the source license; preserve attribution and all license conditions.
arXiv:2203.08869,arxiv:2203.08869,Advancing Superconducting Magnet Diagnostics for Future Colliders,M. Marchevsky et al.,https://arxiv.org/abs/2203.08869,v1,https://arxiv.org/abs/2203.08869v1,CC-BY-4.0,https://creativecommons.org/licenses/by/4.0/,https://creativecommons.org/licenses/by/4.0/,True,True,eligible-after-attribution-check,arxiv_abs_page,2026-08-09T05:47:13+00:00,not-started,,,,AF,AF: Accelerator Technology - Magnets,Adaptation is indicated by the source license; preserve attribution and all license conditions.
arXiv:2203.10074,arxiv:2203.10074,Advancing the Landscape of Multimessenger Science in the Next Decade,K. Engel et al.,https://arxiv.org/abs/2203.10074,v1,https://arxiv.org/abs/2203.10074v1,ARXIV-NONEXCLUSIVE-DISTRIB-1.0,https://arxiv.org/licenses/nonexclusive-distrib/1.0/,https://arxiv.org/licenses/nonexclusive-distrib/1.0/,,,hold-manual-license-review,arxiv_abs_page,2026-08-09T05:51:58+00:00,not-started,,,,CF,CF: Cosmic Probes of Fundamental Physics,Manual source-license review is required before publishing a full translation.
arXiv:2203.05052,arxiv:2203.05052,An 8 GeV Linac as the Booster Replacement in the Fermilab Power Upgrade,S. Belomestnykh et al.,https://arxiv.org/abs/2203.05052,v3,https://arxiv.org/abs/2203.05052v3,CC-BY-SA-4.0,https://creativecommons.org/licenses/by-sa/4.0/,https://creativecommons.org/licenses/by-sa/4.0/,True,True,eligible-after-sharealike-check,arxiv_abs_page,2026-08-09T05:47:12+00:00,not-started,,,,AF | NF,AF: Accelerators for Neutrinos | NF: Artificial Neutrino Sources,Adaptation is indicated by the source license; preserve attribution and all license conditions.
arXiv:2203.09718,arxiv:2203.09718,An Impartial Perspective for Superconducting Nb3Sn coated Copper RF Cavities for Future Accelerators,E. Barzi et al.,https://arxiv.org/abs/2203.09718,v4,https://arxiv.org/abs/2203.09718v4,ARXIV-NONEXCLUSIVE-DISTRIB-1.0,https://arxiv.org/licenses/nonexclusive-distrib/1.0/,https://arxiv.org/licenses/nonexclusive-distrib/1.0/,,,hold-manual-license-review,arxiv_abs_page,2026-08-09T05:47:20+00:00,not-started,,,,AF | EF | RPF,AF: Accelerators for Electroweak and Higgs | EF: General - cross-listed | RPF: General - cross-listed,Manual source-license review is required before publishing a full translation.
arXiv:2106.02133,arxiv:2106.02133,An Upgrade Path for the Fermilab Accelerator Complex,R. Ainsworth et al.,https://arxiv.org/abs/2106.02133,v3,https://arxiv.org/abs/2106.02133v3,CC-BY-NC-SA-4.0,https://creativecommons.org/licenses/by-nc-sa/4.0/,https://creativecommons.org/licenses/by-nc-sa/4.0/,True,False,eligible-noncommercial-only-after-sharealike-check,arxiv_abs_page,2026-08-09T05:47:09+00:00,not-started,,,,AF | NF,AF: Accelerators for Neutrinos | NF: Artificial Neutrino Sources,Adaptation is indicated by the source license; preserve attribution and all license conditions.
arXiv:2203.08811,arxiv:2203.08811,Analysis Cyberinfrastructure: Challenges and Opportunities,K. Lannon et al.,https://arxiv.org/abs/2203.08811,v1,https://arxiv.org/abs/2203.08811v1,CC-BY-4.0,https://creativecommons.org/licenses/by/4.0/,https://creativecommons.org/licenses/by/4.0/,True,True,eligible-after-attribution-check,arxiv_abs_page,2026-08-09T05:47:11+00:00,not-started,,,,CompF,CompF: Storage and Processing Resource Access,Adaptation is indicated by the source license; preserve attribution and all license conditions.
arXiv:2203.09886,arxiv:2203.09886,Analysis Description Language: A DSL for HEP Analysis,H. B. Prosper et al.,https://arxiv.org/abs/2203.09886,v1,https://arxiv.org/abs/2203.09886v1,CC-BY-4.0,https://creativecommons.org/licenses/by/4.0/,https://creativecommons.org/licenses/by/4.0/,True,True,eligible-after-attribution-check,arxiv_abs_page,2026-08-09T05:47:17+00:00,not-started,,,,CompF,CompF: End User Analysis,Adaptation is indicated by the source license; preserve attribution and all license conditions.
arXiv:2203.08010,arxiv:2203.08010,Analysis Facilities for HL-LHC,D. Benjamin et al.,https://arxiv.org/abs/2203.08010,v2,https://arxiv.org/abs/2203.08010v2,ARXIV-NONEXCLUSIVE-DISTRIB-1.0,https://arxiv.org/licenses/nonexclusive-distrib/1.0/,https://arxiv.org/licenses/nonexclusive-distrib/1.0/,,,hold-manual-license-review,arxiv_abs_page,2026-08-09T05:47:12+00:00,not-started,,,,CompF,CompF: Storage and Processing Resource Access,Manual source-license review is required before publishing a full translation.
arXiv:2203.03700,arxiv:2203.03700,Angular Cuts to Reduce the tau taubar+jet Background to the Higgsino Signal at the LHC,H. Baer et al.,https://arxiv.org/abs/2203.03700,v1,https://arxiv.org/abs/2203.03700v1,CC-BY-4.0,https://creativecommons.org/licenses/by/4.0/,https://creativecommons.org/licenses/by/4.0/,True,True,eligible-after-attribution-check,arxiv_abs_page,2026-08-09T05:47:12+00:00,not-started,,,,EF,EF: Beyond the Standard Model - Model Specific Explorations,Adaptation is indicated by the source license; preserve attribution and all license conditions.
arXiv:2203.08135,arxiv:2203.08135,Anomalous Quartic Gauge Couplings at a Muon Collider,B. Abbott et al.,https://arxiv.org/abs/2203.08135,v3,https://arxiv.org/abs/2203.08135v3,CC-BY-4.0,https://creativecommons.org/licenses/by/4.0/,https://creativecommons.org/licenses/by/4.0/,True,True,eligible-after-attribution-check,arxiv_abs_page,2026-08-09T05:47:16+00:00,not-started,,,,EF,EF: Electroweak Precision Physics and Constraining New Physics,Adaptation is indicated by the source license; preserve attribution and all license conditions.
arXiv:2203.14706,arxiv:2203.14706,"Application-Driven Engagement with Universities, Synergies with other Funding Agencies","J. Hoff, S. Memik.",https://arxiv.org/abs/2203.14706,v1,https://arxiv.org/abs/2203.14706v1,CC-BY-4.0,https://creativecommons.org/licenses/by/4.0/,https://creativecommons.org/licenses/by/4.0/,True,True,eligible-after-attribution-check,arxiv_abs_page,2026-08-09T05:47:17+00:00,not-started,,,,CEF,CEF: Applications and Industry,Adaptation is indicated by the source license; preserve attribution and all license conditions.
arXiv:2202.05838,arxiv:2202.05838,Applications of Machine Learning to Lattice Quantum Field Theory,D. Boyda et al.,https://arxiv.org/abs/2202.05838,v1,https://arxiv.org/abs/2202.05838v1,ARXIV-NONEXCLUSIVE-DISTRIB-1.0,https://arxiv.org/licenses/nonexclusive-distrib/1.0/,https://arxiv.org/licenses/nonexclusive-distrib/1.0/,,,hold-manual-license-review,arxiv_abs_page,2026-08-09T05:47:13+00:00,not-started,,,,CompF | TF,CompF: Machine Learning | TF: Lattice Gauge Theory,Manual source-license review is required before publishing a full translation.
arXiv:2203.06380,arxiv:2203.06380,Astrophysical and Cosmological Probes of Dark Matter,K. K. Boddy et al.,https://arxiv.org/abs/2203.06380,v1,https://arxiv.org/abs/2203.06380v1,CC-BY-4.0,https://creativecommons.org/licenses/by/4.0/,https://creativecommons.org/licenses/by/4.0/,True,True,eligible-after-attribution-check,arxiv_abs_page,2026-08-09T05:47:15+00:00,not-started,,,,TF,TF: Astro-Particle Physics and Cosmology,Adaptation is indicated by the source license; preserve attribution and all license conditions.
arXiv:2203.09198,arxiv:2203.09198,"AWAKE, Plasma Wakefield Acceleration of Electron Bunches for Near and Long Term Particle Physics Applications",P. Muggli (AWAKE Collaboration),https://arxiv.org/abs/2203.09198,v2,https://arxiv.org/abs/2203.09198v2,CC-BY-4.0,https://creativecommons.org/licenses/by/4.0/,https://creativecommons.org/licenses/by/4.0/,True,True,eligible-after-attribution-check,arxiv_abs_page,2026-08-09T05:47:17+00:00,not-started,,,,AF,AF: Advanced Accelerator Concepts,Adaptation is indicated by the source license; preserve attribution and all license conditions.
arXiv:2203.14923,arxiv:2203.14923,Axion Dark Matter,J. Jaeckel et al.,https://arxiv.org/abs/2203.14923,v3,https://arxiv.org/abs/2203.14923v3,CC-BY-4.0,https://creativecommons.org/licenses/by/4.0/,https://creativecommons.org/licenses/by/4.0/,True,True,eligible-after-attribution-check,arxiv_abs_page,2026-08-09T05:47:14+00:00,not-started,,,,AF | CF | IF | RPF | TF,AF: Accelerators for Rare Processes and Physics Beyond Colliders | CF: Dark Matter: Wave-like | IF: Quantum Sensors | RPF: Fundamental Physics in Small Experiments | TF: Astro-Particle Physics and Cosmology,Adaptation is indicated by the source license; preserve attribution and all license conditions.
arXiv:2203.05484,arxiv:2203.05484,Axion-Like Particles at High Energy Muon Colliders,T. Han et al.,https://arxiv.org/abs/2203.05484,v1,https://arxiv.org/abs/2203.05484v1,CC-BY-4.0,https://creativecommons.org/licenses/by/4.0/,https://creativecommons.org/licenses/by/4.0/,True,True,eligible-after-attribution-check,arxiv_abs_page,2026-08-09T05:47:15+00:00,not-started,,,,AF | EF | TF,AF: Multi-TeV Colliders | EF: Beyond the Standard Model - More General Explorations | TF: Collider Phenomenology,Adaptation is indicated by the source license; preserve attribution and all license conditions.
arXiv:2203.02760,arxiv:2203.02760,Azimuthal Angular Correlation as a New Boosted Top Jet Substructure,"Z. Yu, C.-P. Yuan.",https://arxiv.org/abs/2203.02760,v2,https://arxiv.org/abs/2203.02760v2,ARXIV-NONEXCLUSIVE-DISTRIB-1.0,https://arxiv.org/licenses/nonexclusive-distrib/1.0/,https://arxiv.org/licenses/nonexclusive-distrib/1.0/,,,hold-manual-license-review,arxiv_abs_page,2026-08-09T05:47:20+00:00,not-started,,,,EF,EF: Heavy Flavor and Top Quark Physics,Manual source-license review is required before publishing a full translation.
arXiv:2209.03505,arxiv:2209.03505,Background Monte Carlo Samples for a Future Hadron Collider,R. Gardner et al.,https://arxiv.org/abs/2209.03505,v1,https://arxiv.org/abs/2209.03505v1,ARXIV-NONEXCLUSIVE-DISTRIB-1.0,https://arxiv.org/licenses/nonexclusive-distrib/1.0/,https://arxiv.org/licenses/nonexclusive-distrib/1.0/,,,hold-manual-license-review,arxiv_abs_page,2026-08-09T05:47:17+00:00,not-started,,,,EF,EF: General - centered on this frontier,Manual source-license review is required before publishing a full translation.
arXiv:2203.05731,arxiv:2203.05731,Beam background expectations for Belle II at SuperKEKB,A. Natochii et al.,https://arxiv.org/abs/2203.05731,v3,https://arxiv.org/abs/2203.05731v3,ARXIV-NONEXCLUSIVE-DISTRIB-1.0,https://arxiv.org/licenses/nonexclusive-distrib/1.0/,https://arxiv.org/licenses/nonexclusive-distrib/1.0/,,,hold-manual-license-review,arxiv_abs_page,2026-08-09T05:47:17+00:00,not-started,,,,AF,AF: Accelerators for Rare Processes and Physics Beyond Colliders,Manual source-license review is required before publishing a full translation.
arXiv:2203.11290,arxiv:2203.11290,Beam Test Facilities for R&D in Accelerator Science and Technologies,J. Power et al.,https://arxiv.org/abs/2203.11290,v1,https://arxiv.org/abs/2203.11290v1,CC-BY-4.0,https://creativecommons.org/licenses/by/4.0/,https://creativecommons.org/licenses/by/4.0/,True,True,eligible-after-attribution-check,arxiv_abs_page,2026-08-09T05:47:22+00:00,not-started,,,,AF,AF: General - centered on this frontier,Adaptation is indicated by the source license; preserve attribution and all license conditions.
arXiv:2203.10203,arxiv:2203.10203,Belle II Executive Summary,D. M. Asner et al.,https://arxiv.org/abs/2203.10203,v2,https://arxiv.org/abs/2203.10203v2,CC-BY-4.0,https://creativecommons.org/licenses/by/4.0/,https://creativecommons.org/licenses/by/4.0/,True,True,eligible-after-attribution-check,arxiv_abs_page,2026-08-09T05:52:03+00:00,not-started,,,,RPF,RPF: General - centered on this frontier,Adaptation is indicated by the source license; preserve attribution and all license conditions.
arXiv:2203.07564,arxiv:2203.07564,Belle II Grid-Based User Analysis,J. V. Bennett et al.,https://arxiv.org/abs/2203.07564,v1,https://arxiv.org/abs/2203.07564v1,CC-BY-4.0,https://creativecommons.org/licenses/by/4.0/,https://creativecommons.org/licenses/by/4.0/,True,True,eligible-after-attribution-check,arxiv_abs_page,2026-08-09T05:47:19+00:00,not-started,,,,CompF,CompF: End User Analysis,Adaptation is indicated by the source license; preserve attribution and all license conditions.
arXiv:2207.06307,arxiv:2207.06307,Belle II Physics Reach and Plans for the Next Decade and Beyond,L. Aggarwal et al. (Belle II Collaboration).,https://arxiv.org/abs/2207.06307,v2,https://arxiv.org/abs/2207.06307v2,CC-BY-NC-SA-4.0,https://creativecommons.org/licenses/by-nc-sa/4.0/,https://creativecommons.org/licenses/by-nc-sa/4.0/,True,False,eligible-noncommercial-only-after-sharealike-check,arxiv_abs_page,2026-08-09T05:47:21+00:00,not-started,,,,EF | RPF,EF: Electroweak Precision Physics and Constraining New Physics | RPF: General - centered on this frontier,Adaptation is indicated by the source license; preserve attribution and all license conditions.
arXiv:2203.10811,arxiv:2203.10811,Beyond the Standard Model Effects on Neutrino Flavor,C. A. Argüelles et al.,https://arxiv.org/abs/2203.10811,v2,https://arxiv.org/abs/2203.10811v2,ARXIV-NONEXCLUSIVE-DISTRIB-1.0,https://arxiv.org/licenses/nonexclusive-distrib/1.0/,https://arxiv.org/licenses/nonexclusive-distrib/1.0/,,,hold-manual-license-review,arxiv_abs_page,2026-08-09T05:47:18+00:00,not-started,,,,NF,NF: Neutrinos Beyond the Standard Model,Manual source-license review is required before publishing a full translation.
arXiv:2203.08973,arxiv:2203.08973,Big Industry Engagement to Benefit HEP: Microelectronics Support from Large CAD Companies,G. Carini et al.,https://arxiv.org/abs/2203.08973,v1,https://arxiv.org/abs/2203.08973v1,CC-BY-4.0,https://creativecommons.org/licenses/by/4.0/,https://creativecommons.org/licenses/by/4.0/,True,True,eligible-after-attribution-check,arxiv_abs_page,2026-08-09T05:47:20+00:00,not-started,,,,CEF,CEF: Applications and Industry,Adaptation is indicated by the source license; preserve attribution and all license conditions.
arXiv:2202.07163,arxiv:2202.07163,Bootstrapping String Theory,R. Gopakumar et al.,https://arxiv.org/abs/2202.07163,v1,https://arxiv.org/abs/2202.07163v1,CC-BY-4.0,https://creativecommons.org/licenses/by/4.0/,https://creativecommons.org/licenses/by/4.0/,True,True,eligible-after-attribution-check,arxiv_abs_page,2026-08-09T05:47:24+00:00,not-started,,,,TF,TF: Conformal Field Theory and Formal Quantum Field Theory,Adaptation is indicated by the source license; preserve attribution and all license conditions.
arXiv:2203.08809,arxiv:2203.08809,"Broadening the Scope of Education, Career and Open Science in HEP",S. Malik et al.,https://arxiv.org/abs/2203.08809,v1,https://arxiv.org/abs/2203.08809v1,CC-BY-4.0,https://creativecommons.org/licenses/by/4.0/,https://creativecommons.org/licenses/by/4.0/,True,True,eligible-after-attribution-check,arxiv_abs_page,2026-08-09T05:47:21+00:00,not-started,,,,CEF,CEF: Physics Education,Adaptation is indicated by the source license; preserve attribution and all license conditions.
arXiv:2203.08106,arxiv:2203.08106,Broader Impact of Cyclotron-based Neutrino Sources,J. Alonso. (IsoDAR Collaboration),https://arxiv.org/abs/2203.08106,v1,https://arxiv.org/abs/2203.08106v1,CC-BY-4.0,https://creativecommons.org/licenses/by/4.0/,https://creativecommons.org/licenses/by/4.0/,True,True,eligible-after-attribution-check,arxiv_abs_page,2026-08-09T05:47:29+00:00,not-started,,,,NF,NF: Neutrino Applications,Adaptation is indicated by the source license; preserve attribution and all license conditions.
arXiv:2205.11730,arxiv:2205.11730,BSM Higgs Production at a Muon Collider,T. Han et al.,https://arxiv.org/abs/2205.11730,v1,https://arxiv.org/abs/2205.11730v1,CC-BY-NC-ND-4.0,https://creativecommons.org/licenses/by-nc-nd/4.0/,https://creativecommons.org/licenses/by-nc-nd/4.0/,False,False,hold-no-public-adaptation,arxiv_abs_page,2026-08-09T05:47:23+00:00,not-started,,,,EF | TF,EF: Beyond the Standard Model - Model Specific Explorations | TF: Collider Phenomenology,Manual source-license review is required before publishing a full translation.
arXiv:2203.06131,arxiv:2203.06131,BSM Neutrino Physics: Complementarity across Energies,T. Han et al.,https://arxiv.org/abs/2203.06131,v1,https://arxiv.org/abs/2203.06131v1,CC-BY-4.0,https://creativecommons.org/licenses/by/4.0/,https://creativecommons.org/licenses/by/4.0/,True,True,eligible-after-attribution-check,arxiv_abs_page,2026-08-09T05:47:23+00:00,not-started,,,,EF | RPF | TF,EF: Beyond the Standard Model - Model Specific Explorations | RPF: Baryon and Lepton Number Violation | TF: Theory of Neutrino Physics,Adaptation is indicated by the source license; preserve attribution and all license conditions.
arXiv:2206.01849,arxiv:2206.01849,Building a Culture of Equitable Access and Success for Marginalized Members in Today's Particle Physics Community,K. A. Assamagan et al.,https://arxiv.org/abs/2206.01849,v2,https://arxiv.org/abs/2206.01849v2,CC-BY-NC-ND-4.0,https://creativecommons.org/licenses/by-nc-nd/4.0/,https://creativecommons.org/licenses/by-nc-nd/4.0/,False,False,hold-no-public-adaptation,arxiv_abs_page,2026-08-09T05:47:24+00:00,not-started,,,,CEF,"CEF: Diversity, Equity, and Inclusion",Manual source-license review is required before publishing a full translation.
arXiv:2110.15800,arxiv:2110.15800,C3: A 'Cool' Route to the Higgs Boson and Beyond,M. Bai et al.,https://arxiv.org/abs/2110.15800,v1,https://arxiv.org/abs/2110.15800v1,ARXIV-NONEXCLUSIVE-DISTRIB-1.0,https://arxiv.org/licenses/nonexclusive-distrib/1.0/,https://arxiv.org/licenses/nonexclusive-distrib/1.0/,,,hold-manual-license-review,arxiv_abs_page,2026-08-09T05:47:25+00:00,not-started,,,,AF | EF,AF: Accelerators for Electroweak and Higgs | EF: General - centered on this frontier,Manual source-license review is required before publishing a full translation.
arXiv:2203.09076,arxiv:2203.09076,C^3 Demonstration Research and Development Plan,E. A. Nanni et al.,https://arxiv.org/abs/2203.09076,v2,https://arxiv.org/abs/2203.09076v2,CC-BY-4.0,https://creativecommons.org/licenses/by/4.0/,https://creativecommons.org/licenses/by/4.0/,True,True,eligible-after-attribution-check,arxiv_abs_page,2026-08-09T05:47:25+00:00,not-started,,,,AF | CEF,AF: Accelerators for Electroweak and Higgs | CEF: Applications and Industry,Adaptation is indicated by the source license; preserve attribution and all license conditions.
arXiv:2203.07623,arxiv:2203.07623,Calibrations and Backgrounds for Dark Matter Direct Detection,D. Baxter et al.,https://arxiv.org/abs/2203.07623,v2,https://arxiv.org/abs/2203.07623v2,ARXIV-NONEXCLUSIVE-DISTRIB-1.0,https://arxiv.org/licenses/nonexclusive-distrib/1.0/,https://arxiv.org/licenses/nonexclusive-distrib/1.0/,,,hold-manual-license-review,arxiv_abs_page,2026-08-09T05:47:24+00:00,not-started,,,,CF,CF: Dark Matter: Particle-like,Manual source-license review is required before publishing a full translation.
arXiv:2203.09467,arxiv:2203.09467,Celeritas: GPU-Accelerated Particle Transport for Detector Simulation in High Energy Physics Experiments,S. C. Tognini et al.,https://arxiv.org/abs/2203.09467,v2,https://arxiv.org/abs/2203.09467v2,ARXIV-NONEXCLUSIVE-DISTRIB-1.0,https://arxiv.org/licenses/nonexclusive-distrib/1.0/,https://arxiv.org/licenses/nonexclusive-distrib/1.0/,,,hold-manual-license-review,arxiv_abs_page,2026-08-09T05:47:27+00:00,not-started,,,,CompF,CompF: Theoretical Calculations and Simulations,Manual source-license review is required before publishing a full translation.
arXiv:2111.11392,arxiv:2111.11392,Celestial Holography,"S. Pasterski, et al.",https://arxiv.org/abs/2111.11392,v1,https://arxiv.org/abs/2111.11392v1,ARXIV-NONEXCLUSIVE-DISTRIB-1.0,https://arxiv.org/licenses/nonexclusive-distrib/1.0/,https://arxiv.org/licenses/nonexclusive-distrib/1.0/,,,hold-manual-license-review,arxiv_abs_page,2026-08-09T05:47:29+00:00,not-started,,,,TF,TF: Conformal Field Theory and Formal Quantum Field Theory,Manual source-license review is required before publishing a full translation.
arXiv:2209.03281,arxiv:2209.03281,Center-of-Mass Energy Determination using e+e−→μ+μ-(γ) Events at Future e+e− Colliders,"B. Madison, G. W. Wilson.",https://arxiv.org/abs/2209.03281,v3,https://arxiv.org/abs/2209.03281v3,ARXIV-NONEXCLUSIVE-DISTRIB-1.0,https://arxiv.org/licenses/nonexclusive-distrib/1.0/,https://arxiv.org/licenses/nonexclusive-distrib/1.0/,,,hold-manual-license-review,arxiv_abs_page,2026-08-09T05:47:26+00:00,not-started,,,,AF | EF | IF,AF: General - cross-listed | EF: General - centered on this frontier | IF: General - cross-listed,Manual source-license review is required before publishing a full translation.
arXiv:2203.07358,arxiv:2203.07358,CERC - Circular e+e- Collider using Energy-Recovery Linac,V. N. Litvinenko et al.,https://arxiv.org/abs/2203.07358,v1,https://arxiv.org/abs/2203.07358v1,ARXIV-NONEXCLUSIVE-DISTRIB-1.0,https://arxiv.org/licenses/nonexclusive-distrib/1.0/,https://arxiv.org/licenses/nonexclusive-distrib/1.0/,,,hold-manual-license-review,arxiv_abs_page,2026-08-09T05:47:28+00:00,not-started,,,,AF | EF,AF: Accelerators for Electroweak and Higgs | EF: Higgs Boson Properties and Couplings,Manual source-license review is required before publishing a full translation.
arXiv:2203.08315,arxiv:2203.08315,Challenges and Opportunities of SRF Theory for Next Generation Particle Accelerators,A. Gurevich et al.,https://arxiv.org/abs/2203.08315,v1,https://arxiv.org/abs/2203.08315v1,ARXIV-NONEXCLUSIVE-DISTRIB-1.0,https://arxiv.org/licenses/nonexclusive-distrib/1.0/,https://arxiv.org/licenses/nonexclusive-distrib/1.0/,,,hold-manual-license-review,arxiv_abs_page,2026-08-09T05:47:29+00:00,not-started,,,,AF,AF: Accelerator Technology - RF,Manual source-license review is required before publishing a full translation.
arXiv:2208.12379,arxiv:2208.12379,Challenges and Opportunities to Assure Future Manufacturing of Magnet Conductors for the Accelerator Sector,L. Cooley et al.,https://arxiv.org/abs/2208.12379,v1,https://arxiv.org/abs/2208.12379v1,CC-BY-NC-ND-4.0,https://creativecommons.org/licenses/by-nc-nd/4.0/,https://creativecommons.org/licenses/by-nc-nd/4.0/,False,False,hold-no-public-adaptation,arxiv_abs_page,2026-08-09T05:47:26+00:00,not-started,,,,AF,AF: Accelerator Technology - Magnets,Manual source-license review is required before publishing a full translation.
arXiv:2004.13687,arxiv:2004.13687,Challenges in Monte Carlo Event Generator Software for High-Luminosity LHC,A. Valassi et al.,https://arxiv.org/abs/2004.13687,v4,https://arxiv.org/abs/2004.13687v4,CC-BY-4.0,https://creativecommons.org/licenses/by/4.0/,https://creativecommons.org/licenses/by/4.0/,True,True,eligible-after-attribution-check,arxiv_abs_page,2026-08-09T05:47:27+00:00,not-started,,,,CompF | TF,CompF: Theoretical Calculations and Simulations | TF: Collider Phenomenology,Adaptation is indicated by the source license; preserve attribution and all license conditions.
arXiv:2203.07459,arxiv:2203.07459,Channeling Acceleration in Crystals and Nanostructures and Studies of Solid Plasmas: New Opportunities,R. Ariniello et al.,https://arxiv.org/abs/2203.07459,v2,https://arxiv.org/abs/2203.07459v2,CC-BY-4.0,https://creativecommons.org/licenses/by/4.0/,https://creativecommons.org/licenses/by/4.0/,True,True,eligible-after-attribution-check,arxiv_abs_page,2026-08-09T05:47:30+00:00,not-started,,,,AF,AF: Advanced Accelerator Concepts,Adaptation is indicated by the source license; preserve attribution and all license conditions.
arXiv:2203.14919,arxiv:2203.14919,Charged Lepton Flavor Violation in the Tau Sector,S. Banerjee et al.,https://arxiv.org/abs/2203.14919,v2,https://arxiv.org/abs/2203.14919v2,CC-BY-4.0,https://creativecommons.org/licenses/by/4.0/,https://creativecommons.org/licenses/by/4.0/,True,True,eligible-after-attribution-check,arxiv_abs_page,2026-08-09T05:47:33+00:00,not-started,,,,RPF,RPF: Charged Lepton Flavor Violation,Adaptation is indicated by the source license; preserve attribution and all license conditions.
arXiv:2203.03211,arxiv:2203.03211,Charm Physics in the High-Luminosity Super Tau-Charm Factory,H.-Y. Cheng et al.,https://arxiv.org/abs/2203.03211,v3,https://arxiv.org/abs/2203.03211v3,CC-BY-4.0,https://creativecommons.org/licenses/by/4.0/,https://creativecommons.org/licenses/by/4.0/,True,True,eligible-after-attribution-check,arxiv_abs_page,2026-08-09T05:47:34+00:00,not-started,,,,RPF,RPF: Weak Decays of b and c Quarks,Adaptation is indicated by the source license; preserve attribution and all license conditions.
arXiv:1912.11871,arxiv:1912.11871,Circular and Linear e+e− Colliders: Another Story of Complementarity,"A. Blondel, P. Janot.",https://arxiv.org/abs/1912.11871,v2,https://arxiv.org/abs/1912.11871v2,ARXIV-NONEXCLUSIVE-DISTRIB-1.0,https://arxiv.org/licenses/nonexclusive-distrib/1.0/,https://arxiv.org/licenses/nonexclusive-distrib/1.0/,,,hold-manual-license-review,arxiv_abs_page,2026-08-09T05:47:35+00:00,not-started,,,,EF,EF: General - centered on this frontier,Manual source-license review is required before publishing a full translation.
arXiv:2203.09451,arxiv:2203.09451,Circular Electron Positron Collider (CEPC),CEPC Accelerator Study Group,https://arxiv.org/abs/2203.09451,v1,https://arxiv.org/abs/2203.09451v1,ARXIV-NONEXCLUSIVE-DISTRIB-1.0,https://arxiv.org/licenses/nonexclusive-distrib/1.0/,https://arxiv.org/licenses/nonexclusive-distrib/1.0/,,,hold-manual-license-review,arxiv_abs_page,2026-08-09T05:47:33+00:00,not-started,,,,AF | EF,AF: Accelerators for Electroweak and Higgs | EF: General - centered on this frontier,Manual source-license review is required before publishing a full translation.
arXiv:2203.12389,arxiv:2203.12389,Climate Impacts of Particle Physics,K. Bloom et al.,https://arxiv.org/abs/2203.12389,v2,https://arxiv.org/abs/2203.12389v2,CC-BY-4.0,https://creativecommons.org/licenses/by/4.0/,https://creativecommons.org/licenses/by/4.0/,True,True,eligible-after-attribution-check,arxiv_abs_page,2026-08-09T05:47:33+00:00,not-started,,,,CEF,CEF: Environmental and Societal Impacts,Adaptation is indicated by the source license; preserve attribution and all license conditions.
arXiv:2204.03713,arxiv:2204.03713,Climate of the Field: Snowmass 2021,E. V. Hansen et al.,https://arxiv.org/abs/2204.03713,v2,https://arxiv.org/abs/2204.03713v2,CC-BY-4.0,https://creativecommons.org/licenses/by/4.0/,https://creativecommons.org/licenses/by/4.0/,True,True,eligible-after-attribution-check,arxiv_abs_page,2026-08-09T05:47:33+00:00,not-started,,,,CEF,"CEF: Diversity, Equity, and Inclusion",Adaptation is indicated by the source license; preserve attribution and all license conditions.
arXiv:2203.05728,arxiv:2203.05728,CMB-HD White Paper,S. Aiola et al. (CMB-HD Collaboration).,https://arxiv.org/abs/2203.05728,v1,https://arxiv.org/abs/2203.05728v1,CC-BY-4.0,https://creativecommons.org/licenses/by/4.0/,https://creativecommons.org/licenses/by/4.0/,True,True,eligible-after-attribution-check,arxiv_abs_page,2026-08-09T05:47:33+00:00,not-started,,,,CF,CF: Dark Energy and Cosmic Acceleration: Cosmic Dawn and Before,Adaptation is indicated by the source license; preserve attribution and all license conditions.
arXiv:1906.10134,arxiv:1906.10134,"CMB-HD: An Ultra-Deep, High Resolution Millimeter Wave Survey over Half the Sky",N. Sehgal et al.,https://arxiv.org/abs/1906.10134,v2,https://arxiv.org/abs/1906.10134v2,ARXIV-NONEXCLUSIVE-DISTRIB-1.0,https://arxiv.org/licenses/nonexclusive-distrib/1.0/,https://arxiv.org/licenses/nonexclusive-distrib/1.0/,,,hold-manual-license-review,arxiv_abs_page,2026-08-09T05:47:36+00:00,not-started,,,,CF | NF,CF: General - centered on this frontier: | NF: Sterile Neutrinos,Manual source-license review is required before publishing a full translation.
arXiv:2203.08024,arxiv:2203.08024,CMB-S4 White Paper,K. Abazajian et al.,https://arxiv.org/abs/2203.08024,v1,https://arxiv.org/abs/2203.08024v1,CC-BY-4.0,https://creativecommons.org/licenses/by/4.0/,https://creativecommons.org/licenses/by/4.0/,True,True,eligible-after-attribution-check,arxiv_abs_page,2026-08-09T05:47:36+00:00,not-started,,,,CF | IF,CF: General - centered on this frontier: | IF: General - centered on this frontier,Adaptation is indicated by the source license; preserve attribution and all license conditions.
arXiv:2203.07361,arxiv:2203.07361,Coherent Elastic Neutrino-Nucleus Scattering: Terrestrial and Astrophysical Applications,M. Abdullah et al.,https://arxiv.org/abs/2203.07361,v1,https://arxiv.org/abs/2203.07361v1,ARXIV-NONEXCLUSIVE-DISTRIB-1.0,https://arxiv.org/licenses/nonexclusive-distrib/1.0/,https://arxiv.org/licenses/nonexclusive-distrib/1.0/,,,hold-manual-license-review,arxiv_abs_page,2026-08-09T05:47:34+00:00,not-started,,,,NF,NF: Neutrinos Beyond the Standard Model,Manual source-license review is required before publishing a full translation.
arXiv:2203.10161,arxiv:2203.10161,Collaborative Computing Support for Analysis Facilities Exploiting Software as Infrastructure Techniques,M. Acosta Flechas et al.,https://arxiv.org/abs/2203.10161,v2,https://arxiv.org/abs/2203.10161v2,CC-BY-4.0,https://creativecommons.org/licenses/by/4.0/,https://creativecommons.org/licenses/by/4.0/,True,True,eligible-after-attribution-check,arxiv_abs_page,2026-08-09T05:47:40+00:00,not-started,,,,CompF,CompF: Storage and Processing Resource Access,Adaptation is indicated by the source license; preserve attribution and all license conditions.
arXiv:2203.13305,arxiv:2203.13305,Collider Physics Opportunities of Extended Warped Extra-Dimensional Models,K. Agashe et al.,https://arxiv.org/abs/2203.13305,v1,https://arxiv.org/abs/2203.13305v1,CC0-1.0,https://creativecommons.org/publicdomain/zero/1.0/,https://creativecommons.org/publicdomain/zero/1.0/,True,True,eligible-after-attribution-check,arxiv_abs_page,2026-08-09T05:47:42+00:00,not-started,,,,EF | TF,EF: Beyond the Standard Model - More General Explorations | TF: Collider Phenomenology,Adaptation is indicated by the source license; preserve attribution and all license conditions.
arXiv:2203.03852,arxiv:2203.03852,Combined Signatures of Heavy Higgses and Vectorlike Fermions at the HL-LHC,R. Dermisek et al.,https://arxiv.org/abs/2203.03852,v1,https://arxiv.org/abs/2203.03852v1,ARXIV-NONEXCLUSIVE-DISTRIB-1.0,https://arxiv.org/licenses/nonexclusive-distrib/1.0/,https://arxiv.org/licenses/nonexclusive-distrib/1.0/,,,hold-manual-license-review,arxiv_abs_page,2026-08-09T05:47:34+00:00,not-started,,,,EF | TF,EF: Beyond the Standard Model - More General Explorations | TF: Collider Phenomenology,Manual source-license review is required before publishing a full translation.
arXiv:2207.06507,arxiv:2207.06507,Comments on Collinear Factorization,G. Sterman.,https://arxiv.org/abs/2207.06507,v1,https://arxiv.org/abs/2207.06507v1,CC-BY-4.0,https://creativecommons.org/licenses/by/4.0/,https://creativecommons.org/licenses/by/4.0/,True,True,eligible-after-attribution-check,arxiv_abs_page,2026-08-09T05:47:37+00:00,not-started,,,,TF,TF: Collider Phenomenology,Adaptation is indicated by the source license; preserve attribution and all license conditions.
arXiv:2203.08750,arxiv:2203.08750,Common Coil Dipole for High Field Magnet Design and R&D,R. Gupta et al.,https://arxiv.org/abs/2203.08750,v1,https://arxiv.org/abs/2203.08750v1,CC-BY-4.0,https://creativecommons.org/licenses/by/4.0/,https://creativecommons.org/licenses/by/4.0/,True,True,eligible-after-attribution-check,arxiv_abs_page,2026-08-09T05:47:41+00:00,not-started,,,,AF,AF: Accelerator Technology - Magnets,Adaptation is indicated by the source license; preserve attribution and all license conditions.
arXiv:2111.03096,arxiv:2111.03096,Comparison of SUSY Spectra Generators for Natural SUSY and String Landscape Predictions,H. Baer et al.,https://arxiv.org/abs/2111.03096,v3,https://arxiv.org/abs/2111.03096v3,CC-BY-4.0,https://creativecommons.org/licenses/by/4.0/,https://creativecommons.org/licenses/by/4.0/,True,True,eligible-after-attribution-check,arxiv_abs_page,2026-08-09T05:47:37+00:00,not-started,,,,EF,EF: Beyond the Standard Model - Model Specific Explorations,Adaptation is indicated by the source license; preserve attribution and all license conditions.
arXiv:2203.07455,arxiv:2203.07455,Complex Scalar Singlet Model Benchmarks for Snowmass,S. Adhikari et al.,https://arxiv.org/abs/2203.07455,v1,https://arxiv.org/abs/2203.07455v1,ARXIV-NONEXCLUSIVE-DISTRIB-1.0,https://arxiv.org/licenses/nonexclusive-distrib/1.0/,https://arxiv.org/licenses/nonexclusive-distrib/1.0/,,,hold-manual-license-review,arxiv_abs_page,2026-08-09T05:47:36+00:00,not-started,,,,EF | TF,EF: Higgs Boson Properties and Couplings | TF: Collider Phenomenology,Manual source-license review is required before publishing a full translation.
arXiv:2204.04200,arxiv:2204.04200,Computational Challenges for Multi-Loop Collider Phenomenology,F. Febres Cordero et al.,https://arxiv.org/abs/2204.04200,v1,https://arxiv.org/abs/2204.04200v1,ARXIV-NONEXCLUSIVE-DISTRIB-1.0,https://arxiv.org/licenses/nonexclusive-distrib/1.0/,https://arxiv.org/licenses/nonexclusive-distrib/1.0/,,,hold-manual-license-review,arxiv_abs_page,2026-08-09T05:47:43+00:00,not-started,,,,CompF | TF,CompF: Theoretical Calculations and Simulations | TF: Theory Techniques for Precision Physics,Manual source-license review is required before publishing a full translation.
arXiv:2204.01072,arxiv:2204.01072,Conductor Properties and Coil Technology for a Bi2212 Dipole Insert for 20 Tesla Hybrid Accelerator Magnets,E. Barzi.,https://arxiv.org/abs/2204.01072,v3,https://arxiv.org/abs/2204.01072v3,ARXIV-NONEXCLUSIVE-DISTRIB-1.0,https://arxiv.org/licenses/nonexclusive-distrib/1.0/,https://arxiv.org/licenses/nonexclusive-distrib/1.0/,,,hold-manual-license-review,arxiv_abs_page,2026-08-09T05:47:43+00:00,not-started,,,,AF,AF: Accelerator Technology - Magnets,Manual source-license review is required before publishing a full translation.
arXiv:2203.08275,arxiv:2203.08275,Continuous and Coordinated Efforts of Structure Wakefield Acceleration (SWFA) Development for an Energy Frontier Machine,C. Jing et al.,https://arxiv.org/abs/2203.08275,v1,https://arxiv.org/abs/2203.08275v1,CC-BY-4.0,https://creativecommons.org/licenses/by/4.0/,https://creativecommons.org/licenses/by/4.0/,True,True,eligible-after-attribution-check,arxiv_abs_page,2026-08-09T05:47:38+00:00,not-started,,,,AF,AF: Advanced Accelerator Concepts,Adaptation is indicated by the source license; preserve attribution and all license conditions.
arXiv:2203.06240,arxiv:2203.06240,Cosmic Frontier: Fundamental Physics and Beyond the Standard Model,E. Berti et al.,https://arxiv.org/abs/2203.06240,v2,https://arxiv.org/abs/2203.06240v2,ARXIV-NONEXCLUSIVE-DISTRIB-1.0,https://arxiv.org/licenses/nonexclusive-distrib/1.0/,https://arxiv.org/licenses/nonexclusive-distrib/1.0/,,,hold-manual-license-review,arxiv_abs_page,2026-08-09T05:47:40+00:00,not-started,,,,CF | TF,CF: Cosmic Probes of Fundamental Physics | TF: Astro-Particle Physics and Cosmology,Manual source-license review is required before publishing a full translation.
arXiv:2203.07638,arxiv:2203.07638,Cosmic Microwave Background Measurements White Paper,C. L. Chang et al.,https://arxiv.org/abs/2203.07638,v1,https://arxiv.org/abs/2203.07638v1,ARXIV-NONEXCLUSIVE-DISTRIB-1.0,https://arxiv.org/licenses/nonexclusive-distrib/1.0/,https://arxiv.org/licenses/nonexclusive-distrib/1.0/,,,hold-manual-license-review,arxiv_abs_page,2026-08-09T05:47:50+00:00,not-started,,,,CF | IF | TF,CF: Dark Energy and Cosmic Acceleration: Cosmic Dawn and Before | IF: Radio Detection | TF: Astro-Particle Physics and Cosmology,Manual source-license review is required before publishing a full translation.
arXiv:2207.02882,arxiv:2207.02882,Cosmogenic Dark Matter and Exotic Particle Searches in Neutrino Experiments,J. Berger et al.,https://arxiv.org/abs/2207.02882,v2,https://arxiv.org/abs/2207.02882v2,ARXIV-NONEXCLUSIVE-DISTRIB-1.0,https://arxiv.org/licenses/nonexclusive-distrib/1.0/,https://arxiv.org/licenses/nonexclusive-distrib/1.0/,,,hold-manual-license-review,arxiv_abs_page,2026-08-09T05:47:43+00:00,not-started,,,,NF,NF: Neutrinos Beyond the Standard Model,Manual source-license review is required before publishing a full translation.
arXiv:2203.07049,arxiv:2203.07049,Cosmological Simulations for Dark Matter Physics,A. Banerjee et al.,https://arxiv.org/abs/2203.07049,v2,https://arxiv.org/abs/2203.07049v2,ARXIV-NONEXCLUSIVE-DISTRIB-1.0,https://arxiv.org/licenses/nonexclusive-distrib/1.0/,https://arxiv.org/licenses/nonexclusive-distrib/1.0/,,,hold-manual-license-review,arxiv_abs_page,2026-08-09T05:47:44+00:00,not-started,,,,CF,CF: Dark Matter: Cosmic Probes,Manual source-license review is required before publishing a full translation.
arXiv:2203.07506,arxiv:2203.07506,Cosmology and Fundamental Physics from the Three-Dimensional Large Scale Structure,S. Ferraro et al.,https://arxiv.org/abs/2203.07506,v2,https://arxiv.org/abs/2203.07506v2,CC-BY-4.0,https://creativecommons.org/licenses/by/4.0/,https://creativecommons.org/licenses/by/4.0/,True,True,eligible-after-attribution-check,arxiv_abs_page,2026-08-09T05:47:42+00:00,not-started,,,,CF,CF: Dark Energy and Cosmic Acceleration: The Modern Universe,Adaptation is indicated by the source license; preserve attribution and all license conditions.
arXiv:2203.07629,arxiv:2203.07629,Cosmology at the Theory Frontier,R. Flauger et al.,https://arxiv.org/abs/2203.07629,v1,https://arxiv.org/abs/2203.07629v1,ARXIV-NONEXCLUSIVE-DISTRIB-1.0,https://arxiv.org/licenses/nonexclusive-distrib/1.0/,https://arxiv.org/licenses/nonexclusive-distrib/1.0/,,,hold-manual-license-review,arxiv_abs_page,2026-08-09T05:47:44+00:00,not-started,,,,TF,"TF: String Theory, Quantum Gravity, and Black Holes",Manual source-license review is required before publishing a full translation.
arXiv:2203.06142,arxiv:2203.06142,"Cosmology Intertwined: A Review of the Particle Physics, Astrophysics, and Cosmology Associated with the Cosmological Tensions and Anomalies",E. Abdalla et al.,https://arxiv.org/abs/2203.06142,v3,https://arxiv.org/abs/2203.06142v3,ARXIV-NONEXCLUSIVE-DISTRIB-1.0,https://arxiv.org/licenses/nonexclusive-distrib/1.0/,https://arxiv.org/licenses/nonexclusive-distrib/1.0/,,,hold-manual-license-review,arxiv_abs_page,2026-08-09T05:47:47+00:00,not-started,,,,CF,CF: Cosmic Probes of Fundamental Physics,Manual source-license review is required before publishing a full translation.
arXiv:2203.07258,arxiv:2203.07258,Cosmology with Millimeter-Wave Line Intensity Mapping,K. S. Karkare et al.,https://arxiv.org/abs/2203.07258,v1,https://arxiv.org/abs/2203.07258v1,CC-BY-4.0,https://creativecommons.org/licenses/by/4.0/,https://creativecommons.org/licenses/by/4.0/,True,True,eligible-after-attribution-check,arxiv_abs_page,2026-08-09T05:47:43+00:00,not-started,,,,CF,CF: Dark Energy and Cosmic Acceleration: Cosmic Dawn and Before,Adaptation is indicated by the source license; preserve attribution and all license conditions.
arXiv:2209.07429,arxiv:2209.07429,CP Violation in b and c Quark Decays,A. Dery et al.,https://arxiv.org/abs/2209.07429,v2,https://arxiv.org/abs/2209.07429v2,CC-BY-NC-SA-4.0,https://creativecommons.org/licenses/by-nc-sa/4.0/,https://creativecommons.org/licenses/by-nc-sa/4.0/,True,False,eligible-noncommercial-only-after-sharealike-check,arxiv_abs_page,2026-08-09T05:51:57+00:00,not-started,,,,RPF,RPF: Weak Decays of b and c Quarks,Adaptation is indicated by the source license; preserve attribution and all license conditions.
arXiv:2203.10431,arxiv:2203.10431,"Critical Problems of Energy Frontier Muon Colliders: Optics, Magnets, and Radiation",Yu. I. Alexahin et al.,https://arxiv.org/abs/2203.10431,v1,https://arxiv.org/abs/2203.10431v1,ARXIV-NONEXCLUSIVE-DISTRIB-1.0,https://arxiv.org/licenses/nonexclusive-distrib/1.0/,https://arxiv.org/licenses/nonexclusive-distrib/1.0/,,,hold-manual-license-review,arxiv_abs_page,2026-08-09T05:47:44+00:00,not-started,,,,AF,AF: Accelerator Technology - Magnets,Manual source-license review is required before publishing a full translation.
arXiv:2203.06146,arxiv:2203.06146,Cryogenic User Facilities for R&D on Noble Liquid Detectors and Low Temperature Devices,Y. Li et al.,https://arxiv.org/abs/2203.06146,v2,https://arxiv.org/abs/2203.06146v2,CC-BY-NC-ND-4.0,https://creativecommons.org/licenses/by-nc-nd/4.0/,https://creativecommons.org/licenses/by-nc-nd/4.0/,False,False,hold-no-public-adaptation,arxiv_abs_page,2026-08-09T05:47:47+00:00,not-started,,,,IF,IF: Cross-Cutting Issues and Systems Integration,Manual source-license review is required before publishing a full translation.
arXiv:2203.08192,arxiv:2203.08192,Current Status and Future Prospects for the Light Dark Matter eXperiment (LDMX),T. Åkesson et al.,https://arxiv.org/abs/2203.08192,v2,https://arxiv.org/abs/2203.08192v2,ARXIV-NONEXCLUSIVE-DISTRIB-1.0,https://arxiv.org/licenses/nonexclusive-distrib/1.0/,https://arxiv.org/licenses/nonexclusive-distrib/1.0/,,,hold-manual-license-review,arxiv_abs_page,2026-08-09T05:47:46+00:00,not-started,,,,RPF,RPF: Dark Sector Studies at High Intensities,Manual source-license review is required before publishing a full translation.
arXiv:2203.08084,arxiv:2203.08084,Dark Matter Direct Detection to the Neutrino Fog,D.S. Akerib et al.,https://arxiv.org/abs/2203.08084,v1,https://arxiv.org/abs/2203.08084v1,CC-BY-4.0,https://creativecommons.org/licenses/by/4.0/,https://creativecommons.org/licenses/by/4.0/,True,True,eligible-after-attribution-check,arxiv_abs_page,2026-08-09T05:47:52+00:00,not-started,,,,CF,CF: Dark Matter: Particle-like,Adaptation is indicated by the source license; preserve attribution and all license conditions.
arXiv:2203.07984,arxiv:2203.07984,Dark Matter In Extreme Astrophysical Environments,M. Baryakhtar et al.,https://arxiv.org/abs/2203.07984,v3,https://arxiv.org/abs/2203.07984v3,ARXIV-NONEXCLUSIVE-DISTRIB-1.0,https://arxiv.org/licenses/nonexclusive-distrib/1.0/,https://arxiv.org/licenses/nonexclusive-distrib/1.0/,,,hold-manual-license-review,arxiv_abs_page,2026-08-09T05:47:46+00:00,not-started,,,,CF | TF,CF: Dark Matter: Cosmic Probes | TF: Astro-Particle Physics and Cosmology,Manual source-license review is required before publishing a full translation.
arXiv:2203.07354,arxiv:2203.07354,Dark Matter Physics from Halo Measurements,K. Bechtol et al.,https://arxiv.org/abs/2203.07354,v2,https://arxiv.org/abs/2203.07354v2,ARXIV-NONEXCLUSIVE-DISTRIB-1.0,https://arxiv.org/licenses/nonexclusive-distrib/1.0/,https://arxiv.org/licenses/nonexclusive-distrib/1.0/,,,hold-manual-license-review,arxiv_abs_page,2026-08-09T05:47:50+00:00,not-started,,,,CF,CF: Dark Matter: Cosmic Probes,Manual source-license review is required before publishing a full translation.
arXiv:2203.07064,arxiv:2203.07064,Dark Matter Physics from the CMB-S4 Experiment,C. Dvorkin et al.,https://arxiv.org/abs/2203.07064,v1,https://arxiv.org/abs/2203.07064v1,ARXIV-NONEXCLUSIVE-DISTRIB-1.0,https://arxiv.org/licenses/nonexclusive-distrib/1.0/,https://arxiv.org/licenses/nonexclusive-distrib/1.0/,,,hold-manual-license-review,arxiv_abs_page,2026-08-09T05:47:49+00:00,not-started,,,,CF,CF: Dark Matter: Cosmic Probes,Manual source-license review is required before publishing a full translation.
arXiv:2207.06898,arxiv:2207.06898,Dark Sector Studies with Neutrino Beams,B. Batell et al.,https://arxiv.org/abs/2207.06898,v2,https://arxiv.org/abs/2207.06898v2,CC-BY-4.0,https://creativecommons.org/licenses/by/4.0/,https://creativecommons.org/licenses/by/4.0/,True,True,eligible-after-attribution-check,arxiv_abs_page,2026-08-09T05:47:49+00:00,not-started,,,,CF | NF | RPF | TF,CF: Dark Matter: Particle-like | NF: Neutrinos Beyond the Standard Model | RPF: Dark Sector Studies at High Intensities | TF: Theory of Neutrino Physics,Adaptation is indicated by the source license; preserve attribution and all license conditions.
arXiv:2203.08338,arxiv:2203.08338,Dark-matter And Neutrino Computation Explored (DANCE) Community Input to Snowmass,A. Roberts et al.,https://arxiv.org/abs/2203.08338,v1,https://arxiv.org/abs/2203.08338v1,CC-BY-4.0,https://creativecommons.org/licenses/by/4.0/,https://creativecommons.org/licenses/by/4.0/,True,True,eligible-after-attribution-check,arxiv_abs_page,2026-08-09T05:47:51+00:00,not-started,,,,CompF,CompF: General - centered on this frontier:,Adaptation is indicated by the source license; preserve attribution and all license conditions.
arXiv:2203.10057,arxiv:2203.10057,"Data and Analysis Preservation, Recasting, and Reinterpretation",S. Bailey et al.,https://arxiv.org/abs/2203.10057,v1,https://arxiv.org/abs/2203.10057v1,CC-BY-4.0,https://creativecommons.org/licenses/by/4.0/,https://creativecommons.org/licenses/by/4.0/,True,True,eligible-after-attribution-check,arxiv_abs_page,2026-08-09T05:47:49+00:00,not-started,,,,CompF | TF,CompF: Reinterpretation and Long-Term Preservation of Data and Code | TF: Collider Phenomenology,Adaptation is indicated by the source license; preserve attribution and all license conditions.
arXiv:2203.08113,arxiv:2203.08113,Data Preservation for Cosmology,M. Alvarez et al.,https://arxiv.org/abs/2203.08113,v1,https://arxiv.org/abs/2203.08113v1,ARXIV-NONEXCLUSIVE-DISTRIB-1.0,https://arxiv.org/licenses/nonexclusive-distrib/1.0/,https://arxiv.org/licenses/nonexclusive-distrib/1.0/,,,hold-manual-license-review,arxiv_abs_page,2026-08-09T05:47:50+00:00,not-started,,,,CF | CompF | TF,CF: General - cross-listed: | CompF: Reinterpretation and Long-Term Preservation of Data and Code | TF: Astro-Particle Physics and Cosmology,Manual source-license review is required before publishing a full translation.
arXiv:2207.09060,arxiv:2207.09060,Data Science and Machine Learning in Education,G. Benelli et al.,https://arxiv.org/abs/2207.09060,v1,https://arxiv.org/abs/2207.09060v1,CC-BY-4.0,https://creativecommons.org/licenses/by/4.0/,https://creativecommons.org/licenses/by/4.0/,True,True,eligible-after-attribution-check,arxiv_abs_page,2026-08-09T05:47:52+00:00,not-started,,,,CEF | CompF,CEF: Physics Education | CompF: Machine Learning,Adaptation is indicated by the source license; preserve attribution and all license conditions.
arXiv:2203.07885,arxiv:2203.07885,Data Storage for HEP Experiments in the Era of High-Performance Computing,A. Bashyal et al.,https://arxiv.org/abs/2203.07885,v1,https://arxiv.org/abs/2203.07885v1,CC-BY-4.0,https://creativecommons.org/licenses/by/4.0/,https://creativecommons.org/licenses/by/4.0/,True,True,eligible-after-attribution-check,arxiv_abs_page,2026-08-09T05:47:56+00:00,not-started,,,,CompF,CompF: Storage and Processing Resource Access,Adaptation is indicated by the source license; preserve attribution and all license conditions.
arXiv:2203.08280,arxiv:2203.08280,Data Transfer and Network Services Management for Domain Science Workflows,T. Lehman et al.,https://arxiv.org/abs/2203.08280,v2,https://arxiv.org/abs/2203.08280v2,CC-BY-NC-ND-4.0,https://creativecommons.org/licenses/by-nc-nd/4.0/,https://creativecommons.org/licenses/by-nc-nd/4.0/,False,False,hold-no-public-adaptation,arxiv_abs_page,2026-08-09T05:47:52+00:00,not-started,,,,CompF,CompF: Storage and Processing Resource Access,Manual source-license review is required before publishing a full translation.
arXiv:2203.07946,arxiv:2203.07946,Data-Driven Cosmology,M. A. Amin et al.,https://arxiv.org/abs/2203.07946,v1,https://arxiv.org/abs/2203.07946v1,ARXIV-NONEXCLUSIVE-DISTRIB-1.0,https://arxiv.org/licenses/nonexclusive-distrib/1.0/,https://arxiv.org/licenses/nonexclusive-distrib/1.0/,,,hold-manual-license-review,arxiv_abs_page,2026-08-09T05:47:53+00:00,not-started,,,,TF,TF: Astro-Particle Physics and Cosmology,Manual source-license review is required before publishing a full translation.
arXiv:2203.08969,arxiv:2203.08969,Deep learning applications for quality control in particle detector construction,N. Akchurin et al.,https://arxiv.org/abs/2203.08969,v1,https://arxiv.org/abs/2203.08969v1,ARXIV-NONEXCLUSIVE-DISTRIB-1.0,https://arxiv.org/licenses/nonexclusive-distrib/1.0/,https://arxiv.org/licenses/nonexclusive-distrib/1.0/,,,hold-manual-license-review,arxiv_abs_page,2026-08-09T05:47:56+00:00,not-started,,,,CompF,CompF: Machine Learning,Manual source-license review is required before publishing a full translation.
arXiv:2203.08064,arxiv:2203.08064,Dependence of the Top-Quark Mass Measured in Top-Quark Pair Production on the Parton Distribution Functions at the LHC and Future Colliders,J. Gombas et al.,https://arxiv.org/abs/2203.08064,v1,https://arxiv.org/abs/2203.08064v1,CC-BY-4.0,https://creativecommons.org/licenses/by/4.0/,https://creativecommons.org/licenses/by/4.0/,True,True,eligible-after-attribution-check,arxiv_abs_page,2026-08-09T05:47:54+00:00,not-started,,,,EF,EF: Heavy Flavor and Top Quark Physics,Adaptation is indicated by the source license; preserve attribution and all license conditions.
arXiv:2203.06843,arxiv:2203.06843,Deploying In-Network Caches in Support of Distributed Scientific Data Sharing,A. Sim et al.,https://arxiv.org/abs/2203.06843,v1,https://arxiv.org/abs/2203.06843v1,CC-BY-4.0,https://creativecommons.org/licenses/by/4.0/,https://creativecommons.org/licenses/by/4.0/,True,True,eligible-after-attribution-check,arxiv_abs_page,2026-08-09T05:47:56+00:00,not-started,,,,CompF,CompF: Storage and Processing Resource Access,Adaptation is indicated by the source license; preserve attribution and all license conditions.
arXiv:2203.08276,arxiv:2203.08276,Design Considerations for Fermilab Multi-MW Proton Facility in the DUNE/LBNF Era,J. Eldred et al.,https://arxiv.org/abs/2203.08276,v1,https://arxiv.org/abs/2203.08276v1,CC0-1.0,https://creativecommons.org/publicdomain/zero/1.0/,https://creativecommons.org/publicdomain/zero/1.0/,True,True,eligible-after-attribution-check,arxiv_abs_page,2026-08-09T05:47:58+00:00,not-started,,,,AF | NF | RPF,AF: Accelerators for Neutrinos | NF: Artificial Neutrino Sources | RPF: Charged Lepton Flavor Violation,Adaptation is indicated by the source license; preserve attribution and all license conditions.
arXiv:2203.07972,arxiv:2203.07972,Detection of Early-Universe Gravitational Wave Signatures and Fundamental Physics,R. Caldwell et al.,https://arxiv.org/abs/2203.07972,v2,https://arxiv.org/abs/2203.07972v2,CC-BY-NC-ND-4.0,https://creativecommons.org/licenses/by-nc-nd/4.0/,https://creativecommons.org/licenses/by-nc-nd/4.0/,False,False,hold-no-public-adaptation,arxiv_abs_page,2026-08-09T05:47:54+00:00,not-started,,,,CF | EF,CF: Cosmic Probes of Fundamental Physics | EF: Higgs Boson as a Portal to New Physics,Manual source-license review is required before publishing a full translation.
arXiv:2203.07614,arxiv:2203.07614,Detector and Beamline Simulation for Next-Generation High Energy Physics Experiments,S. Banerjee et al.,https://arxiv.org/abs/2203.07614,v3,https://arxiv.org/abs/2203.07614v3,ARXIV-NONEXCLUSIVE-DISTRIB-1.0,https://arxiv.org/licenses/nonexclusive-distrib/1.0/,https://arxiv.org/licenses/nonexclusive-distrib/1.0/,,,hold-manual-license-review,arxiv_abs_page,2026-08-09T05:47:56+00:00,not-started,,,,CF | CompF | EF | IF | NF | RPF,CF: General - cross-listed: | CompF: Theoretical Calculations and Simulations | EF: General - cross-listed | IF: General - centered on this frontier | NF: General - cross-listed | RPF: General - cross-listed,Manual source-license review is required before publishing a full translation.
arXiv:2203.07352,arxiv:2203.07352,"Development and Demonstration of Next Generation Technology for Nb_3Sn Accelerator Magnets with Lower Cost, Improved Performance Uniformity, and Higher Operating Point in the 12-14 T Range",G. Ambrosio et al.,https://arxiv.org/abs/2203.07352,v3,https://arxiv.org/abs/2203.07352v3,CC-BY-4.0,https://creativecommons.org/licenses/by/4.0/,https://creativecommons.org/licenses/by/4.0/,True,True,eligible-after-attribution-check,arxiv_abs_page,2026-08-09T05:47:55+00:00,not-started,,,,AF,AF: Accelerator Technology - Magnets,Adaptation is indicated by the source license; preserve attribution and all license conditions.
arXiv:2203.07144,arxiv:2203.07144,DIMUS: Super-Compact Dimuonium Spectroscopy Collider at Fermilab,P. J. Fox et al.,https://arxiv.org/abs/2203.07144,v1,https://arxiv.org/abs/2203.07144v1,CC0-1.0,https://creativecommons.org/publicdomain/zero/1.0/,https://creativecommons.org/publicdomain/zero/1.0/,True,True,eligible-after-attribution-check,arxiv_abs_page,2026-08-09T05:47:58+00:00,not-started,,,,AF | RPF | TF,AF: General - centered on this frontier | RPF: General - centered on this frontier | TF: General - cross-listed,Adaptation is indicated by the source license; preserve attribution and all license conditions.
arXiv:2203.06037,arxiv:2203.06037,Directional Detection of Dark Matter Using Solid-State Quantum Sensing,R. Ebadi et al.,https://arxiv.org/abs/2203.06037,v3,https://arxiv.org/abs/2203.06037v3,CC-BY-4.0,https://creativecommons.org/licenses/by/4.0/,https://creativecommons.org/licenses/by/4.0/,True,True,eligible-after-attribution-check,arxiv_abs_page,2026-08-09T05:47:59+00:00,not-started,,,,CF | IF,CF: Dark Matter: Particle-like | IF: Quantum Sensors,Adaptation is indicated by the source license; preserve attribution and all license conditions.
arXiv:2203.08127,arxiv:2203.08127,Directly Probing the CP-Structure of the Higgs-Top Yukawa at HL-LHC and Future Colliders,R. K. Barman et al.,https://arxiv.org/abs/2203.08127,v1,https://arxiv.org/abs/2203.08127v1,CC-BY-4.0,https://creativecommons.org/licenses/by/4.0/,https://creativecommons.org/licenses/by/4.0/,True,True,eligible-after-attribution-check,arxiv_abs_page,2026-08-09T05:48:02+00:00,not-started,,,,EF | TF,EF: Higgs Boson Properties and Couplings | TF: Collider Phenomenology,Adaptation is indicated by the source license; preserve attribution and all license conditions.
arXiv:2203.10998,arxiv:2203.10998,Discovering New Physics in Rare Kaon Decays,T. Blum et al.,https://arxiv.org/abs/2203.10998,v1,https://arxiv.org/abs/2203.10998v1,CC-BY-4.0,https://creativecommons.org/licenses/by/4.0/,https://creativecommons.org/licenses/by/4.0/,True,True,eligible-after-attribution-check,arxiv_abs_page,2026-08-09T05:48:07+00:00,not-started,,,,CompF | RPF | TF,CompF: Theoretical Calculations and Simulations | RPF: Weak Decays of Strange and Light Quarks | TF: Lattice Gauge Theory,Adaptation is indicated by the source license; preserve attribution and all license conditions.
arXiv:2203.06114,arxiv:2203.06114,Displaced Fat-Jets and Tracks to Probe Boosted Right-Handed Neutrinos in the U(1)_{B−L} Model,R. Padhan et al.,https://arxiv.org/abs/2203.06114,v1,https://arxiv.org/abs/2203.06114v1,CC-BY-NC-ND-4.0,https://creativecommons.org/licenses/by-nc-nd/4.0/,https://creativecommons.org/licenses/by-nc-nd/4.0/,False,False,hold-no-public-adaptation,arxiv_abs_page,2026-08-09T05:48:03+00:00,not-started,,,,EF | TF,EF: Beyond the Standard Model - More General Explorations | TF: Collider Phenomenology,Manual source-license review is required before publishing a full translation.
arXiv:2203.12035,arxiv:2203.12035,Displaying Dark Matter Constraints from Colliders with Varying Simplified Model Parameters,A. Albert et al.,https://arxiv.org/abs/2203.12035,v1,https://arxiv.org/abs/2203.12035v1,CC-BY-4.0,https://creativecommons.org/licenses/by/4.0/,https://creativecommons.org/licenses/by/4.0/,True,True,eligible-after-attribution-check,arxiv_abs_page,2026-08-09T05:47:58+00:00,not-started,,,,EF,EF: Beyond the Standard Model - Dark Matter at Colliders,Adaptation is indicated by the source license; preserve attribution and all license conditions.
arXiv:2203.04312,arxiv:2203.04312,Dual-Readout Calorimetry for Future Experiments Probing Fundamental Physics,I. Pezzotti et al.,https://arxiv.org/abs/2203.04312,v2,https://arxiv.org/abs/2203.04312v2,CC-BY-4.0,https://creativecommons.org/licenses/by/4.0/,https://creativecommons.org/licenses/by/4.0/,True,True,eligible-after-attribution-check,arxiv_abs_page,2026-08-09T05:47:57+00:00,not-started,,,,IF,IF: Calorimetry,Adaptation is indicated by the source license; preserve attribution and all license conditions.
arXiv:2203.06100,arxiv:2203.06100,DUNE Physics Summary,A. Abed Abud et al. (DUNE Collaboration),https://arxiv.org/abs/2203.06100,v1,https://arxiv.org/abs/2203.06100v1,ARXIV-NONEXCLUSIVE-DISTRIB-1.0,https://arxiv.org/licenses/nonexclusive-distrib/1.0/,https://arxiv.org/licenses/nonexclusive-distrib/1.0/,,,hold-manual-license-review,arxiv_abs_page,2026-08-09T05:48:03+00:00,not-started,,,,CF | NF | RPF,CF: Dark Matter: Particle-like | NF: General - centered on this frontier | RPF: Baryon and Lepton Number Violation,Manual source-license review is required before publishing a full translation.
arXiv:2203.06104,arxiv:2203.06104,DUNE Software and High Performance Computing,B. Fleming et al.,https://arxiv.org/abs/2203.06104,v1,https://arxiv.org/abs/2203.06104v1,CC-BY-4.0,https://creativecommons.org/licenses/by/4.0/,https://creativecommons.org/licenses/by/4.0/,True,True,eligible-after-attribution-check,arxiv_abs_page,2026-08-09T05:48:01+00:00,not-started,,,,CompF | NF,CompF: Experimental Algorithm Parallelization | NF: Neutrino Detectors,Adaptation is indicated by the source license; preserve attribution and all license conditions.
arXiv:2203.06680,arxiv:2203.06680,Early-Universe Model Building,P. Asadi et al.,https://arxiv.org/abs/2203.06680,v2,https://arxiv.org/abs/2203.06680v2,ARXIV-NONEXCLUSIVE-DISTRIB-1.0,https://arxiv.org/licenses/nonexclusive-distrib/1.0/,https://arxiv.org/licenses/nonexclusive-distrib/1.0/,,,hold-manual-license-review,arxiv_abs_page,2026-08-09T05:48:00+00:00,not-started,,,,CF | TF,CF: General - centered on this frontier: | TF: Astro-Particle Physics and Cosmology,Manual source-license review is required before publishing a full translation.
arXiv:2203.10110,arxiv:2203.10110,Effective Field Theories for Condensed Matter Systems,T. Brauner et al.,https://arxiv.org/abs/2203.10110,v1,https://arxiv.org/abs/2203.10110v1,ARXIV-NONEXCLUSIVE-DISTRIB-1.0,https://arxiv.org/licenses/nonexclusive-distrib/1.0/,https://arxiv.org/licenses/nonexclusive-distrib/1.0/,,,hold-manual-license-review,arxiv_abs_page,2026-08-09T05:48:00+00:00,not-started,,,,TF,TF: Effective Field Theory Techniques,Manual source-license review is required before publishing a full translation.
arXiv:2203.08232,arxiv:2203.08232,Effective Field Theories in Cosmology,G. Cabass et al.,https://arxiv.org/abs/2203.08232,v1,https://arxiv.org/abs/2203.08232v1,ARXIV-NONEXCLUSIVE-DISTRIB-1.0,https://arxiv.org/licenses/nonexclusive-distrib/1.0/,https://arxiv.org/licenses/nonexclusive-distrib/1.0/,,,hold-manual-license-review,arxiv_abs_page,2026-08-09T05:48:02+00:00,not-started,,,,TF,TF: Effective Field Theory Techniques,Manual source-license review is required before publishing a full translation.
arXiv:2206.14249,arxiv:2206.14249,Effective Field Theories of Gravity and Compact Binary Dynamics,W. D. Goldberger.,https://arxiv.org/abs/2206.14249,v1,https://arxiv.org/abs/2206.14249v1,ARXIV-NONEXCLUSIVE-DISTRIB-1.0,https://arxiv.org/licenses/nonexclusive-distrib/1.0/,https://arxiv.org/licenses/nonexclusive-distrib/1.0/,,,hold-manual-license-review,arxiv_abs_page,2026-08-09T05:48:03+00:00,not-started,,,,TF,TF: Effective Field Theory Techniques,Manual source-license review is required before publishing a full translation.
arXiv:2203.07336,arxiv:2203.07336,Effective Field Theory Matching and Applications,T. Cohen et al.,https://arxiv.org/abs/2203.07336,v1,https://arxiv.org/abs/2203.07336v1,ARXIV-NONEXCLUSIVE-DISTRIB-1.0,https://arxiv.org/licenses/nonexclusive-distrib/1.0/,https://arxiv.org/licenses/nonexclusive-distrib/1.0/,,,hold-manual-license-review,arxiv_abs_page,2026-08-09T05:48:03+00:00,not-started,,,,TF,TF: Effective Field Theory Techniques,Manual source-license review is required before publishing a full translation.
arXiv:2203.08103,arxiv:2203.08103,Electric Dipole Moments and the Search for New Physics,R. Alarcon et al.,https://arxiv.org/abs/2203.08103,v2,https://arxiv.org/abs/2203.08103v2,ARXIV-NONEXCLUSIVE-DISTRIB-1.0,https://arxiv.org/licenses/nonexclusive-distrib/1.0/,https://arxiv.org/licenses/nonexclusive-distrib/1.0/,,,hold-manual-license-review,arxiv_abs_page,2026-08-09T05:48:03+00:00,not-started,,,,RPF,RPF: Fundamental Physics in Small Experiments,Manual source-license review is required before publishing a full translation.
arXiv:2203.13199,arxiv:2203.13199,Electron Ion Collider for High Energy Physics,R. Abdul Khalek et al.,https://arxiv.org/abs/2203.13199,v2,https://arxiv.org/abs/2203.13199v2,ARXIV-NONEXCLUSIVE-DISTRIB-1.0,https://arxiv.org/licenses/nonexclusive-distrib/1.0/,https://arxiv.org/licenses/nonexclusive-distrib/1.0/,,,hold-manual-license-review,arxiv_abs_page,2026-08-09T05:48:06+00:00,not-started,,,,AF | EF | IF | TF,AF: General - centered on this frontier | EF: QCD and Strong Interactions - Heavy Ions | IF: General - cross-listed | TF: General - cross-listed,Manual source-license review is required before publishing a full translation.
arXiv:2203.06853,arxiv:2203.06853,Electron Scattering and Neutrino Physics,A. Ankowski et al.,https://arxiv.org/abs/2203.06853,v2,https://arxiv.org/abs/2203.06853v2,CC-BY-4.0,https://creativecommons.org/licenses/by/4.0/,https://creativecommons.org/licenses/by/4.0/,True,True,eligible-after-attribution-check,arxiv_abs_page,2026-08-09T05:48:03+00:00,not-started,,,,NF | TF,NF: Neutrino Interaction Cross Sections | TF: Theory of Neutrino Physics,Adaptation is indicated by the source license; preserve attribution and all license conditions.
arXiv:2207.08875,arxiv:2207.08875,Electron Sources for Accelerators,D. Filippetto et al.,https://arxiv.org/abs/2207.08875,v1,https://arxiv.org/abs/2207.08875v1,CC-BY-NC-ND-4.0,https://creativecommons.org/licenses/by-nc-nd/4.0/,https://creativecommons.org/licenses/by-nc-nd/4.0/,False,False,hold-no-public-adaptation,arxiv_abs_page,2026-08-09T05:48:09+00:00,not-started,,,,AF,AF: Accelerator Technology - Targets and Sources,Manual source-license review is required before publishing a full translation.
arXiv:2204.00149,arxiv:2204.00149,Electronics for Fast Timing,D. Braga et al.,https://arxiv.org/abs/2204.00149,v1,https://arxiv.org/abs/2204.00149v1,ARXIV-NONEXCLUSIVE-DISTRIB-1.0,https://arxiv.org/licenses/nonexclusive-distrib/1.0/,https://arxiv.org/licenses/nonexclusive-distrib/1.0/,,,hold-manual-license-review,arxiv_abs_page,2026-08-09T05:48:07+00:00,not-started,,,,IF,IF: Electronics and ASICs,Manual source-license review is required before publishing a full translation.
arXiv:2203.11129,arxiv:2203.11129,Electroweak Fragmentation at High Energies,T. Han et al.,https://arxiv.org/abs/2203.11129,v1,https://arxiv.org/abs/2203.11129v1,ARXIV-NONEXCLUSIVE-DISTRIB-1.0,https://arxiv.org/licenses/nonexclusive-distrib/1.0/,https://arxiv.org/licenses/nonexclusive-distrib/1.0/,,,hold-manual-license-review,arxiv_abs_page,2026-08-09T05:48:08+00:00,not-started,,,,EF | TF,EF: Electroweak Precision Physics and Constraining New Physics | TF: Collider Phenomenology,Manual source-license review is required before publishing a full translation.
arXiv:2209.01995,arxiv:2209.01995,Elementary Particle Non-Perturbative Mass Generation. A Step towards a Beyond-the-Standard-Model Model,G. Rossi.,https://arxiv.org/abs/2209.01995,v1,https://arxiv.org/abs/2209.01995v1,CC-BY-4.0,https://creativecommons.org/licenses/by/4.0/,https://creativecommons.org/licenses/by/4.0/,True,True,eligible-after-attribution-check,arxiv_abs_page,2026-08-09T05:52:02+00:00,not-started,,,,EF,EF: Beyond the Standard Model - More General Explorations,Adaptation is indicated by the source license; preserve attribution and all license conditions.
arXiv:2204.07285,arxiv:2204.07285,Enabling Capabilities for Infrastructure and Workforce in Electronics and ASICs,M. Artuso et al.,https://arxiv.org/abs/2204.07285,v1,https://arxiv.org/abs/2204.07285v1,CC0-1.0,https://creativecommons.org/publicdomain/zero/1.0/,https://creativecommons.org/publicdomain/zero/1.0/,True,True,eligible-after-attribution-check,arxiv_abs_page,2026-08-09T05:48:05+00:00,not-started,,,,IF,IF: Electronics and ASICs,Adaptation is indicated by the source license; preserve attribution and all license conditions.
arXiv:2204.01992,arxiv:2204.01992,Enabling Flagship Dark Energy Experiments to Reach their Full Potential,J. A. Blazek et al.,https://arxiv.org/abs/2204.01992,v1,https://arxiv.org/abs/2204.01992v1,CC-BY-4.0,https://creativecommons.org/licenses/by/4.0/,https://creativecommons.org/licenses/by/4.0/,True,True,eligible-after-attribution-check,arxiv_abs_page,2026-08-09T05:48:08+00:00,not-started,,,,CF,CF: Dark Energy and Cosmic Acceleration: The Modern Universe,Adaptation is indicated by the source license; preserve attribution and all license conditions.
arXiv:2203.06255,arxiv:2203.06255,Enabling U.S. Participation in Future Higgs Factories,K. Black et al.,https://arxiv.org/abs/2203.06255,v2,https://arxiv.org/abs/2203.06255v2,CC-BY-4.0,https://creativecommons.org/licenses/by/4.0/,https://creativecommons.org/licenses/by/4.0/,True,True,eligible-after-attribution-check,arxiv_abs_page,2026-08-09T05:48:12+00:00,not-started,,,,EF,EF: General - centered on this frontier,Adaptation is indicated by the source license; preserve attribution and all license conditions.
arXiv:2203.08319,arxiv:2203.08319,Enhanced NeUtrino BEams from kaon Tagging (ENUBET),A. Longhin et al. (ENUBET Collaboration),https://arxiv.org/abs/2203.08319,v1,https://arxiv.org/abs/2203.08319v1,CC-BY-4.0,https://creativecommons.org/licenses/by/4.0/,https://creativecommons.org/licenses/by/4.0/,True,True,eligible-after-attribution-check,arxiv_abs_page,2026-08-09T05:48:09+00:00,not-started,,,,AF | NF,AF: Accelerators for Neutrinos | NF: Artificial Neutrino Sources,Adaptation is indicated by the source license; preserve attribution and all license conditions.
arXiv:2203.11662,arxiv:2203.11662,Enhancing HEP Research in Predominantly Undergraduate Institutions and Community Colleges,M. Bellis et al.,https://arxiv.org/abs/2203.11662,v2,https://arxiv.org/abs/2203.11662v2,CC-BY-4.0,https://creativecommons.org/licenses/by/4.0/,https://creativecommons.org/licenses/by/4.0/,True,True,eligible-after-attribution-check,arxiv_abs_page,2026-08-09T05:48:12+00:00,not-started,,,,CEF,CEF: Career Pipeline and Development,Adaptation is indicated by the source license; preserve attribution and all license conditions.
arXiv:2203.15729,arxiv:2203.15729,"Evaluating the ILC SUSY Reach in the Most Challenging Scenario: Stau NLSP, Low ΔM , Lowest Cross Section",M. T. Núñez Pardo de Vera et al.,https://arxiv.org/abs/2203.15729,v2,https://arxiv.org/abs/2203.15729v2,CC-BY-4.0,https://creativecommons.org/licenses/by/4.0/,https://creativecommons.org/licenses/by/4.0/,True,True,eligible-after-attribution-check,arxiv_abs_page,2026-08-09T05:48:08+00:00,not-started,,,,EF,EF: Beyond the Standard Model - Model Specific Explorations,Adaptation is indicated by the source license; preserve attribution and all license conditions.
arXiv:2203.11110,arxiv:2203.11110,Event Generators for High-Energy Physics Experiments,J. M. Campbell et al.,https://arxiv.org/abs/2203.11110,v4,https://arxiv.org/abs/2203.11110v4,CC-BY-4.0,https://creativecommons.org/licenses/by/4.0/,https://creativecommons.org/licenses/by/4.0/,True,True,eligible-after-attribution-check,arxiv_abs_page,2026-08-09T05:48:11+00:00,not-started,,,,CF | CompF | EF | NF | TF,CF: General - cross-listed: | CompF: Theoretical Calculations and Simulations | EF: General - centered on this frontier | NF: General - cross-listed | TF: General - centered on this frontier,Adaptation is indicated by the source license; preserve attribution and all license conditions.
arXiv:2111.12119,arxiv:2111.12119,Event-Based Anomaly Detection for New Physics Searches at the LHC using Machine Learning,S. V. Chekanov et al.,https://arxiv.org/abs/2111.12119,v3,https://arxiv.org/abs/2111.12119v3,ARXIV-NONEXCLUSIVE-DISTRIB-1.0,https://arxiv.org/licenses/nonexclusive-distrib/1.0/,https://arxiv.org/licenses/nonexclusive-distrib/1.0/,,,hold-manual-license-review,arxiv_abs_page,2026-08-09T05:48:10+00:00,not-started,,,,CompF | EF,CompF: Machine Learning | EF: Beyond the Standard Model - More General Explorations,Manual source-license review is required before publishing a full translation.
arXiv:2111.12156,arxiv:2111.12156,Event-Level Variables for Semivisible Jets using Anomalous Jet Tagging,"H. Beauchesne, G. Grilli di Cortona.",https://arxiv.org/abs/2111.12156,v1,https://arxiv.org/abs/2111.12156v1,ARXIV-NONEXCLUSIVE-DISTRIB-1.0,https://arxiv.org/licenses/nonexclusive-distrib/1.0/,https://arxiv.org/licenses/nonexclusive-distrib/1.0/,,,hold-manual-license-review,arxiv_abs_page,2026-08-09T05:48:10+00:00,not-started,,,,EF | TF,EF: Beyond the Standard Model - Dark Matter at Colliders | TF: Collider Phenomenology,Manual source-license review is required before publishing a full translation.
arXiv:2203.14345,arxiv:2203.14345,Evolution of HEP Processing Frameworks,C. D. Jones et al.,https://arxiv.org/abs/2203.14345,v1,https://arxiv.org/abs/2203.14345v1,ARXIV-NONEXCLUSIVE-DISTRIB-1.0,https://arxiv.org/licenses/nonexclusive-distrib/1.0/,https://arxiv.org/licenses/nonexclusive-distrib/1.0/,,,hold-manual-license-review,arxiv_abs_page,2026-08-09T05:48:14+00:00,not-started,,,,CompF,CompF: General - centered on this frontier:,Manual source-license review is required before publishing a full translation.
arXiv:2205.12198,arxiv:2205.12198,Exotic Higgs Decays in the Type-II 2HDMs at Current and Future pp Colliders,F. Kling et al.,https://arxiv.org/abs/2205.12198,v1,https://arxiv.org/abs/2205.12198v1,ARXIV-NONEXCLUSIVE-DISTRIB-1.0,https://arxiv.org/licenses/nonexclusive-distrib/1.0/,https://arxiv.org/licenses/nonexclusive-distrib/1.0/,,,hold-manual-license-review,arxiv_abs_page,2026-08-09T05:48:14+00:00,not-started,,,,EF | TF,EF: Higgs Boson as a Portal to New Physics | TF: Collider Phenomenology,Manual source-license review is required before publishing a full translation.
arXiv:2203.08330,arxiv:2203.08330,Expected Sensitivity to Invisible Higgs Boson Decays at the ILC with the SiD Detector,C. Potter et al.,https://arxiv.org/abs/2203.08330,v2,https://arxiv.org/abs/2203.08330v2,ARXIV-NONEXCLUSIVE-DISTRIB-1.0,https://arxiv.org/licenses/nonexclusive-distrib/1.0/,https://arxiv.org/licenses/nonexclusive-distrib/1.0/,,,hold-manual-license-review,arxiv_abs_page,2026-08-09T05:48:13+00:00,not-started,,,,EF,EF: Higgs Boson Properties and Couplings,Manual source-license review is required before publishing a full translation.
arXiv:2203.07089,arxiv:2203.07089,"Experimental Searches for Muon to Electron Conversion in a Nucleus: COMET, DeeMe, and Mu2e",S. Middleton et al.,https://arxiv.org/abs/2203.07089,v1,https://arxiv.org/abs/2203.07089v1,CC-BY-4.0,https://creativecommons.org/licenses/by/4.0/,https://creativecommons.org/licenses/by/4.0/,True,True,eligible-after-attribution-check,arxiv_abs_page,2026-08-09T05:52:02+00:00,not-started,,,,RPF,RPF: Charged Lepton Flavor Violation,Adaptation is indicated by the source license; preserve attribution and all license conditions.
arXiv:2206.06632,arxiv:2206.06632,Explainable AI for High Energy Physics,M. S. Neubauer et al.,https://arxiv.org/abs/2206.06632,v1,https://arxiv.org/abs/2206.06632v1,CC-BY-4.0,https://creativecommons.org/licenses/by/4.0/,https://creativecommons.org/licenses/by/4.0/,True,True,eligible-after-attribution-check,arxiv_abs_page,2026-08-09T05:48:17+00:00,not-started,,,,CompF,CompF: Machine Learning,Adaptation is indicated by the source license; preserve attribution and all license conditions.
arXiv:2207.06905,arxiv:2207.06905,Exploring Dark Sector Portals with High Intensity Experiments,B. Batell et al.,https://arxiv.org/abs/2207.06905,v3,https://arxiv.org/abs/2207.06905v3,CC-BY-4.0,https://creativecommons.org/licenses/by/4.0/,https://creativecommons.org/licenses/by/4.0/,True,True,eligible-after-attribution-check,arxiv_abs_page,2026-08-09T05:48:14+00:00,not-started,,,,CF | RPF | TF,CF: Dark Matter: Particle-like | RPF: Dark Sector Studies at High Intensities | TF: Astro-Particle Physics and Cosmology,Adaptation is indicated by the source license; preserve attribution and all license conditions.
arXiv:2203.11665,arxiv:2203.11665,Facilitating Non-HEP Career Transition,S. Malik et al.,https://arxiv.org/abs/2203.11665,v2,https://arxiv.org/abs/2203.11665v2,CC-BY-4.0,https://creativecommons.org/licenses/by/4.0/,https://creativecommons.org/licenses/by/4.0/,True,True,eligible-after-attribution-check,arxiv_abs_page,2026-08-09T05:48:13+00:00,not-started,,,,CEF,CEF: Career Pipeline and Development,Adaptation is indicated by the source license; preserve attribution and all license conditions.
arXiv:2203.15062,arxiv:2203.15062,Fast (Optical) Links”,M. Newcomer et al.,https://arxiv.org/abs/2203.15062,v1,https://arxiv.org/abs/2203.15062v1,ARXIV-NONEXCLUSIVE-DISTRIB-1.0,https://arxiv.org/licenses/nonexclusive-distrib/1.0/,https://arxiv.org/licenses/nonexclusive-distrib/1.0/,,,hold-manual-license-review,arxiv_abs_page,2026-08-09T05:48:19+00:00,not-started,,,,IF,IF: Electronics and ASICs,Manual source-license review is required before publishing a full translation.
arXiv:2203.06253,arxiv:2203.06253,Fast Cycling HTS Based Superconducting Accelerator Magnets: Feasibility Study and Readiness Demonstration Program Driven by Neutrino Physics and Muon Collider Needs,H. Piekarz et al.,https://arxiv.org/abs/2203.06253,v1,https://arxiv.org/abs/2203.06253v1,CC-BY-4.0,https://creativecommons.org/licenses/by/4.0/,https://creativecommons.org/licenses/by/4.0/,True,True,eligible-after-attribution-check,arxiv_abs_page,2026-08-09T05:48:18+00:00,not-started,,,,AF,AF: Accelerator Technology - Magnets,Adaptation is indicated by the source license; preserve attribution and all license conditions.
arXiv:2203.08554,arxiv:2203.08554,Fast Timing With Silicon Carbide Low Gain Avalanche Detectors,P. Barletta et al.,https://arxiv.org/abs/2203.08554,v1,https://arxiv.org/abs/2203.08554v1,ARXIV-NONEXCLUSIVE-DISTRIB-1.0,https://arxiv.org/licenses/nonexclusive-distrib/1.0/,https://arxiv.org/licenses/nonexclusive-distrib/1.0/,,,hold-manual-license-review,arxiv_abs_page,2026-08-09T05:48:18+00:00,not-started,,,,IF,IF: Solid State Detectors and Tracking,Manual source-license review is required before publishing a full translation.
arXiv:1906.02693,arxiv:1906.02693,FCC-ee: Your Questions Answered,A. Blondel et al.,https://arxiv.org/abs/1906.02693,v1,https://arxiv.org/abs/1906.02693v1,ARXIV-NONEXCLUSIVE-DISTRIB-1.0,https://arxiv.org/licenses/nonexclusive-distrib/1.0/,https://arxiv.org/licenses/nonexclusive-distrib/1.0/,,,hold-manual-license-review,arxiv_abs_page,2026-08-09T05:48:16+00:00,not-started,,,,AF | EF | NF | RPF | TF,AF: Accelerators for Electroweak and Higgs | EF: General - centered on this frontier | NF: General - cross-listed | RPF: General - cross-listed | TF: General - cross-listed,Manual source-license review is required before publishing a full translation.
arXiv:2203.07551,arxiv:2203.07551,Fe-Based High Field Superconductors for Cost-Effective Future Accelerator Magnets,F. Kametani et al.,https://arxiv.org/abs/2203.07551,v3,https://arxiv.org/abs/2203.07551v3,CC-BY-4.0,https://creativecommons.org/licenses/by/4.0/,https://creativecommons.org/licenses/by/4.0/,True,True,eligible-after-attribution-check,arxiv_abs_page,2026-08-09T05:48:22+00:00,not-started,,,,AF,AF: Accelerator Technology - Magnets,Adaptation is indicated by the source license; preserve attribution and all license conditions.
arXiv:2204.00701,arxiv:2204.00701,Feedback and Control Systems for Future Linear Colliders,D. Filippetto et al.,https://arxiv.org/abs/2204.00701,v2,https://arxiv.org/abs/2204.00701v2,CC-BY-4.0,https://creativecommons.org/licenses/by/4.0/,https://creativecommons.org/licenses/by/4.0/,True,True,eligible-after-attribution-check,arxiv_abs_page,2026-08-09T05:48:17+00:00,not-started,,,,AF,AF: Accelerator Technology - RF,Adaptation is indicated by the source license; preserve attribution and all license conditions.
arXiv:2203.08309,arxiv:2203.08309,Fiber-Optic Diagnostic System for Future Accelerator Magnets,M. Baldini et al.,https://arxiv.org/abs/2203.08309,v1,https://arxiv.org/abs/2203.08309v1,CC-BY-4.0,https://creativecommons.org/licenses/by/4.0/,https://creativecommons.org/licenses/by/4.0/,True,True,eligible-after-attribution-check,arxiv_abs_page,2026-08-09T05:48:23+00:00,not-started,,,,AF,AF: Accelerator Technology - Magnets,Adaptation is indicated by the source license; preserve attribution and all license conditions.
arXiv:2203.07726,arxiv:2203.07726,Flavor Model Building,"W. Altmannshofer, J. Zupan",https://arxiv.org/abs/2203.07726,v5,https://arxiv.org/abs/2203.07726v5,ARXIV-NONEXCLUSIVE-DISTRIB-1.0,https://arxiv.org/licenses/nonexclusive-distrib/1.0/,https://arxiv.org/licenses/nonexclusive-distrib/1.0/,,,hold-manual-license-review,arxiv_abs_page,2026-08-09T05:48:18+00:00,not-started,,,,TF,TF: Beyond-Standard-Model Model Building,Manual source-license review is required before publishing a full translation.
arXiv:2203.07339,arxiv:2203.07339,FNAL PIP-II Accumulator Ring,W. Pellico et al.,https://arxiv.org/abs/2203.07339,v2,https://arxiv.org/abs/2203.07339v2,ARXIV-NONEXCLUSIVE-DISTRIB-1.0,https://arxiv.org/licenses/nonexclusive-distrib/1.0/,https://arxiv.org/licenses/nonexclusive-distrib/1.0/,,,hold-manual-license-review,arxiv_abs_page,2026-08-09T05:48:18+00:00,not-started,,,,AF,AF: Accelerators for Rare Processes and Physics Beyond Colliders,Manual source-license review is required before publishing a full translation.
arXiv:2203.08129,arxiv:2203.08129,"Forward Physics, BFKL, Saturation Physics and Diffraction",M. Hentschinski et al.,https://arxiv.org/abs/2203.08129,v3,https://arxiv.org/abs/2203.08129v3,ARXIV-NONEXCLUSIVE-DISTRIB-1.0,https://arxiv.org/licenses/nonexclusive-distrib/1.0/,https://arxiv.org/licenses/nonexclusive-distrib/1.0/,,,hold-manual-license-review,arxiv_abs_page,2026-08-09T05:48:25+00:00,not-started,,,,EF,EF: QCD and Strong Interactions - Hadronic Structure and Forward QCD Processes,Manual source-license review is required before publishing a full translation.
arXiv:2207.10618,arxiv:2207.10618,"Frontiers of Quantum Gravity: Shared Challenges, Converging Directions",J. de Boer et al.,https://arxiv.org/abs/2207.10618,v1,https://arxiv.org/abs/2207.10618v1,CC-BY-4.0,https://creativecommons.org/licenses/by/4.0/,https://creativecommons.org/licenses/by/4.0/,True,True,eligible-after-attribution-check,arxiv_abs_page,2026-08-09T05:48:19+00:00,not-started,,,,CF | TF,"CF: Cosmic Probes of Fundamental Physics | TF: String Theory, Quantum Gravity, and Black Holes",Adaptation is indicated by the source license; preserve attribution and all license conditions.
arXiv:2203.07088,arxiv:2203.07088,Functions Beyond Multiple Polylogarithms for Precision Collider Physics,J. L. Bourjaily et al.,https://arxiv.org/abs/2203.07088,v1,https://arxiv.org/abs/2203.07088v1,ARXIV-NONEXCLUSIVE-DISTRIB-1.0,https://arxiv.org/licenses/nonexclusive-distrib/1.0/,https://arxiv.org/licenses/nonexclusive-distrib/1.0/,,,hold-manual-license-review,arxiv_abs_page,2026-08-09T05:48:21+00:00,not-started,,,,TF,TF: Scattering Amplitudes,Manual source-license review is required before publishing a full translation.
arXiv:2203.07479,arxiv:2203.07479,Future Advances in Photon-Based Neutrino Detectors,J. R. Klein et al.,https://arxiv.org/abs/2203.07479,v1,https://arxiv.org/abs/2203.07479v1,CC-BY-NC-SA-4.0,https://creativecommons.org/licenses/by-nc-sa/4.0/,https://creativecommons.org/licenses/by-nc-sa/4.0/,True,False,eligible-noncommercial-only-after-sharealike-check,arxiv_abs_page,2026-08-09T05:48:20+00:00,not-started,,,,IF | NF,IF: Photon Detectors | NF: Neutrino Detectors,Adaptation is indicated by the source license; preserve attribution and all license conditions.
arXiv:2203.07804,arxiv:2203.07804,Future Circular Hadron Collider FCC-hh: Overview and Status,M. Benedikt et al.,https://arxiv.org/abs/2203.07804,v1,https://arxiv.org/abs/2203.07804v1,ARXIV-NONEXCLUSIVE-DISTRIB-1.0,https://arxiv.org/licenses/nonexclusive-distrib/1.0/,https://arxiv.org/licenses/nonexclusive-distrib/1.0/,,,hold-manual-license-review,arxiv_abs_page,2026-08-09T05:48:29+00:00,not-started,,,,AF,AF: Multi-TeV Colliders,Manual source-license review is required before publishing a full translation.
arXiv:2203.08310,arxiv:2203.08310,Future Circular Lepton Collider FCC-ee: Overview and Status,I. Agapov et al.,https://arxiv.org/abs/2203.08310,v1,https://arxiv.org/abs/2203.08310v1,CC-BY-4.0,https://creativecommons.org/licenses/by/4.0/,https://creativecommons.org/licenses/by/4.0/,True,True,eligible-after-attribution-check,arxiv_abs_page,2026-08-09T05:48:21+00:00,not-started,,,,AF,AF: Accelerators for Electroweak and Higgs,Adaptation is indicated by the source license; preserve attribution and all license conditions.
arXiv:2203.08088,arxiv:2203.08088,Future Collider Options for the US,P. C. Bhat,https://arxiv.org/abs/2203.08088,v1,https://arxiv.org/abs/2203.08088v1,ARXIV-NONEXCLUSIVE-DISTRIB-1.0,https://arxiv.org/licenses/nonexclusive-distrib/1.0/,https://arxiv.org/licenses/nonexclusive-distrib/1.0/,,,hold-manual-license-review,arxiv_abs_page,2026-08-09T05:48:22+00:00,not-started,,,,AF | EF | TF,AF: General - centered on this frontier | EF: General - centered on this frontier | TF: General - cross-listed,Manual source-license review is required before publishing a full translation.
arXiv:2203.08228,arxiv:2203.08228,Future Gravitational-Wave Detector Facilities,S. W. Ballmer et al.,https://arxiv.org/abs/2203.08228,v2,https://arxiv.org/abs/2203.08228v2,CC-BY-4.0,https://creativecommons.org/licenses/by/4.0/,https://creativecommons.org/licenses/by/4.0/,True,True,eligible-after-attribution-check,arxiv_abs_page,2026-08-09T05:48:23+00:00,not-started,,,,CF,CF: Cosmic Probes of Fundamental Physics,Adaptation is indicated by the source license; preserve attribution and all license conditions.
external:https://cds.cern.ch/record/2806113,external:https://cds.cern.ch/record/2806113,Future Physics Potential of LHCb,LHCb Collaboration.,https://cds.cern.ch/record/2806113,,,CC-BY-4.0,https://creativecommons.org/licenses/by/4.0/,https://www.slac.stanford.edu/econf/C210711/papers/CDS-2806113.pdf,True,True,eligible-after-attribution-check,official_pdf_first_page,2026-08-09T06:35:11+00:00,not-started,,,,IF | RPF,IF: General - cross-listed | RPF: General - centered on this frontier,PDF first page states: © 2022 CERN for the benefit of the LHCb collaboration. CC-BY-4.0 licence.
arXiv:2203.06799,arxiv:2203.06799,Future Prospects for Parton Showers,N. Darvishi et al.,https://arxiv.org/abs/2203.06799,v3,https://arxiv.org/abs/2203.06799v3,ARXIV-NONEXCLUSIVE-DISTRIB-1.0,https://arxiv.org/licenses/nonexclusive-distrib/1.0/,https://arxiv.org/licenses/nonexclusive-distrib/1.0/,,,hold-manual-license-review,arxiv_abs_page,2026-08-09T05:48:22+00:00,not-started,,,,TF,TF: Theory Techniques for Precision Physics,Manual source-license review is required before publishing a full translation.
arXiv:2107.06021,arxiv:2107.06021,Future searches for SUSY at the LHC post Fermilab (g−2)_μ,A. Aboubrahim et al.,https://arxiv.org/abs/2107.06021,v2,https://arxiv.org/abs/2107.06021v2,CC-BY-4.0,https://creativecommons.org/licenses/by/4.0/,https://creativecommons.org/licenses/by/4.0/,True,True,eligible-after-attribution-check,arxiv_abs_page,2026-08-09T05:48:26+00:00,not-started,,,,EF | TF,EF: Beyond the Standard Model - Model Specific Explorations | TF: Collider Phenomenology,Adaptation is indicated by the source license; preserve attribution and all license conditions.
arXiv:2205.09545,arxiv:2205.09545,Generalized Symmetries in Quantum Field Theory and Beyond,C. Cordova et al.,https://arxiv.org/abs/2205.09545,v1,https://arxiv.org/abs/2205.09545v1,ARXIV-NONEXCLUSIVE-DISTRIB-1.0,https://arxiv.org/licenses/nonexclusive-distrib/1.0/,https://arxiv.org/licenses/nonexclusive-distrib/1.0/,,,hold-manual-license-review,arxiv_abs_page,2026-08-09T05:48:31+00:00,not-started,,,,TF,TF: Conformal Field Theory and Formal Quantum Field Theory,Manual source-license review is required before publishing a full translation.
arXiv:2203.07883,arxiv:2203.07883,Global Fit of 2HDM with Future Collider Results,A. Beniwal et al.,https://arxiv.org/abs/2203.07883,v1,https://arxiv.org/abs/2203.07883v1,CC-BY-4.0,https://creativecommons.org/licenses/by/4.0/,https://creativecommons.org/licenses/by/4.0/,True,True,eligible-after-attribution-check,arxiv_abs_page,2026-08-09T05:48:25+00:00,not-started,,,,EF,EF: Beyond the Standard Model - Model Specific Explorations,Adaptation is indicated by the source license; preserve attribution and all license conditions.
arXiv:2206.08326,arxiv:2206.08326,Global SMEFT Fits at Future Colliders,J. de Blas et al.,https://arxiv.org/abs/2206.08326,v5,https://arxiv.org/abs/2206.08326v5,ARXIV-NONEXCLUSIVE-DISTRIB-1.0,https://arxiv.org/licenses/nonexclusive-distrib/1.0/,https://arxiv.org/licenses/nonexclusive-distrib/1.0/,,,hold-manual-license-review,arxiv_abs_page,2026-08-09T05:48:26+00:00,not-started,,,,EF,EF: Electroweak Precision Physics and Constraining New Physics,Manual source-license review is required before publishing a full translation.
arXiv:2203.01396,arxiv:2203.01396,Good Things to do with Extra Higgs Doublets,H. Davoudiasl et al.,https://arxiv.org/abs/2203.01396,v1,https://arxiv.org/abs/2203.01396v1,ARXIV-NONEXCLUSIVE-DISTRIB-1.0,https://arxiv.org/licenses/nonexclusive-distrib/1.0/,https://arxiv.org/licenses/nonexclusive-distrib/1.0/,,,hold-manual-license-review,arxiv_abs_page,2026-08-09T05:48:25+00:00,not-started,,,,EF,EF: Higgs Boson as a Portal to New Physics,Manual source-license review is required before publishing a full translation.
arXiv:2203.12852,arxiv:2203.12852,"Graph Neural Networks in Particle Physics: Implementations, Innovations, and Challenges",S. Thais et al.,https://arxiv.org/abs/2203.12852,v2,https://arxiv.org/abs/2203.12852v2,CC-BY-4.0,https://creativecommons.org/licenses/by/4.0/,https://creativecommons.org/licenses/by/4.0/,True,True,eligible-after-attribution-check,arxiv_abs_page,2026-08-09T05:48:26+00:00,not-started,,,,CompF,CompF: Machine Learning,Adaptation is indicated by the source license; preserve attribution and all license conditions.
arXiv:2204.05194,arxiv:2204.05194,Gravitational Waves and Scattering Amplitudes,A. Buonanno et al.,https://arxiv.org/abs/2204.05194,v1,https://arxiv.org/abs/2204.05194v1,CC-BY-4.0,https://creativecommons.org/licenses/by/4.0/,https://creativecommons.org/licenses/by/4.0/,True,True,eligible-after-attribution-check,arxiv_abs_page,2026-08-09T05:48:30+00:00,not-started,,,,CF | TF,CF: Cosmic Probes of Fundamental Physics | TF: Scattering Amplitudes,Adaptation is indicated by the source license; preserve attribution and all license conditions.
arXiv:2203.07141,arxiv:2203.07141,Hadron Spectroscopy at STCF,F. K. Guo et al.,https://arxiv.org/abs/2203.07141,v2,https://arxiv.org/abs/2203.07141v2,CC-BY-4.0,https://creativecommons.org/licenses/by/4.0/,https://creativecommons.org/licenses/by/4.0/,True,True,eligible-after-attribution-check,arxiv_abs_page,2026-08-09T05:48:31+00:00,not-started,,,,RPF,RPF: Hadron Spectroscopy,Adaptation is indicated by the source license; preserve attribution and all license conditions.
arXiv:2203.08290,arxiv:2203.08290,Hadron Spectroscopy in Photoproduction,M. Albaladejo et al.,https://arxiv.org/abs/2203.08290,v2,https://arxiv.org/abs/2203.08290v2,ARXIV-NONEXCLUSIVE-DISTRIB-1.0,https://arxiv.org/licenses/nonexclusive-distrib/1.0/,https://arxiv.org/licenses/nonexclusive-distrib/1.0/,,,hold-manual-license-review,arxiv_abs_page,2026-08-09T05:48:37+00:00,not-started,,,,RPF,RPF: Hadron Spectroscopy,Manual source-license review is required before publishing a full translation.
arXiv:2203.03230,arxiv:2203.03230,Hadron Spectroscopy with Lattice QCD,J. Bulava et al.,https://arxiv.org/abs/2203.03230,v2,https://arxiv.org/abs/2203.03230v2,CC-BY-4.0,https://creativecommons.org/licenses/by/4.0/,https://creativecommons.org/licenses/by/4.0/,True,True,eligible-after-attribution-check,arxiv_abs_page,2026-08-09T05:48:28+00:00,not-started,,,,RPF | TF,RPF: Hadron Spectroscopy | TF: Lattice Gauge Theory,Adaptation is indicated by the source license; preserve attribution and all license conditions.
arXiv:2201.11696,arxiv:2201.11696,Hamiltonian Truncation,A. L. Fitzpatrick et al.,https://arxiv.org/abs/2201.11696,v1,https://arxiv.org/abs/2201.11696v1,CC-BY-4.0,https://creativecommons.org/licenses/by/4.0/,https://creativecommons.org/licenses/by/4.0/,True,True,eligible-after-attribution-check,arxiv_abs_page,2026-08-09T05:48:28+00:00,not-started,,,,TF,TF: Conformal Field Theory and Formal Quantum Field Theory,Adaptation is indicated by the source license; preserve attribution and all license conditions.
arXiv:2203.06705,arxiv:2203.06705,Heavy Neutral Lepton Searches at the Electron-Ion Collider,B. Batell et al.,https://arxiv.org/abs/2203.06705,v3,https://arxiv.org/abs/2203.06705v3,ARXIV-NONEXCLUSIVE-DISTRIB-1.0,https://arxiv.org/licenses/nonexclusive-distrib/1.0/,https://arxiv.org/licenses/nonexclusive-distrib/1.0/,,,hold-manual-license-review,arxiv_abs_page,2026-08-09T05:48:29+00:00,not-started,,,,EF | NF | RPF,EF: QCD and Strong Interactions - Heavy Ions | NF: Sterile Neutrinos | RPF: Baryon and Lepton Number Violation,Manual source-license review is required before publishing a full translation.
arXiv:2202.06703,arxiv:2202.06703,Heavy Neutrinos at Future Linear e+e− Colliders,K. Mękała et al.,https://arxiv.org/abs/2202.06703,v2,https://arxiv.org/abs/2202.06703v2,CC-BY-NC-ND-4.0,https://creativecommons.org/licenses/by-nc-nd/4.0/,https://creativecommons.org/licenses/by-nc-nd/4.0/,False,False,hold-no-public-adaptation,arxiv_abs_page,2026-08-09T05:48:34+00:00,not-started,,,,EF | NF,EF: Beyond the Standard Model - Model Specific Explorations | NF: Neutrinos Beyond the Standard Model,Manual source-license review is required before publishing a full translation.
arXiv:2203.07237,arxiv:2203.07237,HEP Computing Collaborations for the Challenges of the Next Decade,S. Campana et al.,https://arxiv.org/abs/2203.07237,v1,https://arxiv.org/abs/2203.07237v1,ARXIV-NONEXCLUSIVE-DISTRIB-1.0,https://arxiv.org/licenses/nonexclusive-distrib/1.0/,https://arxiv.org/licenses/nonexclusive-distrib/1.0/,,,hold-manual-license-review,arxiv_abs_page,2026-08-09T05:48:35+00:00,not-started,,,,CompF,CompF: General - centered on this frontier:,Manual source-license review is required before publishing a full translation.
arXiv:2106.06494,arxiv:2106.06494,Hidden Sectors and a Multi-Temperature Universe,A. Aboubrahim et al.,https://arxiv.org/abs/2106.06494,v1,https://arxiv.org/abs/2106.06494v1,CC-BY-4.0,https://creativecommons.org/licenses/by/4.0/,https://creativecommons.org/licenses/by/4.0/,True,True,eligible-after-attribution-check,arxiv_abs_page,2026-08-09T05:48:31+00:00,not-started,,,,CF | TF,CF: Dark Matter: Particle-like | TF: Beyond-Standard-Model Model Building,Adaptation is indicated by the source license; preserve attribution and all license conditions.
arXiv:2202.08273,arxiv:2202.08273,Higgs Boson Decay to Charmonia via c-Quark Fragmentation,T. Han et al.,https://arxiv.org/abs/2202.08273,v2,https://arxiv.org/abs/2202.08273v2,ARXIV-NONEXCLUSIVE-DISTRIB-1.0,https://arxiv.org/licenses/nonexclusive-distrib/1.0/,https://arxiv.org/licenses/nonexclusive-distrib/1.0/,,,hold-manual-license-review,arxiv_abs_page,2026-08-09T05:48:34+00:00,not-started,,,,EF | TF,EF: Higgs Boson Properties and Couplings | TF: Collider Phenomenology,Manual source-license review is required before publishing a full translation.
arXiv:2203.09512,arxiv:2203.09512,Higgs Coupling Sensitivities and Model-Independent Bounds on the Scale of New Physics,F. Abu-Ajamieh et al.,https://arxiv.org/abs/2203.09512,v2,https://arxiv.org/abs/2203.09512v2,ARXIV-NONEXCLUSIVE-DISTRIB-1.0,https://arxiv.org/licenses/nonexclusive-distrib/1.0/,https://arxiv.org/licenses/nonexclusive-distrib/1.0/,,,hold-manual-license-review,arxiv_abs_page,2026-08-09T05:48:32+00:00,not-started,,,,EF,EF: Higgs Boson as a Portal to New Physics,Manual source-license review is required before publishing a full translation.
arXiv:2203.06164,arxiv:2203.06164,Higgs Factory Considerations,J. A. Bagger et al.,https://arxiv.org/abs/2203.06164,v2,https://arxiv.org/abs/2203.06164v2,CC-BY-4.0,https://creativecommons.org/licenses/by/4.0/,https://creativecommons.org/licenses/by/4.0/,True,True,eligible-after-attribution-check,arxiv_abs_page,2026-08-09T05:48:32+00:00,not-started,,,,AF | EF,AF: General - centered on this frontier | EF: General - centered on this frontier,Adaptation is indicated by the source license; preserve attribution and all license conditions.
arXiv:2107.01252,arxiv:2107.01252,Higgs Portal Vector Dark Matter Interpretation: Review of Effective Field Theory Approach and Ultraviolet Complete Models,M. Zaazoua et al.,https://arxiv.org/abs/2107.01252,v6,https://arxiv.org/abs/2107.01252v6,ARXIV-NONEXCLUSIVE-DISTRIB-1.0,https://arxiv.org/licenses/nonexclusive-distrib/1.0/,https://arxiv.org/licenses/nonexclusive-distrib/1.0/,,,hold-manual-license-review,arxiv_abs_page,2026-08-09T05:48:37+00:00,not-started,,,,CF | EF,CF: Dark Matter: Particle-like | EF: Beyond the Standard Model - Dark Matter at Colliders,Manual source-license review is required before publishing a full translation.
arXiv:2203.08042,arxiv:2203.08042,Higgs Self Couplings Measurements at Future Proton-Proton Colliders,A. Taliercio et al.,https://arxiv.org/abs/2203.08042,v2,https://arxiv.org/abs/2203.08042v2,ARXIV-NONEXCLUSIVE-DISTRIB-1.0,https://arxiv.org/licenses/nonexclusive-distrib/1.0/,https://arxiv.org/licenses/nonexclusive-distrib/1.0/,,,hold-manual-license-review,arxiv_abs_page,2026-08-09T05:48:37+00:00,not-started,,,,EF,EF: Higgs Boson Properties and Couplings,Manual source-license review is required before publishing a full translation.
arXiv:2203.08211,arxiv:2203.08211,Higgs-Energy LEptoN (HELEN) Collider Based on Advanced Superconducting Radio Frequency Technology,S. Belomestnykh et al.,https://arxiv.org/abs/2203.08211,v1,https://arxiv.org/abs/2203.08211v1,CC-BY-4.0,https://creativecommons.org/licenses/by/4.0/,https://creativecommons.org/licenses/by/4.0/,True,True,eligible-after-attribution-check,arxiv_abs_page,2026-08-09T05:48:34+00:00,not-started,,,,AF | EF,AF: Accelerators for Electroweak and Higgs | EF: General - centered on this frontier,Adaptation is indicated by the source license; preserve attribution and all license conditions.
arXiv:2204.10774,arxiv:2204.10774,High Average Power Ultrafast Laser Technologies for Driving Future Advanced Accelerators,L. Kiani et al.,https://arxiv.org/abs/2204.10774,v2,https://arxiv.org/abs/2204.10774v2,CC-BY-NC-ND-4.0,https://creativecommons.org/licenses/by-nc-nd/4.0/,https://creativecommons.org/licenses/by-nc-nd/4.0/,False,False,hold-no-public-adaptation,arxiv_abs_page,2026-08-09T05:48:38+00:00,not-started,,,,AF,AF: Advanced Accelerator Concepts,Manual source-license review is required before publishing a full translation.
arXiv:2203.07291,arxiv:2203.07291,High Density Galaxy Clustering in the Regime of Cosmic Acceleration,K. Dawson et al.,https://arxiv.org/abs/2203.07291,v1,https://arxiv.org/abs/2203.07291v1,CC-BY-4.0,https://creativecommons.org/licenses/by/4.0/,https://creativecommons.org/licenses/by/4.0/,True,True,eligible-after-attribution-check,arxiv_abs_page,2026-08-09T05:48:39+00:00,not-started,,,,CF,CF: Dark Energy and Cosmic Acceleration: The Modern Universe,Adaptation is indicated by the source license; preserve attribution and all license conditions.
arXiv:2203.12043,arxiv:2203.12043,"High Efficiency, Low Cost, RF Sources for Accelerators and Colliders",R. L. Ives et al.,https://arxiv.org/abs/2203.12043,v1,https://arxiv.org/abs/2203.12043v1,CC-BY-NC-ND-4.0,https://creativecommons.org/licenses/by-nc-nd/4.0/,https://creativecommons.org/licenses/by-nc-nd/4.0/,False,False,hold-no-public-adaptation,arxiv_abs_page,2026-08-09T05:48:44+00:00,not-started,,,,AF,AF: Accelerator Technology - RF,Manual source-license review is required before publishing a full translation.
arXiv:2203.08353,arxiv:2203.08353,High Energy & High Luminosity γγ Colliders,E. Barzi et al.,https://arxiv.org/abs/2203.08353,v3,https://arxiv.org/abs/2203.08353v3,ARXIV-NONEXCLUSIVE-DISTRIB-1.0,https://arxiv.org/licenses/nonexclusive-distrib/1.0/,https://arxiv.org/licenses/nonexclusive-distrib/1.0/,,,hold-manual-license-review,arxiv_abs_page,2026-08-09T05:48:38+00:00,not-started,,,,AF | CF | EF | NF | RPF | TF,AF: Accelerators for Electroweak and Higgs | CF: General - cross-listed: | EF: General - centered on this frontier | NF: General - cross-listed | RPF: General - cross-listed | TF: General - cross-listed,Manual source-license review is required before publishing a full translation.
arXiv:2203.07214,arxiv:2203.07214,High Energy Physics Opportunities Using Reactor Antineutrinos,O. A. Akindele et al.,https://arxiv.org/abs/2203.07214,v1,https://arxiv.org/abs/2203.07214v1,ARXIV-NONEXCLUSIVE-DISTRIB-1.0,https://arxiv.org/licenses/nonexclusive-distrib/1.0/,https://arxiv.org/licenses/nonexclusive-distrib/1.0/,,,hold-manual-license-review,arxiv_abs_page,2026-08-09T05:48:38+00:00,not-started,,,,NF,NF: Artificial Neutrino Sources,Manual source-license review is required before publishing a full translation.
arXiv:2203.08054,arxiv:2203.08054,High Field Magnet Development for HEP in Europe: A Proposal from LDG HFM Expert Panel,P. Védrine et al.,https://arxiv.org/abs/2203.08054,v1,https://arxiv.org/abs/2203.08054v1,CC-BY-NC-ND-4.0,https://creativecommons.org/licenses/by-nc-nd/4.0/,https://creativecommons.org/licenses/by-nc-nd/4.0/,False,False,hold-no-public-adaptation,arxiv_abs_page,2026-08-09T05:48:38+00:00,not-started,,,,AF,AF: Accelerator Technology - Magnets,Manual source-license review is required before publishing a full translation.
arXiv:2203.09425,arxiv:2203.09425,High Precision Higgs from High Energy Muon Colliders,M. Forslund et al.,https://arxiv.org/abs/2203.09425,v2,https://arxiv.org/abs/2203.09425v2,ARXIV-NONEXCLUSIVE-DISTRIB-1.0,https://arxiv.org/licenses/nonexclusive-distrib/1.0/,https://arxiv.org/licenses/nonexclusive-distrib/1.0/,,,hold-manual-license-review,arxiv_abs_page,2026-08-09T05:48:39+00:00,not-started,,,,EF,EF: Higgs Boson Properties and Couplings,Manual source-license review is required before publishing a full translation.
arXiv:2207.11055,arxiv:2207.11055,High Precision in CKM Unitarity Tests in b and c Decays,"A. Lenz, S. Monteil.",https://arxiv.org/abs/2207.11055,v1,https://arxiv.org/abs/2207.11055v1,CC-BY-4.0,https://creativecommons.org/licenses/by/4.0/,https://creativecommons.org/licenses/by/4.0/,True,True,eligible-after-attribution-check,arxiv_abs_page,2026-08-09T05:48:43+00:00,not-started,,,,RPF,RPF: Weak Decays of b and c Quarks,Adaptation is indicated by the source license; preserve attribution and all license conditions.
arXiv:2203.09942,arxiv:2203.09942,High Rate and High Precision Timing and Calorimeter Detectors,D. R. Winn et al.,https://arxiv.org/abs/2203.09942,v1,https://arxiv.org/abs/2203.09942v1,ARXIV-NONEXCLUSIVE-DISTRIB-1.0,https://arxiv.org/licenses/nonexclusive-distrib/1.0/,https://arxiv.org/licenses/nonexclusive-distrib/1.0/,,,hold-manual-license-review,arxiv_abs_page,2026-08-09T05:48:40+00:00,not-started,,,,IF,IF: Cross-Cutting Issues and Systems Integration,Manual source-license review is required before publishing a full translation.
arXiv:2203.10564,arxiv:2203.10564,High Temperature Superconducting Bi-2212 Magnets for Energy Frontier Circular Colliders,T. Shen et al.,https://arxiv.org/abs/2203.10564,v2,https://arxiv.org/abs/2203.10564v2,CC-BY-4.0,https://creativecommons.org/licenses/by/4.0/,https://creativecommons.org/licenses/by/4.0/,True,True,eligible-after-attribution-check,arxiv_abs_page,2026-08-09T05:48:39+00:00,not-started,,,,AF,AF: Accelerator Technology - Magnets,Adaptation is indicated by the source license; preserve attribution and all license conditions.
arXiv:2203.08096,arxiv:2203.08096,High-Energy and Ultra-High-Energy Neutrinos,M. Ackermann et al.,https://arxiv.org/abs/2203.08096,v2,https://arxiv.org/abs/2203.08096v2,CC-BY-4.0,https://creativecommons.org/licenses/by/4.0/,https://creativecommons.org/licenses/by/4.0/,True,True,eligible-after-attribution-check,arxiv_abs_page,2026-08-09T05:48:40+00:00,not-started,,,,CF | IF | NF | TF,CF: Cosmic Probes of Fundamental Physics | IF: Radio Detection | NF: Neutrinos from Natural Sources | TF: Astro-Particle Physics and Cosmology,Adaptation is indicated by the source license; preserve attribution and all license conditions.
arXiv:2203.06262,arxiv:2203.06262,High-Pressure TPCs in Pressurized Caverns: Opportunities in Dark Matter and Neutrino Physics,B. Monreal.,https://arxiv.org/abs/2203.06262,v1,https://arxiv.org/abs/2203.06262v1,ARXIV-NONEXCLUSIVE-DISTRIB-1.0,https://arxiv.org/licenses/nonexclusive-distrib/1.0/,https://arxiv.org/licenses/nonexclusive-distrib/1.0/,,,hold-manual-license-review,arxiv_abs_page,2026-08-09T05:52:07+00:00,not-started,,,,CF | IF | NF | UF,CF: Dark Matter: Particle-like | IF: Noble Element-Based Detectors | NF: Neutrino Detectors | UF: Underground Detectors,Manual source-license review is required before publishing a full translation.
arXiv:2205.01567,arxiv:2205.01567,Higher Spin Gravity and Higher Spin Symmetry,X. Bekaert et al.,https://arxiv.org/abs/2205.01567,v2,https://arxiv.org/abs/2205.01567v2,CC-BY-4.0,https://creativecommons.org/licenses/by/4.0/,https://creativecommons.org/licenses/by/4.0/,True,True,eligible-after-attribution-check,arxiv_abs_page,2026-08-09T05:48:52+00:00,not-started,,,,TF,TF: Scattering Amplitudes,Adaptation is indicated by the source license; preserve attribution and all license conditions.
arXiv:2203.03698,arxiv:2203.03698,Higher-Order Corrections for t tbar Production at High Energies,N. Kidonakis.,https://arxiv.org/abs/2203.03698,v1,https://arxiv.org/abs/2203.03698v1,ARXIV-NONEXCLUSIVE-DISTRIB-1.0,https://arxiv.org/licenses/nonexclusive-distrib/1.0/,https://arxiv.org/licenses/nonexclusive-distrib/1.0/,,,hold-manual-license-review,arxiv_abs_page,2026-08-09T05:48:47+00:00,not-started,,,,EF,EF: Heavy Flavor and Top Quark Physics,Manual source-license review is required before publishing a full translation.
arXiv:2202.02194,arxiv:2202.02194,"HL-LHC Computing Review Stage 2, Common Software Projects: Data Science Tools for Analysis",J. Pivarski et al.,https://arxiv.org/abs/2202.02194,v1,https://arxiv.org/abs/2202.02194v1,CC-BY-4.0,https://creativecommons.org/licenses/by/4.0/,https://creativecommons.org/licenses/by/4.0/,True,True,eligible-after-attribution-check,arxiv_abs_page,2026-08-09T05:48:41+00:00,not-started,,,,CompF,CompF: End User Analysis,Adaptation is indicated by the source license; preserve attribution and all license conditions.
arXiv:2109.14938,arxiv:2109.14938,"HL-LHC Computing Review Stage-2, Common Software Projects: Event Generators",E. Yazgan et al. (HSF Physics Event Generator Working Group),https://arxiv.org/abs/2109.14938,v1,https://arxiv.org/abs/2109.14938v1,CC-BY-4.0,https://creativecommons.org/licenses/by/4.0/,https://creativecommons.org/licenses/by/4.0/,True,True,eligible-after-attribution-check,arxiv_abs_page,2026-08-09T05:48:43+00:00,not-started,,,,CompF | TF,CompF: Theoretical Calculations and Simulations | TF: Collider Phenomenology,Adaptation is indicated by the source license; preserve attribution and all license conditions.
arXiv:2008.13636,arxiv:2008.13636,HL-LHC Computing Review: Common Tools and Community Software,T. Aarrestad et al.,https://arxiv.org/abs/2008.13636,v1,https://arxiv.org/abs/2008.13636v1,CC-BY-4.0,https://creativecommons.org/licenses/by/4.0/,https://creativecommons.org/licenses/by/4.0/,True,True,eligible-after-attribution-check,arxiv_abs_page,2026-08-09T05:48:43+00:00,not-started,,,,CompF,CompF: General - centered on this frontier:,Adaptation is indicated by the source license; preserve attribution and all license conditions.
arXiv:2209.06755,arxiv:2209.06755,How Community Agreements Can Improve Workplace Culture in Physics,E. Barzi et al.,https://arxiv.org/abs/2209.06755,v2,https://arxiv.org/abs/2209.06755v2,ARXIV-NONEXCLUSIVE-DISTRIB-1.0,https://arxiv.org/licenses/nonexclusive-distrib/1.0/,https://arxiv.org/licenses/nonexclusive-distrib/1.0/,,,hold-manual-license-review,arxiv_abs_page,2026-08-09T05:48:47+00:00,not-started,,,,AF | CEF | CF | CompF | EF | IF | NF | RPF | TF | UF,AF: Beam Physics and Accelerator Education | CEF: General - centered on this frontier | CF: General - cross-listed: | CompF: General - cross-listed: | EF: General - cross-listed | IF: General - cross-listed | NF: General - cross-listed | RPF: General - cross-listed | TF: General - cross-listed | UF: General - cross-listed:,Manual source-license review is required before publishing a full translation.
arXiv:2203.11523,arxiv:2203.11523,"How to Read the Snowmass White Papers on Power Dynamics in Physics, Informal Socialization in Physics Training, and Policing and Gatekeeping in STEM",A. K. Hodari et al.,https://arxiv.org/abs/2203.11523,v2,https://arxiv.org/abs/2203.11523v2,CC-BY-NC-ND-4.0,https://creativecommons.org/licenses/by-nc-nd/4.0/,https://creativecommons.org/licenses/by-nc-nd/4.0/,False,False,hold-no-public-adaptation,arxiv_abs_page,2026-08-09T05:48:45+00:00,not-started,,,,CEF,"CEF: Diversity, Equity, and Inclusion",Manual source-license review is required before publishing a full translation.
arXiv:2203.08132,arxiv:2203.08132,Hybrid Conformal REBCO Dipole for a Next Hadron Collider,P. M. McIntyre.,https://arxiv.org/abs/2203.08132,v1,https://arxiv.org/abs/2203.08132v1,CC-BY-4.0,https://creativecommons.org/licenses/by/4.0/,https://creativecommons.org/licenses/by/4.0/,True,True,eligible-after-attribution-check,arxiv_abs_page,2026-08-09T05:48:49+00:00,not-started,,,,AF | EF,AF: Multi-TeV Colliders | EF: General - cross-listed,Adaptation is indicated by the source license; preserve attribution and all license conditions.
arXiv:2203.02029,arxiv:2203.02029,Hyper-Kamiokande Experiment,J. Bian et al. (Hyper-Kamiokande Collaboration),https://arxiv.org/abs/2203.02029,v2,https://arxiv.org/abs/2203.02029v2,ARXIV-NONEXCLUSIVE-DISTRIB-1.0,https://arxiv.org/licenses/nonexclusive-distrib/1.0/,https://arxiv.org/licenses/nonexclusive-distrib/1.0/,,,hold-manual-license-review,arxiv_abs_page,2026-08-09T05:48:53+00:00,not-started,,,,NF,NF: Neutrino Oscillations,Manual source-license review is required before publishing a full translation.
arXiv:2204.07944,arxiv:2204.07944,Impact of Lattice s(x)−sbar(x) Data in the CTEQ-TEA Global Analysis,T.-J. Hou et al.,https://arxiv.org/abs/2204.07944,v1,https://arxiv.org/abs/2204.07944v1,ARXIV-NONEXCLUSIVE-DISTRIB-1.0,https://arxiv.org/licenses/nonexclusive-distrib/1.0/,https://arxiv.org/licenses/nonexclusive-distrib/1.0/,,,hold-manual-license-review,arxiv_abs_page,2026-08-09T05:48:47+00:00,not-started,,,,CompF | EF | TF,CompF: Theoretical Calculations and Simulations | EF: QCD and Strong Interactions - Hadronic Structure and Forward QCD Processes | TF: Lattice Gauge Theory,Manual source-license review is required before publishing a full translation.
arXiv:2204.02928,arxiv:2204.02928,Implications of Energy Peak for Collider Phenomenology: Top Quark Mass Determination and Beyond,K. Agashe et al.,https://arxiv.org/abs/2204.02928,v1,https://arxiv.org/abs/2204.02928v1,CC0-1.0,https://creativecommons.org/publicdomain/zero/1.0/,https://creativecommons.org/publicdomain/zero/1.0/,True,True,eligible-after-attribution-check,arxiv_abs_page,2026-08-09T05:52:05+00:00,not-started,,,,EF | TF,EF: Heavy Flavor and Top Quark Physics | TF: Collider Phenomenology,Adaptation is indicated by the source license; preserve attribution and all license conditions.
arXiv:2203.07624,arxiv:2203.07624,Implications of Quantum Gravity for Particle Physics,P. Draper et al.,https://arxiv.org/abs/2203.07624,v1,https://arxiv.org/abs/2203.07624v1,ARXIV-NONEXCLUSIVE-DISTRIB-1.0,https://arxiv.org/licenses/nonexclusive-distrib/1.0/,https://arxiv.org/licenses/nonexclusive-distrib/1.0/,,,hold-manual-license-review,arxiv_abs_page,2026-08-09T05:48:49+00:00,not-started,,,,TF,TF: Beyond-Standard-Model Model Building,Manual source-license review is required before publishing a full translation.
arXiv:2203.07353,arxiv:2203.07353,Improving Di-Higgs Sensitivity at Future Colliders in Hadronic Final States with Machine Learning,D. Diaz et al.,https://arxiv.org/abs/2203.07353,v2,https://arxiv.org/abs/2203.07353v2,CC-BY-4.0,https://creativecommons.org/licenses/by/4.0/,https://creativecommons.org/licenses/by/4.0/,True,True,eligible-after-attribution-check,arxiv_abs_page,2026-08-09T05:48:49+00:00,not-started,,,,CompF | EF,CompF: Machine Learning | EF: Higgs Boson Properties and Couplings,Adaptation is indicated by the source license; preserve attribution and all license conditions.
arXiv:2203.10393,arxiv:2203.10393,In Search of Excellence and Equity in Physics,E. Barzi et al.,https://arxiv.org/abs/2203.10393,v2,https://arxiv.org/abs/2203.10393v2,ARXIV-NONEXCLUSIVE-DISTRIB-1.0,https://arxiv.org/licenses/nonexclusive-distrib/1.0/,https://arxiv.org/licenses/nonexclusive-distrib/1.0/,,,hold-manual-license-review,arxiv_abs_page,2026-08-09T05:48:51+00:00,not-started,,,,AF | CEF | CF | CompF | EF | IF | NF | RPF | TF | UF,AF: Beam Physics and Accelerator Education | CEF: General - centered on this frontier | CF: General - cross-listed: | CompF: General - cross-listed: | EF: General - cross-listed | IF: General - cross-listed | NF: General - cross-listed | RPF: General - cross-listed | TF: General - cross-listed | UF: General - cross-listed:,Manual source-license review is required before publishing a full translation.
arXiv:2203.08128,arxiv:2203.08128,Inflation: Theory and Observations,A. Achúcarro et al.,https://arxiv.org/abs/2203.08128,v2,https://arxiv.org/abs/2203.08128v2,ARXIV-NONEXCLUSIVE-DISTRIB-1.0,https://arxiv.org/licenses/nonexclusive-distrib/1.0/,https://arxiv.org/licenses/nonexclusive-distrib/1.0/,,,hold-manual-license-review,arxiv_abs_page,2026-08-09T05:48:51+00:00,not-started,,,,CF | TF,CF: Dark Energy and Cosmic Acceleration: Cosmic Dawn and Before | TF: Astro-Particle Physics and Cosmology,Manual source-license review is required before publishing a full translation.
arXiv:2203.11518,arxiv:2203.11518,Informal Socialization in Physics Training,A. K. Hodari et al.,https://arxiv.org/abs/2203.11518,v2,https://arxiv.org/abs/2203.11518v2,CC-BY-NC-ND-4.0,https://creativecommons.org/licenses/by-nc-nd/4.0/,https://creativecommons.org/licenses/by-nc-nd/4.0/,False,False,hold-no-public-adaptation,arxiv_abs_page,2026-08-09T05:48:58+00:00,not-started,,,,CEF,"CEF: Diversity, Equity, and Inclusion",Manual source-license review is required before publishing a full translation.
arXiv:2202.06890,arxiv:2202.06890,"Infrared Properties of Quantum Gravity: UV/IR Mixing, Gravitizing the Quantum – Theory and Observation",P. Berglund et al.,https://arxiv.org/abs/2202.06890,v1,https://arxiv.org/abs/2202.06890v1,ARXIV-NONEXCLUSIVE-DISTRIB-1.0,https://arxiv.org/licenses/nonexclusive-distrib/1.0/,https://arxiv.org/licenses/nonexclusive-distrib/1.0/,,,hold-manual-license-review,arxiv_abs_page,2026-08-09T05:48:52+00:00,not-started,,,,TF,"TF: String Theory, Quantum Gravity, and Black Holes",Manual source-license review is required before publishing a full translation.
arXiv:2203.07620,arxiv:2203.07620,Innovations in Trigger and Data Acquisition Systems for Next-Generation Physics Facilities,R. Bartoldus et al.,https://arxiv.org/abs/2203.07620,v2,https://arxiv.org/abs/2203.07620v2,CC-BY-4.0,https://creativecommons.org/licenses/by/4.0/,https://creativecommons.org/licenses/by/4.0/,True,True,eligible-after-attribution-check,arxiv_abs_page,2026-08-09T05:48:54+00:00,not-started,,,,CEF | CompF | IF,CEF: Applications and Industry | CompF: Machine Learning | IF: Trigger and Data Acquisition,Adaptation is indicated by the source license; preserve attribution and all license conditions.
arXiv:2203.06731,arxiv:2203.06731,Inorganic Scintillators for Future HEP Experiments,C. Hu et al.,https://arxiv.org/abs/2203.06731,v1,https://arxiv.org/abs/2203.06731v1,CC-BY-4.0,https://creativecommons.org/licenses/by/4.0/,https://creativecommons.org/licenses/by/4.0/,True,True,eligible-after-attribution-check,arxiv_abs_page,2026-08-09T05:48:55+00:00,not-started,,,,IF,IF: Calorimetry,Adaptation is indicated by the source license; preserve attribution and all license conditions.
arXiv:2203.06093,arxiv:2203.06093,Integration and Packaging,S. Mazza et al.,https://arxiv.org/abs/2203.06093,v3,https://arxiv.org/abs/2203.06093v3,ARXIV-NONEXCLUSIVE-DISTRIB-1.0,https://arxiv.org/licenses/nonexclusive-distrib/1.0/,https://arxiv.org/licenses/nonexclusive-distrib/1.0/,,,hold-manual-license-review,arxiv_abs_page,2026-08-09T05:48:58+00:00,not-started,,,,IF,IF: Solid State Detectors and Tracking,Manual source-license review is required before publishing a full translation.
arXiv:2208.03284,arxiv:2208.03284,Interpretable Uncertainty Quantification in AI for HEP,T. Y. Chen et al.,https://arxiv.org/abs/2208.03284,v3,https://arxiv.org/abs/2208.03284v3,ARXIV-NONEXCLUSIVE-DISTRIB-1.0,https://arxiv.org/licenses/nonexclusive-distrib/1.0/,https://arxiv.org/licenses/nonexclusive-distrib/1.0/,,,hold-manual-license-review,arxiv_abs_page,2026-08-09T05:48:54+00:00,not-started,,,,CompF,CompF: Machine Learning,Manual source-license review is required before publishing a full translation.
arXiv:2203.07901,arxiv:2203.07901,"Introduction to a Low-Mass Dark Matter Project, ALETHEIA: A Liquid hElium Time projection cHambEr In dArk matter",J. Liao et al.,https://arxiv.org/abs/2203.07901,v2,https://arxiv.org/abs/2203.07901v2,CC-BY-NC-ND-4.0,https://creativecommons.org/licenses/by-nc-nd/4.0/,https://creativecommons.org/licenses/by-nc-nd/4.0/,False,False,hold-no-public-adaptation,arxiv_abs_page,2026-08-09T05:49:00+00:00,not-started,,,,CF | IF | NF | RPF | UF,CF: Dark Matter: Particle-like | IF: Noble Element-Based Detectors | NF: Neutrinos from Natural Sources | RPF: Fundamental Physics in Small Experiments | UF: Underground Detectors,Manual source-license review is required before publishing a full translation.
arXiv:2203.06809,arxiv:2203.06809,Ion Coulomb Crystals in Storage Rings for Quantum Information Science,S. Brooks et al.,https://arxiv.org/abs/2203.06809,v2,https://arxiv.org/abs/2203.06809v2,CC-BY-4.0,https://creativecommons.org/licenses/by/4.0/,https://creativecommons.org/licenses/by/4.0/,True,True,eligible-after-attribution-check,arxiv_abs_page,2026-08-09T05:48:57+00:00,not-started,,,,AF | CompF | IF | TF,AF: Beam Physics and Accelerator Education | CompF: Quantum Computing | IF: Quantum Sensors | TF: Quantum Information Science,Adaptation is indicated by the source license; preserve attribution and all license conditions.
arXiv:2205.12873,arxiv:2205.12873,Ion Sources for Production of Highly Charged Ion Beams,A. Lapierre et al.,https://arxiv.org/abs/2205.12873,v1,https://arxiv.org/abs/2205.12873v1,CC-BY-4.0,https://creativecommons.org/licenses/by/4.0/,https://creativecommons.org/licenses/by/4.0/,True,True,eligible-after-attribution-check,arxiv_abs_page,2026-08-09T05:49:01+00:00,not-started,,,,AF,AF: Accelerator Technology - Targets and Sources,Adaptation is indicated by the source license; preserve attribution and all license conditions.
arXiv:2203.08239,arxiv:2203.08239,Irradiation Facilities and Irradiation Methods for High Power Target,F. Pellemoine et al.,https://arxiv.org/abs/2203.08239,v2,https://arxiv.org/abs/2203.08239v2,CC-BY-4.0,https://creativecommons.org/licenses/by/4.0/,https://creativecommons.org/licenses/by/4.0/,True,True,eligible-after-attribution-check,arxiv_abs_page,2026-08-09T05:48:58+00:00,not-started,,,,AF,AF: Accelerator Technology - Targets and Sources,Adaptation is indicated by the source license; preserve attribution and all license conditions.
arXiv:2203.08804,arxiv:2203.08804,IsoDAR Overview,J. R. Alonso et al.,https://arxiv.org/abs/2203.08804,v2,https://arxiv.org/abs/2203.08804v2,ARXIV-NONEXCLUSIVE-DISTRIB-1.0,https://arxiv.org/licenses/nonexclusive-distrib/1.0/,https://arxiv.org/licenses/nonexclusive-distrib/1.0/,,,hold-manual-license-review,arxiv_abs_page,2026-08-09T05:48:58+00:00,not-started,,,,AF | CEF | NF,AF: Accelerators for Neutrinos | CEF: Applications and Industry | NF: General - centered on this frontier,Manual source-license review is required before publishing a full translation.
arXiv:2203.13979,arxiv:2203.13979,Japan’s Strategy for Future Projects in High Energy Physics,M. Endo et al.,https://arxiv.org/abs/2203.13979,v1,https://arxiv.org/abs/2203.13979v1,CC-BY-4.0,https://creativecommons.org/licenses/by/4.0/,https://creativecommons.org/licenses/by/4.0/,True,True,eligible-after-attribution-check,arxiv_abs_page,2026-08-09T05:48:59+00:00,not-started,,,,AF | CF | EF | NF | RPF | UF,AF: General - centered on this frontier | CF: General - cross-listed: | EF: General - centered on this frontier | NF: General - cross-listed | RPF: General - centered on this frontier | UF: General - cross-listed:,Adaptation is indicated by the source license; preserve attribution and all license conditions.
arXiv:2011.05329,arxiv:2011.05329,Jas4pp - a Data-Analysis Framework for Physics and Detector Studies,S. V. Chekanov et al.,https://arxiv.org/abs/2011.05329,v2,https://arxiv.org/abs/2011.05329v2,ARXIV-NONEXCLUSIVE-DISTRIB-1.0,https://arxiv.org/licenses/nonexclusive-distrib/1.0/,https://arxiv.org/licenses/nonexclusive-distrib/1.0/,,,hold-manual-license-review,arxiv_abs_page,2026-08-09T05:49:07+00:00,not-started,,,,CompF,CompF: End User Analysis,Manual source-license review is required before publishing a full translation.
arXiv:2202.03285,arxiv:2202.03285,Jet Flavour Tagging for Future Colliders with Fast Simulation,F. Bedeschi et al.,https://arxiv.org/abs/2202.03285,v1,https://arxiv.org/abs/2202.03285v1,CC-BY-4.0,https://creativecommons.org/licenses/by/4.0/,https://creativecommons.org/licenses/by/4.0/,True,True,eligible-after-attribution-check,arxiv_abs_page,2026-08-09T05:49:02+00:00,not-started,,,,EF,EF: Higgs Boson Properties and Couplings,Adaptation is indicated by the source license; preserve attribution and all license conditions.
arXiv:2203.07462,arxiv:2203.07462,Jets and Jet Substructure at Future Colliders,B. Nachman et al.,https://arxiv.org/abs/2203.07462,v1,https://arxiv.org/abs/2203.07462v1,CC-BY-4.0,https://creativecommons.org/licenses/by/4.0/,https://creativecommons.org/licenses/by/4.0/,True,True,eligible-after-attribution-check,arxiv_abs_page,2026-08-09T05:49:05+00:00,not-started,,,,EF,EF: QCD and Strong Interactions - Precision QCD,Adaptation is indicated by the source license; preserve attribution and all license conditions.
arXiv:2203.08059,arxiv:2203.08059,KATRIN: Status and Prospects for the Neutrino Mass and Beyond,M. Aker et al.,https://arxiv.org/abs/2203.08059,v3,https://arxiv.org/abs/2203.08059v3,ARXIV-NONEXCLUSIVE-DISTRIB-1.0,https://arxiv.org/licenses/nonexclusive-distrib/1.0/,https://arxiv.org/licenses/nonexclusive-distrib/1.0/,,,hold-manual-license-review,arxiv_abs_page,2026-08-09T05:49:00+00:00,not-started,,,,NF,NF: Neutrino Properties,Manual source-license review is required before publishing a full translation.
arXiv:2204.01178,arxiv:2204.01178,Key Directions for Research and Development of Superconducting Radio Frequency Cavities,S. Belomestnykh et al.,https://arxiv.org/abs/2204.01178,v2,https://arxiv.org/abs/2204.01178v2,CC-BY-4.0,https://creativecommons.org/licenses/by/4.0/,https://creativecommons.org/licenses/by/4.0/,True,True,eligible-after-attribution-check,arxiv_abs_page,2026-08-09T05:49:02+00:00,not-started,,,,AF,AF: Accelerator Technology - RF,Adaptation is indicated by the source license; preserve attribution and all license conditions.
arXiv:2206.13431,arxiv:2206.13431,Kinematic Variables and Feature Engineering for Particle Phenomenology,R. Franceschini et al.,https://arxiv.org/abs/2206.13431,v1,https://arxiv.org/abs/2206.13431v1,CC0-1.0,https://creativecommons.org/publicdomain/zero/1.0/,https://creativecommons.org/publicdomain/zero/1.0/,True,True,eligible-after-attribution-check,arxiv_abs_page,2026-08-09T05:49:02+00:00,not-started,,,,EF | TF,EF: General - centered on this frontier | TF: Collider Phenomenology,Adaptation is indicated by the source license; preserve attribution and all license conditions.
arXiv:2204.01860,arxiv:2204.01860,LANSCE-PSR Short-Pulse Upgrade for Improved Dark Sector Particle Searches with the Coherent Captain Mills Experiment,R. G. Van de Water et al.,https://arxiv.org/abs/2204.01860,v1,https://arxiv.org/abs/2204.01860v1,CC-BY-4.0,https://creativecommons.org/licenses/by/4.0/,https://creativecommons.org/licenses/by/4.0/,True,True,eligible-after-attribution-check,arxiv_abs_page,2026-08-09T05:49:07+00:00,not-started,,,,AF | NF | RPF,AF: Accelerators for Rare Processes and Physics Beyond Colliders | NF: Neutrinos Beyond the Standard Model | RPF: Dark Sector Studies at High Intensities,Adaptation is indicated by the source license; preserve attribution and all license conditions.
arXiv:2203.15902,arxiv:2203.15902,"Large-Format, Transmission-Line-Coupled Kinetic Inductance Detector Arrays for HEP at Millimeter Wavelengths",P. S. Barry et al.,https://arxiv.org/abs/2203.15902,v1,https://arxiv.org/abs/2203.15902v1,CC-BY-4.0,https://creativecommons.org/licenses/by/4.0/,https://creativecommons.org/licenses/by/4.0/,True,True,eligible-after-attribution-check,arxiv_abs_page,2026-08-09T05:49:02+00:00,not-started,,,,IF,IF: Radio Detection,Adaptation is indicated by the source license; preserve attribution and all license conditions.
arXiv:2203.08427,arxiv:2203.08427,Laser Manipulation of H- Beams,A. Rakhman.,https://arxiv.org/abs/2203.08427,v1,https://arxiv.org/abs/2203.08427v1,CC-BY-4.0,https://creativecommons.org/licenses/by/4.0/,https://creativecommons.org/licenses/by/4.0/,True,True,eligible-after-attribution-check,arxiv_abs_page,2026-08-09T05:49:02+00:00,not-started,,,,AF,AF: Accelerators for Neutrinos,Adaptation is indicated by the source license; preserve attribution and all license conditions.
arXiv:2203.08981,arxiv:2203.08981,Laser-Driven Structure-Based Accelerators,R. J. England et al.,https://arxiv.org/abs/2203.08981,v1,https://arxiv.org/abs/2203.08981v1,CC-BY-4.0,https://creativecommons.org/licenses/by/4.0/,https://creativecommons.org/licenses/by/4.0/,True,True,eligible-after-attribution-check,arxiv_abs_page,2026-08-09T05:49:05+00:00,not-started,,,,AF,AF: Advanced Accelerator Concepts,Adaptation is indicated by the source license; preserve attribution and all license conditions.
arXiv:2207.07641,arxiv:2207.07641,Lattice QCD and Particle Physics,A. S. Kronfeld et al.,https://arxiv.org/abs/2207.07641,v2,https://arxiv.org/abs/2207.07641v2,CC-BY-4.0,https://creativecommons.org/licenses/by/4.0/,https://creativecommons.org/licenses/by/4.0/,True,True,eligible-after-attribution-check,arxiv_abs_page,2026-08-09T05:49:07+00:00,not-started,,,,CF | CompF | EF | NF | RPF | TF,CF: General - cross-listed: | CompF: Theoretical Calculations and Simulations | EF: General - cross-listed | NF: Neutrino Interaction Cross Sections | RPF: General - centered on this frontier | TF: Lattice Gauge Theory,Adaptation is indicated by the source license; preserve attribution and all license conditions.
arXiv:2204.00039,arxiv:2204.00039,Lattice QCD and the Computational Frontier,P. Boyle et al.,https://arxiv.org/abs/2204.00039,v1,https://arxiv.org/abs/2204.00039v1,ARXIV-NONEXCLUSIVE-DISTRIB-1.0,https://arxiv.org/licenses/nonexclusive-distrib/1.0/,https://arxiv.org/licenses/nonexclusive-distrib/1.0/,,,hold-manual-license-review,arxiv_abs_page,2026-08-09T05:49:11+00:00,not-started,,,,CompF | TF,CompF: Theoretical Calculations and Simulations | TF: Lattice Gauge Theory,Manual source-license review is required before publishing a full translation.
arXiv:2202.07193,arxiv:2202.07193,Lattice QCD Calculations of Parton Physics,M. Constantinou et al.,https://arxiv.org/abs/2202.07193,v1,https://arxiv.org/abs/2202.07193v1,ARXIV-NONEXCLUSIVE-DISTRIB-1.0,https://arxiv.org/licenses/nonexclusive-distrib/1.0/,https://arxiv.org/licenses/nonexclusive-distrib/1.0/,,,hold-manual-license-review,arxiv_abs_page,2026-08-09T05:52:04+00:00,not-started,,,,CompF | EF | TF,CompF: Theoretical Calculations and Simulations | EF: QCD and Strong Interactions - Hadronic Structure and Forward QCD Processes | TF: Lattice Gauge Theory,Manual source-license review is required before publishing a full translation.
arXiv:2203.07654,arxiv:2203.07654,Leading-Edge Technology And Feasibility-Directed (LEAF) Program Aimed at Readiness Demonstration for Energy Frontier Circular Colliders by the Next Decade,G. Ambrosio et al.,https://arxiv.org/abs/2203.07654,v1,https://arxiv.org/abs/2203.07654v1,CC-BY-4.0,https://creativecommons.org/licenses/by/4.0/,https://creativecommons.org/licenses/by/4.0/,True,True,eligible-after-attribution-check,arxiv_abs_page,2026-08-09T05:49:08+00:00,not-started,,,,AF,AF: Accelerator Technology - Magnets,Adaptation is indicated by the source license; preserve attribution and all license conditions.
arXiv:2207.01851,arxiv:2207.01851,Lepton-Flavor Violation and Lepton-Flavor-Universality Violation in b and c Decays,"D. Guadagnoli, P. Koppenburg.",https://arxiv.org/abs/2207.01851,v2,https://arxiv.org/abs/2207.01851v2,CC-BY-4.0,https://creativecommons.org/licenses/by/4.0/,https://creativecommons.org/licenses/by/4.0/,True,True,eligible-after-attribution-check,arxiv_abs_page,2026-08-09T05:49:16+00:00,not-started,,,,RPF,RPF: Weak Decays of b and c Quarks,Adaptation is indicated by the source license; preserve attribution and all license conditions.
arXiv:2203.07048,arxiv:2203.07048,LHCb Future Dark-Sector Sensitivity Projections for Snowmass 2021,Daniel Craik et al.,https://arxiv.org/abs/2203.07048,v1,https://arxiv.org/abs/2203.07048v1,CC-BY-4.0,https://creativecommons.org/licenses/by/4.0/,https://creativecommons.org/licenses/by/4.0/,True,True,eligible-after-attribution-check,arxiv_abs_page,2026-08-09T05:49:07+00:00,not-started,,,,EF | RPF,EF: Beyond the Standard Model - Dark Matter at Colliders | RPF: Dark Sector Studies at High Intensities,Adaptation is indicated by the source license; preserve attribution and all license conditions.
arXiv:2203.08631,arxiv:2203.08631,Lifestyle and Personal Wellness in Particle Physics Research Activities,T. R. Lewis et al.,https://arxiv.org/abs/2203.08631,v3,https://arxiv.org/abs/2203.08631v3,CC-BY-NC-SA-4.0,https://creativecommons.org/licenses/by-nc-sa/4.0/,https://creativecommons.org/licenses/by-nc-sa/4.0/,True,False,eligible-noncommercial-only-after-sharealike-check,arxiv_abs_page,2026-08-09T05:49:09+00:00,not-started,,,,CEF,"CEF: Diversity, Equity, and Inclusion",Adaptation is indicated by the source license; preserve attribution and all license conditions.
arXiv:2201.04219,arxiv:2201.04219,Light Dark Matter Detection with Hydrogen-Rich Crystals and Low-Tc TES Detectors,G. Wang et al.,https://arxiv.org/abs/2201.04219,v3,https://arxiv.org/abs/2201.04219v3,CC-BY-4.0,https://creativecommons.org/licenses/by/4.0/,https://creativecommons.org/licenses/by/4.0/,True,True,eligible-after-attribution-check,arxiv_abs_page,2026-08-09T05:49:12+00:00,not-started,,,,CF | IF,CF: Dark Matter: Particle-like | IF: Quantum Sensors,Adaptation is indicated by the source license; preserve attribution and all license conditions.
arXiv:2203.07492,arxiv:2203.07492,Light Dark Matter Direct Detection at the Interface With Condensed Matter Physics,A. Mitridate et al.,https://arxiv.org/abs/2203.07492,v1,https://arxiv.org/abs/2203.07492v1,ARXIV-NONEXCLUSIVE-DISTRIB-1.0,https://arxiv.org/licenses/nonexclusive-distrib/1.0/,https://arxiv.org/licenses/nonexclusive-distrib/1.0/,,,hold-manual-license-review,arxiv_abs_page,2026-08-09T05:49:12+00:00,not-started,,,,CF | TF,CF: Dark Matter: Particle-like | TF: Astro-Particle Physics and Cosmology,Manual source-license review is required before publishing a full translation.
arXiv:2203.07323,arxiv:2203.07323,Light Sterile Neutrino Searches and Related Phenomenology,M. A. Acero et al.,https://arxiv.org/abs/2203.07323,v3,https://arxiv.org/abs/2203.07323v3,CC-BY-4.0,https://creativecommons.org/licenses/by/4.0/,https://creativecommons.org/licenses/by/4.0/,True,True,eligible-after-attribution-check,arxiv_abs_page,2026-08-09T05:49:12+00:00,not-started,,,,NF,NF: Sterile Neutrinos,Adaptation is indicated by the source license; preserve attribution and all license conditions.
arXiv:2203.14347,arxiv:2203.14347,Light-Weight and Highly Thermally Conductive Support Structures for Future Tracking Detectors,E. Anderssen et al.,https://arxiv.org/abs/2203.14347,v1,https://arxiv.org/abs/2203.14347v1,ARXIV-NONEXCLUSIVE-DISTRIB-1.0,https://arxiv.org/licenses/nonexclusive-distrib/1.0/,https://arxiv.org/licenses/nonexclusive-distrib/1.0/,,,hold-manual-license-review,arxiv_abs_page,2026-08-09T05:49:14+00:00,not-started,,,,IF,IF: Solid State Detectors and Tracking,Manual source-license review is required before publishing a full translation.
arXiv:2203.08366,arxiv:2203.08366,Linear Collider Based on Laser-Plasma Accelerators,C. Benedetti et al.,https://arxiv.org/abs/2203.08366,v2,https://arxiv.org/abs/2203.08366v2,CC-BY-4.0,https://creativecommons.org/licenses/by/4.0/,https://creativecommons.org/licenses/by/4.0/,True,True,eligible-after-attribution-check,arxiv_abs_page,2026-08-09T05:49:15+00:00,not-started,,,,AF,AF: Advanced Accelerator Concepts,Adaptation is indicated by the source license; preserve attribution and all license conditions.
arXiv:2107.13581,arxiv:2107.13581,Longitudinally Polarized ZZ Scattering at the Muon Collider,T. Yang et al.,https://arxiv.org/abs/2107.13581,v1,https://arxiv.org/abs/2107.13581v1,CC-BY-4.0,https://creativecommons.org/licenses/by/4.0/,https://creativecommons.org/licenses/by/4.0/,True,True,eligible-after-attribution-check,arxiv_abs_page,2026-08-09T05:49:14+00:00,not-started,,,,EF,EF: Electroweak Precision Physics and Constraining New Physics,Adaptation is indicated by the source license; preserve attribution and all license conditions.
arXiv:2203.08821,arxiv:2203.08821,Low Background kTon-Scale Liquid Argon Time Projection Chambers,A. Avasthi et al.,https://arxiv.org/abs/2203.08821,v1,https://arxiv.org/abs/2203.08821v1,ARXIV-NONEXCLUSIVE-DISTRIB-1.0,https://arxiv.org/licenses/nonexclusive-distrib/1.0/,https://arxiv.org/licenses/nonexclusive-distrib/1.0/,,,hold-manual-license-review,arxiv_abs_page,2026-08-09T05:49:14+00:00,not-started,,,,CF | IF | NF | UF,CF: Dark Matter: Particle-like | IF: Noble Element-Based Detectors | NF: Neutrino Detectors | UF: Underground Facilities for Neutrinos,Manual source-license review is required before publishing a full translation.
arXiv:2203.00740,arxiv:2203.00740,Low-Energy Physics in Neutrino LArTPCs,D. Caratelli et al.,https://arxiv.org/abs/2203.00740,v1,https://arxiv.org/abs/2203.00740v1,ARXIV-NONEXCLUSIVE-DISTRIB-1.0,https://arxiv.org/licenses/nonexclusive-distrib/1.0/,https://arxiv.org/licenses/nonexclusive-distrib/1.0/,,,hold-manual-license-review,arxiv_abs_page,2026-08-09T05:49:14+00:00,not-started,,,,IF | NF,IF: Noble Element-Based Detectors | NF: Neutrino Detectors,Manual source-license review is required before publishing a full translation.
arXiv:2203.08056,arxiv:2203.08056,Machine Learning and Cosmology,C. Dvorkin et al.,https://arxiv.org/abs/2203.08056,v1,https://arxiv.org/abs/2203.08056v1,ARXIV-NONEXCLUSIVE-DISTRIB-1.0,https://arxiv.org/licenses/nonexclusive-distrib/1.0/,https://arxiv.org/licenses/nonexclusive-distrib/1.0/,,,hold-manual-license-review,arxiv_abs_page,2026-08-09T05:49:16+00:00,not-started,,,,CF | CompF,CF: Dark Matter: Cosmic Probes | CompF: Machine Learning,Manual source-license review is required before publishing a full translation.
arXiv:2203.07154,arxiv:2203.07154,Materials for Future Calorimeters,"M. Yeh, R.-Y. Zhu.",https://arxiv.org/abs/2203.07154,v1,https://arxiv.org/abs/2203.07154v1,CC-BY-NC-ND-4.0,https://creativecommons.org/licenses/by-nc-nd/4.0/,https://creativecommons.org/licenses/by-nc-nd/4.0/,False,False,hold-no-public-adaptation,arxiv_abs_page,2026-08-09T05:49:18+00:00,not-started,,,,IF,IF: Calorimetry,Manual source-license review is required before publishing a full translation.
arXiv:2203.07944,arxiv:2203.07944,Measurement of ALR using Radiative REturn at ILC 250,T. Mizuno et al.,https://arxiv.org/abs/2203.07944,v1,https://arxiv.org/abs/2203.07944v1,ARXIV-NONEXCLUSIVE-DISTRIB-1.0,https://arxiv.org/licenses/nonexclusive-distrib/1.0/,https://arxiv.org/licenses/nonexclusive-distrib/1.0/,,,hold-manual-license-review,arxiv_abs_page,2026-08-09T05:49:16+00:00,not-started,,,,EF,EF: Electroweak Precision Physics and Constraining New Physics,Manual source-license review is required before publishing a full translation.
arXiv:2203.06819,arxiv:2203.06819,Measuring the CP properties of the Higgs Sector at Electron-Positron Colliders,I. Božović-Jelisavucić et al.,https://arxiv.org/abs/2203.06819,v1,https://arxiv.org/abs/2203.06819v1,CC-BY-4.0,https://creativecommons.org/licenses/by/4.0/,https://creativecommons.org/licenses/by/4.0/,True,True,eligible-after-attribution-check,arxiv_abs_page,2026-08-09T05:49:19+00:00,not-started,,,,EF,EF: Higgs Boson Properties and Couplings,Adaptation is indicated by the source license; preserve attribution and all license conditions.
arXiv:2203.07572,arxiv:2203.07572,Measuring the Electron Neutrino Mass using the Electron Capture Decay of 163Ho,J. Ullom et al.,https://arxiv.org/abs/2203.07572,v1,https://arxiv.org/abs/2203.07572v1,CC-BY-4.0,https://creativecommons.org/licenses/by/4.0/,https://creativecommons.org/licenses/by/4.0/,True,True,eligible-after-attribution-check,arxiv_abs_page,2026-08-09T05:49:16+00:00,not-started,,,,IF | NF,IF: Quantum Sensors | NF: Neutrino Properties,Adaptation is indicated by the source license; preserve attribution and all license conditions.
arXiv:2004.00580,arxiv:2004.00580,Measuring the Neutrino Event Time in Liquid Argon by a Post-Reconstruction One-parameter Fit,E. Angelico et al.,https://arxiv.org/abs/2004.00580,v1,https://arxiv.org/abs/2004.00580v1,ARXIV-NONEXCLUSIVE-DISTRIB-1.0,https://arxiv.org/licenses/nonexclusive-distrib/1.0/,https://arxiv.org/licenses/nonexclusive-distrib/1.0/,,,hold-manual-license-review,arxiv_abs_page,2026-08-09T05:49:17+00:00,not-started,,,,IF | NF,IF: Noble Element-Based Detectors | NF: Neutrino Detectors,Manual source-license review is required before publishing a full translation.
arXiv:2203.07668,arxiv:2203.07668,Measuring the Tau Polarization at ILC,"K. Yumino, D. Jeans.",https://arxiv.org/abs/2203.07668,v1,https://arxiv.org/abs/2203.07668v1,CC-BY-4.0,https://creativecommons.org/licenses/by/4.0/,https://creativecommons.org/licenses/by/4.0/,True,True,eligible-after-attribution-check,arxiv_abs_page,2026-08-09T05:49:18+00:00,not-started,,,,EF,EF: Electroweak Precision Physics and Constraining New Physics,Adaptation is indicated by the source license; preserve attribution and all license conditions.
arXiv:2203.07371,arxiv:2203.07371,Medium-Grain Niobium SRF Cavity Production Technology for Science Frontiers and Accelerator Applications,G. Myneni et al.,https://arxiv.org/abs/2203.07371,v1,https://arxiv.org/abs/2203.07371v1,ARXIV-NONEXCLUSIVE-DISTRIB-1.0,https://arxiv.org/licenses/nonexclusive-distrib/1.0/,https://arxiv.org/licenses/nonexclusive-distrib/1.0/,,,hold-manual-license-review,arxiv_abs_page,2026-08-09T05:49:18+00:00,not-started,,,,AF,AF: Accelerator Technology - RF,Manual source-license review is required before publishing a full translation.
arXiv:2203.06309,arxiv:2203.06309,Micro Pattern Gaseous Detectors for Nuclear Physics,F. Barbosa et al.,https://arxiv.org/abs/2203.06309,v1,https://arxiv.org/abs/2203.06309v1,ARXIV-NONEXCLUSIVE-DISTRIB-1.0,https://arxiv.org/licenses/nonexclusive-distrib/1.0/,https://arxiv.org/licenses/nonexclusive-distrib/1.0/,,,hold-manual-license-review,arxiv_abs_page,2026-08-09T05:49:20+00:00,not-started,,,,IF,IF: Micro Pattern Gas Detectors,Manual source-license review is required before publishing a full translation.
arXiv:2203.04981,arxiv:2203.04981,Micro- and Macro-Structure of Black Holes,I. Bena et al.,https://arxiv.org/abs/2203.04981,v1,https://arxiv.org/abs/2203.04981v1,CC-BY-4.0,https://creativecommons.org/licenses/by/4.0/,https://creativecommons.org/licenses/by/4.0/,True,True,eligible-after-attribution-check,arxiv_abs_page,2026-08-09T05:49:22+00:00,not-started,,,,TF,"TF: String Theory, Quantum Gravity, and Black Holes",Adaptation is indicated by the source license; preserve attribution and all license conditions.
arXiv:2202.11578,arxiv:2202.11578,Mini-Review: Expectations for Supersymmetry from the String Landscape,H. Baer et al.,https://arxiv.org/abs/2202.11578,v2,https://arxiv.org/abs/2202.11578v2,CC-BY-4.0,https://creativecommons.org/licenses/by/4.0/,https://creativecommons.org/licenses/by/4.0/,True,True,eligible-after-attribution-check,arxiv_abs_page,2026-08-09T05:49:25+00:00,not-started,,,,EF | TF,EF: Beyond the Standard Model - Model Specific Explorations | TF: Beyond-Standard-Model Model Building,Adaptation is indicated by the source license; preserve attribution and all license conditions.
arXiv:2209.03303,arxiv:2209.03303,Model-Agnostic Exploration of the Mass Reach of Precision Higgs Boson Coupling Measurements,M. E. Peskin.,https://arxiv.org/abs/2209.03303,v3,https://arxiv.org/abs/2209.03303v3,ARXIV-NONEXCLUSIVE-DISTRIB-1.0,https://arxiv.org/licenses/nonexclusive-distrib/1.0/,https://arxiv.org/licenses/nonexclusive-distrib/1.0/,,,hold-manual-license-review,arxiv_abs_page,2026-08-09T05:49:20+00:00,not-started,,,,EF,EF: Higgs Boson as a Portal to New Physics,Manual source-license review is required before publishing a full translation.
arXiv:2103.10217,arxiv:2103.10217,Model-Independent Searches for New Physics in Multi-Body Invariant Masses,S. V. Chekanov et al.,https://arxiv.org/abs/2103.10217,v2,https://arxiv.org/abs/2103.10217v2,ARXIV-NONEXCLUSIVE-DISTRIB-1.0,https://arxiv.org/licenses/nonexclusive-distrib/1.0/,https://arxiv.org/licenses/nonexclusive-distrib/1.0/,,,hold-manual-license-review,arxiv_abs_page,2026-08-09T05:49:20+00:00,not-started,,,,EF | TF,EF: Beyond the Standard Model - More General Explorations | TF: Collider Phenomenology,Manual source-license review is required before publishing a full translation.
arXiv:2203.04714,arxiv:2203.04714,Modeling Needs for High Power Target,C. Barbier et al.,https://arxiv.org/abs/2203.04714,v1,https://arxiv.org/abs/2203.04714v1,CC-BY-4.0,https://creativecommons.org/licenses/by/4.0/,https://creativecommons.org/licenses/by/4.0/,True,True,eligible-after-attribution-check,arxiv_abs_page,2026-08-09T05:49:20+00:00,not-started,,,,AF,AF: Accelerator Technology - Targets and Sources,Adaptation is indicated by the source license; preserve attribution and all license conditions.
arXiv:2203.07700,arxiv:2203.07700,"Modeling, Statistics, Simulations, and Computing Needs for Direct Dark Matter Detection",Y. Kahn et al.,https://arxiv.org/abs/2203.07700,v2,https://arxiv.org/abs/2203.07700v2,CC-BY-4.0,https://creativecommons.org/licenses/by/4.0/,https://creativecommons.org/licenses/by/4.0/,True,True,eligible-after-attribution-check,arxiv_abs_page,2026-08-09T05:49:23+00:00,not-started,,,,CF | CompF,CF: Dark Matter: Particle-like | CompF: General - centered on this frontier:,Adaptation is indicated by the source license; preserve attribution and all license conditions.
arXiv:2003.09084,arxiv:2003.09084,Modern and Future Colliders,"V. Shiltsev, F. Zimmermann",https://arxiv.org/abs/2003.09084,v1,https://arxiv.org/abs/2003.09084v1,ARXIV-NONEXCLUSIVE-DISTRIB-1.0,https://arxiv.org/licenses/nonexclusive-distrib/1.0/,https://arxiv.org/licenses/nonexclusive-distrib/1.0/,,,hold-manual-license-review,arxiv_abs_page,2026-08-09T05:49:22+00:00,not-started,,,,AF,AF: General - centered on this frontier,Manual source-license review is required before publishing a full translation.
arXiv:2209.03988,arxiv:2209.03988,"MoEDAL-MAPP, an LHC Dedicated Detector Search Facility",J. Pinfold.,https://arxiv.org/abs/2209.03988,v2,https://arxiv.org/abs/2209.03988v2,CC-BY-NC-SA-4.0,https://creativecommons.org/licenses/by-nc-sa/4.0/,https://creativecommons.org/licenses/by-nc-sa/4.0/,True,False,eligible-noncommercial-only-after-sharealike-check,arxiv_abs_page,2026-08-09T05:49:22+00:00,not-started,,,,EF,EF: Beyond the Standard Model - More General Explorations,Adaptation is indicated by the source license; preserve attribution and all license conditions.
arXiv:2203.07626,arxiv:2203.07626,Monolithic Active Pixel Sensors on CMOS technologies,N. Apadula et al.,https://arxiv.org/abs/2203.07626,v2,https://arxiv.org/abs/2203.07626v2,ARXIV-NONEXCLUSIVE-DISTRIB-1.0,https://arxiv.org/licenses/nonexclusive-distrib/1.0/,https://arxiv.org/licenses/nonexclusive-distrib/1.0/,,,hold-manual-license-review,arxiv_abs_page,2026-08-09T05:49:22+00:00,not-started,,,,IF,IF: Solid State Detectors and Tracking,Manual source-license review is required before publishing a full translation.
arXiv:2201.13321,arxiv:2201.13321,Moonshine,S. M. Harrison et al.,https://arxiv.org/abs/2201.13321,v2,https://arxiv.org/abs/2201.13321v2,ARXIV-NONEXCLUSIVE-DISTRIB-1.0,https://arxiv.org/licenses/nonexclusive-distrib/1.0/,https://arxiv.org/licenses/nonexclusive-distrib/1.0/,,,hold-manual-license-review,arxiv_abs_page,2026-08-09T05:49:25+00:00,not-started,,,,TF,TF: Conformal Field Theory and Formal Quantum Field Theory,Manual source-license review is required before publishing a full translation.
arXiv:2203.17258,arxiv:2203.17258,"More is Different: Non-Minimal Dark Sectors and Their Implications for Particle Physics, Astrophysics, and Cosmology – 13 Take-Away Lessons for Snowmass 2021",K. R. Dienes et al.,https://arxiv.org/abs/2203.17258,v1,https://arxiv.org/abs/2203.17258v1,ARXIV-NONEXCLUSIVE-DISTRIB-1.0,https://arxiv.org/licenses/nonexclusive-distrib/1.0/,https://arxiv.org/licenses/nonexclusive-distrib/1.0/,,,hold-manual-license-review,arxiv_abs_page,2026-08-09T05:49:23+00:00,not-started,,,,CF | EF | TF,CF: Dark Matter: Cosmic Probes | EF: Beyond the Standard Model - Dark Matter at Colliders | TF: Astro-Particle Physics and Cosmology,Manual source-license review is required before publishing a full translation.
arXiv:2203.06267,arxiv:2203.06267,MPGDs for TPCs at Future Lepton Colliders,A. Bellerive et al.,https://arxiv.org/abs/2203.06267,v2,https://arxiv.org/abs/2203.06267v2,ARXIV-NONEXCLUSIVE-DISTRIB-1.0,https://arxiv.org/licenses/nonexclusive-distrib/1.0/,https://arxiv.org/licenses/nonexclusive-distrib/1.0/,,,hold-manual-license-review,arxiv_abs_page,2026-08-09T05:49:34+00:00,not-started,,,,IF,IF: Micro Pattern Gas Detectors,Manual source-license review is required before publishing a full translation.
arXiv:2203.06525,arxiv:2203.06525,MPGDs for Tracking and Muon Detection at Future High Energy Physics Colliders,K. Black et al.,https://arxiv.org/abs/2203.06525,v1,https://arxiv.org/abs/2203.06525v1,ARXIV-NONEXCLUSIVE-DISTRIB-1.0,https://arxiv.org/licenses/nonexclusive-distrib/1.0/,https://arxiv.org/licenses/nonexclusive-distrib/1.0/,,,hold-manual-license-review,arxiv_abs_page,2026-08-09T05:49:27+00:00,not-started,,,,IF,IF: Micro Pattern Gas Detectors,Manual source-license review is required before publishing a full translation.
arXiv:2203.06562,arxiv:2203.06562,MPGDs: Recent Advances and Current R&D,K. Dehmelt et al.,https://arxiv.org/abs/2203.06562,v3,https://arxiv.org/abs/2203.06562v3,ARXIV-NONEXCLUSIVE-DISTRIB-1.0,https://arxiv.org/licenses/nonexclusive-distrib/1.0/,https://arxiv.org/licenses/nonexclusive-distrib/1.0/,,,hold-manual-license-review,arxiv_abs_page,2026-08-09T05:49:28+00:00,not-started,,,,IF,IF: Micro Pattern Gas Detectors,Manual source-license review is required before publishing a full translation.
arXiv:2205.11920,arxiv:2205.11920,MSSM Under Higgs Factories,H. Li et al.,https://arxiv.org/abs/2205.11920,v1,https://arxiv.org/abs/2205.11920v1,CC-BY-4.0,https://creativecommons.org/licenses/by/4.0/,https://creativecommons.org/licenses/by/4.0/,True,True,eligible-after-attribution-check,arxiv_abs_page,2026-08-09T05:49:31+00:00,not-started,,,,EF | TF,EF: Higgs Boson as a Portal to New Physics | TF: Collider Phenomenology,Adaptation is indicated by the source license; preserve attribution and all license conditions.
arXiv:2203.07569,arxiv:2203.07569,Mu2e-II: Muon to Electron Conversion with PIP-II,K. Byrum et al.,https://arxiv.org/abs/2203.07569,v2,https://arxiv.org/abs/2203.07569v2,CC-BY-4.0,https://creativecommons.org/licenses/by/4.0/,https://creativecommons.org/licenses/by/4.0/,True,True,eligible-after-attribution-check,arxiv_abs_page,2026-08-09T05:49:27+00:00,not-started,,,,RPF,RPF: Charged Lepton Flavor Violation,Adaptation is indicated by the source license; preserve attribution and all license conditions.
arXiv:2203.11226,arxiv:2203.11226,Multi-Experiment Probes for Dark Energy – Transients,A. G. Kim et al.,https://arxiv.org/abs/2203.11226,v2,https://arxiv.org/abs/2203.11226v2,ARXIV-NONEXCLUSIVE-DISTRIB-1.0,https://arxiv.org/licenses/nonexclusive-distrib/1.0/,https://arxiv.org/licenses/nonexclusive-distrib/1.0/,,,hold-manual-license-review,arxiv_abs_page,2026-08-09T05:49:31+00:00,not-started,,,,CF,CF: Dark Energy and Cosmic Acceleration: Complementarity of Probes and New Facilities,Manual source-license review is required before publishing a full translation.
arXiv:2203.07256,arxiv:2203.07256,Muon Collider Physics Summary,C. Aimè et al.,https://arxiv.org/abs/2203.07256,v2,https://arxiv.org/abs/2203.07256v2,CC-BY-4.0,https://creativecommons.org/licenses/by/4.0/,https://creativecommons.org/licenses/by/4.0/,True,True,eligible-after-attribution-check,arxiv_abs_page,2026-08-09T05:49:35+00:00,not-started,,,,EF | TF,EF: General - centered on this frontier | TF: General - cross-listed,Adaptation is indicated by the source license; preserve attribution and all license conditions.
arXiv:2203.11406,arxiv:2203.11406,Muonium to Antimuonium Conversion,A.-Y. Bai et al.,https://arxiv.org/abs/2203.11406,v1,https://arxiv.org/abs/2203.11406v1,ARXIV-NONEXCLUSIVE-DISTRIB-1.0,https://arxiv.org/licenses/nonexclusive-distrib/1.0/,https://arxiv.org/licenses/nonexclusive-distrib/1.0/,,,hold-manual-license-review,arxiv_abs_page,2026-08-09T05:52:12+00:00,not-started,,,,RPF,RPF: Charged Lepton Flavor Violation,Manual source-license review is required before publishing a full translation.
arXiv:2205.05708,arxiv:2205.05708,Naturalness,N. Craig.,https://arxiv.org/abs/2205.05708,v1,https://arxiv.org/abs/2205.05708v1,CC-BY-4.0,https://creativecommons.org/licenses/by/4.0/,https://creativecommons.org/licenses/by/4.0/,True,True,eligible-after-attribution-check,arxiv_abs_page,2026-08-09T05:49:34+00:00,not-started,,,,EF | TF,EF: Beyond the Standard Model - Model Specific Explorations | TF: Effective Field Theory Techniques,Adaptation is indicated by the source license; preserve attribution and all license conditions.
arXiv:2203.06752,arxiv:2203.06752,Nb3Sn Superconducting Radiofrequency Cavities: a Maturing Technology for Particle Accelerators and Detectors,S. Posen et al.,https://arxiv.org/abs/2203.06752,v1,https://arxiv.org/abs/2203.06752v1,ARXIV-NONEXCLUSIVE-DISTRIB-1.0,https://arxiv.org/licenses/nonexclusive-distrib/1.0/,https://arxiv.org/licenses/nonexclusive-distrib/1.0/,,,hold-manual-license-review,arxiv_abs_page,2026-08-09T05:49:31+00:00,not-started,,,,AF,AF: Accelerator Technology - RF,Manual source-license review is required before publishing a full translation.
arXiv:2203.09094,arxiv:2203.09094,Near Term Applications driven by Advanced Accelerator Concepts,C. Emma et al.,https://arxiv.org/abs/2203.09094,v1,https://arxiv.org/abs/2203.09094v1,CC-BY-4.0,https://creativecommons.org/licenses/by/4.0/,https://creativecommons.org/licenses/by/4.0/,True,True,eligible-after-attribution-check,arxiv_abs_page,2026-08-09T05:49:38+00:00,not-started,,,,AF,AF: Advanced Accelerator Concepts,Adaptation is indicated by the source license; preserve attribution and all license conditions.
arXiv:2203.08208,arxiv:2203.08208,Need for Amplitude Analysis in the Discovery of New Hadrons,M. Albaladejo et al.,https://arxiv.org/abs/2203.08208,v1,https://arxiv.org/abs/2203.08208v1,ARXIV-NONEXCLUSIVE-DISTRIB-1.0,https://arxiv.org/licenses/nonexclusive-distrib/1.0/,https://arxiv.org/licenses/nonexclusive-distrib/1.0/,,,hold-manual-license-review,arxiv_abs_page,2026-08-09T05:49:35+00:00,not-started,,,,RPF,RPF: Hadron Spectroscopy,Manual source-license review is required before publishing a full translation.
arXiv:2204.08668,arxiv:2204.08668,Neutrino Flavor Model Building and the Origins of Flavor and CP Violation,Y. Almumin et al.,https://arxiv.org/abs/2204.08668,v1,https://arxiv.org/abs/2204.08668v1,ARXIV-NONEXCLUSIVE-DISTRIB-1.0,https://arxiv.org/licenses/nonexclusive-distrib/1.0/,https://arxiv.org/licenses/nonexclusive-distrib/1.0/,,,hold-manual-license-review,arxiv_abs_page,2026-08-09T05:49:36+00:00,not-started,,,,NF | TF,NF: Neutrinos Beyond the Standard Model | TF: Theory of Neutrino Physics,Manual source-license review is required before publishing a full translation.
arXiv:2203.11298,arxiv:2203.11298,Neutrino Scattering Measurements on Hydrogen and Deuterium,L. Alvarez Ruso et al.,https://arxiv.org/abs/2203.11298,v2,https://arxiv.org/abs/2203.11298v2,CC-BY-4.0,https://creativecommons.org/licenses/by/4.0/,https://creativecommons.org/licenses/by/4.0/,True,True,eligible-after-attribution-check,arxiv_abs_page,2026-08-09T05:49:39+00:00,not-started,,,,NF | TF,NF: Neutrino Interaction Cross Sections | TF: Theory of Neutrino Physics,Adaptation is indicated by the source license; preserve attribution and all license conditions.
arXiv:2203.01955,arxiv:2203.01955,Neutrino Self-Interactions,J. M. Berryman et al.,https://arxiv.org/abs/2203.01955,v1,https://arxiv.org/abs/2203.01955v1,ARXIV-NONEXCLUSIVE-DISTRIB-1.0,https://arxiv.org/licenses/nonexclusive-distrib/1.0/,https://arxiv.org/licenses/nonexclusive-distrib/1.0/,,,hold-manual-license-review,arxiv_abs_page,2026-08-09T05:49:41+00:00,not-started,,,,NF | TF,NF: Neutrinos Beyond the Standard Model | TF: Theory of Neutrino Physics,Manual source-license review is required before publishing a full translation.
arXiv:2203.12169,arxiv:2203.12169,Neutrinoless Double-Beta Decay: A Roadmap for Matching Theory to Experiment,V. Cirigliano et al.,https://arxiv.org/abs/2203.12169,v1,https://arxiv.org/abs/2203.12169v1,ARXIV-NONEXCLUSIVE-DISTRIB-1.0,https://arxiv.org/licenses/nonexclusive-distrib/1.0/,https://arxiv.org/licenses/nonexclusive-distrib/1.0/,,,hold-manual-license-review,arxiv_abs_page,2026-08-09T05:49:40+00:00,not-started,,,,NF | RPF | TF,NF: Neutrino Properties | RPF: Baryon and Lepton Number Violation | TF: Theory of Neutrino Physics,Manual source-license review is required before publishing a full translation.
arXiv:2203.07545,arxiv:2203.07545,Neutrinos from Stored Muons (nuSTORM),L. Alvarez Ruso et al. (nuSTORM Collaboration),https://arxiv.org/abs/2203.07545,v2,https://arxiv.org/abs/2203.07545v2,CC-BY-4.0,https://creativecommons.org/licenses/by/4.0/,https://creativecommons.org/licenses/by/4.0/,True,True,eligible-after-attribution-check,arxiv_abs_page,2026-08-09T05:49:39+00:00,not-started,,,,NF | RPF,NF: Artificial Neutrino Sources | RPF: Baryon and Lepton Number Violation,Adaptation is indicated by the source license; preserve attribution and all license conditions.
arXiv:2203.06776,arxiv:2203.06776,New Approach to DM Searches with Mono-Photon Signature,J. Kalinowski et al.,https://arxiv.org/abs/2203.06776,v1,https://arxiv.org/abs/2203.06776v1,CC-BY-4.0,https://creativecommons.org/licenses/by/4.0/,https://creativecommons.org/licenses/by/4.0/,True,True,eligible-after-attribution-check,arxiv_abs_page,2026-08-09T05:49:43+00:00,not-started,,,,EF,EF: Beyond the Standard Model - Dark Matter at Colliders,Adaptation is indicated by the source license; preserve attribution and all license conditions.
arXiv:2203.08806,arxiv:2203.08806,New Directions for Surrogate Models and Differentiable Programming for High Energy Physics Detector Simulation,A. Adelmann et al.,https://arxiv.org/abs/2203.08806,v1,https://arxiv.org/abs/2203.08806v1,ARXIV-NONEXCLUSIVE-DISTRIB-1.0,https://arxiv.org/licenses/nonexclusive-distrib/1.0/,https://arxiv.org/licenses/nonexclusive-distrib/1.0/,,,hold-manual-license-review,arxiv_abs_page,2026-08-09T05:49:37+00:00,not-started,,,,CompF,CompF: Machine Learning,Manual source-license review is required before publishing a full translation.
arXiv:2203.14915,arxiv:2203.14915,New Horizons: Scalar and Vector Ultralight Dark Matter,D. Antypas et al.,https://arxiv.org/abs/2203.14915,v1,https://arxiv.org/abs/2203.14915v1,ARXIV-NONEXCLUSIVE-DISTRIB-1.0,https://arxiv.org/licenses/nonexclusive-distrib/1.0/,https://arxiv.org/licenses/nonexclusive-distrib/1.0/,,,hold-manual-license-review,arxiv_abs_page,2026-08-09T05:49:45+00:00,not-started,,,,CF | IF | RPF | TF,CF: Dark Matter: Wave-like | IF: Quantum Sensors | RPF: Fundamental Physics in Small Experiments | TF: Astro-Particle Physics and Cosmology,Manual source-license review is required before publishing a full translation.
arXiv:2203.05010,arxiv:2203.05010,New Ideas in Baryogenesis,G. Elor et al.,https://arxiv.org/abs/2203.05010,v2,https://arxiv.org/abs/2203.05010v2,ARXIV-NONEXCLUSIVE-DISTRIB-1.0,https://arxiv.org/licenses/nonexclusive-distrib/1.0/,https://arxiv.org/licenses/nonexclusive-distrib/1.0/,,,hold-manual-license-review,arxiv_abs_page,2026-08-09T05:49:40+00:00,not-started,,,,TF,TF: Beyond-Standard-Model Model Building,Manual source-license review is required before publishing a full translation.
arXiv:2006.04824,arxiv:2006.04824,New Physics in B Meson Mixing: Future Sensitivity and Limitations,J. Charles et al.,https://arxiv.org/abs/2006.04824,v1,https://arxiv.org/abs/2006.04824v1,ARXIV-NONEXCLUSIVE-DISTRIB-1.0,https://arxiv.org/licenses/nonexclusive-distrib/1.0/,https://arxiv.org/licenses/nonexclusive-distrib/1.0/,,,hold-manual-license-review,arxiv_abs_page,2026-08-09T05:49:42+00:00,not-started,,,,RPF | TF,RPF: Weak Decays of b and c Quarks | TF: Theory Techniques for Precision Physics,Manual source-license review is required before publishing a full translation.
arXiv:2201.07805,arxiv:2201.07805,New Physics Searches at Kaon and Hyperon Factories,E. Goudzovski et al.,https://arxiv.org/abs/2201.07805,v2,https://arxiv.org/abs/2201.07805v2,CC-BY-4.0,https://creativecommons.org/licenses/by/4.0/,https://creativecommons.org/licenses/by/4.0/,True,True,eligible-after-attribution-check,arxiv_abs_page,2026-08-09T05:49:42+00:00,not-started,,,,RPF,RPF: Weak Decays of Strange and Light Quarks,Adaptation is indicated by the source license; preserve attribution and all license conditions.
arXiv:2203.07913,arxiv:2203.07913,New Physics with Missing Energy at Future Lepton Colliders,J. Kalinowski et al.,https://arxiv.org/abs/2203.07913,v1,https://arxiv.org/abs/2203.07913v1,CC-BY-4.0,https://creativecommons.org/licenses/by/4.0/,https://creativecommons.org/licenses/by/4.0/,True,True,eligible-after-attribution-check,arxiv_abs_page,2026-08-09T05:49:40+00:00,not-started,,,,EF | TF,EF: Beyond the Standard Model - Dark Matter at Colliders | TF: Collider Phenomenology,Adaptation is indicated by the source license; preserve attribution and all license conditions.
arXiv:2204.02536,arxiv:2204.02536,Next-Generation Superconducting RF Technology based on Advanced Thin Film Technologies and Innovative Materials for Accelerator Enhanced Performance and Energy Reach,A.- M. Valente-Feliciano et al.,https://arxiv.org/abs/2204.02536,v1,https://arxiv.org/abs/2204.02536v1,CC-BY-4.0,https://creativecommons.org/licenses/by/4.0/,https://creativecommons.org/licenses/by/4.0/,True,True,eligible-after-attribution-check,arxiv_abs_page,2026-08-09T05:49:46+00:00,not-started,,,,AF,AF: Accelerator Technology - RF,Adaptation is indicated by the source license; preserve attribution and all license conditions.
arXiv:2203.09939,arxiv:2203.09939,"Novel Low Workfunction Semiconductors for Calorimetry and Detection: High Energy, Dark Matter and Neutrino Phenomena",D. R. Winn.,https://arxiv.org/abs/2203.09939,v1,https://arxiv.org/abs/2203.09939v1,ARXIV-NONEXCLUSIVE-DISTRIB-1.0,https://arxiv.org/licenses/nonexclusive-distrib/1.0/,https://arxiv.org/licenses/nonexclusive-distrib/1.0/,,,hold-manual-license-review,arxiv_abs_page,2026-08-09T05:49:43+00:00,not-started,,,,IF,IF: Calorimetry,Manual source-license review is required before publishing a full translation.
arXiv:2203.08357,arxiv:2203.08357,Novel Materials and Concepts for Next-Generation High Power Target Applications,K. Ammigan et al.,https://arxiv.org/abs/2203.08357,v1,https://arxiv.org/abs/2203.08357v1,CC-BY-4.0,https://creativecommons.org/licenses/by/4.0/,https://creativecommons.org/licenses/by/4.0/,True,True,eligible-after-attribution-check,arxiv_abs_page,2026-08-09T05:49:47+00:00,not-started,,,,AF,AF: Accelerator Technology - Targets and Sources,Adaptation is indicated by the source license; preserve attribution and all license conditions.
arXiv:2202.11828,arxiv:2202.11828,Novel Sensors for Particle Tracking,M. R. Hoeferkamp et al.,https://arxiv.org/abs/2202.11828,v1,https://arxiv.org/abs/2202.11828v1,ARXIV-NONEXCLUSIVE-DISTRIB-1.0,https://arxiv.org/licenses/nonexclusive-distrib/1.0/,https://arxiv.org/licenses/nonexclusive-distrib/1.0/,,,hold-manual-license-review,arxiv_abs_page,2026-08-09T05:49:44+00:00,not-started,,,,IF,IF: Solid State Detectors and Tracking,Manual source-license review is required before publishing a full translation.
arXiv:2112.12593,arxiv:2112.12593,Nu Tools: Exploring Practical Roles for Neutrinos in Nuclear Energy and Security,O. A. Akindele et al.,https://arxiv.org/abs/2112.12593,v1,https://arxiv.org/abs/2112.12593v1,ARXIV-NONEXCLUSIVE-DISTRIB-1.0,https://arxiv.org/licenses/nonexclusive-distrib/1.0/,https://arxiv.org/licenses/nonexclusive-distrib/1.0/,,,hold-manual-license-review,arxiv_abs_page,2026-08-09T05:49:46+00:00,not-started,,,,NF,NF: Neutrino Applications,Manual source-license review is required before publishing a full translation.
arXiv:2203.08139,arxiv:2203.08139,Numerical Relativity for Next-Generation Gravitational-Wave Probes of Fundamental Physics,F. Foucart et al.,https://arxiv.org/abs/2203.08139,v3,https://arxiv.org/abs/2203.08139v3,ARXIV-NONEXCLUSIVE-DISTRIB-1.0,https://arxiv.org/licenses/nonexclusive-distrib/1.0/,https://arxiv.org/licenses/nonexclusive-distrib/1.0/,,,hold-manual-license-review,arxiv_abs_page,2026-08-09T05:49:55+00:00,not-started,,,,CF | CompF,CF: Cosmic Probes of Fundamental Physics | CompF: Theoretical Calculations and Simulations,Manual source-license review is required before publishing a full translation.
arXiv:2203.10377,arxiv:2203.10377,Nurturing the Industrial Accelerator Technology Base in the US,A. M. M. Todd,https://arxiv.org/abs/2203.10377,v2,https://arxiv.org/abs/2203.10377v2,ARXIV-NONEXCLUSIVE-DISTRIB-1.0,https://arxiv.org/licenses/nonexclusive-distrib/1.0/,https://arxiv.org/licenses/nonexclusive-distrib/1.0/,,,hold-manual-license-review,arxiv_abs_page,2026-08-09T05:49:55+00:00,not-started,,,,AF | CEF,AF: General - centered on this frontier | CEF: Applications and Industry,Manual source-license review is required before publishing a full translation.
arXiv:2203.06200,arxiv:2203.06200,Observational Facilities to Study Dark Matter,S.Chakrabarti et al.,https://arxiv.org/abs/2203.06200,v1,https://arxiv.org/abs/2203.06200v1,CC-BY-4.0,https://creativecommons.org/licenses/by/4.0/,https://creativecommons.org/licenses/by/4.0/,True,True,eligible-after-attribution-check,arxiv_abs_page,2026-08-09T05:49:54+00:00,not-started,,,,CF,CF: Dark Matter: Cosmic Probes,Adaptation is indicated by the source license; preserve attribution and all license conditions.
arXiv:2205.01799,arxiv:2205.01799,Observational Signatures of Quantum Gravity,K. M. Zurek et al.,https://arxiv.org/abs/2205.01799,v1,https://arxiv.org/abs/2205.01799v1,CC-BY-4.0,https://creativecommons.org/licenses/by/4.0/,https://creativecommons.org/licenses/by/4.0/,True,True,eligible-after-attribution-check,arxiv_abs_page,2026-08-09T05:49:50+00:00,not-started,,,,CF | TF,"CF: Cosmic Probes of Fundamental Physics | TF: String Theory, Quantum Gravity, and Black Holes",Adaptation is indicated by the source license; preserve attribution and all license conditions.
arXiv:2203.09524,arxiv:2203.09524,On the Importance of Rare Kaon Decays,J. Aebischer et al.,https://arxiv.org/abs/2203.09524,v1,https://arxiv.org/abs/2203.09524v1,CC-BY-4.0,https://creativecommons.org/licenses/by/4.0/,https://creativecommons.org/licenses/by/4.0/,True,True,eligible-after-attribution-check,arxiv_abs_page,2026-08-09T05:49:46+00:00,not-started,,,,RPF,RPF: Weak Decays of Strange and Light Quarks,Adaptation is indicated by the source license; preserve attribution and all license conditions.
arXiv:2109.15181,arxiv:2109.15181,On the Modeling Uncertainties of ttbar W± Multi-Lepton Signatures,G. Bevilacqua et al.,https://arxiv.org/abs/2109.15181,v2,https://arxiv.org/abs/2109.15181v2,ARXIV-NONEXCLUSIVE-DISTRIB-1.0,https://arxiv.org/licenses/nonexclusive-distrib/1.0/,https://arxiv.org/licenses/nonexclusive-distrib/1.0/,,,hold-manual-license-review,arxiv_abs_page,2026-08-09T05:49:48+00:00,not-started,,,,EF,EF: Heavy Flavor and Top Quark Physics,Manual source-license review is required before publishing a full translation.
arXiv:2203.05939,arxiv:2203.05939,Opportunities for New Physics Searches with Heavy Ions at Colliders,David d'Enterria et al.,https://arxiv.org/abs/2203.05939,v2,https://arxiv.org/abs/2203.05939v2,CC-BY-4.0,https://creativecommons.org/licenses/by/4.0/,https://creativecommons.org/licenses/by/4.0/,True,True,eligible-after-attribution-check,arxiv_abs_page,2026-08-09T05:49:52+00:00,not-started,,,,EF,EF: QCD and Strong Interactions - Heavy Ions,Adaptation is indicated by the source license; preserve attribution and all license conditions.
arXiv:2204.02280,arxiv:2204.02280,Opportunities for Precision QCD Physics in Hadronization at Belle II,A. Accardi et al.,https://arxiv.org/abs/2204.02280,v2,https://arxiv.org/abs/2204.02280v2,ARXIV-NONEXCLUSIVE-DISTRIB-1.0,https://arxiv.org/licenses/nonexclusive-distrib/1.0/,https://arxiv.org/licenses/nonexclusive-distrib/1.0/,,,hold-manual-license-review,arxiv_abs_page,2026-08-09T05:49:48+00:00,not-started,,,,EF,EF: QCD and Strong Interactions - Precision QCD,Manual source-license review is required before publishing a full translation.
arXiv:2203.06795,arxiv:2203.06795,Opportunities from Cross-survey Analyses of Static Probes,E. J. Baxter et al.,https://arxiv.org/abs/2203.06795,v2,https://arxiv.org/abs/2203.06795v2,ARXIV-NONEXCLUSIVE-DISTRIB-1.0,https://arxiv.org/licenses/nonexclusive-distrib/1.0/,https://arxiv.org/licenses/nonexclusive-distrib/1.0/,,,hold-manual-license-review,arxiv_abs_page,2026-08-09T05:49:50+00:00,not-started,,,,CF,CF: Dark Energy and Cosmic Acceleration: Complementarity of Probes and New Facilities,Manual source-license review is required before publishing a full translation.
arXiv:2103.00522,arxiv:2103.00522,Optimising Top-Quark Threshold Scan at CLIC using Genetic Algorithm,"K. Nowak, A. F. Zarnecki.",https://arxiv.org/abs/2103.00522,v2,https://arxiv.org/abs/2103.00522v2,ARXIV-NONEXCLUSIVE-DISTRIB-1.0,https://arxiv.org/licenses/nonexclusive-distrib/1.0/,https://arxiv.org/licenses/nonexclusive-distrib/1.0/,,,hold-manual-license-review,arxiv_abs_page,2026-08-09T05:49:54+00:00,not-started,,,,EF,EF: Heavy Flavor and Top Quark Physics,Manual source-license review is required before publishing a full translation.
arXiv:2203.15138,arxiv:2203.15138,Particle Flow Calorimetry,"R. Ruchti, K. Kruger.",https://arxiv.org/abs/2203.15138,v2,https://arxiv.org/abs/2203.15138v2,CC-BY-4.0,https://creativecommons.org/licenses/by/4.0/,https://creativecommons.org/licenses/by/4.0/,True,True,eligible-after-attribution-check,arxiv_abs_page,2026-08-09T05:49:51+00:00,not-started,,,,EF | IF,EF: General - cross-listed | IF: Calorimetry,Adaptation is indicated by the source license; preserve attribution and all license conditions.
arXiv:2203.09585,arxiv:2203.09585,Particle Physics Outreach at Non-Traditional Venues,J. Cochran et al.,https://arxiv.org/abs/2203.09585,v1,https://arxiv.org/abs/2203.09585v1,CC-BY-4.0,https://creativecommons.org/licenses/by/4.0/,https://creativecommons.org/licenses/by/4.0/,True,True,eligible-after-attribution-check,arxiv_abs_page,2026-08-09T05:49:53+00:00,not-started,,,,CEF,CEF: Public Education and Outreach,Adaptation is indicated by the source license; preserve attribution and all license conditions.
arXiv:2203.10953,arxiv:2203.10953,Particle Physics Outreach to K-12 Schools and Opportunities in Undergraduate Education,M. G. Bardeen et al.,https://arxiv.org/abs/2203.10953,v1,https://arxiv.org/abs/2203.10953v1,CC-BY-4.0,https://creativecommons.org/licenses/by/4.0/,https://creativecommons.org/licenses/by/4.0/,True,True,eligible-after-attribution-check,arxiv_abs_page,2026-08-09T05:49:55+00:00,not-started,,,,CEF,CEF: Physics Education,Adaptation is indicated by the source license; preserve attribution and all license conditions.
arXiv:2203.05525,arxiv:2203.05525,Passive Low Energy Nuclear Recoil Detection with Color Centers – PALEOCCENE,K. Alfonso et al.,https://arxiv.org/abs/2203.05525,v1,https://arxiv.org/abs/2203.05525v1,CC-BY-4.0,https://creativecommons.org/licenses/by/4.0/,https://creativecommons.org/licenses/by/4.0/,True,True,eligible-after-attribution-check,arxiv_abs_page,2026-08-09T05:49:53+00:00,not-started,,,,CF | IF | NF,CF: Dark Matter: Particle-like | IF: Solid State Detectors and Tracking | NF: Neutrino Detectors,Adaptation is indicated by the source license; preserve attribution and all license conditions.
arXiv:2203.09202,arxiv:2203.09202,Performance of the LHC Injector Chain after the Upgrade and Potential Development,"H. Bartosik, G. Rumolo.",https://arxiv.org/abs/2203.09202,v1,https://arxiv.org/abs/2203.09202v1,CC-BY-NC-SA-4.0,https://creativecommons.org/licenses/by-nc-sa/4.0/,https://creativecommons.org/licenses/by-nc-sa/4.0/,True,False,eligible-noncommercial-only-after-sharealike-check,arxiv_abs_page,2026-08-09T05:49:58+00:00,not-started,,,,AF,AF: Accelerators for Neutrinos,Adaptation is indicated by the source license; preserve attribution and all license conditions.
arXiv:2203.11623,arxiv:2203.11623,PetaVolts per Meter Plasmonics,A. A. Sahai et al.,https://arxiv.org/abs/2203.11623,v1,https://arxiv.org/abs/2203.11623v1,CC-BY-NC-ND-4.0,https://creativecommons.org/licenses/by-nc-nd/4.0/,https://creativecommons.org/licenses/by-nc-nd/4.0/,False,False,hold-no-public-adaptation,arxiv_abs_page,2026-08-09T05:50:00+00:00,not-started,,,,AF | CompF | EF,AF: Advanced Accelerator Concepts | CompF: Theoretical Calculations and Simulations | EF: Beyond the Standard Model - More General Explorations,Manual source-license review is required before publishing a full translation.
arXiv:2203.07270,arxiv:2203.07270,Phenomenological Aspects of Composite Higgs Scenarios: Exotic Scalars and Vector-Like Quarks,A. Banerjee et al.,https://arxiv.org/abs/2203.07270,v3,https://arxiv.org/abs/2203.07270v3,CC-BY-4.0,https://creativecommons.org/licenses/by/4.0/,https://creativecommons.org/licenses/by/4.0/,True,True,eligible-after-attribution-check,arxiv_abs_page,2026-08-09T05:49:57+00:00,not-started,,,,EF | TF,EF: Beyond the Standard Model - Model Specific Explorations | TF: Collider Phenomenology,Adaptation is indicated by the source license; preserve attribution and all license conditions.
arXiv:2203.09941,arxiv:2203.09941,Photomultipliers as High Rate Radiation-Resistant In-Situ Sensors in Future Experiments,"D. R Winn, Y. Onel.",https://arxiv.org/abs/2203.09941,v1,https://arxiv.org/abs/2203.09941v1,ARXIV-NONEXCLUSIVE-DISTRIB-1.0,https://arxiv.org/licenses/nonexclusive-distrib/1.0/,https://arxiv.org/licenses/nonexclusive-distrib/1.0/,,,hold-manual-license-review,arxiv_abs_page,2026-08-09T05:50:00+00:00,not-started,,,,IF,IF: Calorimetry,Manual source-license review is required before publishing a full translation.
arXiv:2203.12542,arxiv:2203.12542,Photon Counting from the Vacuum Ultraviolet to the Short Wavelength Infrared using Semiconductor and Superconducting Technologies,J. Asaadi et al.,https://arxiv.org/abs/2203.12542,v1,https://arxiv.org/abs/2203.12542v1,CC-BY-4.0,https://creativecommons.org/licenses/by/4.0/,https://creativecommons.org/licenses/by/4.0/,True,True,eligible-after-attribution-check,arxiv_abs_page,2026-08-09T05:50:02+00:00,not-started,,,,IF,IF: Photon Detectors,Adaptation is indicated by the source license; preserve attribution and all license conditions.
arXiv:2203.05078,arxiv:2203.05078,Physical Mathematics 2021,I. Bah et al.,https://arxiv.org/abs/2203.05078,v1,https://arxiv.org/abs/2203.05078v1,CC-BY-4.0,https://creativecommons.org/licenses/by/4.0/,https://creativecommons.org/licenses/by/4.0/,True,True,eligible-after-attribution-check,arxiv_abs_page,2026-08-09T05:50:01+00:00,not-started,,,,TF,TF: Conformal Field Theory and Formal Quantum Field Theory,Adaptation is indicated by the source license; preserve attribution and all license conditions.
arXiv:2205.00031,arxiv:2205.00031,Physics at Future Colliders: the Interplay Between Energy and Luminosity,"Z. Liu, L.-T. Wang.",https://arxiv.org/abs/2205.00031,v1,https://arxiv.org/abs/2205.00031v1,CC-BY-4.0,https://creativecommons.org/licenses/by/4.0/,https://creativecommons.org/licenses/by/4.0/,True,True,eligible-after-attribution-check,arxiv_abs_page,2026-08-09T05:49:57+00:00,not-started,,,,AF | EF,AF: General - centered on this frontier | EF: General - centered on this frontier,Adaptation is indicated by the source license; preserve attribution and all license conditions.
arXiv:2203.16255,arxiv:2203.16255,"Physics Community Needs, Tools, and Resources for Machine Learning",P. Harris et al.,https://arxiv.org/abs/2203.16255,v1,https://arxiv.org/abs/2203.16255v1,CC-BY-4.0,https://creativecommons.org/licenses/by/4.0/,https://creativecommons.org/licenses/by/4.0/,True,True,eligible-after-attribution-check,arxiv_abs_page,2026-08-09T05:49:57+00:00,not-started,,,,CF | CompF | EF | IF | NF,CF: Cosmic Probes of Fundamental Physics | CompF: Machine Learning | EF: General - cross-listed | IF: Trigger and Data Acquisition | NF: Neutrino Oscillations,Adaptation is indicated by the source license; preserve attribution and all license conditions.
arXiv:2204.08943,arxiv:2204.08943,Physics in the Tau-Charm Region at BESIII,H. B. Li et al.,https://arxiv.org/abs/2204.08943,v1,https://arxiv.org/abs/2204.08943v1,CC-BY-4.0,https://creativecommons.org/licenses/by/4.0/,https://creativecommons.org/licenses/by/4.0/,True,True,eligible-after-attribution-check,arxiv_abs_page,2026-08-09T05:50:01+00:00,not-started,,,,RPF,RPF: General - centered on this frontier,Adaptation is indicated by the source license; preserve attribution and all license conditions.
arXiv:2203.03925,arxiv:2203.03925,Physics Opportunities for the Fermilab Booster Replacement,J. Arrington et al.,https://arxiv.org/abs/2203.03925,v1,https://arxiv.org/abs/2203.03925v1,CC0-1.0,https://creativecommons.org/publicdomain/zero/1.0/,https://creativecommons.org/publicdomain/zero/1.0/,True,True,eligible-after-attribution-check,arxiv_abs_page,2026-08-09T05:50:03+00:00,not-started,,,,AF | NF | RPF | TF,AF: General - centered on this frontier | NF: General - centered on this frontier | RPF: General - centered on this frontier | TF: General - cross-listed,Adaptation is indicated by the source license; preserve attribution and all license conditions.
arXiv:2209.02883,arxiv:2209.02883,Physics Opportunities in the ORNL Spallation Neutron Source Second Target Station Era,J. Asaadi et al.,https://arxiv.org/abs/2209.02883,v1,https://arxiv.org/abs/2209.02883v1,ARXIV-NONEXCLUSIVE-DISTRIB-1.0,https://arxiv.org/licenses/nonexclusive-distrib/1.0/,https://arxiv.org/licenses/nonexclusive-distrib/1.0/,,,hold-manual-license-review,arxiv_abs_page,2026-08-09T05:50:01+00:00,not-started,,,,CF | IF | NF,CF: Dark Matter: Particle-like | IF: Noble Element-Based Detectors | NF: General - centered on this frontier,Manual source-license review is required before publishing a full translation.
arXiv:2202.12343,arxiv:2202.12343,Physics Opportunities with PROSPECT-II,M. Andriamirado et al.,https://arxiv.org/abs/2202.12343,v2,https://arxiv.org/abs/2202.12343v2,ARXIV-NONEXCLUSIVE-DISTRIB-1.0,https://arxiv.org/licenses/nonexclusive-distrib/1.0/,https://arxiv.org/licenses/nonexclusive-distrib/1.0/,,,hold-manual-license-review,arxiv_abs_page,2026-08-09T05:50:00+00:00,not-started,,,,NF,NF: Sterile Neutrinos,Manual source-license review is required before publishing a full translation.
arXiv:2005.05221,arxiv:2005.05221,Physics Potential of Timing Layers in Future Collider Detectors,S.V. Chekanov et al.,https://arxiv.org/abs/2005.05221,v3,https://arxiv.org/abs/2005.05221v3,ARXIV-NONEXCLUSIVE-DISTRIB-1.0,https://arxiv.org/licenses/nonexclusive-distrib/1.0/,https://arxiv.org/licenses/nonexclusive-distrib/1.0/,,,hold-manual-license-review,arxiv_abs_page,2026-08-09T05:50:00+00:00,not-started,,,,EF | IF,EF: Beyond the Standard Model - More General Explorations | IF: Calorimetry,Manual source-license review is required before publishing a full translation.
arXiv:2105.12962,arxiv:2105.12962,Physics Reach of a Long-Lived Particle Detector at Belle II,S. Dreyer et al.,https://arxiv.org/abs/2105.12962,v2,https://arxiv.org/abs/2105.12962v2,ARXIV-NONEXCLUSIVE-DISTRIB-1.0,https://arxiv.org/licenses/nonexclusive-distrib/1.0/,https://arxiv.org/licenses/nonexclusive-distrib/1.0/,,,hold-manual-license-review,arxiv_abs_page,2026-08-09T05:50:06+00:00,not-started,,,,RPF,RPF: Dark Sector Studies at High Intensities,Manual source-license review is required before publishing a full translation.
external:https://cds.cern.ch/record/2806962,external:https://cds.cern.ch/record/2806962,Physics with the Phase-2 ATLAS and CMS Detectors,ATLAS and CMS Collaborations.,https://cds.cern.ch/record/2806962,,,CC-BY-4.0,https://creativecommons.org/licenses/by/4.0/,https://www.slac.stanford.edu/econf/C210711/papers/CDS-2806962.pdf,True,True,eligible-after-attribution-check,official_pdf_first_page,2026-08-09T06:35:11+00:00,not-started,,,,CF | EF | RPF,CF: Dark Matter: Particle-like | EF: General - centered on this frontier | RPF: Weak Decays of b and c Quarks,PDF first page states: © 2022 CERN for the benefit of the CMS and ATLAS Collaborations. CC-BY-4.0 license.
arXiv:2203.08079,arxiv:2203.08079,PIP2-BD: GeV Proton Beam Dump at Fermilab's PIP-II Linac,M. Toups et al.,https://arxiv.org/abs/2203.08079,v2,https://arxiv.org/abs/2203.08079v2,ARXIV-NONEXCLUSIVE-DISTRIB-1.0,https://arxiv.org/licenses/nonexclusive-distrib/1.0/,https://arxiv.org/licenses/nonexclusive-distrib/1.0/,,,hold-manual-license-review,arxiv_abs_page,2026-08-09T05:50:05+00:00,not-started,,,,AF | NF | RPF,AF: Accelerators for Rare Processes and Physics Beyond Colliders | NF: Neutrinos Beyond the Standard Model | RPF: Dark Sector Studies at High Intensities,Manual source-license review is required before publishing a full translation.
arXiv:2203.12442,arxiv:2203.12442,Plasma Processing for In-Situ Field Emission Mitigation of Superconducting Radiofrequency (SRF) Cryomodules,M. Martinello et al.,https://arxiv.org/abs/2203.12442,v1,https://arxiv.org/abs/2203.12442v1,CC-BY-4.0,https://creativecommons.org/licenses/by/4.0/,https://creativecommons.org/licenses/by/4.0/,True,True,eligible-after-attribution-check,arxiv_abs_page,2026-08-09T05:50:01+00:00,not-started,,,,AF,AF: Accelerator Technology - RF,Adaptation is indicated by the source license; preserve attribution and all license conditions.
arXiv:2203.08379,arxiv:2203.08379,Plasma-Based Particle Sources,M. Fuchs et al.,https://arxiv.org/abs/2203.08379,v2,https://arxiv.org/abs/2203.08379v2,ARXIV-NONEXCLUSIVE-DISTRIB-1.0,https://arxiv.org/licenses/nonexclusive-distrib/1.0/,https://arxiv.org/licenses/nonexclusive-distrib/1.0/,,,hold-manual-license-review,arxiv_abs_page,2026-08-09T05:50:03+00:00,not-started,,,,AF,AF: Advanced Accelerator Concepts,Manual source-license review is required before publishing a full translation.
arXiv:2203.11508,arxiv:2203.11508,Policing and Gatekeeping in STEM,A. K. Hodari et al.,https://arxiv.org/abs/2203.11508,v2,https://arxiv.org/abs/2203.11508v2,CC-BY-NC-ND-4.0,https://creativecommons.org/licenses/by-nc-nd/4.0/,https://creativecommons.org/licenses/by-nc-nd/4.0/,False,False,hold-no-public-adaptation,arxiv_abs_page,2026-08-09T05:50:02+00:00,not-started,,,,CEF,"CEF: Diversity, Equity, and Inclusion",Manual source-license review is required before publishing a full translation.
arXiv:2203.09945,arxiv:2203.09945,Portability: A Necessary Approach for Future Scientific Software,M. Bhattacharya et al.,https://arxiv.org/abs/2203.09945,v1,https://arxiv.org/abs/2203.09945v1,CC-BY-4.0,https://creativecommons.org/licenses/by/4.0/,https://creativecommons.org/licenses/by/4.0/,True,True,eligible-after-attribution-check,arxiv_abs_page,2026-08-09T05:50:03+00:00,not-started,,,,CompF,CompF: Experimental Algorithm Parallelization,Adaptation is indicated by the source license; preserve attribution and all license conditions.
arXiv:2202.02222,arxiv:2202.02222,Portal Matter and Dark Sector Phenomenology at Colliders,T. G. Rizzo.,https://arxiv.org/abs/2202.02222,v2,https://arxiv.org/abs/2202.02222v2,ARXIV-NONEXCLUSIVE-DISTRIB-1.0,https://arxiv.org/licenses/nonexclusive-distrib/1.0/,https://arxiv.org/licenses/nonexclusive-distrib/1.0/,,,hold-manual-license-review,arxiv_abs_page,2026-08-09T05:50:04+00:00,not-started,,,,CF | EF | TF,CF: Dark Matter: Particle-like | EF: Beyond the Standard Model - Dark Matter at Colliders | TF: Collider Phenomenology,Manual source-license review is required before publishing a full translation.
arXiv:2204.13245,arxiv:2204.13245,Positron Sources for Future High Energy Physics Colliders,P. Musumeci et al.,https://arxiv.org/abs/2204.13245,v1,https://arxiv.org/abs/2204.13245v1,CC-BY-4.0,https://creativecommons.org/licenses/by/4.0/,https://creativecommons.org/licenses/by/4.0/,True,True,eligible-after-attribution-check,arxiv_abs_page,2026-08-09T05:50:11+00:00,not-started,,,,AF,AF: Accelerator Technology - Targets and Sources,Adaptation is indicated by the source license; preserve attribution and all license conditions.
arXiv:2203.11513,arxiv:2203.11513,Power Dynamics in Physics,A. K. Hodari et al.,https://arxiv.org/abs/2203.11513,v2,https://arxiv.org/abs/2203.11513v2,CC-BY-NC-ND-4.0,https://creativecommons.org/licenses/by-nc-nd/4.0/,https://creativecommons.org/licenses/by-nc-nd/4.0/,False,False,hold-no-public-adaptation,arxiv_abs_page,2026-08-09T05:50:03+00:00,not-started,,,,CEF,"CEF: Diversity, Equity, and Inclusion",Manual source-license review is required before publishing a full translation.
arXiv:2203.09691,arxiv:2203.09691,Precision Studies of Spacetime Symmetries and Gravitational Physics,E. Adelberger et al.,https://arxiv.org/abs/2203.09691,v2,https://arxiv.org/abs/2203.09691v2,ARXIV-NONEXCLUSIVE-DISTRIB-1.0,https://arxiv.org/licenses/nonexclusive-distrib/1.0/,https://arxiv.org/licenses/nonexclusive-distrib/1.0/,,,hold-manual-license-review,arxiv_abs_page,2026-08-09T05:50:03+00:00,not-started,,,,AF | CF | IF | RPF,AF: General - cross-listed | CF: General - centered on this frontier: | IF: General - centered on this frontier | RPF: General - centered on this frontier,Manual source-license review is required before publishing a full translation.
arXiv:2203.07286,arxiv:2203.07286,Precision Timing for Collider-Experiment-Based Calorimetry,S. V. Chekanov et al.,https://arxiv.org/abs/2203.07286,v1,https://arxiv.org/abs/2203.07286v1,ARXIV-NONEXCLUSIVE-DISTRIB-1.0,https://arxiv.org/licenses/nonexclusive-distrib/1.0/,https://arxiv.org/licenses/nonexclusive-distrib/1.0/,,,hold-manual-license-review,arxiv_abs_page,2026-08-09T05:50:04+00:00,not-started,,,,IF,IF: Calorimetry,Manual source-license review is required before publishing a full translation.
arXiv:2203.08967,arxiv:2203.08967,Primordial Black Hole Dark Matter,S. Bird et al.,https://arxiv.org/abs/2203.08967,v2,https://arxiv.org/abs/2203.08967v2,ARXIV-NONEXCLUSIVE-DISTRIB-1.0,https://arxiv.org/licenses/nonexclusive-distrib/1.0/,https://arxiv.org/licenses/nonexclusive-distrib/1.0/,,,hold-manual-license-review,arxiv_abs_page,2026-08-09T05:50:06+00:00,not-started,,,,CF,CF: Dark Matter: Cosmic Probes,Manual source-license review is required before publishing a full translation.
arXiv:2203.15954,arxiv:2203.15954,Probing dark matter with small-scale astrophysical observations,R. Brito et al.,https://arxiv.org/abs/2203.15954,v2,https://arxiv.org/abs/2203.15954v2,ARXIV-NONEXCLUSIVE-DISTRIB-1.0,https://arxiv.org/licenses/nonexclusive-distrib/1.0/,https://arxiv.org/licenses/nonexclusive-distrib/1.0/,,,hold-manual-license-review,arxiv_abs_page,2026-08-09T05:50:08+00:00,not-started,,,,CF,CF: Cosmic Probes of Fundamental Physics,Manual source-license review is required before publishing a full translation.
arXiv:2204.04045,arxiv:2204.04045,Probing Fundamental Physics With Multi-Modal Cosmic Ray Events,D. Beznosko et al.,https://arxiv.org/abs/2204.04045,v4,https://arxiv.org/abs/2204.04045v4,CC-BY-4.0,https://creativecommons.org/licenses/by/4.0/,https://creativecommons.org/licenses/by/4.0/,True,True,eligible-after-attribution-check,arxiv_abs_page,2026-08-09T05:50:06+00:00,not-started,,,,CF,CF: Cosmic Probes of Fundamental Physics,Adaptation is indicated by the source license; preserve attribution and all license conditions.
arXiv:2203.06929,arxiv:2203.06929,Probing Heavy Majorana Neutrino Pair Production at ILC in a U(1)_{B−L} Extension of the Standard Model,J. Nakajima et al.,https://arxiv.org/abs/2203.06929,v2,https://arxiv.org/abs/2203.06929v2,CC-BY-4.0,https://creativecommons.org/licenses/by/4.0/,https://creativecommons.org/licenses/by/4.0/,True,True,eligible-after-attribution-check,arxiv_abs_page,2026-08-09T05:50:08+00:00,not-started,,,,EF,EF: Beyond the Standard Model - Model Specific Explorations,Adaptation is indicated by the source license; preserve attribution and all license conditions.
arXiv:2203.06207,arxiv:2203.06207,Probing Heavy-Flavor Parton Distribution Functions at Hadron Colliders,K. Xie et al.,https://arxiv.org/abs/2203.06207,v1,https://arxiv.org/abs/2203.06207v1,ARXIV-NONEXCLUSIVE-DISTRIB-1.0,https://arxiv.org/licenses/nonexclusive-distrib/1.0/,https://arxiv.org/licenses/nonexclusive-distrib/1.0/,,,hold-manual-license-review,arxiv_abs_page,2026-08-09T05:50:11+00:00,not-started,,,,EF,EF: Heavy Flavor and Top Quark Physics,Manual source-license review is required before publishing a full translation.
arXiv:2203.07495,arxiv:2203.07495,Probing New Physics with mu+mu− → bs at a Muon Collider,W. Altmannshofer et al.,https://arxiv.org/abs/2203.07495,v1,https://arxiv.org/abs/2203.07495v1,ARXIV-NONEXCLUSIVE-DISTRIB-1.0,https://arxiv.org/licenses/nonexclusive-distrib/1.0/,https://arxiv.org/licenses/nonexclusive-distrib/1.0/,,,hold-manual-license-review,arxiv_abs_page,2026-08-09T05:50:12+00:00,not-started,,,,EF,EF: Beyond the Standard Model - More General Explorations,Manual source-license review is required before publishing a full translation.
arXiv:2205.05745,arxiv:2205.05745,Probing the Cosmic Dark Ages with the Lunar Crater Radio Telescope,A. Goel et al.,https://arxiv.org/abs/2205.05745,v2,https://arxiv.org/abs/2205.05745v2,CC-BY-NC-ND-4.0,https://creativecommons.org/licenses/by-nc-nd/4.0/,https://creativecommons.org/licenses/by-nc-nd/4.0/,False,False,hold-no-public-adaptation,arxiv_abs_page,2026-08-09T05:50:06+00:00,not-started,,,,CF,CF: Dark Energy and Cosmic Acceleration: Cosmic Dawn and Before,Manual source-license review is required before publishing a full translation.
arXiv:2203.08206,arxiv:2203.08206,Probing the Electroweak Phase Transition with Exotic Higgs Decays,M. Carena et al.,https://arxiv.org/abs/2203.08206,v1,https://arxiv.org/abs/2203.08206v1,CC-BY-4.0,https://creativecommons.org/licenses/by/4.0/,https://creativecommons.org/licenses/by/4.0/,True,True,eligible-after-attribution-check,arxiv_abs_page,2026-08-09T05:50:10+00:00,not-started,,,,CF | EF,CF: Cosmic Probes of Fundamental Physics | EF: Beyond the Standard Model - More General Explorations,Adaptation is indicated by the source license; preserve attribution and all license conditions.
arXiv:2203.15128,arxiv:2203.15128,Programs Enabling Deep Technology Transfer from National Labs,A. Arai et al.,https://arxiv.org/abs/2203.15128,v1,https://arxiv.org/abs/2203.15128v1,CC-BY-4.0,https://creativecommons.org/licenses/by/4.0/,https://creativecommons.org/licenses/by/4.0/,True,True,eligible-after-attribution-check,arxiv_abs_page,2026-08-09T05:50:11+00:00,not-started,,,,CEF,CEF: Applications and Industry,Adaptation is indicated by the source license; preserve attribution and all license conditions.
arXiv:2203.07224,arxiv:2203.07224,Promising Technologies and R&D Directions for the Future Muon Collider Detectors,S. Jindariani et al.,https://arxiv.org/abs/2203.07224,v1,https://arxiv.org/abs/2203.07224v1,CC-BY-4.0,https://creativecommons.org/licenses/by/4.0/,https://creativecommons.org/licenses/by/4.0/,True,True,eligible-after-attribution-check,arxiv_abs_page,2026-08-09T05:50:08+00:00,not-started,,,,EF | IF,EF: General - centered on this frontier | IF: General - centered on this frontier,Adaptation is indicated by the source license; preserve attribution and all license conditions.
arXiv:2203.07212,arxiv:2203.07212,Prompt Electron and Tau Neutrinos and Antineutrinos in the Forward Region at the LHC,W. Bai et al.,https://arxiv.org/abs/2203.07212,v2,https://arxiv.org/abs/2203.07212v2,CC-BY-4.0,https://creativecommons.org/licenses/by/4.0/,https://creativecommons.org/licenses/by/4.0/,True,True,eligible-after-attribution-check,arxiv_abs_page,2026-08-09T05:50:08+00:00,not-started,,,,CF | EF | NF,CF: Cosmic Probes of Fundamental Physics | EF: QCD and Strong Interactions - Hadronic Structure and Forward QCD Processes | NF: Artificial Neutrino Sources,Adaptation is indicated by the source license; preserve attribution and all license conditions.
arXiv:2205.10404,arxiv:2205.10404,Prospects for Heavy WIMP Dark Matter Searches at Muon Colliders,K. Black et al.,https://arxiv.org/abs/2205.10404,v1,https://arxiv.org/abs/2205.10404v1,ARXIV-NONEXCLUSIVE-DISTRIB-1.0,https://arxiv.org/licenses/nonexclusive-distrib/1.0/,https://arxiv.org/licenses/nonexclusive-distrib/1.0/,,,hold-manual-license-review,arxiv_abs_page,2026-08-09T05:50:11+00:00,not-started,,,,EF,EF: Beyond the Standard Model - Dark Matter at Colliders,Manual source-license review is required before publishing a full translation.
arXiv:2203.16994,arxiv:2203.16994,Prospects for Measurements of the Bottom Quark Mass,J. Aparisi et al.,https://arxiv.org/abs/2203.16994,v1,https://arxiv.org/abs/2203.16994v1,CC-BY-4.0,https://creativecommons.org/licenses/by/4.0/,https://creativecommons.org/licenses/by/4.0/,True,True,eligible-after-attribution-check,arxiv_abs_page,2026-08-09T05:50:11+00:00,not-started,,,,EF,EF: Heavy Flavor and Top Quark Physics,Adaptation is indicated by the source license; preserve attribution and all license conditions.
arXiv:2203.07491,arxiv:2203.07491,Prospects for obtaining Dark Matter Constraints with DESI,M. Valluri et al.,https://arxiv.org/abs/2203.07491,v2,https://arxiv.org/abs/2203.07491v2,CC-BY-4.0,https://creativecommons.org/licenses/by/4.0/,https://creativecommons.org/licenses/by/4.0/,True,True,eligible-after-attribution-check,arxiv_abs_page,2026-08-09T05:50:10+00:00,not-started,,,,CF,CF: Dark Matter: Cosmic Probes,Adaptation is indicated by the source license; preserve attribution and all license conditions.
arXiv:2203.15810,arxiv:2203.15810,Prospects for Precise Predictions of a_μ in the Standard Model,G. Colangelo et al.,https://arxiv.org/abs/2203.15810,v1,https://arxiv.org/abs/2203.15810v1,ARXIV-NONEXCLUSIVE-DISTRIB-1.0,https://arxiv.org/licenses/nonexclusive-distrib/1.0/,https://arxiv.org/licenses/nonexclusive-distrib/1.0/,,,hold-manual-license-review,arxiv_abs_page,2026-08-09T05:50:15+00:00,not-started,,,,RPF | TF,RPF: Fundamental Physics in Small Experiments | TF: Lattice Gauge Theory,Manual source-license review is required before publishing a full translation.
arXiv:2203.08270,arxiv:2203.08270,Prospects for Searches for Higgs Boson Decays to Dark Photons at the ILC,S. Snyder et al.,https://arxiv.org/abs/2203.08270,v1,https://arxiv.org/abs/2203.08270v1,CC-BY-4.0,https://creativecommons.org/licenses/by/4.0/,https://creativecommons.org/licenses/by/4.0/,True,True,eligible-after-attribution-check,arxiv_abs_page,2026-08-09T05:50:12+00:00,not-started,,,,EF,EF: Beyond the Standard Model - Dark Matter at Colliders,Adaptation is indicated by the source license; preserve attribution and all license conditions.
arXiv:2203.08874,arxiv:2203.08874,Prospects for the Measurement of the Standard Model Higgs Pair Production at the Muon Colliders,K. Black et al. (ENUBET Collaboration),https://arxiv.org/abs/2203.08874,v3,https://arxiv.org/abs/2203.08874v3,ARXIV-NONEXCLUSIVE-DISTRIB-1.0,https://arxiv.org/licenses/nonexclusive-distrib/1.0/,https://arxiv.org/licenses/nonexclusive-distrib/1.0/,,,hold-manual-license-review,arxiv_abs_page,2026-08-09T05:50:13+00:00,not-started,,,,EF,EF: Higgs Boson Properties and Couplings,Manual source-license review is required before publishing a full translation.
arXiv:2205.02140,arxiv:2205.02140,Prospects for the Measurement of Top-Quark Couplings,G. Durieux et al.,https://arxiv.org/abs/2205.02140,v1,https://arxiv.org/abs/2205.02140v1,CC-BY-4.0,https://creativecommons.org/licenses/by/4.0/,https://creativecommons.org/licenses/by/4.0/,True,True,eligible-after-attribution-check,arxiv_abs_page,2026-08-09T05:50:13+00:00,not-started,,,,EF,EF: Heavy Flavor and Top Quark Physics,Adaptation is indicated by the source license; preserve attribution and all license conditions.
arXiv:2203.13923,arxiv:2203.13923,Proton structure at the Precision Frontier,S. Amoroso et al.,https://arxiv.org/abs/2203.13923,v3,https://arxiv.org/abs/2203.13923v3,ARXIV-NONEXCLUSIVE-DISTRIB-1.0,https://arxiv.org/licenses/nonexclusive-distrib/1.0/,https://arxiv.org/licenses/nonexclusive-distrib/1.0/,,,hold-manual-license-review,arxiv_abs_page,2026-08-09T05:50:15+00:00,not-started,,,,EF | TF,EF: QCD and Strong Interactions - Hadronic Structure and Forward QCD Processes | TF: Theory Techniques for Precision Physics,Manual source-license review is required before publishing a full translation.
arXiv:2207.00124,arxiv:2207.00124,Public Policy and Government Engagement: Congressional Advocacy for Areas Beyond HEP Funding,R. Diurba et al.,https://arxiv.org/abs/2207.00124,v2,https://arxiv.org/abs/2207.00124v2,CC-BY-4.0,https://creativecommons.org/licenses/by/4.0/,https://creativecommons.org/licenses/by/4.0/,True,True,eligible-after-attribution-check,arxiv_abs_page,2026-08-09T05:50:15+00:00,not-started,,,,CEF,CEF: Public Policy and Government Engagement,Adaptation is indicated by the source license; preserve attribution and all license conditions.
arXiv:2207.00122,arxiv:2207.00122,Public Policy and Government Engagement: Congressional Advocacy for HEP Funding (The 'DC Trip'),M. Carneiro et al.,https://arxiv.org/abs/2207.00122,v2,https://arxiv.org/abs/2207.00122v2,CC-BY-4.0,https://creativecommons.org/licenses/by/4.0/,https://creativecommons.org/licenses/by/4.0/,True,True,eligible-after-attribution-check,arxiv_abs_page,2026-08-09T05:50:14+00:00,not-started,,,,CEF,CEF: Public Policy and Government Engagement,Adaptation is indicated by the source license; preserve attribution and all license conditions.
arXiv:2207.00125,arxiv:2207.00125,Public Policy and Government Engagement: Non-Congressional Government Engagement,R. Diurba et al.,https://arxiv.org/abs/2207.00125,v2,https://arxiv.org/abs/2207.00125v2,CC-BY-4.0,https://creativecommons.org/licenses/by/4.0/,https://creativecommons.org/licenses/by/4.0/,True,True,eligible-after-attribution-check,arxiv_abs_page,2026-08-09T05:50:16+00:00,not-started,,,,CEF,CEF: Public Policy and Government Engagement,Adaptation is indicated by the source license; preserve attribution and all license conditions.
arXiv:2203.06859,arxiv:2203.06859,Puzzling Excesses in Dark Matter Searches and How to Resolve Them,R. K. Leane et al.,https://arxiv.org/abs/2203.06859,v1,https://arxiv.org/abs/2203.06859v1,ARXIV-NONEXCLUSIVE-DISTRIB-1.0,https://arxiv.org/licenses/nonexclusive-distrib/1.0/,https://arxiv.org/licenses/nonexclusive-distrib/1.0/,,,hold-manual-license-review,arxiv_abs_page,2026-08-09T05:50:15+00:00,not-started,,,,CF | TF,CF: Dark Matter: Particle-like | TF: Astro-Particle Physics and Cosmology,Manual source-license review is required before publishing a full translation.
arXiv:2201.03096,arxiv:2201.03096,Quantum Aspects of Black Holes and the Emergence of Spacetime,R. Bousso et al.,https://arxiv.org/abs/2201.03096,v2,https://arxiv.org/abs/2201.03096v2,ARXIV-NONEXCLUSIVE-DISTRIB-1.0,https://arxiv.org/licenses/nonexclusive-distrib/1.0/,https://arxiv.org/licenses/nonexclusive-distrib/1.0/,,,hold-manual-license-review,arxiv_abs_page,2026-08-09T05:50:17+00:00,not-started,,,,TF,"TF: String Theory, Quantum Gravity, and Black Holes",Manual source-license review is required before publishing a full translation.
arXiv:2203.08805,arxiv:2203.08805,Quantum Computing for Data Analysis in High-Energy Physics,A. Delgado et al.,https://arxiv.org/abs/2203.08805,v2,https://arxiv.org/abs/2203.08805v2,CC-BY-4.0,https://creativecommons.org/licenses/by/4.0/,https://creativecommons.org/licenses/by/4.0/,True,True,eligible-after-attribution-check,arxiv_abs_page,2026-08-09T05:50:15+00:00,not-started,,,,CompF,CompF: Quantum Computing,Adaptation is indicated by the source license; preserve attribution and all license conditions.
arXiv:2204.08605,arxiv:2204.08605,Quantum Computing Hardware for HEP Algorithms and Sensing,M. S. Alam et al.,https://arxiv.org/abs/2204.08605,v3,https://arxiv.org/abs/2204.08605v3,ARXIV-NONEXCLUSIVE-DISTRIB-1.0,https://arxiv.org/licenses/nonexclusive-distrib/1.0/,https://arxiv.org/licenses/nonexclusive-distrib/1.0/,,,hold-manual-license-review,arxiv_abs_page,2026-08-09T05:50:16+00:00,not-started,,,,CompF | TF,CompF: Quantum Computing | TF: Quantum Information Science,Manual source-license review is required before publishing a full translation.
arXiv:2203.07091,arxiv:2203.07091,Quantum Computing Systems and Software for High-energy Physics Research,T. S. Humble et al.,https://arxiv.org/abs/2203.07091,v1,https://arxiv.org/abs/2203.07091v1,CC-BY-4.0,https://creativecommons.org/licenses/by/4.0/,https://creativecommons.org/licenses/by/4.0/,True,True,eligible-after-attribution-check,arxiv_abs_page,2026-08-09T05:50:20+00:00,not-started,,,,CompF,CompF: Quantum Computing,Adaptation is indicated by the source license; preserve attribution and all license conditions.
arXiv:2202.05104,arxiv:2202.05104,"Quantum Gravity and Phenomenology: Dark Matter, Dark Energy, Vacuum Selection, Emergent Spacetime, and Wormholes",P. Berglund et al.,https://arxiv.org/abs/2202.05104,v1,https://arxiv.org/abs/2202.05104v1,ARXIV-NONEXCLUSIVE-DISTRIB-1.0,https://arxiv.org/licenses/nonexclusive-distrib/1.0/,https://arxiv.org/licenses/nonexclusive-distrib/1.0/,,,hold-manual-license-review,arxiv_abs_page,2026-08-09T05:50:21+00:00,not-started,,,,TF,"TF: String Theory, Quantum Gravity, and Black Holes",Manual source-license review is required before publishing a full translation.
arXiv:2203.07117,arxiv:2203.07117,Quantum Information in Quantum Field Theory and Quantum Gravity,T. Faulkner et al.,https://arxiv.org/abs/2203.07117,v2,https://arxiv.org/abs/2203.07117v2,CC-BY-4.0,https://creativecommons.org/licenses/by/4.0/,https://creativecommons.org/licenses/by/4.0/,True,True,eligible-after-attribution-check,arxiv_abs_page,2026-08-09T05:50:19+00:00,not-started,,,,TF,TF: Quantum Information Science,Adaptation is indicated by the source license; preserve attribution and all license conditions.
arXiv:2203.16979,arxiv:2203.16979,Quantum Networks for High Energy Physics,A. Derevianko et al.,https://arxiv.org/abs/2203.16979,v1,https://arxiv.org/abs/2203.16979v1,ARXIV-NONEXCLUSIVE-DISTRIB-1.0,https://arxiv.org/licenses/nonexclusive-distrib/1.0/,https://arxiv.org/licenses/nonexclusive-distrib/1.0/,,,hold-manual-license-review,arxiv_abs_page,2026-08-09T05:50:16+00:00,not-started,,,,CompF,CompF: Quantum Computing,Manual source-license review is required before publishing a full translation.
arXiv:2203.07250,arxiv:2203.07250,"Quantum Sensors for HEP Science – Interferometers, Mechanics, Traps, and Clocks",D. Carney et al.,https://arxiv.org/abs/2203.07250,v2,https://arxiv.org/abs/2203.07250v2,ARXIV-NONEXCLUSIVE-DISTRIB-1.0,https://arxiv.org/licenses/nonexclusive-distrib/1.0/,https://arxiv.org/licenses/nonexclusive-distrib/1.0/,,,hold-manual-license-review,arxiv_abs_page,2026-08-09T05:50:17+00:00,not-started,,,,CF | IF | RPF,CF: General - cross-listed: | IF: Quantum Sensors | RPF: General - centered on this frontier,Manual source-license review is required before publishing a full translation.
arXiv:2203.09488,arxiv:2203.09488,Quantum Sensors for High Precision Measurements of Spin-dependent Interactions,D. Budker et al.,https://arxiv.org/abs/2203.09488,v2,https://arxiv.org/abs/2203.09488v2,ARXIV-NONEXCLUSIVE-DISTRIB-1.0,https://arxiv.org/licenses/nonexclusive-distrib/1.0/,https://arxiv.org/licenses/nonexclusive-distrib/1.0/,,,hold-manual-license-review,arxiv_abs_page,2026-08-09T05:50:19+00:00,not-started,,,,CF | IF,CF: Dark Matter: Wave-like | IF: Quantum Sensors,Manual source-license review is required before publishing a full translation.
arXiv:2204.03381,arxiv:2204.03381,Quantum Simulation for High Energy Physics,C. W. Bauer et al.,https://arxiv.org/abs/2204.03381,v1,https://arxiv.org/abs/2204.03381v1,CC-BY-4.0,https://creativecommons.org/licenses/by/4.0/,https://creativecommons.org/licenses/by/4.0/,True,True,eligible-after-attribution-check,arxiv_abs_page,2026-08-09T05:50:17+00:00,not-started,,,,CompF | TF,CompF: Quantum Computing | TF: Quantum Information Science,Adaptation is indicated by the source license; preserve attribution and all license conditions.
arXiv:2203.06961,arxiv:2203.06961,R Measurement and QCD Studies at Future Super Tau−Charm Factory,G. Huang et al.,https://arxiv.org/abs/2203.06961,v1,https://arxiv.org/abs/2203.06961v1,CC0-1.0,https://creativecommons.org/publicdomain/zero/1.0/,https://creativecommons.org/publicdomain/zero/1.0/,True,True,eligible-after-attribution-check,arxiv_abs_page,2026-08-09T05:50:22+00:00,not-started,,,,RPF,RPF: Fundamental Physics in Small Experiments,Adaptation is indicated by the source license; preserve attribution and all license conditions.
arXiv:2203.12118,arxiv:2203.12118,R&D Works for Superconducting Magnets for Future Accelerator Applications in Japan,T. Ogitsu et al.,https://arxiv.org/abs/2203.12118,v1,https://arxiv.org/abs/2203.12118v1,ARXIV-NONEXCLUSIVE-DISTRIB-1.0,https://arxiv.org/licenses/nonexclusive-distrib/1.0/,https://arxiv.org/licenses/nonexclusive-distrib/1.0/,,,hold-manual-license-review,arxiv_abs_page,2026-08-09T05:50:19+00:00,not-started,,,,AF,AF: Accelerator Technology - Magnets,Manual source-license review is required before publishing a full translation.
arXiv:2203.06024,arxiv:2203.06024,Radiation Hardened Beam Instrumentations for Multi-Mega-Watt Beam Facilities,K. Yonehara.,https://arxiv.org/abs/2203.06024,v1,https://arxiv.org/abs/2203.06024v1,CC-BY-4.0,https://creativecommons.org/licenses/by/4.0/,https://creativecommons.org/licenses/by/4.0/,True,True,eligible-after-attribution-check,arxiv_abs_page,2026-08-09T05:50:19+00:00,not-started,,,,AF,AF: Accelerator Technology - Targets and Sources,Adaptation is indicated by the source license; preserve attribution and all license conditions.
arXiv:2203.12806,arxiv:2203.12806,"RADiCAL: Precision-Timing, Ultracompact, Radiation-Hard Electromagnetic Calorimetry",T. Anderson et al.,https://arxiv.org/abs/2203.12806,v1,https://arxiv.org/abs/2203.12806v1,CC-BY-4.0,https://creativecommons.org/licenses/by/4.0/,https://creativecommons.org/licenses/by/4.0/,True,True,eligible-after-attribution-check,arxiv_abs_page,2026-08-09T05:50:21+00:00,not-started,,,,EF | IF,EF: Electroweak Precision Physics and Constraining New Physics | IF: Calorimetry,Adaptation is indicated by the source license; preserve attribution and all license conditions.
arXiv:2206.11331,arxiv:2206.11331,Rare Decays of b and c Hadrons,"W. Altmannshofer, F. Archilli.",https://arxiv.org/abs/2206.11331,v2,https://arxiv.org/abs/2206.11331v2,ARXIV-NONEXCLUSIVE-DISTRIB-1.0,https://arxiv.org/licenses/nonexclusive-distrib/1.0/,https://arxiv.org/licenses/nonexclusive-distrib/1.0/,,,hold-manual-license-review,arxiv_abs_page,2026-08-09T05:50:20+00:00,not-started,,,,RPF,RPF: Weak Decays of b and c Quarks,Manual source-license review is required before publishing a full translation.
arXiv:2204.00098,arxiv:2204.00098,Readout for Calorimetry at Future Colliders,T. Andeen et al.,https://arxiv.org/abs/2204.00098,v1,https://arxiv.org/abs/2204.00098v1,ARXIV-NONEXCLUSIVE-DISTRIB-1.0,https://arxiv.org/licenses/nonexclusive-distrib/1.0/,https://arxiv.org/licenses/nonexclusive-distrib/1.0/,,,hold-manual-license-review,arxiv_abs_page,2026-08-09T05:50:27+00:00,not-started,,,,IF,IF: Electronics and ASICs,Manual source-license review is required before publishing a full translation.
arXiv:2203.14894,arxiv:2203.14894,Readout Technologies for Future Detectors,M. Begel et al.,https://arxiv.org/abs/2203.14894,v1,https://arxiv.org/abs/2203.14894v1,ARXIV-NONEXCLUSIVE-DISTRIB-1.0,https://arxiv.org/licenses/nonexclusive-distrib/1.0/,https://arxiv.org/licenses/nonexclusive-distrib/1.0/,,,hold-manual-license-review,arxiv_abs_page,2026-08-09T05:50:22+00:00,not-started,,,,IF,IF: Trigger and Data Acquisition,Manual source-license review is required before publishing a full translation.
arXiv:2203.05924,arxiv:2203.05924,Real-time Cosmology with High Precision Spectroscopy and Astrometry,S. Chakrabarti et al.,https://arxiv.org/abs/2203.05924,v1,https://arxiv.org/abs/2203.05924v1,CC-BY-NC-SA-4.0,https://creativecommons.org/licenses/by-nc-sa/4.0/,https://creativecommons.org/licenses/by-nc-sa/4.0/,True,False,eligible-noncommercial-only-after-sharealike-check,arxiv_abs_page,2026-08-09T05:52:11+00:00,not-started,,,,CF,CF: Dark Energy and Cosmic Acceleration: The Modern Universe,Adaptation is indicated by the source license; preserve attribution and all license conditions.
arXiv:2203.08736,arxiv:2203.08736,REBCO – a Silver Bullet for our Next High-Field Magnet and Collider Budget?,X. Wang et al.,https://arxiv.org/abs/2203.08736,v3,https://arxiv.org/abs/2203.08736v3,CC-BY-NC-ND-4.0,https://creativecommons.org/licenses/by-nc-nd/4.0/,https://creativecommons.org/licenses/by-nc-nd/4.0/,False,False,hold-no-public-adaptation,arxiv_abs_page,2026-08-09T05:50:23+00:00,not-started,,,,AF,AF: Accelerator Technology - Magnets,Manual source-license review is required before publishing a full translation.
arXiv:2203.08126,arxiv:2203.08126,Recent Progress and Next Steps for the MATHUSLA LLP Detector,C. Alpigiani et al.,https://arxiv.org/abs/2203.08126,v4,https://arxiv.org/abs/2203.08126v4,CC-BY-4.0,https://creativecommons.org/licenses/by/4.0/,https://creativecommons.org/licenses/by/4.0/,True,True,eligible-after-attribution-check,arxiv_abs_page,2026-08-09T05:50:23+00:00,not-started,,,,EF | IF,EF: Beyond the Standard Model - More General Explorations | IF: Cross-Cutting Issues and Systems Integration,Adaptation is indicated by the source license; preserve attribution and all license conditions.
arXiv:2203.05914,arxiv:2203.05914,"Recoil Imaging for Dark Matter, Neutrinos, and Physics Beyond the Standard Model",C. A. J. O'Hare et al.,https://arxiv.org/abs/2203.05914,v3,https://arxiv.org/abs/2203.05914v3,ARXIV-NONEXCLUSIVE-DISTRIB-1.0,https://arxiv.org/licenses/nonexclusive-distrib/1.0/,https://arxiv.org/licenses/nonexclusive-distrib/1.0/,,,hold-manual-license-review,arxiv_abs_page,2026-08-09T05:50:28+00:00,not-started,,,,CF | IF | NF,CF: Dark Matter: Particle-like | IF: Micro Pattern Gas Detectors | NF: Neutrino Detectors,Manual source-license review is required before publishing a full translation.
arXiv:2203.07919,arxiv:2203.07919,Report of the Snowmass'21 Workshop on High-Power Cyclotrons and FFAs,D. Winklehner et al.,https://arxiv.org/abs/2203.07919,v1,https://arxiv.org/abs/2203.07919v1,ARXIV-NONEXCLUSIVE-DISTRIB-1.0,https://arxiv.org/licenses/nonexclusive-distrib/1.0/,https://arxiv.org/licenses/nonexclusive-distrib/1.0/,,,hold-manual-license-review,arxiv_abs_page,2026-08-09T05:50:27+00:00,not-started,,,,AF | NF,AF: Accelerators for Neutrinos | NF: Artificial Neutrino Sources,Manual source-license review is required before publishing a full translation.
arXiv:2203.07907,arxiv:2203.07907,Resummation for Future Colliders,M. van Beekveld et al.,https://arxiv.org/abs/2203.07907,v2,https://arxiv.org/abs/2203.07907v2,CC-BY-4.0,https://creativecommons.org/licenses/by/4.0/,https://creativecommons.org/licenses/by/4.0/,True,True,eligible-after-attribution-check,arxiv_abs_page,2026-08-09T05:50:30+00:00,not-started,,,,TF,TF: Theory Techniques for Precision Physics,Adaptation is indicated by the source license; preserve attribution and all license conditions.
arXiv:2204.06667,arxiv:2204.06667,Review of CMS Contributions to Hadron Spectroscopy,R. Chistov et al.,https://arxiv.org/abs/2204.06667,v2,https://arxiv.org/abs/2204.06667v2,CC-BY-NC-ND-4.0,https://creativecommons.org/licenses/by-nc-nd/4.0/,https://creativecommons.org/licenses/by-nc-nd/4.0/,False,False,hold-no-public-adaptation,arxiv_abs_page,2026-08-09T05:50:24+00:00,not-started,,,,RPF,RPF: Hadron Spectroscopy,Manual source-license review is required before publishing a full translation.
arXiv:2203.05531,arxiv:2203.05531,Review of Neutral Naturalness,B. Batell et al.,https://arxiv.org/abs/2203.05531,v3,https://arxiv.org/abs/2203.05531v3,ARXIV-NONEXCLUSIVE-DISTRIB-1.0,https://arxiv.org/licenses/nonexclusive-distrib/1.0/,https://arxiv.org/licenses/nonexclusive-distrib/1.0/,,,hold-manual-license-review,arxiv_abs_page,2026-08-09T05:50:24+00:00,not-started,,,,TF,TF: Beyond-Standard-Model Model Building,Manual source-license review is required before publishing a full translation.
arXiv:2203.07220,arxiv:2203.07220,Rubin Observatory after LSST,B. Blum et al.,https://arxiv.org/abs/2203.07220,v1,https://arxiv.org/abs/2203.07220v1,ARXIV-NONEXCLUSIVE-DISTRIB-1.0,https://arxiv.org/licenses/nonexclusive-distrib/1.0/,https://arxiv.org/licenses/nonexclusive-distrib/1.0/,,,hold-manual-license-review,arxiv_abs_page,2026-08-09T05:50:25+00:00,not-started,,,,CF,CF: Dark Energy and Cosmic Acceleration: The Modern Universe,Manual source-license review is required before publishing a full translation.
arXiv:2203.02421,arxiv:2203.02421,S-Matrix Bootstrap,M. Kruczenski et al.,https://arxiv.org/abs/2203.02421,v2,https://arxiv.org/abs/2203.02421v2,ARXIV-NONEXCLUSIVE-DISTRIB-1.0,https://arxiv.org/licenses/nonexclusive-distrib/1.0/,https://arxiv.org/licenses/nonexclusive-distrib/1.0/,,,hold-manual-license-review,arxiv_abs_page,2026-08-09T05:50:26+00:00,not-started,,,,TF,TF: Conformal Field Theory and Formal Quantum Field Theory,Manual source-license review is required before publishing a full translation.
arXiv:2203.08102,arxiv:2203.08102,SBN-BD: O(10 GeV) Proton Beam Dump at Fermilab's PIP-II Linac,M. Toups et al.,https://arxiv.org/abs/2203.08102,v2,https://arxiv.org/abs/2203.08102v2,ARXIV-NONEXCLUSIVE-DISTRIB-1.0,https://arxiv.org/licenses/nonexclusive-distrib/1.0/,https://arxiv.org/licenses/nonexclusive-distrib/1.0/,,,hold-manual-license-review,arxiv_abs_page,2026-08-09T05:50:32+00:00,not-started,,,,AF | NF | RPF,AF: Accelerators for Rare Processes and Physics Beyond Colliders | NF: Neutrinos Beyond the Standard Model | RPF: Dark Sector Studies at High Intensities,Manual source-license review is required before publishing a full translation.
arXiv:2203.10046,arxiv:2203.10046,Scalar-Mediated Dark Matter Model at Colliders and Gravitational Wave Detectors,J. Liu et al.,https://arxiv.org/abs/2203.10046,v1,https://arxiv.org/abs/2203.10046v1,CC-BY-4.0,https://creativecommons.org/licenses/by/4.0/,https://creativecommons.org/licenses/by/4.0/,True,True,eligible-after-attribution-check,arxiv_abs_page,2026-08-09T05:50:26+00:00,not-started,,,,EF,EF: Beyond the Standard Model - Dark Matter at Colliders,Adaptation is indicated by the source license; preserve attribution and all license conditions.
arXiv:2207.12400,arxiv:2207.12400,Scintillating Bubble Chambers: Liquid-Noble Bubble Chambers for Dark Matter and CEνNS Detection,E. Alfonso-Pita et al.,https://arxiv.org/abs/2207.12400,v2,https://arxiv.org/abs/2207.12400v2,CC-BY-4.0,https://creativecommons.org/licenses/by/4.0/,https://creativecommons.org/licenses/by/4.0/,True,True,eligible-after-attribution-check,arxiv_abs_page,2026-08-09T05:50:27+00:00,not-started,,,,CF | IF | NF,CF: Dark Matter: Particle-like | IF: Noble Element-Based Detectors | NF: Neutrino Detectors,Adaptation is indicated by the source license; preserve attribution and all license conditions.
arXiv:2203.08771,arxiv:2203.08771,Searches for Baryon Number Violation in Neutrino Experiments,P. S. B. Dev et al.,https://arxiv.org/abs/2203.08771,v3,https://arxiv.org/abs/2203.08771v3,ARXIV-NONEXCLUSIVE-DISTRIB-1.0,https://arxiv.org/licenses/nonexclusive-distrib/1.0/,https://arxiv.org/licenses/nonexclusive-distrib/1.0/,,,hold-manual-license-review,arxiv_abs_page,2026-08-09T05:50:28+00:00,not-started,,,,NF | RPF,NF: Neutrinos Beyond the Standard Model | RPF: Baryon and Lepton Number Violation,Manual source-license review is required before publishing a full translation.
arXiv:2203.05502,arxiv:2203.05502,Searches for Long-Lived Particles at the Future FCC-ee,C. B. Verhaaren et al.,https://arxiv.org/abs/2203.05502,v4,https://arxiv.org/abs/2203.05502v4,CC-BY-4.0,https://creativecommons.org/licenses/by/4.0/,https://creativecommons.org/licenses/by/4.0/,True,True,eligible-after-attribution-check,arxiv_abs_page,2026-08-09T05:50:31+00:00,not-started,,,,EF,EF: Beyond the Standard Model - More General Explorations,Adaptation is indicated by the source license; preserve attribution and all license conditions.
arXiv:2203.12714,arxiv:2203.12714,"Searches for New Particles, Dark Matter, and Gravitational Waves with SRF Cavities",A. Berlin et al.,https://arxiv.org/abs/2203.12714,v1,https://arxiv.org/abs/2203.12714v1,CC0-1.0,https://creativecommons.org/publicdomain/zero/1.0/,https://creativecommons.org/publicdomain/zero/1.0/,True,True,eligible-after-attribution-check,arxiv_abs_page,2026-08-09T05:50:31+00:00,not-started,,,,CF | CompF | IF | TF,CF: General - centered on this frontier: | CompF: Quantum Computing | IF: Quantum Sensors | TF: General - cross-listed,Adaptation is indicated by the source license; preserve attribution and all license conditions.
arXiv:2204.13394,arxiv:2204.13394,Searches for New Physics with High-Intensity Kaon Beams,"KOTO, LHCb, NA62/KLEVER Collaborations, the US Kaon Interest Group.",https://arxiv.org/abs/2204.13394,v1,https://arxiv.org/abs/2204.13394v1,CC-BY-4.0,https://creativecommons.org/licenses/by/4.0/,https://creativecommons.org/licenses/by/4.0/,True,True,eligible-after-attribution-check,arxiv_abs_page,2026-08-09T05:50:29+00:00,not-started,,,,RPF,RPF: Weak Decays of Strange and Light Quarks,Adaptation is indicated by the source license; preserve attribution and all license conditions.
arXiv:2203.08347,arxiv:2203.08347,Sensitivity to Decays of Long-Lived Dark Photons at the ILC,L. Jeanty et al.,https://arxiv.org/abs/2203.08347,v2,https://arxiv.org/abs/2203.08347v2,ARXIV-NONEXCLUSIVE-DISTRIB-1.0,https://arxiv.org/licenses/nonexclusive-distrib/1.0/,https://arxiv.org/licenses/nonexclusive-distrib/1.0/,,,hold-manual-license-review,arxiv_abs_page,2026-08-09T05:50:29+00:00,not-started,,,,EF,EF: Beyond the Standard Model - More General Explorations,Manual source-license review is required before publishing a full translation.
arXiv:2202.03389,arxiv:2202.03389,Sensitivity to Dijet Resonances at Proton-Proton Colliders,R. M. Harris et al.,https://arxiv.org/abs/2202.03389,v1,https://arxiv.org/abs/2202.03389v1,CC-BY-4.0,https://creativecommons.org/licenses/by/4.0/,https://creativecommons.org/licenses/by/4.0/,True,True,eligible-after-attribution-check,arxiv_abs_page,2026-08-09T05:50:33+00:00,not-started,,,,EF,EF: Beyond the Standard Model - More General Explorations,Adaptation is indicated by the source license; preserve attribution and all license conditions.
arXiv:2209.01899,arxiv:2209.01899,Sensitivity to Heavy Neutral Leptons with the SAND Detector at the DUNE ND Complex,Z. G. Moghaddam et al.,https://arxiv.org/abs/2209.01899,v2,https://arxiv.org/abs/2209.01899v2,ARXIV-NONEXCLUSIVE-DISTRIB-1.0,https://arxiv.org/licenses/nonexclusive-distrib/1.0/,https://arxiv.org/licenses/nonexclusive-distrib/1.0/,,,hold-manual-license-review,arxiv_abs_page,2026-08-09T05:50:32+00:00,not-started,,,,NF,NF: Neutrinos Beyond the Standard Model,Manual source-license review is required before publishing a full translation.
arXiv:2203.07994,arxiv:2203.07994,Sensitivity to Longitudinal Vector Boson Scattering in W±W±jj at Future Hadron Colliders,A. Apyan et al.,https://arxiv.org/abs/2203.07994,v4,https://arxiv.org/abs/2203.07994v4,CC-BY-4.0,https://creativecommons.org/licenses/by/4.0/,https://creativecommons.org/licenses/by/4.0/,True,True,eligible-after-attribution-check,arxiv_abs_page,2026-08-09T05:50:30+00:00,not-started,,,,EF,EF: Electroweak Precision Physics and Constraining New Physics,Adaptation is indicated by the source license; preserve attribution and all license conditions.
arXiv:2205.14379,arxiv:2205.14379,Signal Strength and W-boson Mass Measurements as a Probe of the Electroweak Phase Transition at colliders,A. Papaefstathiou et al.,https://arxiv.org/abs/2205.14379,v2,https://arxiv.org/abs/2205.14379v2,ARXIV-NONEXCLUSIVE-DISTRIB-1.0,https://arxiv.org/licenses/nonexclusive-distrib/1.0/,https://arxiv.org/licenses/nonexclusive-distrib/1.0/,,,hold-manual-license-review,arxiv_abs_page,2026-08-09T05:50:31+00:00,not-started,,,,EF | TF,EF: Higgs Boson Properties and Couplings | TF: Collider Phenomenology,Manual source-license review is required before publishing a full translation.
arXiv:2203.08107,arxiv:2203.08107,Simplified Dark Matter Models with Charged Mediators,T. Ghosh et al.,https://arxiv.org/abs/2203.08107,v1,https://arxiv.org/abs/2203.08107v1,ARXIV-NONEXCLUSIVE-DISTRIB-1.0,https://arxiv.org/licenses/nonexclusive-distrib/1.0/,https://arxiv.org/licenses/nonexclusive-distrib/1.0/,,,hold-manual-license-review,arxiv_abs_page,2026-08-09T05:50:31+00:00,not-started,,,,EF | RPF | TF,EF: Beyond the Standard Model - Dark Matter at Colliders | RPF: Fundamental Physics in Small Experiments | TF: Astro-Particle Physics and Cosmology,Manual source-license review is required before publishing a full translation.
arXiv:2203.07964,arxiv:2203.07964,Simulated Detector Performance at the Muon Collider,N. Bartosik et al.,https://arxiv.org/abs/2203.07964,v2,https://arxiv.org/abs/2203.07964v2,CC-BY-4.0,https://creativecommons.org/licenses/by/4.0/,https://creativecommons.org/licenses/by/4.0/,True,True,eligible-after-attribution-check,arxiv_abs_page,2026-08-09T05:50:32+00:00,not-started,,,,EF | IF,EF: General - centered on this frontier | IF: General - centered on this frontier,Adaptation is indicated by the source license; preserve attribution and all license conditions.
arXiv:2203.09740,arxiv:2203.09740,Simulations for the Development of Quantum Computational Devices for HEP,"J. B. Kowalkowski, A. L. Lyon.",https://arxiv.org/abs/2203.09740,v1,https://arxiv.org/abs/2203.09740v1,ARXIV-NONEXCLUSIVE-DISTRIB-1.0,https://arxiv.org/licenses/nonexclusive-distrib/1.0/,https://arxiv.org/licenses/nonexclusive-distrib/1.0/,,,hold-manual-license-review,arxiv_abs_page,2026-08-09T05:50:38+00:00,not-started,,,,CompF,CompF: Quantum Computing,Manual source-license review is required before publishing a full translation.
arXiv:2203.06216,arxiv:2203.06216,Simulations of Silicon Radiation Detectors for High Energy Physics Experiments,B. Nachman et al.,https://arxiv.org/abs/2203.06216,v4,https://arxiv.org/abs/2203.06216v4,CC-BY-4.0,https://creativecommons.org/licenses/by/4.0/,https://creativecommons.org/licenses/by/4.0/,True,True,eligible-after-attribution-check,arxiv_abs_page,2026-08-09T05:50:35+00:00,not-started,,,,IF,IF: Solid State Detectors and Tracking,Adaptation is indicated by the source license; preserve attribution and all license conditions.
arXiv:2209.03333,arxiv:2209.03333,Single Vector-Like Top Quark Production via Chromomagnetic Interactions at Present and Future Hadron Colliders at the LHC and FCC-hh/SppC Colliders,A. Belyaev et al.,https://arxiv.org/abs/2209.03333,v2,https://arxiv.org/abs/2209.03333v2,ARXIV-NONEXCLUSIVE-DISTRIB-1.0,https://arxiv.org/licenses/nonexclusive-distrib/1.0/,https://arxiv.org/licenses/nonexclusive-distrib/1.0/,,,hold-manual-license-review,arxiv_abs_page,2026-08-09T05:52:43+00:00,not-started,,,,EF,EF: Beyond the Standard Model - More General Explorations,Manual source-license review is required before publishing a full translation.
arXiv:2203.07406,arxiv:2203.07406,SMEFT at the LHC and Beyond,W. Shepherd.,https://arxiv.org/abs/2203.07406,v1,https://arxiv.org/abs/2203.07406v1,ARXIV-NONEXCLUSIVE-DISTRIB-1.0,https://arxiv.org/licenses/nonexclusive-distrib/1.0/,https://arxiv.org/licenses/nonexclusive-distrib/1.0/,,,hold-manual-license-review,arxiv_abs_page,2026-08-09T05:50:33+00:00,not-started,,,,EF | TF,EF: Electroweak Precision Physics and Constraining New Physics | TF: Effective Field Theory Techniques,Manual source-license review is required before publishing a full translation.
arXiv:2203.07328,arxiv:2203.07328,Snowmass 2021 Community Survey Report,G. Agarwal et al.,https://arxiv.org/abs/2203.07328,v2,https://arxiv.org/abs/2203.07328v2,CC-BY-NC-ND-4.0,https://creativecommons.org/licenses/by-nc-nd/4.0/,https://creativecommons.org/licenses/by-nc-nd/4.0/,False,False,hold-no-public-adaptation,arxiv_abs_page,2026-08-09T05:50:39+00:00,not-started,,,,CEF,CEF: General - centered on this frontier,Manual source-license review is required before publishing a full translation.
arXiv:2207.07508,arxiv:2207.07508,Snowmass Early Career: The Key Initiatives Organization,J. Barrow et al.,https://arxiv.org/abs/2207.07508,v1,https://arxiv.org/abs/2207.07508v1,CC-BY-4.0,https://creativecommons.org/licenses/by/4.0/,https://creativecommons.org/licenses/by/4.0/,True,True,eligible-after-attribution-check,arxiv_abs_page,2026-08-09T05:50:36+00:00,not-started,,,,CEF,CEF: General - centered on this frontier,Adaptation is indicated by the source license; preserve attribution and all license conditions.
arXiv:2203.07995,arxiv:2203.07995,Societal Impacts of Particle Physics Projects,R. Zens et al.,https://arxiv.org/abs/2203.07995,v1,https://arxiv.org/abs/2203.07995v1,ARXIV-NONEXCLUSIVE-DISTRIB-1.0,https://arxiv.org/licenses/nonexclusive-distrib/1.0/,https://arxiv.org/licenses/nonexclusive-distrib/1.0/,,,hold-manual-license-review,arxiv_abs_page,2026-08-09T05:50:38+00:00,not-started,,,,CEF,CEF: Environmental and Societal Impacts,Manual source-license review is required before publishing a full translation.
arXiv:2203.07645,arxiv:2203.07645,Software and Computing for Small HEP Experiments,D. Casper et al.,https://arxiv.org/abs/2203.07645,v3,https://arxiv.org/abs/2203.07645v3,CC-BY-4.0,https://creativecommons.org/licenses/by/4.0/,https://creativecommons.org/licenses/by/4.0/,True,True,eligible-after-attribution-check,arxiv_abs_page,2026-08-09T05:50:34+00:00,not-started,,,,CF | CompF | EF | NF | RPF,CF: General - cross-listed: | CompF: General - centered on this frontier: | EF: General - cross-listed | NF: General - cross-listed | RPF: General - cross-listed,Adaptation is indicated by the source license; preserve attribution and all license conditions.
arXiv:2203.07501,arxiv:2203.07501,SoLAr: Solar Neutrinos in Liquid Argon,S. Para et al.,https://arxiv.org/abs/2203.07501,v2,https://arxiv.org/abs/2203.07501v2,ARXIV-NONEXCLUSIVE-DISTRIB-1.0,https://arxiv.org/licenses/nonexclusive-distrib/1.0/,https://arxiv.org/licenses/nonexclusive-distrib/1.0/,,,hold-manual-license-review,arxiv_abs_page,2026-08-09T05:50:35+00:00,not-started,,,,NF,NF: Neutrino Detectors,Manual source-license review is required before publishing a full translation.
arXiv:2203.09010,arxiv:2203.09010,"Solving Critical Problems of the Muon Collider Higgs Factory: Optics, Magnets and their Protection, Detector Backgrounds",Yu. I. Alexahin et al.,https://arxiv.org/abs/2203.09010,v1,https://arxiv.org/abs/2203.09010v1,ARXIV-NONEXCLUSIVE-DISTRIB-1.0,https://arxiv.org/licenses/nonexclusive-distrib/1.0/,https://arxiv.org/licenses/nonexclusive-distrib/1.0/,,,hold-manual-license-review,arxiv_abs_page,2026-08-09T05:50:37+00:00,not-started,,,,AF,AF: Accelerator Technology - Magnets,Manual source-license review is required before publishing a full translation.
arXiv:2207.10636,arxiv:2207.10636,Solving Scattering in N=4 Super-Yang-Mills Theory,N. Arkani-Hamed et al.,https://arxiv.org/abs/2207.10636,v1,https://arxiv.org/abs/2207.10636v1,ARXIV-NONEXCLUSIVE-DISTRIB-1.0,https://arxiv.org/licenses/nonexclusive-distrib/1.0/,https://arxiv.org/licenses/nonexclusive-distrib/1.0/,,,hold-manual-license-review,arxiv_abs_page,2026-08-09T05:50:43+00:00,not-started,,,,TF,TF: Scattering Amplitudes,Manual source-license review is required before publishing a full translation.
arXiv:2203.06112,arxiv:2203.06112,Solving Simulation Systematics in and with AI/ML,B. Viren et al.,https://arxiv.org/abs/2203.06112,v1,https://arxiv.org/abs/2203.06112v1,CC-BY-4.0,https://creativecommons.org/licenses/by/4.0/,https://creativecommons.org/licenses/by/4.0/,True,True,eligible-after-attribution-check,arxiv_abs_page,2026-08-09T05:50:39+00:00,not-started,,,,CompF,CompF: Machine Learning,Adaptation is indicated by the source license; preserve attribution and all license conditions.
arXiv:2202.11529,arxiv:2202.11529,Some Aspects of the Impact of the Electron Ion Collider on Particle Physics at the Energy Frontier,"S.V. Chekanov, S. Magill.",https://arxiv.org/abs/2202.11529,v2,https://arxiv.org/abs/2202.11529v2,ARXIV-NONEXCLUSIVE-DISTRIB-1.0,https://arxiv.org/licenses/nonexclusive-distrib/1.0/,https://arxiv.org/licenses/nonexclusive-distrib/1.0/,,,hold-manual-license-review,arxiv_abs_page,2026-08-09T05:50:37+00:00,not-started,,,,EF,EF: QCD and Strong Interactions - Hadronic Structure and Forward QCD Processes,Manual source-license review is required before publishing a full translation.
arXiv:2203.08026,arxiv:2203.08026,Some Open Questions in Axion Theory,P. Agrawal et al.,https://arxiv.org/abs/2203.08026,v1,https://arxiv.org/abs/2203.08026v1,ARXIV-NONEXCLUSIVE-DISTRIB-1.0,https://arxiv.org/licenses/nonexclusive-distrib/1.0/,https://arxiv.org/licenses/nonexclusive-distrib/1.0/,,,hold-manual-license-review,arxiv_abs_page,2026-08-09T05:50:40+00:00,not-started,,,,TF,TF: Beyond-Standard-Model Model Building,Manual source-license review is required before publishing a full translation.
arXiv:2206.15345,arxiv:2206.15345,Spin Polarized Electron Beams Production Beyond III-V Semiconductors,L. Cultrera.,https://arxiv.org/abs/2206.15345,v1,https://arxiv.org/abs/2206.15345v1,CC-BY-NC-ND-4.0,https://creativecommons.org/licenses/by-nc-nd/4.0/,https://creativecommons.org/licenses/by-nc-nd/4.0/,False,False,hold-no-public-adaptation,arxiv_abs_page,2026-08-09T05:50:44+00:00,not-started,,,,AF,AF: Accelerator Technology - Targets and Sources,Manual source-license review is required before publishing a full translation.
arXiv:2203.07056,arxiv:2203.07056,Stau Study at the ILC and its Implication for the Muon g-2 Anomaly,M. Endo et al.,https://arxiv.org/abs/2203.07056,v2,https://arxiv.org/abs/2203.07056v2,ARXIV-NONEXCLUSIVE-DISTRIB-1.0,https://arxiv.org/licenses/nonexclusive-distrib/1.0/,https://arxiv.org/licenses/nonexclusive-distrib/1.0/,,,hold-manual-license-review,arxiv_abs_page,2026-08-09T05:50:39+00:00,not-started,,,,EF,EF: Beyond the Standard Model - Model Specific Explorations,Manual source-license review is required before publishing a full translation.
arXiv:2203.07535,arxiv:2203.07535,Strange Quark as a Probe for New Physics in the Higgs Sector,A. Albert et al.,https://arxiv.org/abs/2203.07535,v2,https://arxiv.org/abs/2203.07535v2,ARXIV-NONEXCLUSIVE-DISTRIB-1.0,https://arxiv.org/licenses/nonexclusive-distrib/1.0/,https://arxiv.org/licenses/nonexclusive-distrib/1.0/,,,hold-manual-license-review,arxiv_abs_page,2026-08-09T05:50:42+00:00,not-started,,,,EF,EF: Higgs Boson Properties and Couplings,Manual source-license review is required before publishing a full translation.
arXiv:2203.06773,arxiv:2203.06773,Strategies for Beam-Induced Background Reduction at Muon Colliders,D. Ally et al.,https://arxiv.org/abs/2203.06773,v3,https://arxiv.org/abs/2203.06773v3,CC-BY-4.0,https://creativecommons.org/licenses/by/4.0/,https://creativecommons.org/licenses/by/4.0/,True,True,eligible-after-attribution-check,arxiv_abs_page,2026-08-09T05:50:42+00:00,not-started,,,,EF | IF,EF: General - centered on this frontier | IF: Solid State Detectors and Tracking,Adaptation is indicated by the source license; preserve attribution and all license conditions.
arXiv:2203.06800,arxiv:2203.06800,Strategies for Conformal REBCO Windings,J. Rogers et al.,https://arxiv.org/abs/2203.06800,v1,https://arxiv.org/abs/2203.06800v1,ARXIV-NONEXCLUSIVE-DISTRIB-1.0,https://arxiv.org/licenses/nonexclusive-distrib/1.0/,https://arxiv.org/licenses/nonexclusive-distrib/1.0/,,,hold-manual-license-review,arxiv_abs_page,2026-08-09T05:50:43+00:00,not-started,,,,AF | EF,AF: Multi-TeV Colliders | EF: General - cross-listed,Manual source-license review is required before publishing a full translation.
arXiv:2203.08919,arxiv:2203.08919,"Strategies in Education, Outreach, and Inclusion to Enhance the US Workforce in Accelerator Science and Engineering",M. Bai et al.,https://arxiv.org/abs/2203.08919,v1,https://arxiv.org/abs/2203.08919v1,CC-BY-4.0,https://creativecommons.org/licenses/by/4.0/,https://creativecommons.org/licenses/by/4.0/,True,True,eligible-after-attribution-check,arxiv_abs_page,2026-08-09T05:50:43+00:00,not-started,,,,AF | CEF,"AF: Beam Physics and Accelerator Education | CEF: Diversity, Equity, and Inclusion",Adaptation is indicated by the source license; preserve attribution and all license conditions.
arXiv:2203.07646,arxiv:2203.07646,Strategy for Understanding the Higgs Physics: The Cool Copper Collider,S. Dasu et al.,https://arxiv.org/abs/2203.07646,v2,https://arxiv.org/abs/2203.07646v2,ARXIV-NONEXCLUSIVE-DISTRIB-1.0,https://arxiv.org/licenses/nonexclusive-distrib/1.0/,https://arxiv.org/licenses/nonexclusive-distrib/1.0/,,,hold-manual-license-review,arxiv_abs_page,2026-08-09T05:50:41+00:00,not-started,,,,AF | EF | IF,AF: Accelerators for Electroweak and Higgs | EF: Higgs Boson Properties and Couplings | IF: General - cross-listed,Manual source-license review is required before publishing a full translation.
arXiv:2204.01742,arxiv:2204.01742,String Theory and Particle Physics,M. Cvetic et al.,https://arxiv.org/abs/2204.01742,v2,https://arxiv.org/abs/2204.01742v2,CC-BY-NC-ND-4.0,https://creativecommons.org/licenses/by-nc-nd/4.0/,https://creativecommons.org/licenses/by-nc-nd/4.0/,False,False,hold-no-public-adaptation,arxiv_abs_page,2026-08-09T05:50:43+00:00,not-started,,,,TF,"TF: String Theory, Quantum Gravity, and Black Holes",Manual source-license review is required before publishing a full translation.
arXiv:2203.07218,arxiv:2203.07218,Strong CP Beyond Axion Direct Detection,N. Blinov et al.,https://arxiv.org/abs/2203.07218,v1,https://arxiv.org/abs/2203.07218v1,ARXIV-NONEXCLUSIVE-DISTRIB-1.0,https://arxiv.org/licenses/nonexclusive-distrib/1.0/,https://arxiv.org/licenses/nonexclusive-distrib/1.0/,,,hold-manual-license-review,arxiv_abs_page,2026-08-09T05:50:43+00:00,not-started,,,,CF | EF | TF,CF: Dark Matter: Wave-like | EF: Beyond the Standard Model - More General Explorations | TF: Beyond-Standard-Model Model Building,Manual source-license review is required before publishing a full translation.
arXiv:1901.11146,arxiv:1901.11146,Studies of Granularity of a Hadronic Calorimeter for Tens-of-TeV Jets at a 100 TeV pp Collider,C.-H. Yeh et al.,https://arxiv.org/abs/1901.11146,v3,https://arxiv.org/abs/1901.11146v3,ARXIV-NONEXCLUSIVE-DISTRIB-1.0,https://arxiv.org/licenses/nonexclusive-distrib/1.0/,https://arxiv.org/licenses/nonexclusive-distrib/1.0/,,,hold-manual-license-review,arxiv_abs_page,2026-08-09T05:50:46+00:00,not-started,,,,EF | IF,EF: Beyond the Standard Model - More General Explorations | IF: Calorimetry,Manual source-license review is required before publishing a full translation.
arXiv:2203.03035,arxiv:2203.03035,Study of CP violation in Hyperon Decays at Super Charm-Tau Factories with a Polarized Electron Beam,N. Salone et al.,https://arxiv.org/abs/2203.03035,v1,https://arxiv.org/abs/2203.03035v1,CC-BY-NC-ND-4.0,https://creativecommons.org/licenses/by-nc-nd/4.0/,https://creativecommons.org/licenses/by-nc-nd/4.0/,False,False,hold-no-public-adaptation,arxiv_abs_page,2026-08-09T05:50:47+00:00,not-started,,,,RPF,RPF: Weak Decays of Strange and Light Quarks,Manual source-license review is required before publishing a full translation.
arXiv:2203.10184,arxiv:2203.10184,Study of Electroweak Phase Transition in Exotic Higgs Decays at the CEPC,Z. Wang et al.,https://arxiv.org/abs/2203.10184,v1,https://arxiv.org/abs/2203.10184v1,CC-BY-4.0,https://creativecommons.org/licenses/by/4.0/,https://creativecommons.org/licenses/by/4.0/,True,True,eligible-after-attribution-check,arxiv_abs_page,2026-08-09T05:50:52+00:00,not-started,,,,EF,EF: Higgs Boson as a Portal to New Physics,Adaptation is indicated by the source license; preserve attribution and all license conditions.
arXiv:2203.07202,arxiv:2203.07202,Study of the hγZ coupling at the ILC,Y. Aoki et al.,https://arxiv.org/abs/2203.07202,v3,https://arxiv.org/abs/2203.07202v3,ARXIV-NONEXCLUSIVE-DISTRIB-1.0,https://arxiv.org/licenses/nonexclusive-distrib/1.0/,https://arxiv.org/licenses/nonexclusive-distrib/1.0/,,,hold-manual-license-review,arxiv_abs_page,2026-08-09T05:50:45+00:00,not-started,,,,EF,EF: Higgs Boson Properties and Couplings,Manual source-license review is required before publishing a full translation.
arXiv:2203.07987,arxiv:2203.07987,Study Overview for Super Proton-Proton Collider,J. Tang et al.,https://arxiv.org/abs/2203.07987,v2,https://arxiv.org/abs/2203.07987v2,CC-BY-4.0,https://creativecommons.org/licenses/by/4.0/,https://creativecommons.org/licenses/by/4.0/,True,True,eligible-after-attribution-check,arxiv_abs_page,2026-08-09T05:50:46+00:00,not-started,,,,AF,AF: Multi-TeV Colliders,Adaptation is indicated by the source license; preserve attribution and all license conditions.
arXiv:2203.16583,arxiv:2203.16583,Substructure of Multiquark Hadrons,N. Brambilla et al.,https://arxiv.org/abs/2203.16583,v1,https://arxiv.org/abs/2203.16583v1,ARXIV-NONEXCLUSIVE-DISTRIB-1.0,https://arxiv.org/licenses/nonexclusive-distrib/1.0/,https://arxiv.org/licenses/nonexclusive-distrib/1.0/,,,hold-manual-license-review,arxiv_abs_page,2026-08-09T05:50:46+00:00,not-started,,,,RPF,RPF: Hadron Spectroscopy,Manual source-license review is required before publishing a full translation.
arXiv:2206.03456,arxiv:2206.03456,Summarizing Experimental Sensitivities of Collider Experiments to Dark Matter Models and Comparison to Other Experiments,A. Boveia et al.,https://arxiv.org/abs/2206.03456,v1,https://arxiv.org/abs/2206.03456v1,CC-BY-4.0,https://creativecommons.org/licenses/by/4.0/,https://creativecommons.org/licenses/by/4.0/,True,True,eligible-after-attribution-check,arxiv_abs_page,2026-08-09T05:50:46+00:00,not-started,,,,EF,EF: Beyond the Standard Model - Dark Matter at Colliders,Adaptation is indicated by the source license; preserve attribution and all license conditions.
arXiv:2203.07799,arxiv:2203.07799,Superconducting Detector Magnets for High Energy Physics,M. Mentink et al.,https://arxiv.org/abs/2203.07799,v1,https://arxiv.org/abs/2203.07799v1,ARXIV-NONEXCLUSIVE-DISTRIB-1.0,https://arxiv.org/licenses/nonexclusive-distrib/1.0/,https://arxiv.org/licenses/nonexclusive-distrib/1.0/,,,hold-manual-license-review,arxiv_abs_page,2026-08-09T05:50:50+00:00,not-started,,,,AF,AF: Accelerator Technology - Magnets,Manual source-license review is required before publishing a full translation.
arXiv:2204.01919,arxiv:2204.01919,Superconducting Nanowire Single-Photon Detectors and Effect of Accumulation and Unsteady Releases of Excess Energy in Materials,S. Pereverzev et al.,https://arxiv.org/abs/2204.01919,v1,https://arxiv.org/abs/2204.01919v1,CC-BY-4.0,https://creativecommons.org/licenses/by/4.0/,https://creativecommons.org/licenses/by/4.0/,True,True,eligible-after-attribution-check,arxiv_abs_page,2026-08-09T05:50:49+00:00,not-started,,,,CF | IF | NF,CF: General - cross-listed: | IF: Calorimetry | NF: General - cross-listed,Adaptation is indicated by the source license; preserve attribution and all license conditions.
arXiv:2203.15978,arxiv:2203.15978,Superconducting Sensor Fabrication Capabilities for HEP Science,T. Cecil et al.,https://arxiv.org/abs/2203.15978,v1,https://arxiv.org/abs/2203.15978v1,ARXIV-NONEXCLUSIVE-DISTRIB-1.0,https://arxiv.org/licenses/nonexclusive-distrib/1.0/,https://arxiv.org/licenses/nonexclusive-distrib/1.0/,,,hold-manual-license-review,arxiv_abs_page,2026-08-09T05:50:50+00:00,not-started,,,,IF,IF: Cross-Cutting Issues and Systems Integration,Manual source-license review is required before publishing a full translation.
arXiv:2202.08154,arxiv:2202.08154,Supersymmetric Lattice Theories,S. Catterall et al.,https://arxiv.org/abs/2202.08154,v1,https://arxiv.org/abs/2202.08154v1,CC-BY-4.0,https://creativecommons.org/licenses/by/4.0/,https://creativecommons.org/licenses/by/4.0/,True,True,eligible-after-attribution-check,arxiv_abs_page,2026-08-09T05:50:51+00:00,not-started,,,,TF,TF: Lattice Gauge Theory,Adaptation is indicated by the source license; preserve attribution and all license conditions.
arXiv:2203.07423,arxiv:2203.07423,Sustainability Considerations for Accelerator and Collider Facilities,T. Roser.,https://arxiv.org/abs/2203.07423,v1,https://arxiv.org/abs/2203.07423v1,CC-BY-4.0,https://creativecommons.org/licenses/by/4.0/,https://creativecommons.org/licenses/by/4.0/,True,True,eligible-after-attribution-check,arxiv_abs_page,2026-08-09T05:50:50+00:00,not-started,,,,AF | CEF,AF: Accelerator Technology - RF | CEF: Environmental and Societal Impacts,Adaptation is indicated by the source license; preserve attribution and all license conditions.
arXiv:2203.06153,arxiv:2203.06153,Symmetry Group Equivariant Architectures for Physics,A. Bogatskiy et al.,https://arxiv.org/abs/2203.06153,v1,https://arxiv.org/abs/2203.06153v1,CC-BY-4.0,https://creativecommons.org/licenses/by/4.0/,https://creativecommons.org/licenses/by/4.0/,True,True,eligible-after-attribution-check,arxiv_abs_page,2026-08-09T05:50:54+00:00,not-started,,,,CompF,CompF: Machine Learning,Adaptation is indicated by the source license; preserve attribution and all license conditions.
arXiv:2203.06781,arxiv:2203.06781,Synergies between Dark Matter Searches and Multiwavelength/Multimessenger Astrophysics,S. Ando et al.,https://arxiv.org/abs/2203.06781,v1,https://arxiv.org/abs/2203.06781v1,CC-BY-4.0,https://creativecommons.org/licenses/by/4.0/,https://creativecommons.org/licenses/by/4.0/,True,True,eligible-after-attribution-check,arxiv_abs_page,2026-08-09T05:50:48+00:00,not-started,,,,CF,CF: Dark Matter: Particle-like,Adaptation is indicated by the source license; preserve attribution and all license conditions.
arXiv:2203.07377,arxiv:2203.07377,Synergy between Cosmological and Laboratory Searches in Neutrino Physics,K. N. Abazajian et al.,https://arxiv.org/abs/2203.07377,v3,https://arxiv.org/abs/2203.07377v3,CC-BY-4.0,https://creativecommons.org/licenses/by/4.0/,https://creativecommons.org/licenses/by/4.0/,True,True,eligible-after-attribution-check,arxiv_abs_page,2026-08-09T05:50:55+00:00,not-started,,,,CF | NF | TF,CF: Cosmic Probes of Fundamental Physics | NF: Neutrino Properties | TF: Theory of Neutrino Physics,Adaptation is indicated by the source license; preserve attribution and all license conditions.
arXiv:2203.11846,arxiv:2203.11846,Tabletop Experiments for Infrared Quantum Gravity,D. Carney et al.,https://arxiv.org/abs/2203.11846,v2,https://arxiv.org/abs/2203.11846v2,CC-BY-4.0,https://creativecommons.org/licenses/by/4.0/,https://creativecommons.org/licenses/by/4.0/,True,True,eligible-after-attribution-check,arxiv_abs_page,2026-08-09T05:50:54+00:00,not-started,,,,TF,TF: Quantum Information Science,Adaptation is indicated by the source license; preserve attribution and all license conditions.
external:https://hal.archives-ouvertes.fr/hal-03634918,external:https://hal.archives-ouvertes.fr/hal-03634918,Tagged Neutrino Beams,M. Perrin-Terrin.,https://hal.archives-ouvertes.fr/hal-03634918,,,HAL-AUTHORIZATION-V1,https://about.hal.science/hal-authorisation-v1/,https://api.archives-ouvertes.fr/search/?q=halId_s%3Ahal-03634918&fl=licence_s%2CfileLicenses_s%2Curl_s&wt=json,,,hold-hal-authorization-manual-review,hal_api_metadata_and_pdf,2026-08-09T06:35:11+00:00,not-started,,,,AF | IF | NF,AF: Accelerators for Neutrinos | IF: Solid State Detectors and Tracking | NF: Neutrino Oscillations,HAL metadata labels the deposited file with HAL Authorization; this is not treated as a public adaptation license.
arXiv:2203.05591,arxiv:2203.05591,Tau Neutrinos in the Next Decade: from GeV to EeV,R. Mammen Abraham et al.,https://arxiv.org/abs/2203.05591,v2,https://arxiv.org/abs/2203.05591v2,ARXIV-NONEXCLUSIVE-DISTRIB-1.0,https://arxiv.org/licenses/nonexclusive-distrib/1.0/,https://arxiv.org/licenses/nonexclusive-distrib/1.0/,,,hold-manual-license-review,arxiv_abs_page,2026-08-09T05:50:52+00:00,not-started,,,,CF | EF | IF | NF | TF | UF,CF: Cosmic Probes of Fundamental Physics | EF: Beyond the Standard Model - More General Explorations | IF: General - cross-listed | NF: Neutrinos Beyond the Standard Model | TF: Theory of Neutrino Physics | UF: Underground Facilities for Neutrinos,Manual source-license review is required before publishing a full translation.
arXiv:2203.04902,arxiv:2203.04902,Tensor Networks for High Energy Physics,Y. Meurice et al.,https://arxiv.org/abs/2203.04902,v1,https://arxiv.org/abs/2203.04902v1,CC-BY-4.0,https://creativecommons.org/licenses/by/4.0/,https://creativecommons.org/licenses/by/4.0/,True,True,eligible-after-attribution-check,arxiv_abs_page,2026-08-09T05:50:52+00:00,not-started,,,,CompF | TF,CompF: Quantum Computing | TF: Quantum Information Science,Adaptation is indicated by the source license; preserve attribution and all license conditions.
arXiv:2203.09944,arxiv:2203.09944,Test Beam and Irradiation Facilities,M. Hartz et al.,https://arxiv.org/abs/2203.09944,v1,https://arxiv.org/abs/2203.09944v1,CC-BY-4.0,https://creativecommons.org/licenses/by/4.0/,https://creativecommons.org/licenses/by/4.0/,True,True,eligible-after-attribution-check,arxiv_abs_page,2026-08-09T05:50:53+00:00,not-started,,,,IF,IF: Cross-Cutting Issues and Systems Integration,Adaptation is indicated by the source license; preserve attribution and all license conditions.
arXiv:2203.07274,arxiv:2203.07274,Test Samples and Infrastructure for Accelerator Magnet Developments,S. Stoynev.,https://arxiv.org/abs/2203.07274,v1,https://arxiv.org/abs/2203.07274v1,CC-BY-4.0,https://creativecommons.org/licenses/by/4.0/,https://creativecommons.org/licenses/by/4.0/,True,True,eligible-after-attribution-check,arxiv_abs_page,2026-08-09T05:50:56+00:00,not-started,,,,AF,AF: Accelerator Technology - Magnets,Adaptation is indicated by the source license; preserve attribution and all license conditions.
arXiv:2203.05505,arxiv:2203.05505,Testing Lepton Flavor Universality and CKM Unitarity with Rare Pion Decays in the PIONEER experiment,W. Altmannshofer et al. (PIONEER Collaboration),https://arxiv.org/abs/2203.05505,v1,https://arxiv.org/abs/2203.05505v1,CC-BY-4.0,https://creativecommons.org/licenses/by/4.0/,https://creativecommons.org/licenses/by/4.0/,True,True,eligible-after-attribution-check,arxiv_abs_page,2026-08-09T05:51:00+00:00,not-started,,,,RPF,RPF: Fundamental Physics in Small Experiments,Adaptation is indicated by the source license; preserve attribution and all license conditions.
arXiv:2203.06219,arxiv:2203.06219,Testing Neutrino Flavor Models,J. Gehrlein et al.,https://arxiv.org/abs/2203.06219,v1,https://arxiv.org/abs/2203.06219v1,ARXIV-NONEXCLUSIVE-DISTRIB-1.0,https://arxiv.org/licenses/nonexclusive-distrib/1.0/,https://arxiv.org/licenses/nonexclusive-distrib/1.0/,,,hold-manual-license-review,arxiv_abs_page,2026-08-09T05:50:54+00:00,not-started,,,,NF | TF,NF: Neutrino Oscillations | TF: Theory of Neutrino Physics,Manual source-license review is required before publishing a full translation.
arXiv:2202.11012,arxiv:2202.11012,The Analytic Conformal Bootstrap,T. Hartman et al.,https://arxiv.org/abs/2202.11012,v1,https://arxiv.org/abs/2202.11012v1,CC-BY-4.0,https://creativecommons.org/licenses/by/4.0/,https://creativecommons.org/licenses/by/4.0/,True,True,eligible-after-attribution-check,arxiv_abs_page,2026-08-09T05:50:57+00:00,not-started,,,,TF,TF: Conformal Field Theory and Formal Quantum Field Theory,Adaptation is indicated by the source license; preserve attribution and all license conditions.
arXiv:2203.11349,arxiv:2203.11349,The Belle II Detector Upgrade Program,F. Forti (Belle II Collaboration).,https://arxiv.org/abs/2203.11349,v1,https://arxiv.org/abs/2203.11349v1,ARXIV-NONEXCLUSIVE-DISTRIB-1.0,https://arxiv.org/licenses/nonexclusive-distrib/1.0/,https://arxiv.org/licenses/nonexclusive-distrib/1.0/,,,hold-manual-license-review,arxiv_abs_page,2026-08-09T05:50:55+00:00,not-started,,,,IF,IF: General - centered on this frontier,Manual source-license review is required before publishing a full translation.
arXiv:2203.13768,arxiv:2203.13768,The CAFAna Framework for Neutrino Analysis,C. Backhouse et al.,https://arxiv.org/abs/2203.13768,v1,https://arxiv.org/abs/2203.13768v1,CC-BY-NC-SA-4.0,https://creativecommons.org/licenses/by-nc-sa/4.0/,https://creativecommons.org/licenses/by-nc-sa/4.0/,True,False,eligible-noncommercial-only-after-sharealike-check,arxiv_abs_page,2026-08-09T05:50:56+00:00,not-started,,,,CompF | NF,CompF: End User Analysis | NF: Neutrino Oscillations,Adaptation is indicated by the source license; preserve attribution and all license conditions.
arXiv:2208.10466,arxiv:2208.10466,The Carbon Footprint of Proposed e+e- Higgs Factories,"P. Janot, A. Blondel.",https://arxiv.org/abs/2208.10466,v4,https://arxiv.org/abs/2208.10466v4,CC-BY-4.0,https://creativecommons.org/licenses/by/4.0/,https://creativecommons.org/licenses/by/4.0/,True,True,eligible-after-attribution-check,arxiv_abs_page,2026-08-09T05:50:59+00:00,not-started,,,,AF | EF,AF: Accelerators for Electroweak and Higgs | EF: General - centered on this frontier,Adaptation is indicated by the source license; preserve attribution and all license conditions.
arXiv:2203.09186,arxiv:2203.09186,The CLIC Project,O. Brunner et al.,https://arxiv.org/abs/2203.09186,v2,https://arxiv.org/abs/2203.09186v2,ARXIV-NONEXCLUSIVE-DISTRIB-1.0,https://arxiv.org/licenses/nonexclusive-distrib/1.0/,https://arxiv.org/licenses/nonexclusive-distrib/1.0/,,,hold-manual-license-review,arxiv_abs_page,2026-08-09T05:51:00+00:00,not-started,,,,AF | EF,AF: General - centered on this frontier | EF: General - centered on this frontier,Manual source-license review is required before publishing a full translation.
arXiv:2204.04575,arxiv:2204.04575,The COHERENT Experimental Program,D. Akimov et al.,https://arxiv.org/abs/2204.04575,v1,https://arxiv.org/abs/2204.04575v1,ARXIV-NONEXCLUSIVE-DISTRIB-1.0,https://arxiv.org/licenses/nonexclusive-distrib/1.0/,https://arxiv.org/licenses/nonexclusive-distrib/1.0/,,,hold-manual-license-review,arxiv_abs_page,2026-08-09T05:52:13+00:00,not-started,,,,CF | IF | NF,CF: Dark Matter: Particle-like | IF: Noble Element-Based Detectors | NF: Neutrino Interaction Cross Sections,Manual source-license review is required before publishing a full translation.
arXiv:2203.03710,arxiv:2203.03710,The Composite Higgs Signal at the Next Big Collider,K. Lane.,https://arxiv.org/abs/2203.03710,v1,https://arxiv.org/abs/2203.03710v1,ARXIV-NONEXCLUSIVE-DISTRIB-1.0,https://arxiv.org/licenses/nonexclusive-distrib/1.0/,https://arxiv.org/licenses/nonexclusive-distrib/1.0/,,,hold-manual-license-review,arxiv_abs_page,2026-08-09T05:50:58+00:00,not-started,,,,EF,EF: Beyond the Standard Model - More General Explorations,Manual source-license review is required before publishing a full translation.
arXiv:2203.08121,arxiv:2203.08121,The Cosmological Bootstrap,D. Baumann et al.,https://arxiv.org/abs/2203.08121,v1,https://arxiv.org/abs/2203.08121v1,ARXIV-NONEXCLUSIVE-DISTRIB-1.0,https://arxiv.org/licenses/nonexclusive-distrib/1.0/,https://arxiv.org/licenses/nonexclusive-distrib/1.0/,,,hold-manual-license-review,arxiv_abs_page,2026-08-09T05:51:01+00:00,not-started,,,,CF | TF,CF: Dark Energy and Cosmic Acceleration: Cosmic Dawn and Before | TF: Astro-Particle Physics and Cosmology,Manual source-license review is required before publishing a full translation.
arXiv:2202.08292,arxiv:2202.08292,The Deepest Problem: Some Perspectives on Quantum Gravity,S. B. Giddings.,https://arxiv.org/abs/2202.08292,v2,https://arxiv.org/abs/2202.08292v2,ARXIV-NONEXCLUSIVE-DISTRIB-1.0,https://arxiv.org/licenses/nonexclusive-distrib/1.0/,https://arxiv.org/licenses/nonexclusive-distrib/1.0/,,,hold-manual-license-review,arxiv_abs_page,2026-08-09T05:51:00+00:00,not-started,,,,TF,"TF: String Theory, Quantum Gravity, and Black Holes",Manual source-license review is required before publishing a full translation.
arXiv:2209.07412,arxiv:2209.07412,The Dense Matter Equation of State and QCD Phase Transitions,S. Bogdanov et al.,https://arxiv.org/abs/2209.07412,v1,https://arxiv.org/abs/2209.07412v1,CC-BY-4.0,https://creativecommons.org/licenses/by/4.0/,https://creativecommons.org/licenses/by/4.0/,True,True,eligible-after-attribution-check,arxiv_abs_page,2026-08-09T05:51:06+00:00,not-started,,,,CF,CF: Cosmic Probes of Fundamental Physics,Adaptation is indicated by the source license; preserve attribution and all license conditions.
arXiv:2204.06547,arxiv:2204.06547,The Double Copy and its Applications,T. Adamo et al.,https://arxiv.org/abs/2204.06547,v1,https://arxiv.org/abs/2204.06547v1,ARXIV-NONEXCLUSIVE-DISTRIB-1.0,https://arxiv.org/licenses/nonexclusive-distrib/1.0/,https://arxiv.org/licenses/nonexclusive-distrib/1.0/,,,hold-manual-license-review,arxiv_abs_page,2026-08-09T05:51:00+00:00,not-started,,,,TF,TF: Scattering Amplitudes,Manual source-license review is required before publishing a full translation.
arXiv:2111.02442,arxiv:2111.02442,The Effective Vector Boson Approximation in High-Energy Muon Collisions,R. Ruiz et al.,https://arxiv.org/abs/2111.02442,v2,https://arxiv.org/abs/2111.02442v2,CC-BY-4.0,https://creativecommons.org/licenses/by/4.0/,https://creativecommons.org/licenses/by/4.0/,True,True,eligible-after-attribution-check,arxiv_abs_page,2026-08-09T05:51:08+00:00,not-started,,,,AF | CompF | EF | TF,AF: Multi-TeV Colliders | CompF: Theoretical Calculations and Simulations | EF: Electroweak Precision Physics and Constraining New Physics | TF: Collider Phenomenology,Adaptation is indicated by the source license; preserve attribution and all license conditions.
arXiv:2203.08803,arxiv:2203.08803,The European Spallation Source Neutrino Super Beam,A. Alekou et al.,https://arxiv.org/abs/2203.08803,v1,https://arxiv.org/abs/2203.08803v1,CC0-1.0,https://creativecommons.org/publicdomain/zero/1.0/,https://creativecommons.org/publicdomain/zero/1.0/,True,True,eligible-after-attribution-check,arxiv_abs_page,2026-08-09T05:51:05+00:00,not-started,,,,AF | CF | NF | RPF | UF,AF: Accelerators for Neutrinos | CF: General - cross-listed: | NF: General - centered on this frontier | RPF: General - centered on this frontier | UF: General - centered on this frontier:,Adaptation is indicated by the source license; preserve attribution and all license conditions.
arXiv:2203.05090,arxiv:2203.05090,The Forward Physics Facility at the High-Luminosity LHC,J. L. Feng et al.,https://arxiv.org/abs/2203.05090,v1,https://arxiv.org/abs/2203.05090v1,CC-BY-4.0,https://creativecommons.org/licenses/by/4.0/,https://creativecommons.org/licenses/by/4.0/,True,True,eligible-after-attribution-check,arxiv_abs_page,2026-08-09T05:51:03+00:00,not-started,,,,AF | CF | EF | IF | NF | RPF | TF,AF: General - centered on this frontier | CF: General - centered on this frontier: | EF: General - centered on this frontier | IF: General - centered on this frontier | NF: General - centered on this frontier | RPF: General - centered on this frontier | TF: General - cross-listed,Adaptation is indicated by the source license; preserve attribution and all license conditions.
arXiv:2109.10905,arxiv:2109.10905,"The Forward Physics Facility: Sites, Experiments, and Physics Potential",L. A. Anchordoqui et al.,https://arxiv.org/abs/2109.10905,v2,https://arxiv.org/abs/2109.10905v2,ARXIV-NONEXCLUSIVE-DISTRIB-1.0,https://arxiv.org/licenses/nonexclusive-distrib/1.0/,https://arxiv.org/licenses/nonexclusive-distrib/1.0/,,,hold-manual-license-review,arxiv_abs_page,2026-08-09T05:51:03+00:00,not-started,,,,CF | EF | NF | RPF | TF,CF: General - centered on this frontier: | EF: General - centered on this frontier | NF: General - centered on this frontier | RPF: General - centered on this frontier | TF: General - cross-listed,Manual source-license review is required before publishing a full translation.
arXiv:2203.06520,arxiv:2203.06520,The Future Circular Collider: a Summary for the US 2021 Snowmass Process,G. Bernardi et al.,https://arxiv.org/abs/2203.06520,v3,https://arxiv.org/abs/2203.06520v3,CC-BY-4.0,https://creativecommons.org/licenses/by/4.0/,https://creativecommons.org/licenses/by/4.0/,True,True,eligible-after-attribution-check,arxiv_abs_page,2026-08-09T05:51:03+00:00,not-started,,,,AF | EF | IF | NF | RPF | TF,AF: General - centered on this frontier | EF: General - centered on this frontier | IF: General - cross-listed | NF: General - cross-listed | RPF: General - cross-listed | TF: General - cross-listed,Adaptation is indicated by the source license; preserve attribution and all license conditions.
arXiv:2203.07360,arxiv:2203.07360,The Future of Gamma-Ray Experiments in the MeV-EeV Range,K. Engel et al.,https://arxiv.org/abs/2203.07360,v1,https://arxiv.org/abs/2203.07360v1,CC-BY-4.0,https://creativecommons.org/licenses/by/4.0/,https://creativecommons.org/licenses/by/4.0/,True,True,eligible-after-attribution-check,arxiv_abs_page,2026-08-09T05:51:09+00:00,not-started,,,,CF,CF: Cosmic Probes of Fundamental Physics,Adaptation is indicated by the source license; preserve attribution and all license conditions.
arXiv:2203.08324,arxiv:2203.08324,The Heavy Photon Search Experiment,N. Baltzell et al.,https://arxiv.org/abs/2203.08324,v1,https://arxiv.org/abs/2203.08324v1,ARXIV-NONEXCLUSIVE-DISTRIB-1.0,https://arxiv.org/licenses/nonexclusive-distrib/1.0/,https://arxiv.org/licenses/nonexclusive-distrib/1.0/,,,hold-manual-license-review,arxiv_abs_page,2026-08-09T05:51:06+00:00,not-started,,,,RPF,RPF: Dark Sector Studies at High Intensities,Manual source-license review is required before publishing a full translation.
arXiv:2203.07622,arxiv:2203.07622,The International Linear Collider,A. Aryshev et al.,https://arxiv.org/abs/2203.07622,v3,https://arxiv.org/abs/2203.07622v3,ARXIV-NONEXCLUSIVE-DISTRIB-1.0,https://arxiv.org/licenses/nonexclusive-distrib/1.0/,https://arxiv.org/licenses/nonexclusive-distrib/1.0/,,,hold-manual-license-review,arxiv_abs_page,2026-08-09T05:51:07+00:00,not-started,,,,AF | CEF | CF | EF | IF | NF | RPF | TF,AF: Accelerators for Electroweak and Higgs | CEF: Environmental and Societal Impacts | CF: Dark Matter: Particle-like | EF: General - centered on this frontier | IF: General - centered on this frontier | NF: Neutrinos Beyond the Standard Model | RPF: Dark Sector Studies at High Intensities | TF: General - cross-listed,Manual source-license review is required before publishing a full translation.
arXiv:2203.10198,arxiv:2203.10198,The Ion Fluorescence Chamber (IFC): A New Concept for Directional Dark Matter and Topologically Imaging Neutrinoless Double Beta Decay Searches,B. J. P. Jones et al.,https://arxiv.org/abs/2203.10198,v1,https://arxiv.org/abs/2203.10198v1,ARXIV-NONEXCLUSIVE-DISTRIB-1.0,https://arxiv.org/licenses/nonexclusive-distrib/1.0/,https://arxiv.org/licenses/nonexclusive-distrib/1.0/,,,hold-manual-license-review,arxiv_abs_page,2026-08-09T05:51:08+00:00,not-started,,,,IF | NF,IF: Noble Element-Based Detectors | NF: Neutrino Properties,Manual source-license review is required before publishing a full translation.
arXiv:2203.06894,arxiv:2203.06894,The Landscape of Cosmic-Ray and High-Energy Photon Probes of Particle Dark Matter,T. Aramaki et al.,https://arxiv.org/abs/2203.06894,v2,https://arxiv.org/abs/2203.06894v2,ARXIV-NONEXCLUSIVE-DISTRIB-1.0,https://arxiv.org/licenses/nonexclusive-distrib/1.0/,https://arxiv.org/licenses/nonexclusive-distrib/1.0/,,,hold-manual-license-review,arxiv_abs_page,2026-08-09T05:51:08+00:00,not-started,,,,CF,CF: Dark Matter: Particle-like,Manual source-license review is required before publishing a full translation.
arXiv:2203.08297,arxiv:2203.08297,The Landscape of Low-Threshold Dark Matter Direct Detection in the Next Decade,R. Essig et al.,https://arxiv.org/abs/2203.08297,v2,https://arxiv.org/abs/2203.08297v2,ARXIV-NONEXCLUSIVE-DISTRIB-1.0,https://arxiv.org/licenses/nonexclusive-distrib/1.0/,https://arxiv.org/licenses/nonexclusive-distrib/1.0/,,,hold-manual-license-review,arxiv_abs_page,2026-08-09T05:51:09+00:00,not-started,,,,CF,CF: Dark Matter: Particle-like,Manual source-license review is required before publishing a full translation.
arXiv:2101.08320,arxiv:2101.08320,The LHC Olympics 2020: A Community Challenge for Anomaly Detection in High Energy Physics,G. Kasieczka et al.,https://arxiv.org/abs/2101.08320,v1,https://arxiv.org/abs/2101.08320v1,CC-BY-4.0,https://creativecommons.org/licenses/by/4.0/,https://creativecommons.org/licenses/by/4.0/,True,True,eligible-after-attribution-check,arxiv_abs_page,2026-08-09T05:51:11+00:00,not-started,,,,CompF | EF | TF,CompF: Machine Learning | EF: Beyond the Standard Model - More General Explorations | TF: Collider Phenomenology,Adaptation is indicated by the source license; preserve attribution and all license conditions.
arXiv:2209.04322,arxiv:2209.04322,The MegaMapper: A Stage-5 Spectroscopic Instrument Concept for the Study of Inflation and Dark Energy,D. J. Schlegel et al.,https://arxiv.org/abs/2209.04322,v1,https://arxiv.org/abs/2209.04322v1,CC-BY-4.0,https://creativecommons.org/licenses/by/4.0/,https://creativecommons.org/licenses/by/4.0/,True,True,eligible-after-attribution-check,arxiv_abs_page,2026-08-09T05:51:11+00:00,not-started,,,,CF,CF: Dark Energy and Cosmic Acceleration: The Modern Universe,Adaptation is indicated by the source license; preserve attribution and all license conditions.
arXiv:2204.00001,arxiv:2204.00001,The Mu3e Experiment,G. Hesketh et al.,https://arxiv.org/abs/2204.00001,v2,https://arxiv.org/abs/2204.00001v2,CC-BY-NC-SA-4.0,https://creativecommons.org/licenses/by-nc-sa/4.0/,https://creativecommons.org/licenses/by-nc-sa/4.0/,True,False,eligible-noncommercial-only-after-sharealike-check,arxiv_abs_page,2026-08-09T05:51:09+00:00,not-started,,,,RPF,RPF: Charged Lepton Flavor Violation,Adaptation is indicated by the source license; preserve attribution and all license conditions.
arXiv:2203.09336,arxiv:2203.09336,The Necessity of International Particle Physics Opportunities for American Education,E. Arce-Lareta et al.,https://arxiv.org/abs/2203.09336,v3,https://arxiv.org/abs/2203.09336v3,CC0-1.0,https://creativecommons.org/publicdomain/zero/1.0/,https://creativecommons.org/publicdomain/zero/1.0/,True,True,eligible-after-attribution-check,arxiv_abs_page,2026-08-09T05:51:15+00:00,not-started,,,,AF | CEF,AF: Beam Physics and Accelerator Education | CEF: Physics Education,Adaptation is indicated by the source license; preserve attribution and all license conditions.
arXiv:2203.07888,arxiv:2203.07888,The Need for Further Development of Magnetrons as RF Sources for HEP,T. Kroc et al.,https://arxiv.org/abs/2203.07888,v1,https://arxiv.org/abs/2203.07888v1,CC-BY-4.0,https://creativecommons.org/licenses/by/4.0/,https://creativecommons.org/licenses/by/4.0/,True,True,eligible-after-attribution-check,arxiv_abs_page,2026-08-09T05:51:09+00:00,not-started,,,,AF,AF: Accelerator Technology - RF,Adaptation is indicated by the source license; preserve attribution and all license conditions.
arXiv:2203.08916,arxiv:2203.08916,The Need for Structural Changes to Create Impactful Public Engagement in US Particle Physics,K. A. Assamagan et al.,https://arxiv.org/abs/2203.08916,v1,https://arxiv.org/abs/2203.08916v1,CC-BY-NC-SA-4.0,https://creativecommons.org/licenses/by-nc-sa/4.0/,https://creativecommons.org/licenses/by-nc-sa/4.0/,True,False,eligible-noncommercial-only-after-sharealike-check,arxiv_abs_page,2026-08-09T05:51:10+00:00,not-started,,,,CEF,CEF: Public Education and Outreach,Adaptation is indicated by the source license; preserve attribution and all license conditions.
arXiv:2203.08117,arxiv:2203.08117,The Numerical Conformal Bootstrap,D. Poland et al.,https://arxiv.org/abs/2203.08117,v2,https://arxiv.org/abs/2203.08117v2,ARXIV-NONEXCLUSIVE-DISTRIB-1.0,https://arxiv.org/licenses/nonexclusive-distrib/1.0/,https://arxiv.org/licenses/nonexclusive-distrib/1.0/,,,hold-manual-license-review,arxiv_abs_page,2026-08-09T05:51:10+00:00,not-started,,,,CompF | TF,CompF: Theoretical Calculations and Simulations | TF: Conformal Field Theory and Formal Quantum Field Theory,Manual source-license review is required before publishing a full translation.
arXiv:2203.06730,arxiv:2203.06730,The Path Forward to N3LO,F. Caola et al.,https://arxiv.org/abs/2203.06730,v1,https://arxiv.org/abs/2203.06730v1,ARXIV-NONEXCLUSIVE-DISTRIB-1.0,https://arxiv.org/licenses/nonexclusive-distrib/1.0/,https://arxiv.org/licenses/nonexclusive-distrib/1.0/,,,hold-manual-license-review,arxiv_abs_page,2026-08-09T05:51:10+00:00,not-started,,,,TF,TF: Theory Techniques for Precision Physics,Manual source-license review is required before publishing a full translation.
arXiv:2203.08094,arxiv:2203.08094,The Physics Case for a Neutrino Factory,A. Bogacz et al.,https://arxiv.org/abs/2203.08094,v1,https://arxiv.org/abs/2203.08094v1,ARXIV-NONEXCLUSIVE-DISTRIB-1.0,https://arxiv.org/licenses/nonexclusive-distrib/1.0/,https://arxiv.org/licenses/nonexclusive-distrib/1.0/,,,hold-manual-license-review,arxiv_abs_page,2026-08-09T05:51:13+00:00,not-started,,,,AF | EF | NF,AF: General - centered on this frontier | EF: General - cross-listed | NF: Artificial Neutrino Sources,Manual source-license review is required before publishing a full translation.
arXiv:2203.07261,arxiv:2203.07261,The Physics Case of a 3 TeV Muon Collider Stage,J. de Blas et al.,https://arxiv.org/abs/2203.07261,v2,https://arxiv.org/abs/2203.07261v2,CC-BY-4.0,https://creativecommons.org/licenses/by/4.0/,https://creativecommons.org/licenses/by/4.0/,True,True,eligible-after-attribution-check,arxiv_abs_page,2026-08-09T05:51:14+00:00,not-started,,,,EF | TF,EF: General - centered on this frontier | TF: General - centered on this frontier,Adaptation is indicated by the source license; preserve attribution and all license conditions.
arXiv:2203.07943,arxiv:2203.07943,The Physics of Light Relics,C. Dvorkin et al.,https://arxiv.org/abs/2203.07943,v1,https://arxiv.org/abs/2203.07943v1,ARXIV-NONEXCLUSIVE-DISTRIB-1.0,https://arxiv.org/licenses/nonexclusive-distrib/1.0/,https://arxiv.org/licenses/nonexclusive-distrib/1.0/,,,hold-manual-license-review,arxiv_abs_page,2026-08-09T05:51:11+00:00,not-started,,,,CF | TF,CF: Dark Energy and Cosmic Acceleration: Cosmic Dawn and Before | TF: Astro-Particle Physics and Cosmology,Manual source-license review is required before publishing a full translation.
arXiv:2205.08553,arxiv:2205.08553,The Physics potential of the CEPC,H. Cheng et al.,https://arxiv.org/abs/2205.08553,v2,https://arxiv.org/abs/2205.08553v2,ARXIV-NONEXCLUSIVE-DISTRIB-1.0,https://arxiv.org/licenses/nonexclusive-distrib/1.0/,https://arxiv.org/licenses/nonexclusive-distrib/1.0/,,,hold-manual-license-review,arxiv_abs_page,2026-08-09T05:51:11+00:00,not-started,,,,AF | EF | TF,AF: General - centered on this frontier | EF: General - centered on this frontier | TF: General - cross-listed,Manual source-license review is required before publishing a full translation.
arXiv:2203.06258,arxiv:2203.06258,The Potential of a TeV-Scale Muon-Ion Collider,D. Acosta et al.,https://arxiv.org/abs/2203.06258,v3,https://arxiv.org/abs/2203.06258v3,CC-BY-4.0,https://creativecommons.org/licenses/by/4.0/,https://creativecommons.org/licenses/by/4.0/,True,True,eligible-after-attribution-check,arxiv_abs_page,2026-08-09T05:51:14+00:00,not-started,,,,AF | EF,AF: Multi-TeV Colliders | EF: QCD and Strong Interactions - Hadronic Structure and Forward QCD Processes,Adaptation is indicated by the source license; preserve attribution and all license conditions.
arXiv:2203.08039,arxiv:2203.08039,The Present and Future Status of Heavy Neutral Leptons,A. M. Abdullahi et al.,https://arxiv.org/abs/2203.08039,v1,https://arxiv.org/abs/2203.08039v1,CC-BY-4.0,https://creativecommons.org/licenses/by/4.0/,https://creativecommons.org/licenses/by/4.0/,True,True,eligible-after-attribution-check,arxiv_abs_page,2026-08-09T05:51:17+00:00,not-started,,,,NF,NF: Neutrinos Beyond the Standard Model,Adaptation is indicated by the source license; preserve attribution and all license conditions.
arXiv:2203.07349,arxiv:2203.07349,The Project 8 Neutrino Mass Experiment,A. Ashtari Esfahani et al.,https://arxiv.org/abs/2203.07349,v1,https://arxiv.org/abs/2203.07349v1,CC-BY-4.0,https://creativecommons.org/licenses/by/4.0/,https://creativecommons.org/licenses/by/4.0/,True,True,eligible-after-attribution-check,arxiv_abs_page,2026-08-09T05:51:12+00:00,not-started,,,,NF,NF: Neutrino Properties,Adaptation is indicated by the source license; preserve attribution and all license conditions.
arXiv:2203.08053,arxiv:2203.08053,The Quest to Define QFT,M. Dedushenko.,https://arxiv.org/abs/2203.08053,v2,https://arxiv.org/abs/2203.08053v2,ARXIV-NONEXCLUSIVE-DISTRIB-1.0,https://arxiv.org/licenses/nonexclusive-distrib/1.0/,https://arxiv.org/licenses/nonexclusive-distrib/1.0/,,,hold-manual-license-review,arxiv_abs_page,2026-08-09T05:51:12+00:00,not-started,,,,TF,TF: Conformal Field Theory and Formal Quantum Field Theory,Manual source-license review is required before publishing a full translation.
arXiv:2203.07651,arxiv:2203.07651,The REDTOP Experiment: Rare η/η′ Decays To Probe New Physics,J. Elam et al. (REDTOP Collaboration),https://arxiv.org/abs/2203.07651,v3,https://arxiv.org/abs/2203.07651v3,CC-BY-4.0,https://creativecommons.org/licenses/by/4.0/,https://creativecommons.org/licenses/by/4.0/,True,True,eligible-after-attribution-check,arxiv_abs_page,2026-08-09T05:51:13+00:00,not-started,,,,RPF,RPF: General - centered on this frontier,Adaptation is indicated by the source license; preserve attribution and all license conditions.
arXiv:2203.06476,arxiv:2203.06476,The ReLiC: Recycling Linear e+e− Collider,V. N. Litvinenko et al.,https://arxiv.org/abs/2203.06476,v1,https://arxiv.org/abs/2203.06476v1,ARXIV-NONEXCLUSIVE-DISTRIB-1.0,https://arxiv.org/licenses/nonexclusive-distrib/1.0/,https://arxiv.org/licenses/nonexclusive-distrib/1.0/,,,hold-manual-license-review,arxiv_abs_page,2026-08-09T05:51:13+00:00,not-started,,,,AF | EF,AF: Accelerators for Electroweak and Higgs | EF: Higgs Boson Properties and Couplings,Manual source-license review is required before publishing a full translation.
arXiv:2203.07316,arxiv:2203.07316,The Road Ahead for CODEX-b,G. Aielli et al.,https://arxiv.org/abs/2203.07316,v1,https://arxiv.org/abs/2203.07316v1,ARXIV-NONEXCLUSIVE-DISTRIB-1.0,https://arxiv.org/licenses/nonexclusive-distrib/1.0/,https://arxiv.org/licenses/nonexclusive-distrib/1.0/,,,hold-manual-license-review,arxiv_abs_page,2026-08-09T05:51:20+00:00,not-started,,,,EF | RPF,EF: Beyond the Standard Model - More General Explorations | RPF: Dark Sector Studies at High Intensities,Manual source-license review is required before publishing a full translation.
arXiv:2203.08293,arxiv:2203.08293,The Sanford Underground Research Facility,J. Heise.,https://arxiv.org/abs/2203.08293,v3,https://arxiv.org/abs/2203.08293v3,ARXIV-NONEXCLUSIVE-DISTRIB-1.0,https://arxiv.org/licenses/nonexclusive-distrib/1.0/,https://arxiv.org/licenses/nonexclusive-distrib/1.0/,,,hold-manual-license-review,arxiv_abs_page,2026-08-09T05:51:15+00:00,not-started,,,,CEF | CF | CompF | IF | NF | RPF | UF,CEF: General - cross-listed | CF: General - cross-listed: | CompF: General - cross-listed: | IF: General - centered on this frontier | NF: General - cross-listed | RPF: General - cross-listed | UF: General - centered on this frontier:,Manual source-license review is required before publishing a full translation.
arXiv:2203.08779,arxiv:2203.08779,The Selena Neutrino Experiment,A. E. Chavarria et al.,https://arxiv.org/abs/2203.08779,v1,https://arxiv.org/abs/2203.08779v1,CC-BY-4.0,https://creativecommons.org/licenses/by/4.0/,https://creativecommons.org/licenses/by/4.0/,True,True,eligible-after-attribution-check,arxiv_abs_page,2026-08-09T05:51:18+00:00,not-started,,,,NF,NF: Neutrino Properties,Adaptation is indicated by the source license; preserve attribution and all license conditions.
arXiv:2205.13215,arxiv:2205.13215,The SLAC Linac to ESA (LESA) Beamline for Dark Sector Searches and Test Beams,T. Markiewicz et al.,https://arxiv.org/abs/2205.13215,v2,https://arxiv.org/abs/2205.13215v2,CC-BY-4.0,https://creativecommons.org/licenses/by/4.0/,https://creativecommons.org/licenses/by/4.0/,True,True,eligible-after-attribution-check,arxiv_abs_page,2026-08-09T05:51:15+00:00,not-started,,,,AF | RPF,AF: Accelerators for Rare Processes and Physics Beyond Colliders | RPF: General - centered on this frontier,Adaptation is indicated by the source license; preserve attribution and all license conditions.
arXiv:2203.08271,arxiv:2203.08271,The Strong Coupling Constant: State of the Art and the Decade Ahead,D. d'Enterria et al.,https://arxiv.org/abs/2203.08271,v2,https://arxiv.org/abs/2203.08271v2,CC-BY-4.0,https://creativecommons.org/licenses/by/4.0/,https://creativecommons.org/licenses/by/4.0/,True,True,eligible-after-attribution-check,arxiv_abs_page,2026-08-09T05:51:16+00:00,not-started,,,,EF,EF: QCD and Strong Interactions - Precision QCD,Adaptation is indicated by the source license; preserve attribution and all license conditions.
arXiv:2203.07242,arxiv:2203.07242,The Windchime Project,A. Attanasio et al. (Windchime Collaboration),https://arxiv.org/abs/2203.07242,v1,https://arxiv.org/abs/2203.07242v1,CC-BY-4.0,https://creativecommons.org/licenses/by/4.0/,https://creativecommons.org/licenses/by/4.0/,True,True,eligible-after-attribution-check,arxiv_abs_page,2026-08-09T05:51:16+00:00,not-started,,,,CF | IF | TF,CF: Dark Matter: Particle-like | IF: Quantum Sensors | TF: Beyond-Standard-Model Model Building,Adaptation is indicated by the source license; preserve attribution and all license conditions.
arXiv:2202.12839,arxiv:2202.12839,Theia: Summary of physics program,M. Askins et al.,https://arxiv.org/abs/2202.12839,v1,https://arxiv.org/abs/2202.12839v1,CC-BY-4.0,https://creativecommons.org/licenses/by/4.0/,https://creativecommons.org/licenses/by/4.0/,True,True,eligible-after-attribution-check,arxiv_abs_page,2026-08-09T05:51:16+00:00,not-started,,,,IF | NF | UF,IF: General - cross-listed | NF: General - centered on this frontier | UF: General - cross-listed:,Adaptation is indicated by the source license; preserve attribution and all license conditions.
arXiv:2203.06771,arxiv:2203.06771,Theoretical Developments in the SMEFT at Dimension-8 and Beyond,S. Alioli et al.,https://arxiv.org/abs/2203.06771,v2,https://arxiv.org/abs/2203.06771v2,CC-BY-4.0,https://creativecommons.org/licenses/by/4.0/,https://creativecommons.org/licenses/by/4.0/,True,True,eligible-after-attribution-check,arxiv_abs_page,2026-08-09T05:51:17+00:00,not-started,,,,TF,TF: Theory Techniques for Precision Physics,Adaptation is indicated by the source license; preserve attribution and all license conditions.
arXiv:2203.09030,arxiv:2203.09030,"Theoretical Tools for Neutrino Scattering: Interplay between Lattice QCD, EFTs, Nuclear Physics, Phenomenology, and Neutrino Event Generators",L. Alvarez Ruso et al.,https://arxiv.org/abs/2203.09030,v2,https://arxiv.org/abs/2203.09030v2,ARXIV-NONEXCLUSIVE-DISTRIB-1.0,https://arxiv.org/licenses/nonexclusive-distrib/1.0/,https://arxiv.org/licenses/nonexclusive-distrib/1.0/,,,hold-manual-license-review,arxiv_abs_page,2026-08-09T05:51:19+00:00,not-started,,,,CompF | NF | TF,CompF: Theoretical Calculations and Simulations | NF: Neutrino Interaction Cross Sections | TF: Theory of Neutrino Physics,Manual source-license review is required before publishing a full translation.
arXiv:2203.07059,arxiv:2203.07059,Theories and Experiments for Testable Baryogenesis Mechanisms,J. L. Barrow et al.,https://arxiv.org/abs/2203.07059,v2,https://arxiv.org/abs/2203.07059v2,ARXIV-NONEXCLUSIVE-DISTRIB-1.0,https://arxiv.org/licenses/nonexclusive-distrib/1.0/,https://arxiv.org/licenses/nonexclusive-distrib/1.0/,,,hold-manual-license-review,arxiv_abs_page,2026-08-09T05:51:18+00:00,not-started,,,,RPF,RPF: Baryon and Lepton Number Violation,Manual source-license review is required before publishing a full translation.
arXiv:2203.10089,arxiv:2203.10089,Theory Frontier: Theory Meets the Lab,R. Essig et al.,https://arxiv.org/abs/2203.10089,v1,https://arxiv.org/abs/2203.10089v1,CC-BY-4.0,https://creativecommons.org/licenses/by/4.0/,https://creativecommons.org/licenses/by/4.0/,True,True,eligible-after-attribution-check,arxiv_abs_page,2026-08-09T05:51:19+00:00,not-started,,,,CF | EF | RPF | TF,CF: General - cross-listed: | EF: Beyond the Standard Model - More General Explorations | RPF: Dark Sector Studies at High Intensities | TF: Astro-Particle Physics and Cosmology,Adaptation is indicated by the source license; preserve attribution and all license conditions.
arXiv:2203.09503,arxiv:2203.09503,"Theory, Phenomenology, and Experimental Avenues for Dark Showers",G. Albouy et al.,https://arxiv.org/abs/2203.09503,v2,https://arxiv.org/abs/2203.09503v2,CC-BY-4.0,https://creativecommons.org/licenses/by/4.0/,https://creativecommons.org/licenses/by/4.0/,True,True,eligible-after-attribution-check,arxiv_abs_page,2026-08-09T05:51:23+00:00,not-started,,,,EF | TF,EF: Beyond the Standard Model - More General Explorations | TF: Collider Phenomenology,Adaptation is indicated by the source license; preserve attribution and all license conditions.
arXiv:2203.07344,arxiv:2203.07344,Top-Quark Mass Extraction from t tbar j+X Events at the LHC: Theory Predictions,S. Alioli et al.,https://arxiv.org/abs/2203.07344,v1,https://arxiv.org/abs/2203.07344v1,CC-BY-NC-SA-4.0,https://creativecommons.org/licenses/by-nc-sa/4.0/,https://creativecommons.org/licenses/by-nc-sa/4.0/,True,False,eligible-noncommercial-only-after-sharealike-check,arxiv_abs_page,2026-08-09T05:51:18+00:00,not-started,,,,EF | TF,EF: Heavy Flavor and Top Quark Physics | TF: Theory Techniques for Precision Physics,Adaptation is indicated by the source license; preserve attribution and all license conditions.
arXiv:2203.08386,arxiv:2203.08386,Toward CUPID-1T,A. Armatol et al.,https://arxiv.org/abs/2203.08386,v2,https://arxiv.org/abs/2203.08386v2,ARXIV-NONEXCLUSIVE-DISTRIB-1.0,https://arxiv.org/licenses/nonexclusive-distrib/1.0/,https://arxiv.org/licenses/nonexclusive-distrib/1.0/,,,hold-manual-license-review,arxiv_abs_page,2026-08-09T05:51:19+00:00,not-started,,,,IF | NF | RPF | UF,IF: Quantum Sensors | NF: Neutrino Properties | RPF: Baryon and Lepton Number Violation | UF: Underground Detectors,Manual source-license review is required before publishing a full translation.
arXiv:2203.08861,arxiv:2203.08861,Towards an HPC Complementary Computing Facility,K. Herner et al.,https://arxiv.org/abs/2203.08861,v1,https://arxiv.org/abs/2203.08861v1,ARXIV-NONEXCLUSIVE-DISTRIB-1.0,https://arxiv.org/licenses/nonexclusive-distrib/1.0/,https://arxiv.org/licenses/nonexclusive-distrib/1.0/,,,hold-manual-license-review,arxiv_abs_page,2026-08-09T05:51:19+00:00,not-started,,,,CompF,CompF: Storage and Processing Resource Access,Manual source-license review is required before publishing a full translation.
arXiv:2203.07314,arxiv:2203.07314,Track-Based Triggers for Exotic Signatures,K. F. Di Petrillo et al.,https://arxiv.org/abs/2203.07314,v2,https://arxiv.org/abs/2203.07314v2,CC-BY-4.0,https://creativecommons.org/licenses/by/4.0/,https://creativecommons.org/licenses/by/4.0/,True,True,eligible-after-attribution-check,arxiv_abs_page,2026-08-09T05:51:27+00:00,not-started,,,,EF | IF,EF: Beyond the Standard Model - More General Explorations | IF: Trigger and Data Acquisition,Adaptation is indicated by the source license; preserve attribution and all license conditions.
arXiv:2203.11047,arxiv:2203.11047,Transformative Technology for FLASH Radiation Therapy,S. Boucher et al.,https://arxiv.org/abs/2203.11047,v1,https://arxiv.org/abs/2203.11047v1,ARXIV-NONEXCLUSIVE-DISTRIB-1.0,https://arxiv.org/licenses/nonexclusive-distrib/1.0/,https://arxiv.org/licenses/nonexclusive-distrib/1.0/,,,hold-manual-license-review,arxiv_abs_page,2026-08-09T05:51:20+00:00,not-started,,,,AF | CEF,AF: Accelerator Technology - RF | CEF: Applications and Industry,Manual source-license review is required before publishing a full translation.
arXiv:2204.08983,arxiv:2204.08983,Transforming U.S. Particle Physics Education: A Snowmass 2021 Study,O. Bitter et al.,https://arxiv.org/abs/2204.08983,v1,https://arxiv.org/abs/2204.08983v1,CC-BY-4.0,https://creativecommons.org/licenses/by/4.0/,https://creativecommons.org/licenses/by/4.0/,True,True,eligible-after-attribution-check,arxiv_abs_page,2026-08-09T05:51:20+00:00,not-started,,,,CEF,CEF: Physics Education,Adaptation is indicated by the source license; preserve attribution and all license conditions.
arXiv:2203.05729,arxiv:2203.05729,Tree-level Interference in VBF production of Vh,C. Paranjape et al.,https://arxiv.org/abs/2203.05729,v1,https://arxiv.org/abs/2203.05729v1,CC-BY-NC-ND-4.0,https://creativecommons.org/licenses/by-nc-nd/4.0/,https://creativecommons.org/licenses/by-nc-nd/4.0/,False,False,hold-no-public-adaptation,arxiv_abs_page,2026-08-09T05:51:22+00:00,not-started,,,,EF,EF: Higgs Boson Properties and Couplings,Manual source-license review is required before publishing a full translation.
arXiv:2203.07272,arxiv:2203.07272,Two-Fermion Final States at International Linear Collider,T. Suehara.,https://arxiv.org/abs/2203.07272,v1,https://arxiv.org/abs/2203.07272v1,ARXIV-NONEXCLUSIVE-DISTRIB-1.0,https://arxiv.org/licenses/nonexclusive-distrib/1.0/,https://arxiv.org/licenses/nonexclusive-distrib/1.0/,,,hold-manual-license-review,arxiv_abs_page,2026-08-09T05:51:24+00:00,not-started,,,,EF,EF: Beyond the Standard Model - More General Explorations,Manual source-license review is required before publishing a full translation.
arXiv:2205.14486,arxiv:2205.14486,Two-Real-Singlet-Model (TRSM) Benchmark Planes,T. Robens.,https://arxiv.org/abs/2205.14486,v1,https://arxiv.org/abs/2205.14486v1,CC-BY-4.0,https://creativecommons.org/licenses/by/4.0/,https://creativecommons.org/licenses/by/4.0/,True,True,eligible-after-attribution-check,arxiv_abs_page,2026-08-09T05:51:27+00:00,not-started,,,,EF | TF,EF: Higgs Boson as a Portal to New Physics | TF: Collider Phenomenology,Adaptation is indicated by the source license; preserve attribution and all license conditions.
arXiv:2203.07786,arxiv:2203.07786,U(1)_T3R Extension of Standard Model: A Sub-GeV Dark Matter Model,B. Dutta et al.,https://arxiv.org/abs/2203.07786,v1,https://arxiv.org/abs/2203.07786v1,CC-BY-4.0,https://creativecommons.org/licenses/by/4.0/,https://creativecommons.org/licenses/by/4.0/,True,True,eligible-after-attribution-check,arxiv_abs_page,2026-08-09T05:51:22+00:00,not-started,,,,CF | TF,CF: Dark Matter: Particle-like | TF: Beyond-Standard-Model Model Building,Adaptation is indicated by the source license; preserve attribution and all license conditions.
arXiv:2209.10109,arxiv:2209.10109,U.S. CMS - PURSUE (Program for Undergraduate Research SUmmer Experience),T. Bose et al.,https://arxiv.org/abs/2209.10109,v2,https://arxiv.org/abs/2209.10109v2,CC-BY-4.0,https://creativecommons.org/licenses/by/4.0/,https://creativecommons.org/licenses/by/4.0/,True,True,eligible-after-attribution-check,arxiv_abs_page,2026-08-09T05:51:26+00:00,not-started,,,,CEF,CEF: Physics Education,Adaptation is indicated by the source license; preserve attribution and all license conditions.
arXiv:2207.06213,arxiv:2207.06213,U.S. National Accelerator R&D Program on Future Colliders,P. C. Bhat et al.,https://arxiv.org/abs/2207.06213,v1,https://arxiv.org/abs/2207.06213v1,ARXIV-NONEXCLUSIVE-DISTRIB-1.0,https://arxiv.org/licenses/nonexclusive-distrib/1.0/,https://arxiv.org/licenses/nonexclusive-distrib/1.0/,,,hold-manual-license-review,arxiv_abs_page,2026-08-09T05:51:21+00:00,not-started,,,,AF,AF: General - centered on this frontier,Manual source-license review is required before publishing a full translation.
arXiv:2205.05845,arxiv:2205.05845,Ultra-High-Energy Cosmic Rays: The Intersection of the Cosmic and Energy Frontiers,A. Coleman et al.,https://arxiv.org/abs/2205.05845,v4,https://arxiv.org/abs/2205.05845v4,CC-BY-SA-4.0,https://creativecommons.org/licenses/by-sa/4.0/,https://creativecommons.org/licenses/by-sa/4.0/,True,True,eligible-after-sharealike-check,arxiv_abs_page,2026-08-09T05:51:22+00:00,not-started,,,,CF,CF: Cosmic Probes of Fundamental Physics,Adaptation is indicated by the source license; preserve attribution and all license conditions.
arXiv:2203.06788,arxiv:2203.06788,Ultrafast Inorganic Crystals with Mass Production Capability for Future High-Rate Experiments,C. Hu et al.,https://arxiv.org/abs/2203.06788,v1,https://arxiv.org/abs/2203.06788v1,CC-BY-4.0,https://creativecommons.org/licenses/by/4.0/,https://creativecommons.org/licenses/by/4.0/,True,True,eligible-after-attribution-check,arxiv_abs_page,2026-08-09T05:51:24+00:00,not-started,,,,EF | IF | RPF,EF: Higgs Boson Properties and Couplings | IF: Calorimetry | RPF: Charged Lepton Flavor Violation,Adaptation is indicated by the source license; preserve attribution and all license conditions.
arXiv:2203.06508,arxiv:2203.06508,Ultraheavy Particle Dark Matter,D. Carney et al.,https://arxiv.org/abs/2203.06508,v2,https://arxiv.org/abs/2203.06508v2,CC-BY-4.0,https://creativecommons.org/licenses/by/4.0/,https://creativecommons.org/licenses/by/4.0/,True,True,eligible-after-attribution-check,arxiv_abs_page,2026-08-09T05:51:26+00:00,not-started,,,,CF | IF | TF,CF: Dark Matter: Particle-like | IF: Quantum Sensors | TF: Beyond-Standard-Model Model Building,Adaptation is indicated by the source license; preserve attribution and all license conditions.
arXiv:2203.08871,arxiv:2203.08871,Understanding Training in Superconducting Accelerator Magnets using Acoustic Emission Diagnostics,M. Marchevsky.,https://arxiv.org/abs/2203.08871,v1,https://arxiv.org/abs/2203.08871v1,CC-BY-4.0,https://creativecommons.org/licenses/by/4.0/,https://creativecommons.org/licenses/by/4.0/,True,True,eligible-after-attribution-check,arxiv_abs_page,2026-08-09T05:51:24+00:00,not-started,,,,AF,AF: Accelerator Technology - Magnets,Adaptation is indicated by the source license; preserve attribution and all license conditions.
arXiv:2203.01847,arxiv:2203.01847,Understanding Vacuum Arcs and Gradient Limits,J. Norem et al.,https://arxiv.org/abs/2203.01847,v2,https://arxiv.org/abs/2203.01847v2,ARXIV-NONEXCLUSIVE-DISTRIB-1.0,https://arxiv.org/licenses/nonexclusive-distrib/1.0/,https://arxiv.org/licenses/nonexclusive-distrib/1.0/,,,hold-manual-license-review,arxiv_abs_page,2026-08-09T05:51:24+00:00,not-started,,,,AF,AF: Accelerator Technology - RF,Manual source-license review is required before publishing a full translation.
arXiv:2205.12847,arxiv:2205.12847,Upgrading SuperKEKB with a Polarized Electron Beam: Discovery Potential and Proposed Implementation,S. Banerjee et al.,https://arxiv.org/abs/2205.12847,v3,https://arxiv.org/abs/2205.12847v3,CC-BY-4.0,https://creativecommons.org/licenses/by/4.0/,https://creativecommons.org/licenses/by/4.0/,True,True,eligible-after-attribution-check,arxiv_abs_page,2026-08-09T05:51:24+00:00,not-started,,,,AF | EF | RPF,AF: Accelerators for Rare Processes and Physics Beyond Colliders | EF: Electroweak Precision Physics and Constraining New Physics | RPF: General - centered on this frontier,Adaptation is indicated by the source license; preserve attribution and all license conditions.
arXiv:2203.06805,arxiv:2203.06805,UV Constraints on IR Physics,C. de Rham et al.,https://arxiv.org/abs/2203.06805,v2,https://arxiv.org/abs/2203.06805v2,ARXIV-NONEXCLUSIVE-DISTRIB-1.0,https://arxiv.org/licenses/nonexclusive-distrib/1.0/,https://arxiv.org/licenses/nonexclusive-distrib/1.0/,,,hold-manual-license-review,arxiv_abs_page,2026-08-09T05:51:26+00:00,not-started,,,,TF,TF: Effective Field Theory Techniques,Manual source-license review is required before publishing a full translation.
arXiv:2005.10289,arxiv:2005.10289,Vector Boson Fusion at Multi-TeV Muon Colliders,A. Costantini et al.,https://arxiv.org/abs/2005.10289,v2,https://arxiv.org/abs/2005.10289v2,ARXIV-NONEXCLUSIVE-DISTRIB-1.0,https://arxiv.org/licenses/nonexclusive-distrib/1.0/,https://arxiv.org/licenses/nonexclusive-distrib/1.0/,,,hold-manual-license-review,arxiv_abs_page,2026-08-09T05:51:25+00:00,not-started,,,,AF | CompF | EF | TF,AF: Multi-TeV Colliders | CompF: Theoretical Calculations and Simulations | EF: Electroweak Precision Physics and Constraining New Physics | TF: Collider Phenomenology,Manual source-license review is required before publishing a full translation.
arXiv:2106.01393,arxiv:2106.01393,Vector Boson Scattering Processes: Status and Prospects,D. Buarque Franzosi et al.,https://arxiv.org/abs/2106.01393,v2,https://arxiv.org/abs/2106.01393v2,CC-BY-4.0,https://creativecommons.org/licenses/by/4.0/,https://creativecommons.org/licenses/by/4.0/,True,True,eligible-after-attribution-check,arxiv_abs_page,2026-08-09T05:51:29+00:00,not-started,,,,EF | NF | TF,EF: Electroweak Precision Physics and Constraining New Physics | NF: Neutrinos Beyond the Standard Model | TF: Collider Phenomenology,Adaptation is indicated by the source license; preserve attribution and all license conditions.
arXiv:2203.07252,arxiv:2203.07252,Vera C. Rubin Observatory as a Flagship Dark Matter Experiment,Y.-Y. Mao et al.,https://arxiv.org/abs/2203.07252,v1,https://arxiv.org/abs/2203.07252v1,CC-BY-4.0,https://creativecommons.org/licenses/by/4.0/,https://creativecommons.org/licenses/by/4.0/,True,True,eligible-after-attribution-check,arxiv_abs_page,2026-08-09T05:51:32+00:00,not-started,,,,CF,CF: Dark Matter: Cosmic Probes,Adaptation is indicated by the source license; preserve attribution and all license conditions.
arXiv:2203.07533,arxiv:2203.07533,"Warped Compactifications in Particle Physics, Cosmology and Quantum Gravity",P. Agrawal et al.,https://arxiv.org/abs/2203.07533,v1,https://arxiv.org/abs/2203.07533v1,CC-BY-4.0,https://creativecommons.org/licenses/by/4.0/,https://creativecommons.org/licenses/by/4.0/,True,True,eligible-after-attribution-check,arxiv_abs_page,2026-08-09T05:51:30+00:00,not-started,,,,TF,TF: General - centered on this frontier,Adaptation is indicated by the source license; preserve attribution and all license conditions.
arXiv:2208.07910,arxiv:2208.07910,"When, Where, and How to Open Data: A Personal Perspective",B. Nachman.,https://arxiv.org/abs/2208.07910,v1,https://arxiv.org/abs/2208.07910v1,CC-BY-4.0,https://creativecommons.org/licenses/by/4.0/,https://creativecommons.org/licenses/by/4.0/,True,True,eligible-after-attribution-check,arxiv_abs_page,2026-08-09T05:51:31+00:00,not-started,,,,CompF | TF,CompF: Reinterpretation and Long-Term Preservation of Data and Code | TF: Collider Phenomenology,Adaptation is indicated by the source license; preserve attribution and all license conditions.
arXiv:2202.07683,arxiv:2202.07683,White Paper on SuperConformal Field Theories,P. C. Argyres et al.,https://arxiv.org/abs/2202.07683,v2,https://arxiv.org/abs/2202.07683v2,ARXIV-NONEXCLUSIVE-DISTRIB-1.0,https://arxiv.org/licenses/nonexclusive-distrib/1.0/,https://arxiv.org/licenses/nonexclusive-distrib/1.0/,,,hold-manual-license-review,arxiv_abs_page,2026-08-09T05:51:27+00:00,not-started,,,,TF,TF: Conformal Field Theory and Formal Quantum Field Theory,Manual source-license review is required before publishing a full translation.
arXiv:2203.10060,arxiv:2203.10060,Why should the U.S. Care about High Energy Physics in Africa and Latin America?,K. A. Assamagan et al.,https://arxiv.org/abs/2203.10060,v1,https://arxiv.org/abs/2203.10060v1,CC-BY-NC-SA-4.0,https://creativecommons.org/licenses/by-nc-sa/4.0/,https://creativecommons.org/licenses/by-nc-sa/4.0/,True,False,eligible-noncommercial-only-after-sharealike-check,arxiv_abs_page,2026-08-09T05:51:28+00:00,not-started,,,,CEF,"CEF: Diversity, Equity, and Inclusion",Adaptation is indicated by the source license; preserve attribution and all license conditions.
arXiv:2203.07351,arxiv:2203.07351,WIMP Dark Matter at High Energy Muon Colliders,T. Han et al.,https://arxiv.org/abs/2203.07351,v1,https://arxiv.org/abs/2203.07351v1,ARXIV-NONEXCLUSIVE-DISTRIB-1.0,https://arxiv.org/licenses/nonexclusive-distrib/1.0/,https://arxiv.org/licenses/nonexclusive-distrib/1.0/,,,hold-manual-license-review,arxiv_abs_page,2026-08-09T05:51:28+00:00,not-started,,,,AF | CF | EF | TF,AF: Multi-TeV Colliders | CF: Dark Matter: Particle-like | EF: Beyond the Standard Model - Dark Matter at Colliders | TF: Collider Phenomenology,Manual source-license review is required before publishing a full translation.
arXiv:2203.08484,arxiv:2203.08484,XCC: An X-ray FEL-Based γγ Collider Higgs Factory,T. Barklow et al.,https://arxiv.org/abs/2203.08484,v2,https://arxiv.org/abs/2203.08484v2,ARXIV-NONEXCLUSIVE-DISTRIB-1.0,https://arxiv.org/licenses/nonexclusive-distrib/1.0/,https://arxiv.org/licenses/nonexclusive-distrib/1.0/,,,hold-manual-license-review,arxiv_abs_page,2026-08-09T05:51:28+00:00,not-started,,,,AF | EF,AF: Accelerators for Electroweak and Higgs | EF: Higgs Boson Properties and Couplings,Manual source-license review is required before publishing a full translation.
arXiv:2206.12465,arxiv:2206.12465,xFitter: An Open Source QCD Analysis Framework,H. Abdolmaleki et al. (xFitter Developers’ Team).,https://arxiv.org/abs/2206.12465,v1,https://arxiv.org/abs/2206.12465v1,CC-BY-4.0,https://creativecommons.org/licenses/by/4.0/,https://creativecommons.org/licenses/by/4.0/,True,True,eligible-after-attribution-check,arxiv_abs_page,2026-08-09T05:51:28+00:00,not-started,,,,EF,EF: QCD and Strong Interactions - Hadronic Structure and Forward QCD Processes,Adaptation is indicated by the source license; preserve attribution and all license conditions.
