number,record_id,title,authors_as_listed,arxiv,external_url,frontiers,topics,placement_count,official_pdf_urls
1,arxiv:2203.07864,21cm Radiation as a Probe of Physics Across Cosmic Ages,A. Liu et al.,2203.07864,https://arxiv.org/abs/2203.07864,CF | IF,CF: Dark Energy and Cosmic Acceleration: Cosmic Dawn and Before | IF: General - cross-listed,2,https://www.slac.stanford.edu/econf/C210711/papers/2203.07864.pdf
2,arxiv:2203.13900,4-Dimensional Trackers,D. Berry et al.,2203.13900,https://arxiv.org/abs/2203.13900,IF,IF: Solid State Detectors and Tracking,1,https://www.slac.stanford.edu/econf/C210711/papers/2203.13900.pdf
3,arxiv:2203.00042,A Call to Arms Control: Synergies between Nonproliferation Applications of Neutrino Detectors and Large-Scale Fundamental Neutrino Physics Experiments,T. Akindele et al.,2203.00042,https://arxiv.org/abs/2203.00042,AF | CEF | IF | NF | UF,AF: Accelerators for Neutrinos | CEF: Environmental and Societal Impacts | IF: Cross-Cutting Issues and Systems Integration | NF: Neutrino Applications | UF: Underground Facilities for Neutrinos,5,https://www.slac.stanford.edu/econf/C210711/papers/2203.00042.pdf
4,arxiv:2111.06932,A Cost-Efective Upgrade Path for the Fermilab Accelerator Complex,S. Nagaitsev et al.,2111.06932,https://arxiv.org/abs/2111.06932,AF | NF,AF: Accelerators for Neutrinos | NF: Artificial Neutrino Sources,2,https://www.slac.stanford.edu/econf/C210711/papers/2111.06932.pdf
5,arxiv:2203.09734,A Facility for Low-Radioactivity Underground Argon,H. O. Back et al.,2203.09734,https://arxiv.org/abs/2203.09734,CF | IF | NF | UF,CF: General - cross-listed: | IF: Cross-Cutting Issues and Systems Integration | NF: General - cross-listed | UF: Supporting Capabilities,4,https://www.slac.stanford.edu/econf/C210711/papers/2203.09734.pdf
6,arxiv:1910.14149,A Fast Method for Particle Tracking and Triggering using Small-Radius Silicon Detectors,A. V. Kotwal.,1910.14149,https://arxiv.org/abs/1910.14149,EF | IF,EF: Beyond the Standard Model - More General Explorations | IF: Trigger and Data Acquisition,2,https://www.slac.stanford.edu/econf/C210711/papers/1910.14149.pdf
7,arxiv:2203.06281,A Gaseous Argon-Based Near Detector to Enhance the Physics Capabilities of DUNE,A. Abed Abud et al.,2203.06281,https://arxiv.org/abs/2203.06281,IF | NF,IF: General - centered on this frontier | NF: General - centered on this frontier,2,https://www.slac.stanford.edu/econf/C210711/papers//2203.06281.pdf | https://www.slac.stanford.edu/econf/C210711/papers/2203.06281.pdf
8,arxiv:2207.05103,A Grand Scan of the pMSSM Parameter Space for Snowmass 2021,J. Dickinson et al.,2207.05103,https://arxiv.org/abs/2207.05103,CF | EF,CF: Dark Matter: Particle-like | EF: Beyond the Standard Model - Model Specific Explorations,2,https://www.slac.stanford.edu/econf/C210711/papers/2207.05103.pdf
9,arxiv:2205.15373,A Lattice QCD Perspective on Weak Decays of b and c Quarks,P. A. Boyle et al.,2205.15373,https://arxiv.org/abs/2205.15373,CompF | RPF | TF,CompF: Theoretical Calculations and Simulations | RPF: Weak Decays of b and c Quarks | TF: Lattice Gauge Theory,3,https://www.slac.stanford.edu/econf/C210711/papers/2205.15373.pdf | https://www.slac.stanford.edu/econf/C210711/papers/arXiv:2205.15373.pdf
10,arxiv:2103.08623,A Lunar Farside Low Radio Frequency Array for Dark Ages 21-cm Cosmology,J. Burns et al.,2103.08623,https://arxiv.org/abs/2103.08623,CF,CF: Dark Matter: Cosmic Probes,1,https://www.slac.stanford.edu/econf/C210711/papers/2103.08623.pdf
11,arxiv:2203.08033,A Muon Collider Facility for Physics Discovery,D. Stratakis et al.,2203.08033,https://arxiv.org/abs/2203.08033,AF | EF,AF: Multi-TeV Colliders | EF: General - centered on this frontier,2,https://www.slac.stanford.edu/econf/C210711/papers/2203.08033.pdf
12,arxiv:2203.08278,A New Charged Lepton Flavor Violation Program at Fermilab,M. Aoki et al.,2203.08278,https://arxiv.org/abs/2203.08278,RPF,RPF: Charged Lepton Flavor Violation,1,https://www.slac.stanford.edu/econf/C210711/papers/2203.08278.pdf
13,arxiv:2203.02309,A Next-Generation Liquid Xenon Observatory for Dark Matter and Neutrino Physics,J. Aalbers et al.,2203.02309,https://arxiv.org/abs/2203.02309,CF | IF | NF | RPF | UF,CF: Dark Matter: Particle-like | IF: Noble Element-Based Detectors | NF: Neutrinos from Natural Sources | RPF: Fundamental Physics in Small Experiments | UF: Underground Detectors,5,https://www.slac.stanford.edu/econf/C210711/papers/2203.02309.pdf
14,arxiv:2112.09548,A Note on Blind Technique for New Physics Searches in Particle Physics,S. V. Chekanov et al.,2112.09548,https://arxiv.org/abs/2112.09548,EF,EF: Beyond the Standard Model - More General Explorations,1,https://www.slac.stanford.edu/econf/C210711/papers/2112.09548.pdf
15,arxiv:2203.08210,A Short Overview on Low Mass Scalars at Future Lepton Colliders,T. Robens.,2203.08210,https://arxiv.org/abs/2203.08210,EF | TF,EF: Higgs Boson as a Portal to New Physics | TF: Collider Phenomenology,2,https://www.slac.stanford.edu/econf/C210711/papers/2203.08210.pdf
16,arxiv:2209.03585,"A Spectroscopic Road Map for Cosmic Frontier: DESI, DESI-II, Stage-5",D. J. Schlegel et al.,2209.03585,https://arxiv.org/abs/2209.03585,CF,CF: Dark Energy and Cosmic Acceleration: Complementarity of Probes and New Facilities,1,https://www.slac.stanford.edu/econf/C210711/papers/2209.03585.pdf
17,arxiv:2203.13985,A Strategic Approach to Advance Magnet Technology for Next Generation Colliders,G. Ambrosio et al.,2203.13985,https://arxiv.org/abs/2203.13985,AF,AF: Accelerator Technology - Magnets,1,https://www.slac.stanford.edu/econf/C210711/papers/2203.13985.pdf
18,arxiv:2203.08463,A Strategy for Low-Mass Dark Matter Searches with Cryogenic Detectors in the SuperCDMS SNOLAB Facility,M. F. Albakry et al.,2203.08463,https://arxiv.org/abs/2203.08463,CF | IF | NF | UF,CF: Dark Matter: Particle-like | IF: Quantum Sensors | NF: Neutrinos Beyond the Standard Model | UF: Underground Detectors,4,https://www.slac.stanford.edu/econf/C210711/papers/2203.08463.pdf
19,arxiv:2203.07287,A TPC-based Tracking System for a Future Belle II Upgrade,A. Löschke Centeno et al.,2203.07287,https://arxiv.org/abs/2203.07287,IF,IF: Micro Pattern Gas Detectors,1,https://www.slac.stanford.edu/econf/C210711/papers/2203.07287.pdf
20,arxiv:2203.13998,A Work Proposal for a Collaborative Study of Magnet Technology for a Future Muon Collider,L. Bottura et al.,2203.13998,https://arxiv.org/abs/2203.13998,AF,AF: Accelerator Technology - Magnets,1,https://www.slac.stanford.edu/econf/C210711/papers/2203.13998.pdf
21,arxiv:2203.06816,Accelerator and Beam Physics: Grand Challenges and Research Opportunities,S. Nagaitsev et al.,2203.06816,https://arxiv.org/abs/2203.06816,AF,AF: Beam Physics and Accelerator Education,1,https://www.slac.stanford.edu/econf/C210711/papers/2203.06816.pdf
22,arxiv:2203.08335,Accelerator Modeling Community White Paper,S. Biedron et al.,2203.08335,https://arxiv.org/abs/2203.08335,AF | CompF,AF: General - centered on this frontier | CompF: Theoretical Calculations and Simulations,2,https://www.slac.stanford.edu/econf/C210711/papers/2203.08335.pdf
23,arxiv:2203.08748,Accessibility in High Energy Physics: Lessons from the Snowmass Process,K. A. Assamagan et al.,2203.08748,https://arxiv.org/abs/2203.08748,CEF,"CEF: Diversity, Equity, and Inclusion",1,https://www.slac.stanford.edu/econf/C210711/papers/2203.08748.pdf
24,arxiv:2203.04391,Adaptive Machine Learning for Time-Varying Systems: Towards 6D Phase Space Diagnostics of Short Intense Charged Particle Beams,"A. Scheinker, S. Gessner.",2203.04391,https://arxiv.org/abs/2203.04391,AF | CompF,AF: Beam Physics and Accelerator Education | CompF: Machine Learning,2,https://www.slac.stanford.edu/econf/C210711/papers/2203.04391.pdf
25,arxiv:2212.09524,Adding Stroboscopic Muon Information For Reduction of Systematic Uncertainties in DUNE,H. J. Frisch,2212.09524,https://arxiv.org/abs/2212.09524,IF | NF,IF: Cross-Cutting Issues and Systems Integration | NF: Neutrino Detectors,2,https://www.slac.stanford.edu/econf/C210711/papers/2212.09524.pdf
26,arxiv:2203.08425,Advanced Accelerator Linear Collider Demonstration Facility at Intermediate Energy,C. Benedetti et al.,2203.08425,https://arxiv.org/abs/2203.08425,AF,AF: Advanced Accelerator Concepts,1,https://www.slac.stanford.edu/econf/C210711/papers/2203.08425.pdf
27,arxiv:2203.15984,Advanced RF Sources R&D for Economical Future Colliders,B. Weatherford et al.,2203.15984,https://arxiv.org/abs/2203.15984,AF,AF: Accelerator Technology - RF,1,https://www.slac.stanford.edu/econf/C210711/papers/2203.15984.pdf
28,arxiv:2203.08374,Advanced RF Structures for Wakefield Acceleration and High-Gradient Research,X. Lu et al.,2203.08374,https://arxiv.org/abs/2203.08374,AF,AF: Accelerator Technology - RF,1,https://www.slac.stanford.edu/econf/C210711/papers/2203.08374.pdf
29,arxiv:2203.08869,Advancing Superconducting Magnet Diagnostics for Future Colliders,M. Marchevsky et al.,2203.08869,https://arxiv.org/abs/2203.08869,AF,AF: Accelerator Technology - Magnets,1,https://www.slac.stanford.edu/econf/C210711/papers/2203.08869.pdf
30,arxiv:2203.10074,Advancing the Landscape of Multimessenger Science in the Next Decade,K. Engel et al.,2203.10074,https://arxiv.org/abs/2203.10074,CF,CF: Cosmic Probes of Fundamental Physics,1,https://www.slac.stanford.edu/econf/C210711/papers/2203.10074.pdf
31,arxiv:2203.05052,An 8 GeV Linac as the Booster Replacement in the Fermilab Power Upgrade,S. Belomestnykh et al.,2203.05052,https://arxiv.org/abs/2203.05052,AF | NF,AF: Accelerators for Neutrinos | NF: Artificial Neutrino Sources,2,https://www.slac.stanford.edu/econf/C210711/papers/2203.05052.pdf
32,arxiv:2203.09718,An Impartial Perspective for Superconducting Nb3Sn coated Copper RF Cavities for Future Accelerators,E. Barzi et al.,2203.09718,https://arxiv.org/abs/2203.09718,AF | EF | RPF,AF: Accelerators for Electroweak and Higgs | EF: General - cross-listed | RPF: General - cross-listed,3,https://www.slac.stanford.edu/econf/C210711/papers/2203.09718.pdf
33,arxiv:2106.02133,An Upgrade Path for the Fermilab Accelerator Complex,R. Ainsworth et al.,2106.02133,https://arxiv.org/abs/2106.02133,AF | NF,AF: Accelerators for Neutrinos | NF: Artificial Neutrino Sources,2,https://www.slac.stanford.edu/econf/C210711/papers/2106.02133.pdf
34,arxiv:2203.08811,Analysis Cyberinfrastructure: Challenges and Opportunities,K. Lannon et al.,2203.08811,https://arxiv.org/abs/2203.08811,CompF,CompF: Storage and Processing Resource Access,1,https://www.slac.stanford.edu/econf/C210711/papers/2203.08811.pdf
35,arxiv:2203.09886,Analysis Description Language: A DSL for HEP Analysis,H. B. Prosper et al.,2203.09886,https://arxiv.org/abs/2203.09886,CompF,CompF: End User Analysis,1,https://www.slac.stanford.edu/econf/C210711/papers/2203.09886.pdf
36,arxiv:2203.08010,Analysis Facilities for HL-LHC,D. Benjamin et al.,2203.08010,https://arxiv.org/abs/2203.08010,CompF,CompF: Storage and Processing Resource Access,1,https://www.slac.stanford.edu/econf/C210711/papers/2203.08010.pdf
37,arxiv:2203.03700,Angular Cuts to Reduce the tau taubar+jet Background to the Higgsino Signal at the LHC,H. Baer et al.,2203.03700,https://arxiv.org/abs/2203.03700,EF,EF: Beyond the Standard Model - Model Specific Explorations,1,https://www.slac.stanford.edu/econf/C210711/papers/2203.03700.pdf
38,arxiv:2203.08135,Anomalous Quartic Gauge Couplings at a Muon Collider,B. Abbott et al.,2203.08135,https://arxiv.org/abs/2203.08135,EF,EF: Electroweak Precision Physics and Constraining New Physics,1,https://www.slac.stanford.edu/econf/C210711/papers/2203.08135.pdf
39,arxiv:2203.14706,"Application-Driven Engagement with Universities, Synergies with other Funding Agencies","J. Hoff, S. Memik.",2203.14706,https://arxiv.org/abs/2203.14706,CEF,CEF: Applications and Industry,1,https://www.slac.stanford.edu/econf/C210711/papers/2203.14706.pdf
40,arxiv:2202.05838,Applications of Machine Learning to Lattice Quantum Field Theory,D. Boyda et al.,2202.05838,https://arxiv.org/abs/2202.05838,CompF | TF,CompF: Machine Learning | TF: Lattice Gauge Theory,2,https://www.slac.stanford.edu/econf/C210711/papers/2202.05838.pdf
41,arxiv:2203.06380,Astrophysical and Cosmological Probes of Dark Matter,K. K. Boddy et al.,2203.06380,https://arxiv.org/abs/2203.06380,TF,TF: Astro-Particle Physics and Cosmology,1,https://www.slac.stanford.edu/econf/C210711/papers/2203.06380.pdf
42,arxiv:2203.09198,"AWAKE, Plasma Wakefield Acceleration of Electron Bunches for Near and Long Term Particle Physics Applications",P. Muggli (AWAKE Collaboration),2203.09198,https://arxiv.org/abs/2203.09198,AF,AF: Advanced Accelerator Concepts,1,https://www.slac.stanford.edu/econf/C210711/papers/2203.09198.pdf
43,arxiv:2203.14923,Axion Dark Matter,J. Jaeckel et al.,2203.14923,https://arxiv.org/abs/2203.14923,AF | CF | IF | RPF | TF,AF: Accelerators for Rare Processes and Physics Beyond Colliders | CF: Dark Matter: Wave-like | IF: Quantum Sensors | RPF: Fundamental Physics in Small Experiments | TF: Astro-Particle Physics and Cosmology,5,https://www.slac.stanford.edu/econf/C210711/papers/2203.14923.pdf
44,arxiv:2203.05484,Axion-Like Particles at High Energy Muon Colliders,T. Han et al.,2203.05484,https://arxiv.org/abs/2203.05484,AF | EF | TF,AF: Multi-TeV Colliders | EF: Beyond the Standard Model - More General Explorations | TF: Collider Phenomenology,3,https://www.slac.stanford.edu/econf/C210711/papers/2203.05484.pdf
45,arxiv:2203.02760,Azimuthal Angular Correlation as a New Boosted Top Jet Substructure,"Z. Yu, C.-P. Yuan.",2203.02760,https://arxiv.org/abs/2203.02760,EF,EF: Heavy Flavor and Top Quark Physics,1,https://www.slac.stanford.edu/econf/C210711/papers/2203.02760.pdf
46,arxiv:2209.03505,Background Monte Carlo Samples for a Future Hadron Collider,R. Gardner et al.,2209.03505,https://arxiv.org/abs/2209.03505,EF,EF: General - centered on this frontier,1,https://www.slac.stanford.edu/econf/C210711/papers/2209.03505.pdf
47,arxiv:2203.05731,Beam background expectations for Belle II at SuperKEKB,A. Natochii et al.,2203.05731,https://arxiv.org/abs/2203.05731,AF,AF: Accelerators for Rare Processes and Physics Beyond Colliders,1,https://www.slac.stanford.edu/econf/C210711/papers/2203.05731.pdf
48,arxiv:2203.11290,Beam Test Facilities for R&D in Accelerator Science and Technologies,J. Power et al.,2203.11290,https://arxiv.org/abs/2203.11290,AF,AF: General - centered on this frontier,1,https://www.slac.stanford.edu/econf/C210711/papers/2203.11290.pdf
49,arxiv:2203.10203,Belle II Executive Summary,D. M. Asner et al.,2203.10203,https://arxiv.org/abs/2203.10203,RPF,RPF: General - centered on this frontier,1,https://www.slac.stanford.edu/econf/C210711/papers/2203.10203.pdf
50,arxiv:2203.07564,Belle II Grid-Based User Analysis,J. V. Bennett et al.,2203.07564,https://arxiv.org/abs/2203.07564,CompF,CompF: End User Analysis,1,https://www.slac.stanford.edu/econf/C210711/papers/2203.07564.pdf
51,arxiv:2207.06307,Belle II Physics Reach and Plans for the Next Decade and Beyond,L. Aggarwal et al. (Belle II Collaboration).,2207.06307,https://arxiv.org/abs/2207.06307,EF | RPF,EF: Electroweak Precision Physics and Constraining New Physics | RPF: General - centered on this frontier,2,https://www.slac.stanford.edu/econf/C210711/papers/2207.06307.pdf
52,arxiv:2203.10811,Beyond the Standard Model Effects on Neutrino Flavor,C. A. Argüelles et al.,2203.10811,https://arxiv.org/abs/2203.10811,NF,NF: Neutrinos Beyond the Standard Model,1,https://www.slac.stanford.edu/econf/C210711/papers/2203.10811.pdf
53,arxiv:2203.08973,Big Industry Engagement to Benefit HEP: Microelectronics Support from Large CAD Companies,G. Carini et al.,2203.08973,https://arxiv.org/abs/2203.08973,CEF,CEF: Applications and Industry,1,https://www.slac.stanford.edu/econf/C210711/papers/2203.08973.pdf
54,arxiv:2202.07163,Bootstrapping String Theory,R. Gopakumar et al.,2202.07163,https://arxiv.org/abs/2202.07163,TF,TF: Conformal Field Theory and Formal Quantum Field Theory,1,https://www.slac.stanford.edu/econf/C210711/papers/2202.07163.pdf
55,arxiv:2203.08809,"Broadening the Scope of Education, Career and Open Science in HEP",S. Malik et al.,2203.08809,https://arxiv.org/abs/2203.08809,CEF,CEF: Physics Education,1,https://www.slac.stanford.edu/econf/C210711/papers/2203.08809.pdf
56,arxiv:2203.08106,Broader Impact of Cyclotron-based Neutrino Sources,J. Alonso. (IsoDAR Collaboration),2203.08106,https://arxiv.org/abs/2203.08106,NF,NF: Neutrino Applications,1,https://www.slac.stanford.edu/econf/C210711/papers/2203.08106.pdf
57,arxiv:2205.11730,BSM Higgs Production at a Muon Collider,T. Han et al.,2205.11730,https://arxiv.org/abs/2205.11730,EF | TF,EF: Beyond the Standard Model - Model Specific Explorations | TF: Collider Phenomenology,2,https://www.slac.stanford.edu/econf/C210711/papers/2205.11730.pdf
58,arxiv:2203.06131,BSM Neutrino Physics: Complementarity across Energies,T. Han et al.,2203.06131,https://arxiv.org/abs/2203.06131,EF | RPF | TF,EF: Beyond the Standard Model - Model Specific Explorations | RPF: Baryon and Lepton Number Violation | TF: Theory of Neutrino Physics,3,https://www.slac.stanford.edu/econf/C210711/papers/2203.06131.pdf
59,arxiv:2206.01849,Building a Culture of Equitable Access and Success for Marginalized Members in Today's Particle Physics Community,K. A. Assamagan et al.,2206.01849,https://arxiv.org/abs/2206.01849,CEF,"CEF: Diversity, Equity, and Inclusion",1,https://www.slac.stanford.edu/econf/C210711/papers/2206.01849.pdf
60,arxiv:2110.15800,C3: A 'Cool' Route to the Higgs Boson and Beyond,M. Bai et al.,2110.15800,https://arxiv.org/abs/2110.15800,AF | EF,AF: Accelerators for Electroweak and Higgs | EF: General - centered on this frontier,2,https://www.slac.stanford.edu/econf/C210711/papers/2110.15800.pdf
61,arxiv:2203.09076,C^3 Demonstration Research and Development Plan,E. A. Nanni et al.,2203.09076,https://arxiv.org/abs/2203.09076,AF | CEF,AF: Accelerators for Electroweak and Higgs | CEF: Applications and Industry,2,https://www.slac.stanford.edu/econf/C210711/papers/2203.09076.pdf
62,arxiv:2203.07623,Calibrations and Backgrounds for Dark Matter Direct Detection,D. Baxter et al.,2203.07623,https://arxiv.org/abs/2203.07623,CF,CF: Dark Matter: Particle-like,1,https://www.slac.stanford.edu/econf/C210711/papers/2203.07623.pdf
63,arxiv:2203.09467,Celeritas: GPU-Accelerated Particle Transport for Detector Simulation in High Energy Physics Experiments,S. C. Tognini et al.,2203.09467,https://arxiv.org/abs/2203.09467,CompF,CompF: Theoretical Calculations and Simulations,1,https://www.slac.stanford.edu/econf/C210711/papers/2203.09467.pdf
64,arxiv:2111.11392,Celestial Holography,"S. Pasterski, et al.",2111.11392,https://arxiv.org/abs/2111.11392,TF,TF: Conformal Field Theory and Formal Quantum Field Theory,1,https://www.slac.stanford.edu/econf/C210711/papers/2111.11392.pdf
65,arxiv:2209.03281,Center-of-Mass Energy Determination using e+e−→μ+μ-(γ) Events at Future e+e− Colliders,"B. Madison, G. W. Wilson.",2209.03281,https://arxiv.org/abs/2209.03281,AF | EF | IF,AF: General - cross-listed | EF: General - centered on this frontier | IF: General - cross-listed,3,https://www.slac.stanford.edu/econf/C210711/papers/2209.03281.pdf
66,arxiv:2203.07358,CERC - Circular e+e- Collider using Energy-Recovery Linac,V. N. Litvinenko et al.,2203.07358,https://arxiv.org/abs/2203.07358,AF | EF,AF: Accelerators for Electroweak and Higgs | EF: Higgs Boson Properties and Couplings,2,https://www.slac.stanford.edu/econf/C210711/papers/2203.07358.pdf
67,arxiv:2203.08315,Challenges and Opportunities of SRF Theory for Next Generation Particle Accelerators,A. Gurevich et al.,2203.08315,https://arxiv.org/abs/2203.08315,AF,AF: Accelerator Technology - RF,1,https://www.slac.stanford.edu/econf/C210711/papers/2203.08315.pdf
68,arxiv:2208.12379,Challenges and Opportunities to Assure Future Manufacturing of Magnet Conductors for the Accelerator Sector,L. Cooley et al.,2208.12379,https://arxiv.org/abs/2208.12379,AF,AF: Accelerator Technology - Magnets,1,https://www.slac.stanford.edu/econf/C210711/papers/2208.12379.pdf
69,arxiv:2004.13687,Challenges in Monte Carlo Event Generator Software for High-Luminosity LHC,A. Valassi et al.,2004.13687,https://arxiv.org/abs/2004.13687,CompF | TF,CompF: Theoretical Calculations and Simulations | TF: Collider Phenomenology,2,https://www.slac.stanford.edu/econf/C210711/papers/2004.13687.pdf
70,arxiv:2203.07459,Channeling Acceleration in Crystals and Nanostructures and Studies of Solid Plasmas: New Opportunities,R. Ariniello et al.,2203.07459,https://arxiv.org/abs/2203.07459,AF,AF: Advanced Accelerator Concepts,1,https://www.slac.stanford.edu/econf/C210711/papers/2203.07459.pdf
71,arxiv:2203.14919,Charged Lepton Flavor Violation in the Tau Sector,S. Banerjee et al.,2203.14919,https://arxiv.org/abs/2203.14919,RPF,RPF: Charged Lepton Flavor Violation,1,https://www.slac.stanford.edu/econf/C210711/papers/2203.14919.pdf
72,arxiv:2203.03211,Charm Physics in the High-Luminosity Super Tau-Charm Factory,H.-Y. Cheng et al.,2203.03211,https://arxiv.org/abs/2203.03211,RPF,RPF: Weak Decays of b and c Quarks,1,https://www.slac.stanford.edu/econf/C210711/papers/2203.03211.pdf
73,arxiv:1912.11871,Circular and Linear e+e− Colliders: Another Story of Complementarity,"A. Blondel, P. Janot.",1912.11871,https://arxiv.org/abs/1912.11871,EF,EF: General - centered on this frontier,1,https://www.slac.stanford.edu/econf/C210711/papers/1912.11871.pdf
74,arxiv:2203.09451,Circular Electron Positron Collider (CEPC),CEPC Accelerator Study Group,2203.09451,https://arxiv.org/abs/2203.09451,AF | EF,AF: Accelerators for Electroweak and Higgs | EF: General - centered on this frontier,2,https://www.slac.stanford.edu/econf/C210711/papers/2203.09451.pdf
75,arxiv:2203.12389,Climate Impacts of Particle Physics,K. Bloom et al.,2203.12389,https://arxiv.org/abs/2203.12389,CEF,CEF: Environmental and Societal Impacts,1,https://www.slac.stanford.edu/econf/C210711/papers/2203.12389.pdf
76,arxiv:2204.03713,Climate of the Field: Snowmass 2021,E. V. Hansen et al.,2204.03713,https://arxiv.org/abs/2204.03713,CEF,"CEF: Diversity, Equity, and Inclusion",1,https://www.slac.stanford.edu/econf/C210711/papers/2204.03713.pdf
77,arxiv:2203.05728,CMB-HD White Paper,S. Aiola et al. (CMB-HD Collaboration).,2203.05728,https://arxiv.org/abs/2203.05728,CF,CF: Dark Energy and Cosmic Acceleration: Cosmic Dawn and Before,1,https://www.slac.stanford.edu/econf/C210711/papers/2203.05728.pdf
78,arxiv:1906.10134,"CMB-HD: An Ultra-Deep, High Resolution Millimeter Wave Survey over Half the Sky",N. Sehgal et al.,1906.10134,https://arxiv.org/abs/1906.10134,CF | NF,CF: General - centered on this frontier: | NF: Sterile Neutrinos,2,https://www.slac.stanford.edu/econf/C210711/papers/1906.10134.pdf
79,arxiv:2203.08024,CMB-S4 White Paper,K. Abazajian et al.,2203.08024,https://arxiv.org/abs/2203.08024,CF | IF,CF: General - centered on this frontier: | IF: General - centered on this frontier,2,https://www.slac.stanford.edu/econf/C210711/papers/2203.08024.pdf
80,arxiv:2203.07361,Coherent Elastic Neutrino-Nucleus Scattering: Terrestrial and Astrophysical Applications,M. Abdullah et al.,2203.07361,https://arxiv.org/abs/2203.07361,NF,NF: Neutrinos Beyond the Standard Model,1,https://www.slac.stanford.edu/econf/C210711/papers/2203.07361.pdf
81,arxiv:2203.10161,Collaborative Computing Support for Analysis Facilities Exploiting Software as Infrastructure Techniques,M. Acosta Flechas et al.,2203.10161,https://arxiv.org/abs/2203.10161,CompF,CompF: Storage and Processing Resource Access,1,https://www.slac.stanford.edu/econf/C210711/papers/2203.10161.pdf
82,arxiv:2203.13305,Collider Physics Opportunities of Extended Warped Extra-Dimensional Models,K. Agashe et al.,2203.13305,https://arxiv.org/abs/2203.13305,EF | TF,EF: Beyond the Standard Model - More General Explorations | TF: Collider Phenomenology,2,https://www.slac.stanford.edu/econf/C210711/papers/2203.13305.pdf
83,arxiv:2203.03852,Combined Signatures of Heavy Higgses and Vectorlike Fermions at the HL-LHC,R. Dermisek et al.,2203.03852,https://arxiv.org/abs/2203.03852,EF | TF,EF: Beyond the Standard Model - More General Explorations | TF: Collider Phenomenology,2,https://www.slac.stanford.edu/econf/C210711/papers/2203.03852.pdf
84,arxiv:2207.06507,Comments on Collinear Factorization,G. Sterman.,2207.06507,https://arxiv.org/abs/2207.06507,TF,TF: Collider Phenomenology,1,https://www.slac.stanford.edu/econf/C210711/papers/2207.06507.pdf
85,arxiv:2203.08750,Common Coil Dipole for High Field Magnet Design and R&D,R. Gupta et al.,2203.08750,https://arxiv.org/abs/2203.08750,AF,AF: Accelerator Technology - Magnets,1,https://www.slac.stanford.edu/econf/C210711/papers/2203.08750.pdf
86,arxiv:2111.03096,Comparison of SUSY Spectra Generators for Natural SUSY and String Landscape Predictions,H. Baer et al.,2111.03096,https://arxiv.org/abs/2111.03096,EF,EF: Beyond the Standard Model - Model Specific Explorations,1,https://www.slac.stanford.edu/econf/C210711/papers/2111.03096.pdf
87,arxiv:2203.07455,Complex Scalar Singlet Model Benchmarks for Snowmass,S. Adhikari et al.,2203.07455,https://arxiv.org/abs/2203.07455,EF | TF,EF: Higgs Boson Properties and Couplings | TF: Collider Phenomenology,2,https://www.slac.stanford.edu/econf/C210711/papers/2203.07455.pdf
88,arxiv:2204.04200,Computational Challenges for Multi-Loop Collider Phenomenology,F. Febres Cordero et al.,2204.04200,https://arxiv.org/abs/2204.04200,CompF | TF,CompF: Theoretical Calculations and Simulations | TF: Theory Techniques for Precision Physics,2,https://www.slac.stanford.edu/econf/C210711/papers/2204.04200.pdf
89,arxiv:2204.01072,Conductor Properties and Coil Technology for a Bi2212 Dipole Insert for 20 Tesla Hybrid Accelerator Magnets,E. Barzi.,2204.01072,https://arxiv.org/abs/2204.01072,AF,AF: Accelerator Technology - Magnets,1,https://www.slac.stanford.edu/econf/C210711/papers/2204.01072.pdf
90,arxiv:2203.08275,Continuous and Coordinated Efforts of Structure Wakefield Acceleration (SWFA) Development for an Energy Frontier Machine,C. Jing et al.,2203.08275,https://arxiv.org/abs/2203.08275,AF,AF: Advanced Accelerator Concepts,1,https://www.slac.stanford.edu/econf/C210711/papers/2203.08275.pdf
91,arxiv:2203.06240,Cosmic Frontier: Fundamental Physics and Beyond the Standard Model,E. Berti et al.,2203.06240,https://arxiv.org/abs/2203.06240,CF | TF,CF: Cosmic Probes of Fundamental Physics | TF: Astro-Particle Physics and Cosmology,2,https://www.slac.stanford.edu/econf/C210711/papers/2203.06240.pdf
92,arxiv:2203.07638,Cosmic Microwave Background Measurements White Paper,C. L. Chang et al.,2203.07638,https://arxiv.org/abs/2203.07638,CF | IF | TF,CF: Dark Energy and Cosmic Acceleration: Cosmic Dawn and Before | IF: Radio Detection | TF: Astro-Particle Physics and Cosmology,3,https://www.slac.stanford.edu/econf/C210711/papers/2203.07638.pdf
93,arxiv:2207.02882,Cosmogenic Dark Matter and Exotic Particle Searches in Neutrino Experiments,J. Berger et al.,2207.02882,https://arxiv.org/abs/2207.02882,NF,NF: Neutrinos Beyond the Standard Model,1,https://www.slac.stanford.edu/econf/C210711/papers/2207.02882.pdf
94,arxiv:2203.07049,Cosmological Simulations for Dark Matter Physics,A. Banerjee et al.,2203.07049,https://arxiv.org/abs/2203.07049,CF,CF: Dark Matter: Cosmic Probes,1,https://www.slac.stanford.edu/econf/C210711/papers/2203.07049.pdf
95,arxiv:2203.07506,Cosmology and Fundamental Physics from the Three-Dimensional Large Scale Structure,S. Ferraro et al.,2203.07506,https://arxiv.org/abs/2203.07506,CF,CF: Dark Energy and Cosmic Acceleration: The Modern Universe,1,https://www.slac.stanford.edu/econf/C210711/papers/2203.07506.pdf
96,arxiv:2203.07629,Cosmology at the Theory Frontier,R. Flauger et al.,2203.07629,https://arxiv.org/abs/2203.07629,TF,"TF: String Theory, Quantum Gravity, and Black Holes",1,https://www.slac.stanford.edu/econf/C210711/papers/2203.07629.pdf
97,arxiv:2203.06142,"Cosmology Intertwined: A Review of the Particle Physics, Astrophysics, and Cosmology Associated with the Cosmological Tensions and Anomalies",E. Abdalla et al.,2203.06142,https://arxiv.org/abs/2203.06142,CF,CF: Cosmic Probes of Fundamental Physics,1,https://www.slac.stanford.edu/econf/C210711/papers/2203.06142.pdf
98,arxiv:2203.07258,Cosmology with Millimeter-Wave Line Intensity Mapping,K. S. Karkare et al.,2203.07258,https://arxiv.org/abs/2203.07258,CF,CF: Dark Energy and Cosmic Acceleration: Cosmic Dawn and Before,1,https://www.slac.stanford.edu/econf/C210711/papers/2203.07258.pdf
99,arxiv:2209.07429,CP Violation in b and c Quark Decays,A. Dery et al.,2209.07429,https://arxiv.org/abs/2209.07429,RPF,RPF: Weak Decays of b and c Quarks,1,https://www.slac.stanford.edu/econf/C210711/papers/2209.07429.pdf
100,arxiv:2203.10431,"Critical Problems of Energy Frontier Muon Colliders: Optics, Magnets, and Radiation",Yu. I. Alexahin et al.,2203.10431,https://arxiv.org/abs/2203.10431,AF,AF: Accelerator Technology - Magnets,1,https://www.slac.stanford.edu/econf/C210711/papers/2203.10431.pdf
101,arxiv:2203.06146,Cryogenic User Facilities for R&D on Noble Liquid Detectors and Low Temperature Devices,Y. Li et al.,2203.06146,https://arxiv.org/abs/2203.06146,IF,IF: Cross-Cutting Issues and Systems Integration,1,https://www.slac.stanford.edu/econf/C210711/papers/2203.06146.pdf
102,arxiv:2203.08192,Current Status and Future Prospects for the Light Dark Matter eXperiment (LDMX),T. Åkesson et al.,2203.08192,https://arxiv.org/abs/2203.08192,RPF,RPF: Dark Sector Studies at High Intensities,1,https://www.slac.stanford.edu/econf/C210711/papers/2203.08192.pdf
103,arxiv:2203.08084,Dark Matter Direct Detection to the Neutrino Fog,D.S. Akerib et al.,2203.08084,https://arxiv.org/abs/2203.08084,CF,CF: Dark Matter: Particle-like,1,https://www.slac.stanford.edu/econf/C210711/papers/2203.08084.pdf
104,arxiv:2203.07984,Dark Matter In Extreme Astrophysical Environments,M. Baryakhtar et al.,2203.07984,https://arxiv.org/abs/2203.07984,CF | TF,CF: Dark Matter: Cosmic Probes | TF: Astro-Particle Physics and Cosmology,2,https://www.slac.stanford.edu/econf/C210711/papers/2203.07984.pdf
105,arxiv:2203.07354,Dark Matter Physics from Halo Measurements,K. Bechtol et al.,2203.07354,https://arxiv.org/abs/2203.07354,CF,CF: Dark Matter: Cosmic Probes,1,https://www.slac.stanford.edu/econf/C210711/papers/2203.07354.pdf
106,arxiv:2203.07064,Dark Matter Physics from the CMB-S4 Experiment,C. Dvorkin et al.,2203.07064,https://arxiv.org/abs/2203.07064,CF,CF: Dark Matter: Cosmic Probes,1,https://www.slac.stanford.edu/econf/C210711/papers/2203.07064.pdf
107,arxiv:2207.06898,Dark Sector Studies with Neutrino Beams,B. Batell et al.,2207.06898,https://arxiv.org/abs/2207.06898,CF | NF | RPF | TF,CF: Dark Matter: Particle-like | NF: Neutrinos Beyond the Standard Model | RPF: Dark Sector Studies at High Intensities | TF: Theory of Neutrino Physics,4,https://www.slac.stanford.edu/econf/C210711/papers/2207.06898.pdf
108,arxiv:2203.08338,Dark-matter And Neutrino Computation Explored (DANCE) Community Input to Snowmass,A. Roberts et al.,2203.08338,https://arxiv.org/abs/2203.08338,CompF,CompF: General - centered on this frontier:,1,https://www.slac.stanford.edu/econf/C210711/papers/2203.08338.pdf
109,arxiv:2203.10057,"Data and Analysis Preservation, Recasting, and Reinterpretation",S. Bailey et al.,2203.10057,https://arxiv.org/abs/2203.10057,CompF | TF,CompF: Reinterpretation and Long-Term Preservation of Data and Code | TF: Collider Phenomenology,2,https://www.slac.stanford.edu/econf/C210711/papers/2203.10057.pdf
110,arxiv:2203.08113,Data Preservation for Cosmology,M. Alvarez et al.,2203.08113,https://arxiv.org/abs/2203.08113,CF | CompF | TF,CF: General - cross-listed: | CompF: Reinterpretation and Long-Term Preservation of Data and Code | TF: Astro-Particle Physics and Cosmology,3,https://www.slac.stanford.edu/econf/C210711/papers/2203.08113.pdf
111,arxiv:2207.09060,Data Science and Machine Learning in Education,G. Benelli et al.,2207.09060,https://arxiv.org/abs/2207.09060,CEF | CompF,CEF: Physics Education | CompF: Machine Learning,2,https://www.slac.stanford.edu/econf/C210711/papers/2207.09060.pdf
112,arxiv:2203.07885,Data Storage for HEP Experiments in the Era of High-Performance Computing,A. Bashyal et al.,2203.07885,https://arxiv.org/abs/2203.07885,CompF,CompF: Storage and Processing Resource Access,1,https://www.slac.stanford.edu/econf/C210711/papers/2203.07885.pdf
113,arxiv:2203.08280,Data Transfer and Network Services Management for Domain Science Workflows,T. Lehman et al.,2203.08280,https://arxiv.org/abs/2203.08280,CompF,CompF: Storage and Processing Resource Access,1,https://www.slac.stanford.edu/econf/C210711/papers/2203.08280.pdf
114,arxiv:2203.07946,Data-Driven Cosmology,M. A. Amin et al.,2203.07946,https://arxiv.org/abs/2203.07946,TF,TF: Astro-Particle Physics and Cosmology,1,https://www.slac.stanford.edu/econf/C210711/papers/2203.07946.pdf
115,arxiv:2203.08969,Deep learning applications for quality control in particle detector construction,N. Akchurin et al.,2203.08969,https://arxiv.org/abs/2203.08969,CompF,CompF: Machine Learning,1,https://www.slac.stanford.edu/econf/C210711/papers/2203.08969.pdf
116,arxiv:2203.08064,Dependence of the Top-Quark Mass Measured in Top-Quark Pair Production on the Parton Distribution Functions at the LHC and Future Colliders,J. Gombas et al.,2203.08064,https://arxiv.org/abs/2203.08064,EF,EF: Heavy Flavor and Top Quark Physics,1,https://www.slac.stanford.edu/econf/C210711/papers/2203.08064.pdf
117,arxiv:2203.06843,Deploying In-Network Caches in Support of Distributed Scientific Data Sharing,A. Sim et al.,2203.06843,https://arxiv.org/abs/2203.06843,CompF,CompF: Storage and Processing Resource Access,1,https://www.slac.stanford.edu/econf/C210711/papers/2203.06843.pdf
118,arxiv:2203.08276,Design Considerations for Fermilab Multi-MW Proton Facility in the DUNE/LBNF Era,J. Eldred et al.,2203.08276,https://arxiv.org/abs/2203.08276,AF | NF | RPF,AF: Accelerators for Neutrinos | NF: Artificial Neutrino Sources | RPF: Charged Lepton Flavor Violation,3,https://www.slac.stanford.edu/econf/C210711/papers/2203.08276.pdf
119,arxiv:2203.07972,Detection of Early-Universe Gravitational Wave Signatures and Fundamental Physics,R. Caldwell et al.,2203.07972,https://arxiv.org/abs/2203.07972,CF | EF,CF: Cosmic Probes of Fundamental Physics | EF: Higgs Boson as a Portal to New Physics,2,https://www.slac.stanford.edu/econf/C210711/papers/2203.07972.pdf
120,arxiv:2203.07614,Detector and Beamline Simulation for Next-Generation High Energy Physics Experiments,S. Banerjee et al.,2203.07614,https://arxiv.org/abs/2203.07614,CF | CompF | EF | IF | NF | RPF,CF: General - cross-listed: | CompF: Theoretical Calculations and Simulations | EF: General - cross-listed | IF: General - centered on this frontier | NF: General - cross-listed | RPF: General - cross-listed,6,https://www.slac.stanford.edu/econf/C210711/papers/2203.07614.pdf
121,arxiv:2203.07352,"Development and Demonstration of Next Generation Technology for Nb_3Sn Accelerator Magnets with Lower Cost, Improved Performance Uniformity, and Higher Operating Point in the 12-14 T Range",G. Ambrosio et al.,2203.07352,https://arxiv.org/abs/2203.07352,AF,AF: Accelerator Technology - Magnets,1,https://www.slac.stanford.edu/econf/C210711/papers/2203.07352.pdf
122,arxiv:2203.07144,DIMUS: Super-Compact Dimuonium Spectroscopy Collider at Fermilab,P. J. Fox et al.,2203.07144,https://arxiv.org/abs/2203.07144,AF | RPF | TF,AF: General - centered on this frontier | RPF: General - centered on this frontier | TF: General - cross-listed,3,https://www.slac.stanford.edu/econf/C210711/papers/2203.07144.pdf
123,arxiv:2203.06037,Directional Detection of Dark Matter Using Solid-State Quantum Sensing,R. Ebadi et al.,2203.06037,https://arxiv.org/abs/2203.06037,CF | IF,CF: Dark Matter: Particle-like | IF: Quantum Sensors,2,https://www.slac.stanford.edu/econf/C210711/papers/2203.06037.pdf
124,arxiv:2203.08127,Directly Probing the CP-Structure of the Higgs-Top Yukawa at HL-LHC and Future Colliders,R. K. Barman et al.,2203.08127,https://arxiv.org/abs/2203.08127,EF | TF,EF: Higgs Boson Properties and Couplings | TF: Collider Phenomenology,2,https://www.slac.stanford.edu/econf/C210711/papers/2203.08127.pdf
125,arxiv:2203.10998,Discovering New Physics in Rare Kaon Decays,T. Blum et al.,2203.10998,https://arxiv.org/abs/2203.10998,CompF | RPF | TF,CompF: Theoretical Calculations and Simulations | RPF: Weak Decays of Strange and Light Quarks | TF: Lattice Gauge Theory,3,https://www.slac.stanford.edu/econf/C210711/papers/2203.10998.pdf
126,arxiv:2203.06114,Displaced Fat-Jets and Tracks to Probe Boosted Right-Handed Neutrinos in the U(1)_{B−L} Model,R. Padhan et al.,2203.06114,https://arxiv.org/abs/2203.06114,EF | TF,EF: Beyond the Standard Model - More General Explorations | TF: Collider Phenomenology,2,https://www.slac.stanford.edu/econf/C210711/papers/2203.06114.pdf
127,arxiv:2203.12035,Displaying Dark Matter Constraints from Colliders with Varying Simplified Model Parameters,A. Albert et al.,2203.12035,https://arxiv.org/abs/2203.12035,EF,EF: Beyond the Standard Model - Dark Matter at Colliders,1,https://www.slac.stanford.edu/econf/C210711/papers/2203.12035.pdf
128,arxiv:2203.04312,Dual-Readout Calorimetry for Future Experiments Probing Fundamental Physics,I. Pezzotti et al.,2203.04312,https://arxiv.org/abs/2203.04312,IF,IF: Calorimetry,1,https://www.slac.stanford.edu/econf/C210711/papers/2203.04312.pdf
129,arxiv:2203.06100,DUNE Physics Summary,A. Abed Abud et al. (DUNE Collaboration),2203.06100,https://arxiv.org/abs/2203.06100,CF | NF | RPF,CF: Dark Matter: Particle-like | NF: General - centered on this frontier | RPF: Baryon and Lepton Number Violation,3,https://www.slac.stanford.edu/econf/C210711/papers/2203.06100.pdf
130,arxiv:2203.06104,DUNE Software and High Performance Computing,B. Fleming et al.,2203.06104,https://arxiv.org/abs/2203.06104,CompF | NF,CompF: Experimental Algorithm Parallelization | NF: Neutrino Detectors,2,https://www.slac.stanford.edu/econf/C210711/papers/2203.06104.pdf
131,arxiv:2203.06680,Early-Universe Model Building,P. Asadi et al.,2203.06680,https://arxiv.org/abs/2203.06680,CF | TF,CF: General - centered on this frontier: | TF: Astro-Particle Physics and Cosmology,2,https://www.slac.stanford.edu/econf/C210711/papers/2203.06680.pdf
132,arxiv:2203.10110,Effective Field Theories for Condensed Matter Systems,T. Brauner et al.,2203.10110,https://arxiv.org/abs/2203.10110,TF,TF: Effective Field Theory Techniques,1,https://www.slac.stanford.edu/econf/C210711/papers/2203.10110.pdf
133,arxiv:2203.08232,Effective Field Theories in Cosmology,G. Cabass et al.,2203.08232,https://arxiv.org/abs/2203.08232,TF,TF: Effective Field Theory Techniques,1,https://www.slac.stanford.edu/econf/C210711/papers/2203.08232.pdf
134,arxiv:2206.14249,Effective Field Theories of Gravity and Compact Binary Dynamics,W. D. Goldberger.,2206.14249,https://arxiv.org/abs/2206.14249,TF,TF: Effective Field Theory Techniques,1,https://www.slac.stanford.edu/econf/C210711/papers/2206.14249.pdf
135,arxiv:2203.07336,Effective Field Theory Matching and Applications,T. Cohen et al.,2203.07336,https://arxiv.org/abs/2203.07336,TF,TF: Effective Field Theory Techniques,1,https://www.slac.stanford.edu/econf/C210711/papers/2203.07336.pdf
136,arxiv:2203.08103,Electric Dipole Moments and the Search for New Physics,R. Alarcon et al.,2203.08103,https://arxiv.org/abs/2203.08103,RPF,RPF: Fundamental Physics in Small Experiments,1,https://www.slac.stanford.edu/econf/C210711/papers/2203.08103.pdf
137,arxiv:2203.13199,Electron Ion Collider for High Energy Physics,R. Abdul Khalek et al.,2203.13199,https://arxiv.org/abs/2203.13199,AF | EF | IF | TF,AF: General - centered on this frontier | EF: QCD and Strong Interactions - Heavy Ions | IF: General - cross-listed | TF: General - cross-listed,4,https://www.slac.stanford.edu/econf/C210711/papers/2203.13199.pdf
138,arxiv:2203.06853,Electron Scattering and Neutrino Physics,A. Ankowski et al.,2203.06853,https://arxiv.org/abs/2203.06853,NF | TF,NF: Neutrino Interaction Cross Sections | TF: Theory of Neutrino Physics,2,https://www.slac.stanford.edu/econf/C210711/papers/2203.06853.pdf
139,arxiv:2207.08875,Electron Sources for Accelerators,D. Filippetto et al.,2207.08875,https://arxiv.org/abs/2207.08875,AF,AF: Accelerator Technology - Targets and Sources,1,https://www.slac.stanford.edu/econf/C210711/papers/2207.08875.pdf
140,arxiv:2204.00149,Electronics for Fast Timing,D. Braga et al.,2204.00149,https://arxiv.org/abs/2204.00149,IF,IF: Electronics and ASICs,1,https://www.slac.stanford.edu/econf/C210711/papers/2204.00149.pdf
141,arxiv:2203.11129,Electroweak Fragmentation at High Energies,T. Han et al.,2203.11129,https://arxiv.org/abs/2203.11129,EF | TF,EF: Electroweak Precision Physics and Constraining New Physics | TF: Collider Phenomenology,2,https://www.slac.stanford.edu/econf/C210711/papers/2203.11129.pdf
142,arxiv:2209.01995,Elementary Particle Non-Perturbative Mass Generation. A Step towards a Beyond-the-Standard-Model Model,G. Rossi.,2209.01995,https://arxiv.org/abs/2209.01995,EF,EF: Beyond the Standard Model - More General Explorations,1,https://www.slac.stanford.edu/econf/C210711/papers/2209.01995.pdf
143,arxiv:2204.07285,Enabling Capabilities for Infrastructure and Workforce in Electronics and ASICs,M. Artuso et al.,2204.07285,https://arxiv.org/abs/2204.07285,IF,IF: Electronics and ASICs,1,https://www.slac.stanford.edu/econf/C210711/papers/2204.07285.pdf
144,arxiv:2204.01992,Enabling Flagship Dark Energy Experiments to Reach their Full Potential,J. A. Blazek et al.,2204.01992,https://arxiv.org/abs/2204.01992,CF,CF: Dark Energy and Cosmic Acceleration: The Modern Universe,1,https://www.slac.stanford.edu/econf/C210711/papers/2204.01992.pdf
145,arxiv:2203.06255,Enabling U.S. Participation in Future Higgs Factories,K. Black et al.,2203.06255,https://arxiv.org/abs/2203.06255,EF,EF: General - centered on this frontier,1,https://www.slac.stanford.edu/econf/C210711/papers/2203.06255.pdf
146,arxiv:2203.08319,Enhanced NeUtrino BEams from kaon Tagging (ENUBET),A. Longhin et al. (ENUBET Collaboration),2203.08319,https://arxiv.org/abs/2203.08319,AF | NF,AF: Accelerators for Neutrinos | NF: Artificial Neutrino Sources,2,https://www.slac.stanford.edu/econf/C210711/papers/2203.08319.pdf
147,arxiv:2203.11662,Enhancing HEP Research in Predominantly Undergraduate Institutions and Community Colleges,M. Bellis et al.,2203.11662,https://arxiv.org/abs/2203.11662,CEF,CEF: Career Pipeline and Development,1,https://www.slac.stanford.edu/econf/C210711/papers/2203.11662.pdf
148,arxiv:2203.15729,"Evaluating the ILC SUSY Reach in the Most Challenging Scenario: Stau NLSP, Low ΔM , Lowest Cross Section",M. T. Núñez Pardo de Vera et al.,2203.15729,https://arxiv.org/abs/2203.15729,EF,EF: Beyond the Standard Model - Model Specific Explorations,1,https://www.slac.stanford.edu/econf/C210711/papers/2203.15729.pdf
149,arxiv:2203.11110,Event Generators for High-Energy Physics Experiments,J. M. Campbell et al.,2203.11110,https://arxiv.org/abs/2203.11110,CF | CompF | EF | NF | TF,CF: General - cross-listed: | CompF: Theoretical Calculations and Simulations | EF: General - centered on this frontier | NF: General - cross-listed | TF: General - centered on this frontier,5,https://www.slac.stanford.edu/econf/C210711/papers/2203.11110.pdf
150,arxiv:2111.12119,Event-Based Anomaly Detection for New Physics Searches at the LHC using Machine Learning,S. V. Chekanov et al.,2111.12119,https://arxiv.org/abs/2111.12119,CompF | EF,CompF: Machine Learning | EF: Beyond the Standard Model - More General Explorations,2,https://www.slac.stanford.edu/econf/C210711/papers/2111.12119.pdf
151,arxiv:2111.12156,Event-Level Variables for Semivisible Jets using Anomalous Jet Tagging,"H. Beauchesne, G. Grilli di Cortona.",2111.12156,https://arxiv.org/abs/2111.12156,EF | TF,EF: Beyond the Standard Model - Dark Matter at Colliders | TF: Collider Phenomenology,2,https://www.slac.stanford.edu/econf/C210711/papers/2111.12156.pdf
152,arxiv:2203.14345,Evolution of HEP Processing Frameworks,C. D. Jones et al.,2203.14345,https://arxiv.org/abs/2203.14345,CompF,CompF: General - centered on this frontier:,1,https://www.slac.stanford.edu/econf/C210711/papers/2203.14345.pdf
153,arxiv:2205.12198,Exotic Higgs Decays in the Type-II 2HDMs at Current and Future pp Colliders,F. Kling et al.,2205.12198,https://arxiv.org/abs/2205.12198,EF | TF,EF: Higgs Boson as a Portal to New Physics | TF: Collider Phenomenology,2,https://www.slac.stanford.edu/econf/C210711/papers/2205.12198.pdf
154,arxiv:2203.08330,Expected Sensitivity to Invisible Higgs Boson Decays at the ILC with the SiD Detector,C. Potter et al.,2203.08330,https://arxiv.org/abs/2203.08330,EF,EF: Higgs Boson Properties and Couplings,1,https://www.slac.stanford.edu/econf/C210711/papers/2203.08330.pdf
155,arxiv:2203.07089,"Experimental Searches for Muon to Electron Conversion in a Nucleus: COMET, DeeMe, and Mu2e",S. Middleton et al.,2203.07089,https://arxiv.org/abs/2203.07089,RPF,RPF: Charged Lepton Flavor Violation,1,https://www.slac.stanford.edu/econf/C210711/papers/2203.07089.pdf
156,arxiv:2206.06632,Explainable AI for High Energy Physics,M. S. Neubauer et al.,2206.06632,https://arxiv.org/abs/2206.06632,CompF,CompF: Machine Learning,1,https://www.slac.stanford.edu/econf/C210711/papers/2206.06632.pdf
157,arxiv:2207.06905,Exploring Dark Sector Portals with High Intensity Experiments,B. Batell et al.,2207.06905,https://arxiv.org/abs/2207.06905,CF | RPF | TF,CF: Dark Matter: Particle-like | RPF: Dark Sector Studies at High Intensities | TF: Astro-Particle Physics and Cosmology,3,https://www.slac.stanford.edu/econf/C210711/papers/2207.06905.pdf
158,arxiv:2203.11665,Facilitating Non-HEP Career Transition,S. Malik et al.,2203.11665,https://arxiv.org/abs/2203.11665,CEF,CEF: Career Pipeline and Development,1,https://www.slac.stanford.edu/econf/C210711/papers/2203.11665.pdf
159,arxiv:2203.15062,Fast (Optical) Links”,M. Newcomer et al.,2203.15062,https://arxiv.org/abs/2203.15062,IF,IF: Electronics and ASICs,1,https://www.slac.stanford.edu/econf/C210711/papers/2203.15062.pdf
160,arxiv:2203.06253,Fast Cycling HTS Based Superconducting Accelerator Magnets: Feasibility Study and Readiness Demonstration Program Driven by Neutrino Physics and Muon Collider Needs,H. Piekarz et al.,2203.06253,https://arxiv.org/abs/2203.06253,AF,AF: Accelerator Technology - Magnets,1,https://www.slac.stanford.edu/econf/C210711/papers/2203.06253.pdf
161,arxiv:2203.08554,Fast Timing With Silicon Carbide Low Gain Avalanche Detectors,P. Barletta et al.,2203.08554,https://arxiv.org/abs/2203.08554,IF,IF: Solid State Detectors and Tracking,1,https://www.slac.stanford.edu/econf/C210711/papers/2203.08554.pdf
162,arxiv:1906.02693,FCC-ee: Your Questions Answered,A. Blondel et al.,1906.02693,https://arxiv.org/abs/1906.02693,AF | EF | NF | RPF | TF,AF: Accelerators for Electroweak and Higgs | EF: General - centered on this frontier | NF: General - cross-listed | RPF: General - cross-listed | TF: General - cross-listed,5,https://www.slac.stanford.edu/econf/C210711/papers/1906.02693.pdf
163,arxiv:2203.07551,Fe-Based High Field Superconductors for Cost-Effective Future Accelerator Magnets,F. Kametani et al.,2203.07551,https://arxiv.org/abs/2203.07551,AF,AF: Accelerator Technology - Magnets,1,https://www.slac.stanford.edu/econf/C210711/papers/2203.07551.pdf
164,arxiv:2204.00701,Feedback and Control Systems for Future Linear Colliders,D. Filippetto et al.,2204.00701,https://arxiv.org/abs/2204.00701,AF,AF: Accelerator Technology - RF,1,https://www.slac.stanford.edu/econf/C210711/papers/2204.00701.pdf
165,arxiv:2203.08309,Fiber-Optic Diagnostic System for Future Accelerator Magnets,M. Baldini et al.,2203.08309,https://arxiv.org/abs/2203.08309,AF,AF: Accelerator Technology - Magnets,1,https://www.slac.stanford.edu/econf/C210711/papers/2203.08309.pdf
166,arxiv:2203.07726,Flavor Model Building,"W. Altmannshofer, J. Zupan",2203.07726,https://arxiv.org/abs/2203.07726,TF,TF: Beyond-Standard-Model Model Building,1,https://www.slac.stanford.edu/econf/C210711/papers/2203.07726.pdf
167,arxiv:2203.07339,FNAL PIP-II Accumulator Ring,W. Pellico et al.,2203.07339,https://arxiv.org/abs/2203.07339,AF,AF: Accelerators for Rare Processes and Physics Beyond Colliders,1,https://www.slac.stanford.edu/econf/C210711/papers/2203.07339.pdf
168,arxiv:2203.08129,"Forward Physics, BFKL, Saturation Physics and Diffraction",M. Hentschinski et al.,2203.08129,https://arxiv.org/abs/2203.08129,EF,EF: QCD and Strong Interactions - Hadronic Structure and Forward QCD Processes,1,https://www.slac.stanford.edu/econf/C210711/papers/2203.08129.pdf
169,arxiv:2207.10618,"Frontiers of Quantum Gravity: Shared Challenges, Converging Directions",J. de Boer et al.,2207.10618,https://arxiv.org/abs/2207.10618,CF | TF,"CF: Cosmic Probes of Fundamental Physics | TF: String Theory, Quantum Gravity, and Black Holes",2,https://www.slac.stanford.edu/econf/C210711/papers/2207.10618.pdf
170,arxiv:2203.07088,Functions Beyond Multiple Polylogarithms for Precision Collider Physics,J. L. Bourjaily et al.,2203.07088,https://arxiv.org/abs/2203.07088,TF,TF: Scattering Amplitudes,1,https://www.slac.stanford.edu/econf/C210711/papers/2203.07088.pdf
171,arxiv:2203.07479,Future Advances in Photon-Based Neutrino Detectors,J. R. Klein et al.,2203.07479,https://arxiv.org/abs/2203.07479,IF | NF,IF: Photon Detectors | NF: Neutrino Detectors,2,https://www.slac.stanford.edu/econf/C210711/papers/2203.07479.pdf
172,arxiv:2203.07804,Future Circular Hadron Collider FCC-hh: Overview and Status,M. Benedikt et al.,2203.07804,https://arxiv.org/abs/2203.07804,AF,AF: Multi-TeV Colliders,1,https://www.slac.stanford.edu/econf/C210711/papers/2203.07804.pdf
173,arxiv:2203.08310,Future Circular Lepton Collider FCC-ee: Overview and Status,I. Agapov et al.,2203.08310,https://arxiv.org/abs/2203.08310,AF,AF: Accelerators for Electroweak and Higgs,1,https://www.slac.stanford.edu/econf/C210711/papers/2203.08310.pdf
174,arxiv:2203.08088,Future Collider Options for the US,P. C. Bhat,2203.08088,https://arxiv.org/abs/2203.08088,AF | EF | TF,AF: General - centered on this frontier | EF: General - centered on this frontier | TF: General - cross-listed,3,https://www.slac.stanford.edu/econf/C210711/papers/2203.08088.pdf
175,arxiv:2203.08228,Future Gravitational-Wave Detector Facilities,S. W. Ballmer et al.,2203.08228,https://arxiv.org/abs/2203.08228,CF,CF: Cosmic Probes of Fundamental Physics,1,https://www.slac.stanford.edu/econf/C210711/papers/2203.08228.pdf
176,external:https://cds.cern.ch/record/2806113,Future Physics Potential of LHCb,LHCb Collaboration.,,https://cds.cern.ch/record/2806113,IF | RPF,IF: General - cross-listed | RPF: General - centered on this frontier,2,https://www.slac.stanford.edu/econf/C210711/papers/CDS-2806113.pdf
177,arxiv:2203.06799,Future Prospects for Parton Showers,N. Darvishi et al.,2203.06799,https://arxiv.org/abs/2203.06799,TF,TF: Theory Techniques for Precision Physics,1,https://www.slac.stanford.edu/econf/C210711/papers/2203.06799.pdf
178,arxiv:2107.06021,Future searches for SUSY at the LHC post Fermilab (g−2)_μ,A. Aboubrahim et al.,2107.06021,https://arxiv.org/abs/2107.06021,EF | TF,EF: Beyond the Standard Model - Model Specific Explorations | TF: Collider Phenomenology,2,https://www.slac.stanford.edu/econf/C210711/papers/2107.06021.pdf
179,arxiv:2205.09545,Generalized Symmetries in Quantum Field Theory and Beyond,C. Cordova et al.,2205.09545,https://arxiv.org/abs/2205.09545,TF,TF: Conformal Field Theory and Formal Quantum Field Theory,1,https://www.slac.stanford.edu/econf/C210711/papers/2205.09545.pdf
180,arxiv:2203.07883,Global Fit of 2HDM with Future Collider Results,A. Beniwal et al.,2203.07883,https://arxiv.org/abs/2203.07883,EF,EF: Beyond the Standard Model - Model Specific Explorations,1,https://www.slac.stanford.edu/econf/C210711/papers/2203.07883.pdf
181,arxiv:2206.08326,Global SMEFT Fits at Future Colliders,J. de Blas et al.,2206.08326,https://arxiv.org/abs/2206.08326,EF,EF: Electroweak Precision Physics and Constraining New Physics,1,https://www.slac.stanford.edu/econf/C210711/papers/2206.08326.pdf
182,arxiv:2203.01396,Good Things to do with Extra Higgs Doublets,H. Davoudiasl et al.,2203.01396,https://arxiv.org/abs/2203.01396,EF,EF: Higgs Boson as a Portal to New Physics,1,https://www.slac.stanford.edu/econf/C210711/papers/2203.01396.pdf
183,arxiv:2203.12852,"Graph Neural Networks in Particle Physics: Implementations, Innovations, and Challenges",S. Thais et al.,2203.12852,https://arxiv.org/abs/2203.12852,CompF,CompF: Machine Learning,1,https://www.slac.stanford.edu/econf/C210711/papers/2203.12852.pdf
184,arxiv:2204.05194,Gravitational Waves and Scattering Amplitudes,A. Buonanno et al.,2204.05194,https://arxiv.org/abs/2204.05194,CF | TF,CF: Cosmic Probes of Fundamental Physics | TF: Scattering Amplitudes,2,https://www.slac.stanford.edu/econf/C210711/papers/2204.05194.pdf
185,arxiv:2203.07141,Hadron Spectroscopy at STCF,F. K. Guo et al.,2203.07141,https://arxiv.org/abs/2203.07141,RPF,RPF: Hadron Spectroscopy,1,https://www.slac.stanford.edu/econf/C210711/papers/2203.07141.pdf
186,arxiv:2203.08290,Hadron Spectroscopy in Photoproduction,M. Albaladejo et al.,2203.08290,https://arxiv.org/abs/2203.08290,RPF,RPF: Hadron Spectroscopy,1,https://www.slac.stanford.edu/econf/C210711/papers/2203.08290.pdf
187,arxiv:2203.03230,Hadron Spectroscopy with Lattice QCD,J. Bulava et al.,2203.03230,https://arxiv.org/abs/2203.03230,RPF | TF,RPF: Hadron Spectroscopy | TF: Lattice Gauge Theory,2,https://www.slac.stanford.edu/econf/C210711/papers/2203.03230.pdf
188,arxiv:2201.11696,Hamiltonian Truncation,A. L. Fitzpatrick et al.,2201.11696,https://arxiv.org/abs/2201.11696,TF,TF: Conformal Field Theory and Formal Quantum Field Theory,1,https://www.slac.stanford.edu/econf/C210711/papers/2201.11696.pdf
189,arxiv:2203.06705,Heavy Neutral Lepton Searches at the Electron-Ion Collider,B. Batell et al.,2203.06705,https://arxiv.org/abs/2203.06705,EF | NF | RPF,EF: QCD and Strong Interactions - Heavy Ions | NF: Sterile Neutrinos | RPF: Baryon and Lepton Number Violation,3,https://www.slac.stanford.edu/econf/C210711/papers/2203.06705.pdf
190,arxiv:2202.06703,Heavy Neutrinos at Future Linear e+e− Colliders,K. Mękała et al.,2202.06703,https://arxiv.org/abs/2202.06703,EF | NF,EF: Beyond the Standard Model - Model Specific Explorations | NF: Neutrinos Beyond the Standard Model,2,https://www.slac.stanford.edu/econf/C210711/papers/2202.06703.pdf
191,arxiv:2203.07237,HEP Computing Collaborations for the Challenges of the Next Decade,S. Campana et al.,2203.07237,https://arxiv.org/abs/2203.07237,CompF,CompF: General - centered on this frontier:,1,https://www.slac.stanford.edu/econf/C210711/papers/2203.07237.pdf
192,arxiv:2106.06494,Hidden Sectors and a Multi-Temperature Universe,A. Aboubrahim et al.,2106.06494,https://arxiv.org/abs/2106.06494,CF | TF,CF: Dark Matter: Particle-like | TF: Beyond-Standard-Model Model Building,2,https://www.slac.stanford.edu/econf/C210711/papers/2106.06494.pdf
193,arxiv:2202.08273,Higgs Boson Decay to Charmonia via c-Quark Fragmentation,T. Han et al.,2202.08273,https://arxiv.org/abs/2202.08273,EF | TF,EF: Higgs Boson Properties and Couplings | TF: Collider Phenomenology,2,https://www.slac.stanford.edu/econf/C210711/papers/2202.08273.pdf
194,arxiv:2203.09512,Higgs Coupling Sensitivities and Model-Independent Bounds on the Scale of New Physics,F. Abu-Ajamieh et al.,2203.09512,https://arxiv.org/abs/2203.09512,EF,EF: Higgs Boson as a Portal to New Physics,1,https://www.slac.stanford.edu/econf/C210711/papers/2203.09512.pdf
195,arxiv:2203.06164,Higgs Factory Considerations,J. A. Bagger et al.,2203.06164,https://arxiv.org/abs/2203.06164,AF | EF,AF: General - centered on this frontier | EF: General - centered on this frontier,2,https://www.slac.stanford.edu/econf/C210711/papers/2203.06164.pdf
196,arxiv:2107.01252,Higgs Portal Vector Dark Matter Interpretation: Review of Effective Field Theory Approach and Ultraviolet Complete Models,M. Zaazoua et al.,2107.01252,https://arxiv.org/abs/2107.01252,CF | EF,CF: Dark Matter: Particle-like | EF: Beyond the Standard Model - Dark Matter at Colliders,2,https://www.slac.stanford.edu/econf/C210711/papers/2107.01252.pdf
197,arxiv:2203.08042,Higgs Self Couplings Measurements at Future Proton-Proton Colliders,A. Taliercio et al.,2203.08042,https://arxiv.org/abs/2203.08042,EF,EF: Higgs Boson Properties and Couplings,1,https://www.slac.stanford.edu/econf/C210711/papers/2203.08042.pdf
198,arxiv:2203.08211,Higgs-Energy LEptoN (HELEN) Collider Based on Advanced Superconducting Radio Frequency Technology,S. Belomestnykh et al.,2203.08211,https://arxiv.org/abs/2203.08211,AF | EF,AF: Accelerators for Electroweak and Higgs | EF: General - centered on this frontier,2,https://www.slac.stanford.edu/econf/C210711/papers/2203.08211.pdf
199,arxiv:2204.10774,High Average Power Ultrafast Laser Technologies for Driving Future Advanced Accelerators,L. Kiani et al.,2204.10774,https://arxiv.org/abs/2204.10774,AF,AF: Advanced Accelerator Concepts,1,https://www.slac.stanford.edu/econf/C210711/papers/2204.10774.pdf
200,arxiv:2203.07291,High Density Galaxy Clustering in the Regime of Cosmic Acceleration,K. Dawson et al.,2203.07291,https://arxiv.org/abs/2203.07291,CF,CF: Dark Energy and Cosmic Acceleration: The Modern Universe,1,https://www.slac.stanford.edu/econf/C210711/papers/2203.07291.pdf
201,arxiv:2203.12043,"High Efficiency, Low Cost, RF Sources for Accelerators and Colliders",R. L. Ives et al.,2203.12043,https://arxiv.org/abs/2203.12043,AF,AF: Accelerator Technology - RF,1,https://www.slac.stanford.edu/econf/C210711/papers/2203.12043.pdf
202,arxiv:2203.08353,High Energy & High Luminosity γγ Colliders,E. Barzi et al.,2203.08353,https://arxiv.org/abs/2203.08353,AF | CF | EF | NF | RPF | TF,AF: Accelerators for Electroweak and Higgs | CF: General - cross-listed: | EF: General - centered on this frontier | NF: General - cross-listed | RPF: General - cross-listed | TF: General - cross-listed,6,https://www.slac.stanford.edu/econf/C210711/papers/2203.08353.pdf
203,arxiv:2203.07214,High Energy Physics Opportunities Using Reactor Antineutrinos,O. A. Akindele et al.,2203.07214,https://arxiv.org/abs/2203.07214,NF,NF: Artificial Neutrino Sources,1,https://www.slac.stanford.edu/econf/C210711/papers/2203.07214.pdf
204,arxiv:2203.08054,High Field Magnet Development for HEP in Europe: A Proposal from LDG HFM Expert Panel,P. Védrine et al.,2203.08054,https://arxiv.org/abs/2203.08054,AF,AF: Accelerator Technology - Magnets,1,https://www.slac.stanford.edu/econf/C210711/papers/2203.08054.pdf
205,arxiv:2203.09425,High Precision Higgs from High Energy Muon Colliders,M. Forslund et al.,2203.09425,https://arxiv.org/abs/2203.09425,EF,EF: Higgs Boson Properties and Couplings,1,https://www.slac.stanford.edu/econf/C210711/papers/2203.09425.pdf
206,arxiv:2207.11055,High Precision in CKM Unitarity Tests in b and c Decays,"A. Lenz, S. Monteil.",2207.11055,https://arxiv.org/abs/2207.11055,RPF,RPF: Weak Decays of b and c Quarks,1,https://www.slac.stanford.edu/econf/C210711/papers/2207.11055.pdf
207,arxiv:2203.09942,High Rate and High Precision Timing and Calorimeter Detectors,D. R. Winn et al.,2203.09942,https://arxiv.org/abs/2203.09942,IF,IF: Cross-Cutting Issues and Systems Integration,1,https://www.slac.stanford.edu/econf/C210711/papers/2203.09942.pdf
208,arxiv:2203.10564,High Temperature Superconducting Bi-2212 Magnets for Energy Frontier Circular Colliders,T. Shen et al.,2203.10564,https://arxiv.org/abs/2203.10564,AF,AF: Accelerator Technology - Magnets,1,https://www.slac.stanford.edu/econf/C210711/papers/2203.10564.pdf
209,arxiv:2203.08096,High-Energy and Ultra-High-Energy Neutrinos,M. Ackermann et al.,2203.08096,https://arxiv.org/abs/2203.08096,CF | IF | NF | TF,CF: Cosmic Probes of Fundamental Physics | IF: Radio Detection | NF: Neutrinos from Natural Sources | TF: Astro-Particle Physics and Cosmology,4,https://www.slac.stanford.edu/econf/C210711/papers/2203.08096.pdf
210,arxiv:2203.06262,High-Pressure TPCs in Pressurized Caverns: Opportunities in Dark Matter and Neutrino Physics,B. Monreal.,2203.06262,https://arxiv.org/abs/2203.06262,CF | IF | NF | UF,CF: Dark Matter: Particle-like | IF: Noble Element-Based Detectors | NF: Neutrino Detectors | UF: Underground Detectors,4,https://www.slac.stanford.edu/econf/C210711/papers/2203.06262.pdf
211,arxiv:2205.01567,Higher Spin Gravity and Higher Spin Symmetry,X. Bekaert et al.,2205.01567,https://arxiv.org/abs/2205.01567,TF,TF: Scattering Amplitudes,1,https://www.slac.stanford.edu/econf/C210711/papers/2205.01567.pdf
212,arxiv:2203.03698,Higher-Order Corrections for t tbar Production at High Energies,N. Kidonakis.,2203.03698,https://arxiv.org/abs/2203.03698,EF,EF: Heavy Flavor and Top Quark Physics,1,https://www.slac.stanford.edu/econf/C210711/papers/2203.03698.pdf
213,arxiv:2202.02194,"HL-LHC Computing Review Stage 2, Common Software Projects: Data Science Tools for Analysis",J. Pivarski et al.,2202.02194,https://arxiv.org/abs/2202.02194,CompF,CompF: End User Analysis,1,https://www.slac.stanford.edu/econf/C210711/papers/2202.02194.pdf
214,arxiv:2109.14938,"HL-LHC Computing Review Stage-2, Common Software Projects: Event Generators",E. Yazgan et al. (HSF Physics Event Generator Working Group),2109.14938,https://arxiv.org/abs/2109.14938,CompF | TF,CompF: Theoretical Calculations and Simulations | TF: Collider Phenomenology,2,https://www.slac.stanford.edu/econf/C210711/papers/2109.14938.pdf
215,arxiv:2008.13636,HL-LHC Computing Review: Common Tools and Community Software,T. Aarrestad et al.,2008.13636,https://arxiv.org/abs/2008.13636,CompF,CompF: General - centered on this frontier:,1,https://www.slac.stanford.edu/econf/C210711/papers/2008.13636.pdf
216,arxiv:2209.06755,How Community Agreements Can Improve Workplace Culture in Physics,E. Barzi et al.,2209.06755,https://arxiv.org/abs/2209.06755,AF | CEF | CF | CompF | EF | IF | NF | RPF | TF | UF,AF: Beam Physics and Accelerator Education | CEF: General - centered on this frontier | CF: General - cross-listed: | CompF: General - cross-listed: | EF: General - cross-listed | IF: General - cross-listed | NF: General - cross-listed | RPF: General - cross-listed | TF: General - cross-listed | UF: General - cross-listed:,10,https://www.slac.stanford.edu/econf/C210711/papers/2209.06755.pdf
217,arxiv:2203.11523,"How to Read the Snowmass White Papers on Power Dynamics in Physics, Informal Socialization in Physics Training, and Policing and Gatekeeping in STEM",A. K. Hodari et al.,2203.11523,https://arxiv.org/abs/2203.11523,CEF,"CEF: Diversity, Equity, and Inclusion",1,https://www.slac.stanford.edu/econf/C210711/papers/2203.11523.pdf
218,arxiv:2203.08132,Hybrid Conformal REBCO Dipole for a Next Hadron Collider,P. M. McIntyre.,2203.08132,https://arxiv.org/abs/2203.08132,AF | EF,AF: Multi-TeV Colliders | EF: General - cross-listed,2,https://www.slac.stanford.edu/econf/C210711/papers/2203.08132.pdf
219,arxiv:2203.02029,Hyper-Kamiokande Experiment,J. Bian et al. (Hyper-Kamiokande Collaboration),2203.02029,https://arxiv.org/abs/2203.02029,NF,NF: Neutrino Oscillations,1,https://www.slac.stanford.edu/econf/C210711/papers/2203.02029.pdf
220,arxiv:2204.07944,Impact of Lattice s(x)−sbar(x) Data in the CTEQ-TEA Global Analysis,T.-J. Hou et al.,2204.07944,https://arxiv.org/abs/2204.07944,CompF | EF | TF,CompF: Theoretical Calculations and Simulations | EF: QCD and Strong Interactions - Hadronic Structure and Forward QCD Processes | TF: Lattice Gauge Theory,3,https://www.slac.stanford.edu/econf/C210711/papers/2204.07944.pdf
221,arxiv:2204.02928,Implications of Energy Peak for Collider Phenomenology: Top Quark Mass Determination and Beyond,K. Agashe et al.,2204.02928,https://arxiv.org/abs/2204.02928,EF | TF,EF: Heavy Flavor and Top Quark Physics | TF: Collider Phenomenology,2,https://www.slac.stanford.edu/econf/C210711/papers/2204.02928.pdf
222,arxiv:2203.07624,Implications of Quantum Gravity for Particle Physics,P. Draper et al.,2203.07624,https://arxiv.org/abs/2203.07624,TF,TF: Beyond-Standard-Model Model Building,1,https://www.slac.stanford.edu/econf/C210711/papers/2203.07624.pdf
223,arxiv:2203.07353,Improving Di-Higgs Sensitivity at Future Colliders in Hadronic Final States with Machine Learning,D. Diaz et al.,2203.07353,https://arxiv.org/abs/2203.07353,CompF | EF,CompF: Machine Learning | EF: Higgs Boson Properties and Couplings,2,https://www.slac.stanford.edu/econf/C210711/papers/2203.07353.pdf
224,arxiv:2203.10393,In Search of Excellence and Equity in Physics,E. Barzi et al.,2203.10393,https://arxiv.org/abs/2203.10393,AF | CEF | CF | CompF | EF | IF | NF | RPF | TF | UF,AF: Beam Physics and Accelerator Education | CEF: General - centered on this frontier | CF: General - cross-listed: | CompF: General - cross-listed: | EF: General - cross-listed | IF: General - cross-listed | NF: General - cross-listed | RPF: General - cross-listed | TF: General - cross-listed | UF: General - cross-listed:,10,https://www.slac.stanford.edu/econf/C210711/papers/2203.10393.pdf
225,arxiv:2203.08128,Inflation: Theory and Observations,A. Achúcarro et al.,2203.08128,https://arxiv.org/abs/2203.08128,CF | TF,CF: Dark Energy and Cosmic Acceleration: Cosmic Dawn and Before | TF: Astro-Particle Physics and Cosmology,2,https://www.slac.stanford.edu/econf/C210711/papers/2203.08128.pdf
226,arxiv:2203.11518,Informal Socialization in Physics Training,A. K. Hodari et al.,2203.11518,https://arxiv.org/abs/2203.11518,CEF,"CEF: Diversity, Equity, and Inclusion",1,https://www.slac.stanford.edu/econf/C210711/papers/2203.11518.pdf
227,arxiv:2202.06890,"Infrared Properties of Quantum Gravity: UV/IR Mixing, Gravitizing the Quantum – Theory and Observation",P. Berglund et al.,2202.06890,https://arxiv.org/abs/2202.06890,TF,"TF: String Theory, Quantum Gravity, and Black Holes",1,https://www.slac.stanford.edu/econf/C210711/papers/2202.06890.pdf
228,arxiv:2203.07620,Innovations in Trigger and Data Acquisition Systems for Next-Generation Physics Facilities,R. Bartoldus et al.,2203.07620,https://arxiv.org/abs/2203.07620,CEF | CompF | IF,CEF: Applications and Industry | CompF: Machine Learning | IF: Trigger and Data Acquisition,3,https://www.slac.stanford.edu/econf/C210711/papers/2203.07620.pdf
229,arxiv:2203.06731,Inorganic Scintillators for Future HEP Experiments,C. Hu et al.,2203.06731,https://arxiv.org/abs/2203.06731,IF,IF: Calorimetry,1,https://www.slac.stanford.edu/econf/C210711/papers/2203.06731.pdf
230,arxiv:2203.06093,Integration and Packaging,S. Mazza et al.,2203.06093,https://arxiv.org/abs/2203.06093,IF,IF: Solid State Detectors and Tracking,1,https://www.slac.stanford.edu/econf/C210711/papers/2203.06093.pdf
231,arxiv:2208.03284,Interpretable Uncertainty Quantification in AI for HEP,T. Y. Chen et al.,2208.03284,https://arxiv.org/abs/2208.03284,CompF,CompF: Machine Learning,1,https://www.slac.stanford.edu/econf/C210711/papers/2208.03284.pdf
232,arxiv:2203.07901,"Introduction to a Low-Mass Dark Matter Project, ALETHEIA: A Liquid hElium Time projection cHambEr In dArk matter",J. Liao et al.,2203.07901,https://arxiv.org/abs/2203.07901,CF | IF | NF | RPF | UF,CF: Dark Matter: Particle-like | IF: Noble Element-Based Detectors | NF: Neutrinos from Natural Sources | RPF: Fundamental Physics in Small Experiments | UF: Underground Detectors,5,https://www.slac.stanford.edu/econf/C210711/papers/2203.07901.pdf
233,arxiv:2203.06809,Ion Coulomb Crystals in Storage Rings for Quantum Information Science,S. Brooks et al.,2203.06809,https://arxiv.org/abs/2203.06809,AF | CompF | IF | TF,AF: Beam Physics and Accelerator Education | CompF: Quantum Computing | IF: Quantum Sensors | TF: Quantum Information Science,4,https://www.slac.stanford.edu/econf/C210711/papers/2203.06809.pdf
234,arxiv:2205.12873,Ion Sources for Production of Highly Charged Ion Beams,A. Lapierre et al.,2205.12873,https://arxiv.org/abs/2205.12873,AF,AF: Accelerator Technology - Targets and Sources,1,https://www.slac.stanford.edu/econf/C210711/papers/2205.12873.pdf
235,arxiv:2203.08239,Irradiation Facilities and Irradiation Methods for High Power Target,F. Pellemoine et al.,2203.08239,https://arxiv.org/abs/2203.08239,AF,AF: Accelerator Technology - Targets and Sources,1,https://www.slac.stanford.edu/econf/C210711/papers/2203.08239.pdf
236,arxiv:2203.08804,IsoDAR Overview,J. R. Alonso et al.,2203.08804,https://arxiv.org/abs/2203.08804,AF | CEF | NF,AF: Accelerators for Neutrinos | CEF: Applications and Industry | NF: General - centered on this frontier,3,https://www.slac.stanford.edu/econf/C210711/papers/2203.08804.pdf
237,arxiv:2203.13979,Japan’s Strategy for Future Projects in High Energy Physics,M. Endo et al.,2203.13979,https://arxiv.org/abs/2203.13979,AF | CF | EF | NF | RPF | UF,AF: General - centered on this frontier | CF: General - cross-listed: | EF: General - centered on this frontier | NF: General - cross-listed | RPF: General - centered on this frontier | UF: General - cross-listed:,6,https://www.slac.stanford.edu/econf/C210711/papers/2203.13979.pdf
238,arxiv:2011.05329,Jas4pp - a Data-Analysis Framework for Physics and Detector Studies,S. V. Chekanov et al.,2011.05329,https://arxiv.org/abs/2011.05329,CompF,CompF: End User Analysis,1,https://www.slac.stanford.edu/econf/C210711/papers/2011.05329.pdf
239,arxiv:2202.03285,Jet Flavour Tagging for Future Colliders with Fast Simulation,F. Bedeschi et al.,2202.03285,https://arxiv.org/abs/2202.03285,EF,EF: Higgs Boson Properties and Couplings,1,https://www.slac.stanford.edu/econf/C210711/papers/2202.03285.pdf
240,arxiv:2203.07462,Jets and Jet Substructure at Future Colliders,B. Nachman et al.,2203.07462,https://arxiv.org/abs/2203.07462,EF,EF: QCD and Strong Interactions - Precision QCD,1,https://www.slac.stanford.edu/econf/C210711/papers/2203.07462.pdf
241,arxiv:2203.08059,KATRIN: Status and Prospects for the Neutrino Mass and Beyond,M. Aker et al.,2203.08059,https://arxiv.org/abs/2203.08059,NF,NF: Neutrino Properties,1,https://www.slac.stanford.edu/econf/C210711/papers/2203.08059.pdf
242,arxiv:2204.01178,Key Directions for Research and Development of Superconducting Radio Frequency Cavities,S. Belomestnykh et al.,2204.01178,https://arxiv.org/abs/2204.01178,AF,AF: Accelerator Technology - RF,1,https://www.slac.stanford.edu/econf/C210711/papers/2204.01178.pdf
243,arxiv:2206.13431,Kinematic Variables and Feature Engineering for Particle Phenomenology,R. Franceschini et al.,2206.13431,https://arxiv.org/abs/2206.13431,EF | TF,EF: General - centered on this frontier | TF: Collider Phenomenology,2,https://www.slac.stanford.edu/econf/C210711/papers/2206.13431.pdf
244,arxiv:2204.01860,LANSCE-PSR Short-Pulse Upgrade for Improved Dark Sector Particle Searches with the Coherent Captain Mills Experiment,R. G. Van de Water et al.,2204.01860,https://arxiv.org/abs/2204.01860,AF | NF | RPF,AF: Accelerators for Rare Processes and Physics Beyond Colliders | NF: Neutrinos Beyond the Standard Model | RPF: Dark Sector Studies at High Intensities,3,https://www.slac.stanford.edu/econf/C210711/papers/2204.01860.pdf
245,arxiv:2203.15902,"Large-Format, Transmission-Line-Coupled Kinetic Inductance Detector Arrays for HEP at Millimeter Wavelengths",P. S. Barry et al.,2203.15902,https://arxiv.org/abs/2203.15902,IF,IF: Radio Detection,1,https://www.slac.stanford.edu/econf/C210711/papers/2203.15902.pdf
246,arxiv:2203.08427,Laser Manipulation of H- Beams,A. Rakhman.,2203.08427,https://arxiv.org/abs/2203.08427,AF,AF: Accelerators for Neutrinos,1,https://www.slac.stanford.edu/econf/C210711/papers/2203.08427.pdf
247,arxiv:2203.08981,Laser-Driven Structure-Based Accelerators,R. J. England et al.,2203.08981,https://arxiv.org/abs/2203.08981,AF,AF: Advanced Accelerator Concepts,1,https://www.slac.stanford.edu/econf/C210711/papers/2203.08981.pdf
248,arxiv:2207.07641,Lattice QCD and Particle Physics,A. S. Kronfeld et al.,2207.07641,https://arxiv.org/abs/2207.07641,CF | CompF | EF | NF | RPF | TF,CF: General - cross-listed: | CompF: Theoretical Calculations and Simulations | EF: General - cross-listed | NF: Neutrino Interaction Cross Sections | RPF: General - centered on this frontier | TF: Lattice Gauge Theory,6,https://www.slac.stanford.edu/econf/C210711/papers/2207.07641.pdf
249,arxiv:2204.00039,Lattice QCD and the Computational Frontier,P. Boyle et al.,2204.00039,https://arxiv.org/abs/2204.00039,CompF | TF,CompF: Theoretical Calculations and Simulations | TF: Lattice Gauge Theory,2,https://www.slac.stanford.edu/econf/C210711/papers/2204.00039.pdf
250,arxiv:2202.07193,Lattice QCD Calculations of Parton Physics,M. Constantinou et al.,2202.07193,https://arxiv.org/abs/2202.07193,CompF | EF | TF,CompF: Theoretical Calculations and Simulations | EF: QCD and Strong Interactions - Hadronic Structure and Forward QCD Processes | TF: Lattice Gauge Theory,3,https://www.slac.stanford.edu/econf/C210711/papers/2202.07193.pdf
251,arxiv:2203.07654,Leading-Edge Technology And Feasibility-Directed (LEAF) Program Aimed at Readiness Demonstration for Energy Frontier Circular Colliders by the Next Decade,G. Ambrosio et al.,2203.07654,https://arxiv.org/abs/2203.07654,AF,AF: Accelerator Technology - Magnets,1,https://www.slac.stanford.edu/econf/C210711/papers/2203.07654.pdf
252,arxiv:2207.01851,Lepton-Flavor Violation and Lepton-Flavor-Universality Violation in b and c Decays,"D. Guadagnoli, P. Koppenburg.",2207.01851,https://arxiv.org/abs/2207.01851,RPF,RPF: Weak Decays of b and c Quarks,1,https://www.slac.stanford.edu/econf/C210711/papers/2207.01851.pdf
253,arxiv:2203.07048,LHCb Future Dark-Sector Sensitivity Projections for Snowmass 2021,Daniel Craik et al.,2203.07048,https://arxiv.org/abs/2203.07048,EF | RPF,EF: Beyond the Standard Model - Dark Matter at Colliders | RPF: Dark Sector Studies at High Intensities,2,https://www.slac.stanford.edu/econf/C210711/papers/2203.07048.pdf
254,arxiv:2203.08631,Lifestyle and Personal Wellness in Particle Physics Research Activities,T. R. Lewis et al.,2203.08631,https://arxiv.org/abs/2203.08631,CEF,"CEF: Diversity, Equity, and Inclusion",1,https://www.slac.stanford.edu/econf/C210711/papers/2203.08631.pdf
255,arxiv:2201.04219,Light Dark Matter Detection with Hydrogen-Rich Crystals and Low-Tc TES Detectors,G. Wang et al.,2201.04219,https://arxiv.org/abs/2201.04219,CF | IF,CF: Dark Matter: Particle-like | IF: Quantum Sensors,2,https://www.slac.stanford.edu/econf/C210711/papers/2201.04219.pdf
256,arxiv:2203.07492,Light Dark Matter Direct Detection at the Interface With Condensed Matter Physics,A. Mitridate et al.,2203.07492,https://arxiv.org/abs/2203.07492,CF | TF,CF: Dark Matter: Particle-like | TF: Astro-Particle Physics and Cosmology,2,https://www.slac.stanford.edu/econf/C210711/papers/2203.07492.pdf
257,arxiv:2203.07323,Light Sterile Neutrino Searches and Related Phenomenology,M. A. Acero et al.,2203.07323,https://arxiv.org/abs/2203.07323,NF,NF: Sterile Neutrinos,1,https://www.slac.stanford.edu/econf/C210711/papers/2203.07323.pdf
258,arxiv:2203.14347,Light-Weight and Highly Thermally Conductive Support Structures for Future Tracking Detectors,E. Anderssen et al.,2203.14347,https://arxiv.org/abs/2203.14347,IF,IF: Solid State Detectors and Tracking,1,https://www.slac.stanford.edu/econf/C210711/papers/2203.14347.pdf
259,arxiv:2203.08366,Linear Collider Based on Laser-Plasma Accelerators,C. Benedetti et al.,2203.08366,https://arxiv.org/abs/2203.08366,AF,AF: Advanced Accelerator Concepts,1,https://www.slac.stanford.edu/econf/C210711/papers/2203.08366.pdf
260,arxiv:2107.13581,Longitudinally Polarized ZZ Scattering at the Muon Collider,T. Yang et al.,2107.13581,https://arxiv.org/abs/2107.13581,EF,EF: Electroweak Precision Physics and Constraining New Physics,1,https://www.slac.stanford.edu/econf/C210711/papers/2107.13581.pdf
261,arxiv:2203.08821,Low Background kTon-Scale Liquid Argon Time Projection Chambers,A. Avasthi et al.,2203.08821,https://arxiv.org/abs/2203.08821,CF | IF | NF | UF,CF: Dark Matter: Particle-like | IF: Noble Element-Based Detectors | NF: Neutrino Detectors | UF: Underground Facilities for Neutrinos,4,https://www.slac.stanford.edu/econf/C210711/papers/2203.08821.pdf
262,arxiv:2203.00740,Low-Energy Physics in Neutrino LArTPCs,D. Caratelli et al.,2203.00740,https://arxiv.org/abs/2203.00740,IF | NF,IF: Noble Element-Based Detectors | NF: Neutrino Detectors,2,https://www.slac.stanford.edu/econf/C210711/papers/2203.00740.pdf
263,arxiv:2203.08056,Machine Learning and Cosmology,C. Dvorkin et al.,2203.08056,https://arxiv.org/abs/2203.08056,CF | CompF,CF: Dark Matter: Cosmic Probes | CompF: Machine Learning,2,https://www.slac.stanford.edu/econf/C210711/papers/2203.08056.pdf
264,arxiv:2203.07154,Materials for Future Calorimeters,"M. Yeh, R.-Y. Zhu.",2203.07154,https://arxiv.org/abs/2203.07154,IF,IF: Calorimetry,1,https://www.slac.stanford.edu/econf/C210711/papers/2203.07154.pdf
265,arxiv:2203.07944,Measurement of ALR using Radiative REturn at ILC 250,T. Mizuno et al.,2203.07944,https://arxiv.org/abs/2203.07944,EF,EF: Electroweak Precision Physics and Constraining New Physics,1,https://www.slac.stanford.edu/econf/C210711/papers/2203.07944.pdf
266,arxiv:2203.06819,Measuring the CP properties of the Higgs Sector at Electron-Positron Colliders,I. Božović-Jelisavucić et al.,2203.06819,https://arxiv.org/abs/2203.06819,EF,EF: Higgs Boson Properties and Couplings,1,https://www.slac.stanford.edu/econf/C210711/papers/2203.06819.pdf
267,arxiv:2203.07572,Measuring the Electron Neutrino Mass using the Electron Capture Decay of 163Ho,J. Ullom et al.,2203.07572,https://arxiv.org/abs/2203.07572,IF | NF,IF: Quantum Sensors | NF: Neutrino Properties,2,https://www.slac.stanford.edu/econf/C210711/papers/2203.07572.pdf
268,arxiv:2004.00580,Measuring the Neutrino Event Time in Liquid Argon by a Post-Reconstruction One-parameter Fit,E. Angelico et al.,2004.00580,https://arxiv.org/abs/2004.00580,IF | NF,IF: Noble Element-Based Detectors | NF: Neutrino Detectors,2,https://www.slac.stanford.edu/econf/C210711/papers/2004.00580.pdf
269,arxiv:2203.07668,Measuring the Tau Polarization at ILC,"K. Yumino, D. Jeans.",2203.07668,https://arxiv.org/abs/2203.07668,EF,EF: Electroweak Precision Physics and Constraining New Physics,1,https://www.slac.stanford.edu/econf/C210711/papers/2203.07668.pdf
270,arxiv:2203.07371,Medium-Grain Niobium SRF Cavity Production Technology for Science Frontiers and Accelerator Applications,G. Myneni et al.,2203.07371,https://arxiv.org/abs/2203.07371,AF,AF: Accelerator Technology - RF,1,https://www.slac.stanford.edu/econf/C210711/papers/2203.07371.pdf
271,arxiv:2203.06309,Micro Pattern Gaseous Detectors for Nuclear Physics,F. Barbosa et al.,2203.06309,https://arxiv.org/abs/2203.06309,IF,IF: Micro Pattern Gas Detectors,1,https://www.slac.stanford.edu/econf/C210711/papers/2203.06309.pdf
272,arxiv:2203.04981,Micro- and Macro-Structure of Black Holes,I. Bena et al.,2203.04981,https://arxiv.org/abs/2203.04981,TF,"TF: String Theory, Quantum Gravity, and Black Holes",1,https://www.slac.stanford.edu/econf/C210711/papers/2203.04981.pdf
273,arxiv:2202.11578,Mini-Review: Expectations for Supersymmetry from the String Landscape,H. Baer et al.,2202.11578,https://arxiv.org/abs/2202.11578,EF | TF,EF: Beyond the Standard Model - Model Specific Explorations | TF: Beyond-Standard-Model Model Building,2,https://www.slac.stanford.edu/econf/C210711/papers/2202.11578.pdf
274,arxiv:2209.03303,Model-Agnostic Exploration of the Mass Reach of Precision Higgs Boson Coupling Measurements,M. E. Peskin.,2209.03303,https://arxiv.org/abs/2209.03303,EF,EF: Higgs Boson as a Portal to New Physics,1,https://www.slac.stanford.edu/econf/C210711/papers/2209.03303.pdf
275,arxiv:2103.10217,Model-Independent Searches for New Physics in Multi-Body Invariant Masses,S. V. Chekanov et al.,2103.10217,https://arxiv.org/abs/2103.10217,EF | TF,EF: Beyond the Standard Model - More General Explorations | TF: Collider Phenomenology,2,https://www.slac.stanford.edu/econf/C210711/papers/2103.10217.pdf
276,arxiv:2203.04714,Modeling Needs for High Power Target,C. Barbier et al.,2203.04714,https://arxiv.org/abs/2203.04714,AF,AF: Accelerator Technology - Targets and Sources,1,https://www.slac.stanford.edu/econf/C210711/papers/2203.04714.pdf
277,arxiv:2203.07700,"Modeling, Statistics, Simulations, and Computing Needs for Direct Dark Matter Detection",Y. Kahn et al.,2203.07700,https://arxiv.org/abs/2203.07700,CF | CompF,CF: Dark Matter: Particle-like | CompF: General - centered on this frontier:,2,https://www.slac.stanford.edu/econf/C210711/papers/2203.07700.pdf
278,arxiv:2003.09084,Modern and Future Colliders,"V. Shiltsev, F. Zimmermann",2003.09084,https://arxiv.org/abs/2003.09084,AF,AF: General - centered on this frontier,1,https://www.slac.stanford.edu/econf/C210711/papers/2003.09084.pdf
279,arxiv:2209.03988,"MoEDAL-MAPP, an LHC Dedicated Detector Search Facility",J. Pinfold.,2209.03988,https://arxiv.org/abs/2209.03988,EF,EF: Beyond the Standard Model - More General Explorations,1,https://www.slac.stanford.edu/econf/C210711/papers/2209.03988.pdf
280,arxiv:2203.07626,Monolithic Active Pixel Sensors on CMOS technologies,N. Apadula et al.,2203.07626,https://arxiv.org/abs/2203.07626,IF,IF: Solid State Detectors and Tracking,1,https://www.slac.stanford.edu/econf/C210711/papers/2203.07626.pdf
281,arxiv:2201.13321,Moonshine,S. M. Harrison et al.,2201.13321,https://arxiv.org/abs/2201.13321,TF,TF: Conformal Field Theory and Formal Quantum Field Theory,1,https://www.slac.stanford.edu/econf/C210711/papers/2201.13321.pdf
282,arxiv:2203.17258,"More is Different: Non-Minimal Dark Sectors and Their Implications for Particle Physics, Astrophysics, and Cosmology – 13 Take-Away Lessons for Snowmass 2021",K. R. Dienes et al.,2203.17258,https://arxiv.org/abs/2203.17258,CF | EF | TF,CF: Dark Matter: Cosmic Probes | EF: Beyond the Standard Model - Dark Matter at Colliders | TF: Astro-Particle Physics and Cosmology,3,https://www.slac.stanford.edu/econf/C210711/papers/2203.17258.pdf
283,arxiv:2203.06267,MPGDs for TPCs at Future Lepton Colliders,A. Bellerive et al.,2203.06267,https://arxiv.org/abs/2203.06267,IF,IF: Micro Pattern Gas Detectors,1,https://www.slac.stanford.edu/econf/C210711/papers/2203.06267.pdf
284,arxiv:2203.06525,MPGDs for Tracking and Muon Detection at Future High Energy Physics Colliders,K. Black et al.,2203.06525,https://arxiv.org/abs/2203.06525,IF,IF: Micro Pattern Gas Detectors,1,https://www.slac.stanford.edu/econf/C210711/papers/2203.06525.pdf
285,arxiv:2203.06562,MPGDs: Recent Advances and Current R&D,K. Dehmelt et al.,2203.06562,https://arxiv.org/abs/2203.06562,IF,IF: Micro Pattern Gas Detectors,1,https://www.slac.stanford.edu/econf/C210711/papers/2203.06562.pdf
286,arxiv:2205.11920,MSSM Under Higgs Factories,H. Li et al.,2205.11920,https://arxiv.org/abs/2205.11920,EF | TF,EF: Higgs Boson as a Portal to New Physics | TF: Collider Phenomenology,2,https://www.slac.stanford.edu/econf/C210711/papers/2205.11920.pdf
287,arxiv:2203.07569,Mu2e-II: Muon to Electron Conversion with PIP-II,K. Byrum et al.,2203.07569,https://arxiv.org/abs/2203.07569,RPF,RPF: Charged Lepton Flavor Violation,1,https://www.slac.stanford.edu/econf/C210711/papers/2203.07569.pdf
288,arxiv:2203.11226,Multi-Experiment Probes for Dark Energy – Transients,A. G. Kim et al.,2203.11226,https://arxiv.org/abs/2203.11226,CF,CF: Dark Energy and Cosmic Acceleration: Complementarity of Probes and New Facilities,1,https://www.slac.stanford.edu/econf/C210711/papers/2203.11226.pdf
289,arxiv:2203.07256,Muon Collider Physics Summary,C. Aimè et al.,2203.07256,https://arxiv.org/abs/2203.07256,EF | TF,EF: General - centered on this frontier | TF: General - cross-listed,2,https://www.slac.stanford.edu/econf/C210711/papers/2203.07256.pdf
290,arxiv:2203.11406,Muonium to Antimuonium Conversion,A.-Y. Bai et al.,2203.11406,https://arxiv.org/abs/2203.11406,RPF,RPF: Charged Lepton Flavor Violation,1,https://www.slac.stanford.edu/econf/C210711/papers/2203.11406.pdf
291,arxiv:2205.05708,Naturalness,N. Craig.,2205.05708,https://arxiv.org/abs/2205.05708,EF | TF,EF: Beyond the Standard Model - Model Specific Explorations | TF: Effective Field Theory Techniques,2,https://www.slac.stanford.edu/econf/C210711/papers/2203.12118.pdf | https://www.slac.stanford.edu/econf/C210711/papers/2205.05708.pdf
292,arxiv:2203.06752,Nb3Sn Superconducting Radiofrequency Cavities: a Maturing Technology for Particle Accelerators and Detectors,S. Posen et al.,2203.06752,https://arxiv.org/abs/2203.06752,AF,AF: Accelerator Technology - RF,1,https://www.slac.stanford.edu/econf/C210711/papers/2203.06752.pdf
293,arxiv:2203.09094,Near Term Applications driven by Advanced Accelerator Concepts,C. Emma et al.,2203.09094,https://arxiv.org/abs/2203.09094,AF,AF: Advanced Accelerator Concepts,1,https://www.slac.stanford.edu/econf/C210711/papers/2203.09094.pdf
294,arxiv:2203.08208,Need for Amplitude Analysis in the Discovery of New Hadrons,M. Albaladejo et al.,2203.08208,https://arxiv.org/abs/2203.08208,RPF,RPF: Hadron Spectroscopy,1,https://www.slac.stanford.edu/econf/C210711/papers/2203.08208.pdf
295,arxiv:2204.08668,Neutrino Flavor Model Building and the Origins of Flavor and CP Violation,Y. Almumin et al.,2204.08668,https://arxiv.org/abs/2204.08668,NF | TF,NF: Neutrinos Beyond the Standard Model | TF: Theory of Neutrino Physics,2,https://www.slac.stanford.edu/econf/C210711/papers/2204.08668.pdf
296,arxiv:2203.11298,Neutrino Scattering Measurements on Hydrogen and Deuterium,L. Alvarez Ruso et al.,2203.11298,https://arxiv.org/abs/2203.11298,NF | TF,NF: Neutrino Interaction Cross Sections | TF: Theory of Neutrino Physics,2,https://www.slac.stanford.edu/econf/C210711/papers/2203.11298.pdf
297,arxiv:2203.01955,Neutrino Self-Interactions,J. M. Berryman et al.,2203.01955,https://arxiv.org/abs/2203.01955,NF | TF,NF: Neutrinos Beyond the Standard Model | TF: Theory of Neutrino Physics,2,https://www.slac.stanford.edu/econf/C210711/papers/2203.01955.pdf
298,arxiv:2203.12169,Neutrinoless Double-Beta Decay: A Roadmap for Matching Theory to Experiment,V. Cirigliano et al.,2203.12169,https://arxiv.org/abs/2203.12169,NF | RPF | TF,NF: Neutrino Properties | RPF: Baryon and Lepton Number Violation | TF: Theory of Neutrino Physics,3,https://www.slac.stanford.edu/econf/C210711/papers/2203.12169.pdf
299,arxiv:2203.07545,Neutrinos from Stored Muons (nuSTORM),L. Alvarez Ruso et al. (nuSTORM Collaboration),2203.07545,https://arxiv.org/abs/2203.07545,NF | RPF,NF: Artificial Neutrino Sources | RPF: Baryon and Lepton Number Violation,2,https://www.slac.stanford.edu/econf/C210711/papers/2203.07545.pdf
300,arxiv:2203.06776,New Approach to DM Searches with Mono-Photon Signature,J. Kalinowski et al.,2203.06776,https://arxiv.org/abs/2203.06776,EF,EF: Beyond the Standard Model - Dark Matter at Colliders,1,https://www.slac.stanford.edu/econf/C210711/papers/2203.06776.pdf
301,arxiv:2203.08806,New Directions for Surrogate Models and Differentiable Programming for High Energy Physics Detector Simulation,A. Adelmann et al.,2203.08806,https://arxiv.org/abs/2203.08806,CompF,CompF: Machine Learning,1,https://www.slac.stanford.edu/econf/C210711/papers/2203.08806.pdf
302,arxiv:2203.14915,New Horizons: Scalar and Vector Ultralight Dark Matter,D. Antypas et al.,2203.14915,https://arxiv.org/abs/2203.14915,CF | IF | RPF | TF,CF: Dark Matter: Wave-like | IF: Quantum Sensors | RPF: Fundamental Physics in Small Experiments | TF: Astro-Particle Physics and Cosmology,4,https://www.slac.stanford.edu/econf/C210711/papers/2203.14915.pdf
303,arxiv:2203.05010,New Ideas in Baryogenesis,G. Elor et al.,2203.05010,https://arxiv.org/abs/2203.05010,TF,TF: Beyond-Standard-Model Model Building,1,https://www.slac.stanford.edu/econf/C210711/papers/2203.05010.pdf
304,arxiv:2006.04824,New Physics in B Meson Mixing: Future Sensitivity and Limitations,J. Charles et al.,2006.04824,https://arxiv.org/abs/2006.04824,RPF | TF,RPF: Weak Decays of b and c Quarks | TF: Theory Techniques for Precision Physics,2,https://www.slac.stanford.edu/econf/C210711/papers/2006.04824.pdf
305,arxiv:2201.07805,New Physics Searches at Kaon and Hyperon Factories,E. Goudzovski et al.,2201.07805,https://arxiv.org/abs/2201.07805,RPF,RPF: Weak Decays of Strange and Light Quarks,1,https://www.slac.stanford.edu/econf/C210711/papers/2201.07805.pdf
306,arxiv:2203.07913,New Physics with Missing Energy at Future Lepton Colliders,J. Kalinowski et al.,2203.07913,https://arxiv.org/abs/2203.07913,EF | TF,EF: Beyond the Standard Model - Dark Matter at Colliders | TF: Collider Phenomenology,2,https://www.slac.stanford.edu/econf/C210711/papers/2203.07913.pdf
307,arxiv:2204.02536,Next-Generation Superconducting RF Technology based on Advanced Thin Film Technologies and Innovative Materials for Accelerator Enhanced Performance and Energy Reach,A.- M. Valente-Feliciano et al.,2204.02536,https://arxiv.org/abs/2204.02536,AF,AF: Accelerator Technology - RF,1,https://www.slac.stanford.edu/econf/C210711/papers/2204.02536.pdf
308,arxiv:2203.09939,"Novel Low Workfunction Semiconductors for Calorimetry and Detection: High Energy, Dark Matter and Neutrino Phenomena",D. R. Winn.,2203.09939,https://arxiv.org/abs/2203.09939,IF,IF: Calorimetry,1,https://www.slac.stanford.edu/econf/C210711/papers/2203.09939.pdf
309,arxiv:2203.08357,Novel Materials and Concepts for Next-Generation High Power Target Applications,K. Ammigan et al.,2203.08357,https://arxiv.org/abs/2203.08357,AF,AF: Accelerator Technology - Targets and Sources,1,https://www.slac.stanford.edu/econf/C210711/papers/2203.08357.pdf
310,arxiv:2202.11828,Novel Sensors for Particle Tracking,M. R. Hoeferkamp et al.,2202.11828,https://arxiv.org/abs/2202.11828,IF,IF: Solid State Detectors and Tracking,1,https://www.slac.stanford.edu/econf/C210711/papers/2202.11828.pdf
311,arxiv:2112.12593,Nu Tools: Exploring Practical Roles for Neutrinos in Nuclear Energy and Security,O. A. Akindele et al.,2112.12593,https://arxiv.org/abs/2112.12593,NF,NF: Neutrino Applications,1,https://www.slac.stanford.edu/econf/C210711/papers/2112.12593.pdf
312,arxiv:2203.08139,Numerical Relativity for Next-Generation Gravitational-Wave Probes of Fundamental Physics,F. Foucart et al.,2203.08139,https://arxiv.org/abs/2203.08139,CF | CompF,CF: Cosmic Probes of Fundamental Physics | CompF: Theoretical Calculations and Simulations,2,https://www.slac.stanford.edu/econf/C210711/papers/2203.08139.pdf
313,arxiv:2203.10377,Nurturing the Industrial Accelerator Technology Base in the US,A. M. M. Todd,2203.10377,https://arxiv.org/abs/2203.10377,AF | CEF,AF: General - centered on this frontier | CEF: Applications and Industry,2,https://www.slac.stanford.edu/econf/C210711/papers/2203.10377.pdf
314,arxiv:2203.06200,Observational Facilities to Study Dark Matter,S.Chakrabarti et al.,2203.06200,https://arxiv.org/abs/2203.06200,CF,CF: Dark Matter: Cosmic Probes,1,https://www.slac.stanford.edu/econf/C210711/papers/2203.06200.pdf
315,arxiv:2205.01799,Observational Signatures of Quantum Gravity,K. M. Zurek et al.,2205.01799,https://arxiv.org/abs/2205.01799,CF | TF,"CF: Cosmic Probes of Fundamental Physics | TF: String Theory, Quantum Gravity, and Black Holes",2,https://www.slac.stanford.edu/econf/C210711/papers/2205.01799.pdf
316,arxiv:2203.09524,On the Importance of Rare Kaon Decays,J. Aebischer et al.,2203.09524,https://arxiv.org/abs/2203.09524,RPF,RPF: Weak Decays of Strange and Light Quarks,1,https://www.slac.stanford.edu/econf/C210711/papers/2203.09524.pdf
317,arxiv:2109.15181,On the Modeling Uncertainties of ttbar W± Multi-Lepton Signatures,G. Bevilacqua et al.,2109.15181,https://arxiv.org/abs/2109.15181,EF,EF: Heavy Flavor and Top Quark Physics,1,https://www.slac.stanford.edu/econf/C210711/papers/2109.15181.pdf
318,arxiv:2203.05939,Opportunities for New Physics Searches with Heavy Ions at Colliders,David d'Enterria et al.,2203.05939,https://arxiv.org/abs/2203.05939,EF,EF: QCD and Strong Interactions - Heavy Ions,1,https://www.slac.stanford.edu/econf/C210711/papers/2203.05939.pdf
319,arxiv:2204.02280,Opportunities for Precision QCD Physics in Hadronization at Belle II,A. Accardi et al.,2204.02280,https://arxiv.org/abs/2204.02280,EF,EF: QCD and Strong Interactions - Precision QCD,1,https://www.slac.stanford.edu/econf/C210711/papers/2204.02280.pdf
320,arxiv:2203.06795,Opportunities from Cross-survey Analyses of Static Probes,E. J. Baxter et al.,2203.06795,https://arxiv.org/abs/2203.06795,CF,CF: Dark Energy and Cosmic Acceleration: Complementarity of Probes and New Facilities,1,https://www.slac.stanford.edu/econf/C210711/papers/2203.06795.pdf
321,arxiv:2103.00522,Optimising Top-Quark Threshold Scan at CLIC using Genetic Algorithm,"K. Nowak, A. F. Zarnecki.",2103.00522,https://arxiv.org/abs/2103.00522,EF,EF: Heavy Flavor and Top Quark Physics,1,https://www.slac.stanford.edu/econf/C210711/papers/2103.00522pdf
322,arxiv:2203.15138,Particle Flow Calorimetry,"R. Ruchti, K. Kruger.",2203.15138,https://arxiv.org/abs/2203.15138,EF | IF,EF: General - cross-listed | IF: Calorimetry,2,https://www.slac.stanford.edu/econf/C210711/papers/2203.15138.pdf
323,arxiv:2203.09585,Particle Physics Outreach at Non-Traditional Venues,J. Cochran et al.,2203.09585,https://arxiv.org/abs/2203.09585,CEF,CEF: Public Education and Outreach,1,https://www.slac.stanford.edu/econf/C210711/papers/2203.09585.pdf
324,arxiv:2203.10953,Particle Physics Outreach to K-12 Schools and Opportunities in Undergraduate Education,M. G. Bardeen et al.,2203.10953,https://arxiv.org/abs/2203.10953,CEF,CEF: Physics Education,1,https://www.slac.stanford.edu/econf/C210711/papers/2203.10953.pdf
325,arxiv:2203.05525,Passive Low Energy Nuclear Recoil Detection with Color Centers – PALEOCCENE,K. Alfonso et al.,2203.05525,https://arxiv.org/abs/2203.05525,CF | IF | NF,CF: Dark Matter: Particle-like | IF: Solid State Detectors and Tracking | NF: Neutrino Detectors,3,https://www.slac.stanford.edu/econf/C210711/papers/2203.05525.pdf
326,arxiv:2203.09202,Performance of the LHC Injector Chain after the Upgrade and Potential Development,"H. Bartosik, G. Rumolo.",2203.09202,https://arxiv.org/abs/2203.09202,AF,AF: Accelerators for Neutrinos,1,https://www.slac.stanford.edu/econf/C210711/papers/2203.09202.pdf
327,arxiv:2203.11623,PetaVolts per Meter Plasmonics,A. A. Sahai et al.,2203.11623,https://arxiv.org/abs/2203.11623,AF | CompF | EF,AF: Advanced Accelerator Concepts | CompF: Theoretical Calculations and Simulations | EF: Beyond the Standard Model - More General Explorations,3,https://www.slac.stanford.edu/econf/C210711/papers/2203.11623.pdf
328,arxiv:2203.07270,Phenomenological Aspects of Composite Higgs Scenarios: Exotic Scalars and Vector-Like Quarks,A. Banerjee et al.,2203.07270,https://arxiv.org/abs/2203.07270,EF | TF,EF: Beyond the Standard Model - Model Specific Explorations | TF: Collider Phenomenology,2,https://www.slac.stanford.edu/econf/C210711/papers/2203.07270.pdf
329,arxiv:2203.09941,Photomultipliers as High Rate Radiation-Resistant In-Situ Sensors in Future Experiments,"D. R Winn, Y. Onel.",2203.09941,https://arxiv.org/abs/2203.09941,IF,IF: Calorimetry,1,https://www.slac.stanford.edu/econf/C210711/papers/2203.09941.pdf
330,arxiv:2203.12542,Photon Counting from the Vacuum Ultraviolet to the Short Wavelength Infrared using Semiconductor and Superconducting Technologies,J. Asaadi et al.,2203.12542,https://arxiv.org/abs/2203.12542,IF,IF: Photon Detectors,1,https://www.slac.stanford.edu/econf/C210711/papers/2203.12542.pdf
331,arxiv:2203.05078,Physical Mathematics 2021,I. Bah et al.,2203.05078,https://arxiv.org/abs/2203.05078,TF,TF: Conformal Field Theory and Formal Quantum Field Theory,1,https://www.slac.stanford.edu/econf/C210711/papers/2203.05078.pdf
332,arxiv:2205.00031,Physics at Future Colliders: the Interplay Between Energy and Luminosity,"Z. Liu, L.-T. Wang.",2205.00031,https://arxiv.org/abs/2205.00031,AF | EF,AF: General - centered on this frontier | EF: General - centered on this frontier,2,https://www.slac.stanford.edu/econf/C210711/papers/2205.00031.pdf
333,arxiv:2203.16255,"Physics Community Needs, Tools, and Resources for Machine Learning",P. Harris et al.,2203.16255,https://arxiv.org/abs/2203.16255,CF | CompF | EF | IF | NF,CF: Cosmic Probes of Fundamental Physics | CompF: Machine Learning | EF: General - cross-listed | IF: Trigger and Data Acquisition | NF: Neutrino Oscillations,5,https://www.slac.stanford.edu/econf/C210711/papers/2203.16255.pdf
334,arxiv:2204.08943,Physics in the Tau-Charm Region at BESIII,H. B. Li et al.,2204.08943,https://arxiv.org/abs/2204.08943,RPF,RPF: General - centered on this frontier,1,https://www.slac.stanford.edu/econf/C210711/papers/arXiv:2204.08943.pdf
335,arxiv:2203.03925,Physics Opportunities for the Fermilab Booster Replacement,J. Arrington et al.,2203.03925,https://arxiv.org/abs/2203.03925,AF | NF | RPF | TF,AF: General - centered on this frontier | NF: General - centered on this frontier | RPF: General - centered on this frontier | TF: General - cross-listed,4,https://www.slac.stanford.edu/econf/C210711/papers/2203.03925.pdf
336,arxiv:2209.02883,Physics Opportunities in the ORNL Spallation Neutron Source Second Target Station Era,J. Asaadi et al.,2209.02883,https://arxiv.org/abs/2209.02883,CF | IF | NF,CF: Dark Matter: Particle-like | IF: Noble Element-Based Detectors | NF: General - centered on this frontier,3,https://www.slac.stanford.edu/econf/C210711/papers/2209.02883.pdf
337,arxiv:2202.12343,Physics Opportunities with PROSPECT-II,M. Andriamirado et al.,2202.12343,https://arxiv.org/abs/2202.12343,NF,NF: Sterile Neutrinos,1,https://www.slac.stanford.edu/econf/C210711/papers/2202.12343.pdf
338,arxiv:2005.05221,Physics Potential of Timing Layers in Future Collider Detectors,S.V. Chekanov et al.,2005.05221,https://arxiv.org/abs/2005.05221,EF | IF,EF: Beyond the Standard Model - More General Explorations | IF: Calorimetry,2,https://www.slac.stanford.edu/econf/C210711/papers/2005.05221.pdf
339,arxiv:2105.12962,Physics Reach of a Long-Lived Particle Detector at Belle II,S. Dreyer et al.,2105.12962,https://arxiv.org/abs/2105.12962,RPF,RPF: Dark Sector Studies at High Intensities,1,https://www.slac.stanford.edu/econf/C210711/papers/2105.12962.pdf
340,external:https://cds.cern.ch/record/2806962,Physics with the Phase-2 ATLAS and CMS Detectors,ATLAS and CMS Collaborations.,,https://cds.cern.ch/record/2806962,CF | EF | RPF,CF: Dark Matter: Particle-like | EF: General - centered on this frontier | RPF: Weak Decays of b and c Quarks,3,https://www.slac.stanford.edu/econf/C210711/papers/CDS-2806962.pdf
341,arxiv:2203.08079,PIP2-BD: GeV Proton Beam Dump at Fermilab's PIP-II Linac,M. Toups et al.,2203.08079,https://arxiv.org/abs/2203.08079,AF | NF | RPF,AF: Accelerators for Rare Processes and Physics Beyond Colliders | NF: Neutrinos Beyond the Standard Model | RPF: Dark Sector Studies at High Intensities,3,https://www.slac.stanford.edu/econf/C210711/papers/2203.08079.pdf
342,arxiv:2203.12442,Plasma Processing for In-Situ Field Emission Mitigation of Superconducting Radiofrequency (SRF) Cryomodules,M. Martinello et al.,2203.12442,https://arxiv.org/abs/2203.12442,AF,AF: Accelerator Technology - RF,1,https://www.slac.stanford.edu/econf/C210711/papers/2203.12442.pdf
343,arxiv:2203.08379,Plasma-Based Particle Sources,M. Fuchs et al.,2203.08379,https://arxiv.org/abs/2203.08379,AF,AF: Advanced Accelerator Concepts,1,https://www.slac.stanford.edu/econf/C210711/papers/2203.08379.pdf
344,arxiv:2203.11508,Policing and Gatekeeping in STEM,A. K. Hodari et al.,2203.11508,https://arxiv.org/abs/2203.11508,CEF,"CEF: Diversity, Equity, and Inclusion",1,https://www.slac.stanford.edu/econf/C210711/papers/2203.11508.pdf
345,arxiv:2203.09945,Portability: A Necessary Approach for Future Scientific Software,M. Bhattacharya et al.,2203.09945,https://arxiv.org/abs/2203.09945,CompF,CompF: Experimental Algorithm Parallelization,1,https://www.slac.stanford.edu/econf/C210711/papers/2203.09945.pdf
346,arxiv:2202.02222,Portal Matter and Dark Sector Phenomenology at Colliders,T. G. Rizzo.,2202.02222,https://arxiv.org/abs/2202.02222,CF | EF | TF,CF: Dark Matter: Particle-like | EF: Beyond the Standard Model - Dark Matter at Colliders | TF: Collider Phenomenology,3,https://www.slac.stanford.edu/econf/C210711/papers/2202.02222.pdf
347,arxiv:2204.13245,Positron Sources for Future High Energy Physics Colliders,P. Musumeci et al.,2204.13245,https://arxiv.org/abs/2204.13245,AF,AF: Accelerator Technology - Targets and Sources,1,https://www.slac.stanford.edu/econf/C210711/papers/2204.13245.pdf
348,arxiv:2203.11513,Power Dynamics in Physics,A. K. Hodari et al.,2203.11513,https://arxiv.org/abs/2203.11513,CEF,"CEF: Diversity, Equity, and Inclusion",1,https://www.slac.stanford.edu/econf/C210711/papers/2203.11513.pdf
349,arxiv:2203.09691,Precision Studies of Spacetime Symmetries and Gravitational Physics,E. Adelberger et al.,2203.09691,https://arxiv.org/abs/2203.09691,AF | CF | IF | RPF,AF: General - cross-listed | CF: General - centered on this frontier: | IF: General - centered on this frontier | RPF: General - centered on this frontier,4,https://www.slac.stanford.edu/econf/C210711/papers/2203.09691.pdf
350,arxiv:2203.07286,Precision Timing for Collider-Experiment-Based Calorimetry,S. V. Chekanov et al.,2203.07286,https://arxiv.org/abs/2203.07286,IF,IF: Calorimetry,1,https://www.slac.stanford.edu/econf/C210711/papers/2203.07286.pdf
351,arxiv:2203.08967,Primordial Black Hole Dark Matter,S. Bird et al.,2203.08967,https://arxiv.org/abs/2203.08967,CF,CF: Dark Matter: Cosmic Probes,1,https://www.slac.stanford.edu/econf/C210711/papers/2203.08967.pdf
352,arxiv:2203.15954,Probing dark matter with small-scale astrophysical observations,R. Brito et al.,2203.15954,https://arxiv.org/abs/2203.15954,CF,CF: Cosmic Probes of Fundamental Physics,1,https://www.slac.stanford.edu/econf/C210711/papers/2203.15954.pdf
353,arxiv:2204.04045,Probing Fundamental Physics With Multi-Modal Cosmic Ray Events,D. Beznosko et al.,2204.04045,https://arxiv.org/abs/2204.04045,CF,CF: Cosmic Probes of Fundamental Physics,1,https://www.slac.stanford.edu/econf/C210711/papers/2204.04045.pdf
354,arxiv:2203.06929,Probing Heavy Majorana Neutrino Pair Production at ILC in a U(1)_{B−L} Extension of the Standard Model,J. Nakajima et al.,2203.06929,https://arxiv.org/abs/2203.06929,EF,EF: Beyond the Standard Model - Model Specific Explorations,1,https://www.slac.stanford.edu/econf/C210711/papers/2203.06929.pdf
355,arxiv:2203.06207,Probing Heavy-Flavor Parton Distribution Functions at Hadron Colliders,K. Xie et al.,2203.06207,https://arxiv.org/abs/2203.06207,EF,EF: Heavy Flavor and Top Quark Physics,1,https://www.slac.stanford.edu/econf/C210711/papers/2203.06207.pdf
356,arxiv:2203.07495,Probing New Physics with mu+mu− → bs at a Muon Collider,W. Altmannshofer et al.,2203.07495,https://arxiv.org/abs/2203.07495,EF,EF: Beyond the Standard Model - More General Explorations,1,https://www.slac.stanford.edu/econf/C210711/papers/2203.07495.pdf
357,arxiv:2205.05745,Probing the Cosmic Dark Ages with the Lunar Crater Radio Telescope,A. Goel et al.,2205.05745,https://arxiv.org/abs/2205.05745,CF,CF: Dark Energy and Cosmic Acceleration: Cosmic Dawn and Before,1,https://www.slac.stanford.edu/econf/C210711/papers/arXiv:2205.05745.pdf
358,arxiv:2203.08206,Probing the Electroweak Phase Transition with Exotic Higgs Decays,M. Carena et al.,2203.08206,https://arxiv.org/abs/2203.08206,CF | EF,CF: Cosmic Probes of Fundamental Physics | EF: Beyond the Standard Model - More General Explorations,2,https://www.slac.stanford.edu/econf/C210711/papers/2203.08206.pdf
359,arxiv:2203.15128,Programs Enabling Deep Technology Transfer from National Labs,A. Arai et al.,2203.15128,https://arxiv.org/abs/2203.15128,CEF,CEF: Applications and Industry,1,https://www.slac.stanford.edu/econf/C210711/papers/2203.15128.pdf
360,arxiv:2203.07224,Promising Technologies and R&D Directions for the Future Muon Collider Detectors,S. Jindariani et al.,2203.07224,https://arxiv.org/abs/2203.07224,EF | IF,EF: General - centered on this frontier | IF: General - centered on this frontier,2,https://www.slac.stanford.edu/econf/C210711/papers/2203.07224.pdf
361,arxiv:2203.07212,Prompt Electron and Tau Neutrinos and Antineutrinos in the Forward Region at the LHC,W. Bai et al.,2203.07212,https://arxiv.org/abs/2203.07212,CF | EF | NF,CF: Cosmic Probes of Fundamental Physics | EF: QCD and Strong Interactions - Hadronic Structure and Forward QCD Processes | NF: Artificial Neutrino Sources,3,https://www.slac.stanford.edu/econf/C210711/papers/2203.07212.pdf
362,arxiv:2205.10404,Prospects for Heavy WIMP Dark Matter Searches at Muon Colliders,K. Black et al.,2205.10404,https://arxiv.org/abs/2205.10404,EF,EF: Beyond the Standard Model - Dark Matter at Colliders,1,https://www.slac.stanford.edu/econf/C210711/papers/2205.10404.pdf
363,arxiv:2203.16994,Prospects for Measurements of the Bottom Quark Mass,J. Aparisi et al.,2203.16994,https://arxiv.org/abs/2203.16994,EF,EF: Heavy Flavor and Top Quark Physics,1,https://www.slac.stanford.edu/econf/C210711/papers/2203.16994.pdf
364,arxiv:2203.07491,Prospects for obtaining Dark Matter Constraints with DESI,M. Valluri et al.,2203.07491,https://arxiv.org/abs/2203.07491,CF,CF: Dark Matter: Cosmic Probes,1,https://www.slac.stanford.edu/econf/C210711/papers/2203.07491.pdf
365,arxiv:2203.15810,Prospects for Precise Predictions of a_μ in the Standard Model,G. Colangelo et al.,2203.15810,https://arxiv.org/abs/2203.15810,RPF | TF,RPF: Fundamental Physics in Small Experiments | TF: Lattice Gauge Theory,2,https://www.slac.stanford.edu/econf/C210711/papers/2203.15810.pdf
366,arxiv:2203.08270,Prospects for Searches for Higgs Boson Decays to Dark Photons at the ILC,S. Snyder et al.,2203.08270,https://arxiv.org/abs/2203.08270,EF,EF: Beyond the Standard Model - Dark Matter at Colliders,1,https://www.slac.stanford.edu/econf/C210711/papers/2203.08270.pdf
367,arxiv:2203.08874,Prospects for the Measurement of the Standard Model Higgs Pair Production at the Muon Colliders,K. Black et al. (ENUBET Collaboration),2203.08874,https://arxiv.org/abs/2203.08874,EF,EF: Higgs Boson Properties and Couplings,1,https://www.slac.stanford.edu/econf/C210711/papers/2203.08874.pdf
368,arxiv:2205.02140,Prospects for the Measurement of Top-Quark Couplings,G. Durieux et al.,2205.02140,https://arxiv.org/abs/2205.02140,EF,EF: Heavy Flavor and Top Quark Physics,1,https://www.slac.stanford.edu/econf/C210711/papers/2205.02140.pdf
369,arxiv:2203.13923,Proton structure at the Precision Frontier,S. Amoroso et al.,2203.13923,https://arxiv.org/abs/2203.13923,EF | TF,EF: QCD and Strong Interactions - Hadronic Structure and Forward QCD Processes | TF: Theory Techniques for Precision Physics,2,https://www.slac.stanford.edu/econf/C210711/papers/2203.13923.pdf
370,arxiv:2207.00124,Public Policy and Government Engagement: Congressional Advocacy for Areas Beyond HEP Funding,R. Diurba et al.,2207.00124,https://arxiv.org/abs/2207.00124,CEF,CEF: Public Policy and Government Engagement,1,https://www.slac.stanford.edu/econf/C210711/papers/2207.00124.pdf
371,arxiv:2207.00122,Public Policy and Government Engagement: Congressional Advocacy for HEP Funding (The 'DC Trip'),M. Carneiro et al.,2207.00122,https://arxiv.org/abs/2207.00122,CEF,CEF: Public Policy and Government Engagement,1,https://www.slac.stanford.edu/econf/C210711/papers/2207.00122.pdf
372,arxiv:2207.00125,Public Policy and Government Engagement: Non-Congressional Government Engagement,R. Diurba et al.,2207.00125,https://arxiv.org/abs/2207.00125,CEF,CEF: Public Policy and Government Engagement,1,https://www.slac.stanford.edu/econf/C210711/papers/2207.00125.pdf
373,arxiv:2203.06859,Puzzling Excesses in Dark Matter Searches and How to Resolve Them,R. K. Leane et al.,2203.06859,https://arxiv.org/abs/2203.06859,CF | TF,CF: Dark Matter: Particle-like | TF: Astro-Particle Physics and Cosmology,2,https://www.slac.stanford.edu/econf/C210711/papers/2203.06859.pdf
374,arxiv:2201.03096,Quantum Aspects of Black Holes and the Emergence of Spacetime,R. Bousso et al.,2201.03096,https://arxiv.org/abs/2201.03096,TF,"TF: String Theory, Quantum Gravity, and Black Holes",1,https://www.slac.stanford.edu/econf/C210711/papers/2201.03096.pdf
375,arxiv:2203.08805,Quantum Computing for Data Analysis in High-Energy Physics,A. Delgado et al.,2203.08805,https://arxiv.org/abs/2203.08805,CompF,CompF: Quantum Computing,1,https://www.slac.stanford.edu/econf/C210711/papers/2203.08805.pdf
376,arxiv:2204.08605,Quantum Computing Hardware for HEP Algorithms and Sensing,M. S. Alam et al.,2204.08605,https://arxiv.org/abs/2204.08605,CompF | TF,CompF: Quantum Computing | TF: Quantum Information Science,2,https://www.slac.stanford.edu/econf/C210711/papers/2204.08605.pdf
377,arxiv:2203.07091,Quantum Computing Systems and Software for High-energy Physics Research,T. S. Humble et al.,2203.07091,https://arxiv.org/abs/2203.07091,CompF,CompF: Quantum Computing,1,https://www.slac.stanford.edu/econf/C210711/papers/2203.07091.pdf
378,arxiv:2202.05104,"Quantum Gravity and Phenomenology: Dark Matter, Dark Energy, Vacuum Selection, Emergent Spacetime, and Wormholes",P. Berglund et al.,2202.05104,https://arxiv.org/abs/2202.05104,TF,"TF: String Theory, Quantum Gravity, and Black Holes",1,https://www.slac.stanford.edu/econf/C210711/papers/2202.05104.pdf
379,arxiv:2203.07117,Quantum Information in Quantum Field Theory and Quantum Gravity,T. Faulkner et al.,2203.07117,https://arxiv.org/abs/2203.07117,TF,TF: Quantum Information Science,1,https://www.slac.stanford.edu/econf/C210711/papers/2203.07117.pdf
380,arxiv:2203.16979,Quantum Networks for High Energy Physics,A. Derevianko et al.,2203.16979,https://arxiv.org/abs/2203.16979,CompF,CompF: Quantum Computing,1,https://www.slac.stanford.edu/econf/C210711/papers/2203.16979.pdf
381,arxiv:2203.07250,"Quantum Sensors for HEP Science – Interferometers, Mechanics, Traps, and Clocks",D. Carney et al.,2203.07250,https://arxiv.org/abs/2203.07250,CF | IF | RPF,CF: General - cross-listed: | IF: Quantum Sensors | RPF: General - centered on this frontier,3,https://www.slac.stanford.edu/econf/C210711/papers/2203.07250.pdf
382,arxiv:2203.09488,Quantum Sensors for High Precision Measurements of Spin-dependent Interactions,D. Budker et al.,2203.09488,https://arxiv.org/abs/2203.09488,CF | IF,CF: Dark Matter: Wave-like | IF: Quantum Sensors,2,https://www.slac.stanford.edu/econf/C210711/papers/2203.09488.pdf
383,arxiv:2204.03381,Quantum Simulation for High Energy Physics,C. W. Bauer et al.,2204.03381,https://arxiv.org/abs/2204.03381,CompF | TF,CompF: Quantum Computing | TF: Quantum Information Science,2,https://www.slac.stanford.edu/econf/C210711/papers/2204.03381.pdf
384,arxiv:2203.06961,R Measurement and QCD Studies at Future Super Tau−Charm Factory,G. Huang et al.,2203.06961,https://arxiv.org/abs/2203.06961,RPF,RPF: Fundamental Physics in Small Experiments,1,https://www.slac.stanford.edu/econf/C210711/papers/2203.06961.pdf
385,arxiv:2203.12118,R&D Works for Superconducting Magnets for Future Accelerator Applications in Japan,T. Ogitsu et al.,2203.12118,https://arxiv.org/abs/2203.12118,AF,AF: Accelerator Technology - Magnets,1,https://www.slac.stanford.edu/econf/C210711/papers/2203.12118.pdf
386,arxiv:2203.06024,Radiation Hardened Beam Instrumentations for Multi-Mega-Watt Beam Facilities,K. Yonehara.,2203.06024,https://arxiv.org/abs/2203.06024,AF,AF: Accelerator Technology - Targets and Sources,1,https://www.slac.stanford.edu/econf/C210711/papers/2203.06024.pdf
387,arxiv:2203.12806,"RADiCAL: Precision-Timing, Ultracompact, Radiation-Hard Electromagnetic Calorimetry",T. Anderson et al.,2203.12806,https://arxiv.org/abs/2203.12806,EF | IF,EF: Electroweak Precision Physics and Constraining New Physics | IF: Calorimetry,2,https://www.slac.stanford.edu/econf/C210711/papers/2203.12806.pdf
388,arxiv:2206.11331,Rare Decays of b and c Hadrons,"W. Altmannshofer, F. Archilli.",2206.11331,https://arxiv.org/abs/2206.11331,RPF,RPF: Weak Decays of b and c Quarks,1,https://www.slac.stanford.edu/econf/C210711/papers/2206.11331.pdf
389,arxiv:2204.00098,Readout for Calorimetry at Future Colliders,T. Andeen et al.,2204.00098,https://arxiv.org/abs/2204.00098,IF,IF: Electronics and ASICs,1,https://www.slac.stanford.edu/econf/C210711/papers/2204.00098.pdf
390,arxiv:2203.14894,Readout Technologies for Future Detectors,M. Begel et al.,2203.14894,https://arxiv.org/abs/2203.14894,IF,IF: Trigger and Data Acquisition,1,https://www.slac.stanford.edu/econf/C210711/papers/2203.14894.pdf
391,arxiv:2203.05924,Real-time Cosmology with High Precision Spectroscopy and Astrometry,S. Chakrabarti et al.,2203.05924,https://arxiv.org/abs/2203.05924,CF,CF: Dark Energy and Cosmic Acceleration: The Modern Universe,1,https://www.slac.stanford.edu/econf/C210711/papers/2203.05924.pdf
392,arxiv:2203.08736,REBCO – a Silver Bullet for our Next High-Field Magnet and Collider Budget?,X. Wang et al.,2203.08736,https://arxiv.org/abs/2203.08736,AF,AF: Accelerator Technology - Magnets,1,https://www.slac.stanford.edu/econf/C210711/papers/2203.08736.pdf
393,arxiv:2203.08126,Recent Progress and Next Steps for the MATHUSLA LLP Detector,C. Alpigiani et al.,2203.08126,https://arxiv.org/abs/2203.08126,EF | IF,EF: Beyond the Standard Model - More General Explorations | IF: Cross-Cutting Issues and Systems Integration,2,https://www.slac.stanford.edu/econf/C210711/papers/2203.08126.pdf
394,arxiv:2203.05914,"Recoil Imaging for Dark Matter, Neutrinos, and Physics Beyond the Standard Model",C. A. J. O'Hare et al.,2203.05914,https://arxiv.org/abs/2203.05914,CF | IF | NF,CF: Dark Matter: Particle-like | IF: Micro Pattern Gas Detectors | NF: Neutrino Detectors,3,https://www.slac.stanford.edu/econf/C210711/papers/2203.05914.pdf
395,arxiv:2203.07919,Report of the Snowmass'21 Workshop on High-Power Cyclotrons and FFAs,D. Winklehner et al.,2203.07919,https://arxiv.org/abs/2203.07919,AF | NF,AF: Accelerators for Neutrinos | NF: Artificial Neutrino Sources,2,https://www.slac.stanford.edu/econf/C210711/papers/2203.07919.pdf
396,arxiv:2203.07907,Resummation for Future Colliders,M. van Beekveld et al.,2203.07907,https://arxiv.org/abs/2203.07907,TF,TF: Theory Techniques for Precision Physics,1,https://www.slac.stanford.edu/econf/C210711/papers/2203.07907.pdf
397,arxiv:2204.06667,Review of CMS Contributions to Hadron Spectroscopy,R. Chistov et al.,2204.06667,https://arxiv.org/abs/2204.06667,RPF,RPF: Hadron Spectroscopy,1,https://www.slac.stanford.edu/econf/C210711/papers/2204.06667.pdf
398,arxiv:2203.05531,Review of Neutral Naturalness,B. Batell et al.,2203.05531,https://arxiv.org/abs/2203.05531,TF,TF: Beyond-Standard-Model Model Building,1,https://www.slac.stanford.edu/econf/C210711/papers/2203.05531.pdf
399,arxiv:2203.07220,Rubin Observatory after LSST,B. Blum et al.,2203.07220,https://arxiv.org/abs/2203.07220,CF,CF: Dark Energy and Cosmic Acceleration: The Modern Universe,1,https://www.slac.stanford.edu/econf/C210711/papers/2203.07220.pdf
400,arxiv:2203.02421,S-Matrix Bootstrap,M. Kruczenski et al.,2203.02421,https://arxiv.org/abs/2203.02421,TF,TF: Conformal Field Theory and Formal Quantum Field Theory,1,https://www.slac.stanford.edu/econf/C210711/papers/2203.02421.pdf
401,arxiv:2203.08102,SBN-BD: O(10 GeV) Proton Beam Dump at Fermilab's PIP-II Linac,M. Toups et al.,2203.08102,https://arxiv.org/abs/2203.08102,AF | NF | RPF,AF: Accelerators for Rare Processes and Physics Beyond Colliders | NF: Neutrinos Beyond the Standard Model | RPF: Dark Sector Studies at High Intensities,3,https://www.slac.stanford.edu/econf/C210711/papers/2203.08102.pdf
402,arxiv:2203.10046,Scalar-Mediated Dark Matter Model at Colliders and Gravitational Wave Detectors,J. Liu et al.,2203.10046,https://arxiv.org/abs/2203.10046,EF,EF: Beyond the Standard Model - Dark Matter at Colliders,1,https://www.slac.stanford.edu/econf/C210711/papers/2203.10046.pdf
403,arxiv:2207.12400,Scintillating Bubble Chambers: Liquid-Noble Bubble Chambers for Dark Matter and CEνNS Detection,E. Alfonso-Pita et al.,2207.12400,https://arxiv.org/abs/2207.12400,CF | IF | NF,CF: Dark Matter: Particle-like | IF: Noble Element-Based Detectors | NF: Neutrino Detectors,3,https://www.slac.stanford.edu/econf/C210711/papers/2207.12400.pdf
404,arxiv:2203.08771,Searches for Baryon Number Violation in Neutrino Experiments,P. S. B. Dev et al.,2203.08771,https://arxiv.org/abs/2203.08771,NF | RPF,NF: Neutrinos Beyond the Standard Model | RPF: Baryon and Lepton Number Violation,2,https://www.slac.stanford.edu/econf/C210711/papers/2203.08771.pdf
405,arxiv:2203.05502,Searches for Long-Lived Particles at the Future FCC-ee,C. B. Verhaaren et al.,2203.05502,https://arxiv.org/abs/2203.05502,EF,EF: Beyond the Standard Model - More General Explorations,1,https://www.slac.stanford.edu/econf/C210711/papers/2203.05502.pdf
406,arxiv:2203.12714,"Searches for New Particles, Dark Matter, and Gravitational Waves with SRF Cavities",A. Berlin et al.,2203.12714,https://arxiv.org/abs/2203.12714,CF | CompF | IF | TF,CF: General - centered on this frontier: | CompF: Quantum Computing | IF: Quantum Sensors | TF: General - cross-listed,4,https://www.slac.stanford.edu/econf/C210711/papers/2203.12714.pdf
407,arxiv:2204.13394,Searches for New Physics with High-Intensity Kaon Beams,"KOTO, LHCb, NA62/KLEVER Collaborations, the US Kaon Interest Group.",2204.13394,https://arxiv.org/abs/2204.13394,RPF,RPF: Weak Decays of Strange and Light Quarks,1,https://www.slac.stanford.edu/econf/C210711/papers/2204.13394.pdf
408,arxiv:2203.08347,Sensitivity to Decays of Long-Lived Dark Photons at the ILC,L. Jeanty et al.,2203.08347,https://arxiv.org/abs/2203.08347,EF,EF: Beyond the Standard Model - More General Explorations,1,https://www.slac.stanford.edu/econf/C210711/papers/2203.08347pdf
409,arxiv:2202.03389,Sensitivity to Dijet Resonances at Proton-Proton Colliders,R. M. Harris et al.,2202.03389,https://arxiv.org/abs/2202.03389,EF,EF: Beyond the Standard Model - More General Explorations,1,https://www.slac.stanford.edu/econf/C210711/papers/2202.03389.pdf
410,arxiv:2209.01899,Sensitivity to Heavy Neutral Leptons with the SAND Detector at the DUNE ND Complex,Z. G. Moghaddam et al.,2209.01899,https://arxiv.org/abs/2209.01899,NF,NF: Neutrinos Beyond the Standard Model,1,https://www.slac.stanford.edu/econf/C210711/papers/2209.01899.pdf
411,arxiv:2203.07994,Sensitivity to Longitudinal Vector Boson Scattering in W±W±jj at Future Hadron Colliders,A. Apyan et al.,2203.07994,https://arxiv.org/abs/2203.07994,EF,EF: Electroweak Precision Physics and Constraining New Physics,1,https://www.slac.stanford.edu/econf/C210711/papers/2203.07994.pdf
412,arxiv:2205.14379,Signal Strength and W-boson Mass Measurements as a Probe of the Electroweak Phase Transition at colliders,A. Papaefstathiou et al.,2205.14379,https://arxiv.org/abs/2205.14379,EF | TF,EF: Higgs Boson Properties and Couplings | TF: Collider Phenomenology,2,https://www.slac.stanford.edu/econf/C210711/papers/2205.14379.pdf
413,arxiv:2203.08107,Simplified Dark Matter Models with Charged Mediators,T. Ghosh et al.,2203.08107,https://arxiv.org/abs/2203.08107,EF | RPF | TF,EF: Beyond the Standard Model - Dark Matter at Colliders | RPF: Fundamental Physics in Small Experiments | TF: Astro-Particle Physics and Cosmology,3,https://www.slac.stanford.edu/econf/C210711/papers/2203.08107.pdf
414,arxiv:2203.07964,Simulated Detector Performance at the Muon Collider,N. Bartosik et al.,2203.07964,https://arxiv.org/abs/2203.07964,EF | IF,EF: General - centered on this frontier | IF: General - centered on this frontier,2,https://www.slac.stanford.edu/econf/C210711/papers/2203.07964.pdf
415,arxiv:2203.09740,Simulations for the Development of Quantum Computational Devices for HEP,"J. B. Kowalkowski, A. L. Lyon.",2203.09740,https://arxiv.org/abs/2203.09740,CompF,CompF: Quantum Computing,1,https://www.slac.stanford.edu/econf/C210711/papers/2203.09740.pdf
416,arxiv:2203.06216,Simulations of Silicon Radiation Detectors for High Energy Physics Experiments,B. Nachman et al.,2203.06216,https://arxiv.org/abs/2203.06216,IF,IF: Solid State Detectors and Tracking,1,https://www.slac.stanford.edu/econf/C210711/papers/2203.06216.pdf
417,arxiv:2209.03333,Single Vector-Like Top Quark Production via Chromomagnetic Interactions at Present and Future Hadron Colliders at the LHC and FCC-hh/SppC Colliders,A. Belyaev et al.,2209.03333,https://arxiv.org/abs/2209.03333,EF,EF: Beyond the Standard Model - More General Explorations,1,https://www.slac.stanford.edu/econf/C210711/papers/2209.03333.pdf
418,arxiv:2203.07406,SMEFT at the LHC and Beyond,W. Shepherd.,2203.07406,https://arxiv.org/abs/2203.07406,EF | TF,EF: Electroweak Precision Physics and Constraining New Physics | TF: Effective Field Theory Techniques,2,https://www.slac.stanford.edu/econf/C210711/papers/2203.07406.pdf
419,arxiv:2203.07328,Snowmass 2021 Community Survey Report,G. Agarwal et al.,2203.07328,https://arxiv.org/abs/2203.07328,CEF,CEF: General - centered on this frontier,1,https://www.slac.stanford.edu/econf/C210711/papers/2203.07328.pdf
420,arxiv:2207.07508,Snowmass Early Career: The Key Initiatives Organization,J. Barrow et al.,2207.07508,https://arxiv.org/abs/2207.07508,CEF,CEF: General - centered on this frontier,1,https://www.slac.stanford.edu/econf/C210711/papers/2207.07508.pdf
421,arxiv:2203.07995,Societal Impacts of Particle Physics Projects,R. Zens et al.,2203.07995,https://arxiv.org/abs/2203.07995,CEF,CEF: Environmental and Societal Impacts,1,https://www.slac.stanford.edu/econf/C210711/papers/2203.07995.pdf
422,arxiv:2203.07645,Software and Computing for Small HEP Experiments,D. Casper et al.,2203.07645,https://arxiv.org/abs/2203.07645,CF | CompF | EF | NF | RPF,CF: General - cross-listed: | CompF: General - centered on this frontier: | EF: General - cross-listed | NF: General - cross-listed | RPF: General - cross-listed,5,https://www.slac.stanford.edu/econf/C210711/papers/2203.07645.pdf
423,arxiv:2203.07501,SoLAr: Solar Neutrinos in Liquid Argon,S. Para et al.,2203.07501,https://arxiv.org/abs/2203.07501,NF,NF: Neutrino Detectors,1,https://www.slac.stanford.edu/econf/C210711/papers/2203.07501.pdf
424,arxiv:2203.09010,"Solving Critical Problems of the Muon Collider Higgs Factory: Optics, Magnets and their Protection, Detector Backgrounds",Yu. I. Alexahin et al.,2203.09010,https://arxiv.org/abs/2203.09010,AF,AF: Accelerator Technology - Magnets,1,https://www.slac.stanford.edu/econf/C210711/papers/2203.09010.pdf
425,arxiv:2207.10636,Solving Scattering in N=4 Super-Yang-Mills Theory,N. Arkani-Hamed et al.,2207.10636,https://arxiv.org/abs/2207.10636,TF,TF: Scattering Amplitudes,1,https://www.slac.stanford.edu/econf/C210711/papers/2207.10636.pdf
426,arxiv:2203.06112,Solving Simulation Systematics in and with AI/ML,B. Viren et al.,2203.06112,https://arxiv.org/abs/2203.06112,CompF,CompF: Machine Learning,1,https://www.slac.stanford.edu/econf/C210711/papers/2203.06112.pdf
427,arxiv:2202.11529,Some Aspects of the Impact of the Electron Ion Collider on Particle Physics at the Energy Frontier,"S.V. Chekanov, S. Magill.",2202.11529,https://arxiv.org/abs/2202.11529,EF,EF: QCD and Strong Interactions - Hadronic Structure and Forward QCD Processes,1,https://www.slac.stanford.edu/econf/C210711/papers/2202.11529.pdf
428,arxiv:2203.08026,Some Open Questions in Axion Theory,P. Agrawal et al.,2203.08026,https://arxiv.org/abs/2203.08026,TF,TF: Beyond-Standard-Model Model Building,1,https://www.slac.stanford.edu/econf/C210711/papers/2203.08026.pdf
429,arxiv:2206.15345,Spin Polarized Electron Beams Production Beyond III-V Semiconductors,L. Cultrera.,2206.15345,https://arxiv.org/abs/2206.15345,AF,AF: Accelerator Technology - Targets and Sources,1,https://www.slac.stanford.edu/econf/C210711/papers/2206.15345.pdf
430,arxiv:2203.07056,Stau Study at the ILC and its Implication for the Muon g-2 Anomaly,M. Endo et al.,2203.07056,https://arxiv.org/abs/2203.07056,EF,EF: Beyond the Standard Model - Model Specific Explorations,1,https://www.slac.stanford.edu/econf/C210711/papers/2203.07056.pdf
431,arxiv:2203.07535,Strange Quark as a Probe for New Physics in the Higgs Sector,A. Albert et al.,2203.07535,https://arxiv.org/abs/2203.07535,EF,EF: Higgs Boson Properties and Couplings,1,https://www.slac.stanford.edu/econf/C210711/papers/2203.07535.pdf
432,arxiv:2203.06773,Strategies for Beam-Induced Background Reduction at Muon Colliders,D. Ally et al.,2203.06773,https://arxiv.org/abs/2203.06773,EF | IF,EF: General - centered on this frontier | IF: Solid State Detectors and Tracking,2,https://www.slac.stanford.edu/econf/C210711/papers/2203.06773.pdf
433,arxiv:2203.06800,Strategies for Conformal REBCO Windings,J. Rogers et al.,2203.06800,https://arxiv.org/abs/2203.06800,AF | EF,AF: Multi-TeV Colliders | EF: General - cross-listed,2,https://www.slac.stanford.edu/econf/C210711/papers/2203.06800.pdf
434,arxiv:2203.08919,"Strategies in Education, Outreach, and Inclusion to Enhance the US Workforce in Accelerator Science and Engineering",M. Bai et al.,2203.08919,https://arxiv.org/abs/2203.08919,AF | CEF,"AF: Beam Physics and Accelerator Education | CEF: Diversity, Equity, and Inclusion",2,https://www.slac.stanford.edu/econf/C210711/papers/2203.08919.pdf
435,arxiv:2203.07646,Strategy for Understanding the Higgs Physics: The Cool Copper Collider,S. Dasu et al.,2203.07646,https://arxiv.org/abs/2203.07646,AF | EF | IF,AF: Accelerators for Electroweak and Higgs | EF: Higgs Boson Properties and Couplings | IF: General - cross-listed,3,https://www.slac.stanford.edu/econf/C210711/papers/2203.07646.pdf
436,arxiv:2204.01742,String Theory and Particle Physics,M. Cvetic et al.,2204.01742,https://arxiv.org/abs/2204.01742,TF,"TF: String Theory, Quantum Gravity, and Black Holes",1,https://www.slac.stanford.edu/econf/C210711/papers/2204.01742.pdf
437,arxiv:2203.07218,Strong CP Beyond Axion Direct Detection,N. Blinov et al.,2203.07218,https://arxiv.org/abs/2203.07218,CF | EF | TF,CF: Dark Matter: Wave-like | EF: Beyond the Standard Model - More General Explorations | TF: Beyond-Standard-Model Model Building,3,https://www.slac.stanford.edu/econf/C210711/papers/2203.07218.pdf
438,arxiv:1901.11146,Studies of Granularity of a Hadronic Calorimeter for Tens-of-TeV Jets at a 100 TeV pp Collider,C.-H. Yeh et al.,1901.11146,https://arxiv.org/abs/1901.11146,EF | IF,EF: Beyond the Standard Model - More General Explorations | IF: Calorimetry,2,https://www.slac.stanford.edu/econf/C210711/papers/1901.11146.pdf
439,arxiv:2203.03035,Study of CP violation in Hyperon Decays at Super Charm-Tau Factories with a Polarized Electron Beam,N. Salone et al.,2203.03035,https://arxiv.org/abs/2203.03035,RPF,RPF: Weak Decays of Strange and Light Quarks,1,https://www.slac.stanford.edu/econf/C210711/papers/2203.03035.pdf
440,arxiv:2203.10184,Study of Electroweak Phase Transition in Exotic Higgs Decays at the CEPC,Z. Wang et al.,2203.10184,https://arxiv.org/abs/2203.10184,EF,EF: Higgs Boson as a Portal to New Physics,1,https://www.slac.stanford.edu/econf/C210711/papers/2203.10184.pdf
441,arxiv:2203.07202,Study of the hγZ coupling at the ILC,Y. Aoki et al.,2203.07202,https://arxiv.org/abs/2203.07202,EF,EF: Higgs Boson Properties and Couplings,1,https://www.slac.stanford.edu/econf/C210711/papers/2203.07202.pdf
442,arxiv:2203.07987,Study Overview for Super Proton-Proton Collider,J. Tang et al.,2203.07987,https://arxiv.org/abs/2203.07987,AF,AF: Multi-TeV Colliders,1,https://www.slac.stanford.edu/econf/C210711/papers/2203.07987.pdf
443,arxiv:2203.16583,Substructure of Multiquark Hadrons,N. Brambilla et al.,2203.16583,https://arxiv.org/abs/2203.16583,RPF,RPF: Hadron Spectroscopy,1,https://www.slac.stanford.edu/econf/C210711/papers/2203.16583.pdf
444,arxiv:2206.03456,Summarizing Experimental Sensitivities of Collider Experiments to Dark Matter Models and Comparison to Other Experiments,A. Boveia et al.,2206.03456,https://arxiv.org/abs/2206.03456,EF,EF: Beyond the Standard Model - Dark Matter at Colliders,1,https://www.slac.stanford.edu/econf/C210711/papers/2206.03456.pdf
445,arxiv:2203.07799,Superconducting Detector Magnets for High Energy Physics,M. Mentink et al.,2203.07799,https://arxiv.org/abs/2203.07799,AF,AF: Accelerator Technology - Magnets,1,https://www.slac.stanford.edu/econf/C210711/papers/2203.07799.pdf
446,arxiv:2204.01919,Superconducting Nanowire Single-Photon Detectors and Effect of Accumulation and Unsteady Releases of Excess Energy in Materials,S. Pereverzev et al.,2204.01919,https://arxiv.org/abs/2204.01919,CF | IF | NF,CF: General - cross-listed: | IF: Calorimetry | NF: General - cross-listed,3,https://www.slac.stanford.edu/econf/C210711/papers/2204.01919.pdf
447,arxiv:2203.15978,Superconducting Sensor Fabrication Capabilities for HEP Science,T. Cecil et al.,2203.15978,https://arxiv.org/abs/2203.15978,IF,IF: Cross-Cutting Issues and Systems Integration,1,https://www.slac.stanford.edu/econf/C210711/papers/2203.15978.pdf
448,arxiv:2202.08154,Supersymmetric Lattice Theories,S. Catterall et al.,2202.08154,https://arxiv.org/abs/2202.08154,TF,TF: Lattice Gauge Theory,1,https://www.slac.stanford.edu/econf/C210711/papers/2202.08154.pdf
449,arxiv:2203.07423,Sustainability Considerations for Accelerator and Collider Facilities,T. Roser.,2203.07423,https://arxiv.org/abs/2203.07423,AF | CEF,AF: Accelerator Technology - RF | CEF: Environmental and Societal Impacts,2,https://www.slac.stanford.edu/econf/C210711/papers/2203.07423.pdf
450,arxiv:2203.06153,Symmetry Group Equivariant Architectures for Physics,A. Bogatskiy et al.,2203.06153,https://arxiv.org/abs/2203.06153,CompF,CompF: Machine Learning,1,https://www.slac.stanford.edu/econf/C210711/papers/2203.06153.pdf
451,arxiv:2203.06781,Synergies between Dark Matter Searches and Multiwavelength/Multimessenger Astrophysics,S. Ando et al.,2203.06781,https://arxiv.org/abs/2203.06781,CF,CF: Dark Matter: Particle-like,1,https://www.slac.stanford.edu/econf/C210711/papers/2203.06781.pdf
452,arxiv:2203.07377,Synergy between Cosmological and Laboratory Searches in Neutrino Physics,K. N. Abazajian et al.,2203.07377,https://arxiv.org/abs/2203.07377,CF | NF | TF,CF: Cosmic Probes of Fundamental Physics | NF: Neutrino Properties | TF: Theory of Neutrino Physics,3,https://www.slac.stanford.edu/econf/C210711/papers/2203.07377.pdf
453,arxiv:2203.11846,Tabletop Experiments for Infrared Quantum Gravity,D. Carney et al.,2203.11846,https://arxiv.org/abs/2203.11846,TF,TF: Quantum Information Science,1,https://www.slac.stanford.edu/econf/C210711/papers/2203.11846.pdf
454,external:https://hal.archives-ouvertes.fr/hal-03634918,Tagged Neutrino Beams,M. Perrin-Terrin.,,https://hal.archives-ouvertes.fr/hal-03634918,AF | IF | NF,AF: Accelerators for Neutrinos | IF: Solid State Detectors and Tracking | NF: Neutrino Oscillations,3,https://www.slac.stanford.edu/econf/C210711/papers/HAL-03634918.pdf | https://www.slac.stanford.edu/econf/C210711/papers/hal-03634918.pdf
455,arxiv:2203.05591,Tau Neutrinos in the Next Decade: from GeV to EeV,R. Mammen Abraham et al.,2203.05591,https://arxiv.org/abs/2203.05591,CF | EF | IF | NF | TF | UF,CF: Cosmic Probes of Fundamental Physics | EF: Beyond the Standard Model - More General Explorations | IF: General - cross-listed | NF: Neutrinos Beyond the Standard Model | TF: Theory of Neutrino Physics | UF: Underground Facilities for Neutrinos,6,https://www.slac.stanford.edu/econf/C210711/papers/2203.05591.pdf
456,arxiv:2203.04902,Tensor Networks for High Energy Physics,Y. Meurice et al.,2203.04902,https://arxiv.org/abs/2203.04902,CompF | TF,CompF: Quantum Computing | TF: Quantum Information Science,2,https://www.slac.stanford.edu/econf/C210711/papers/2203.04902.pdf
457,arxiv:2203.09944,Test Beam and Irradiation Facilities,M. Hartz et al.,2203.09944,https://arxiv.org/abs/2203.09944,IF,IF: Cross-Cutting Issues and Systems Integration,1,https://www.slac.stanford.edu/econf/C210711/papers/2203.09944.pdf
458,arxiv:2203.07274,Test Samples and Infrastructure for Accelerator Magnet Developments,S. Stoynev.,2203.07274,https://arxiv.org/abs/2203.07274,AF,AF: Accelerator Technology - Magnets,1,https://www.slac.stanford.edu/econf/C210711/papers/2203.07274.pdf
459,arxiv:2203.05505,Testing Lepton Flavor Universality and CKM Unitarity with Rare Pion Decays in the PIONEER experiment,W. Altmannshofer et al. (PIONEER Collaboration),2203.05505,https://arxiv.org/abs/2203.05505,RPF,RPF: Fundamental Physics in Small Experiments,1,https://www.slac.stanford.edu/econf/C210711/papers/2203.05505.pdf
460,arxiv:2203.06219,Testing Neutrino Flavor Models,J. Gehrlein et al.,2203.06219,https://arxiv.org/abs/2203.06219,NF | TF,NF: Neutrino Oscillations | TF: Theory of Neutrino Physics,2,https://www.slac.stanford.edu/econf/C210711/papers/2203.06219.pdf
461,arxiv:2202.11012,The Analytic Conformal Bootstrap,T. Hartman et al.,2202.11012,https://arxiv.org/abs/2202.11012,TF,TF: Conformal Field Theory and Formal Quantum Field Theory,1,https://www.slac.stanford.edu/econf/C210711/papers/2202.11012.pdf
462,arxiv:2203.11349,The Belle II Detector Upgrade Program,F. Forti (Belle II Collaboration).,2203.11349,https://arxiv.org/abs/2203.11349,IF,IF: General - centered on this frontier,1,https://www.slac.stanford.edu/econf/C210711/papers/2203.11349.pdf
463,arxiv:2203.13768,The CAFAna Framework for Neutrino Analysis,C. Backhouse et al.,2203.13768,https://arxiv.org/abs/2203.13768,CompF | NF,CompF: End User Analysis | NF: Neutrino Oscillations,2,https://www.slac.stanford.edu/econf/C210711/papers/2203.13768.pdf
464,arxiv:2208.10466,The Carbon Footprint of Proposed e+e- Higgs Factories,"P. Janot, A. Blondel.",2208.10466,https://arxiv.org/abs/2208.10466,AF | EF,AF: Accelerators for Electroweak and Higgs | EF: General - centered on this frontier,2,https://www.slac.stanford.edu/econf/C210711/papers/2208.10466.pdf
465,arxiv:2203.09186,The CLIC Project,O. Brunner et al.,2203.09186,https://arxiv.org/abs/2203.09186,AF | EF,AF: General - centered on this frontier | EF: General - centered on this frontier,2,https://www.slac.stanford.edu/econf/C210711/papers/2203.09186.pdf
466,arxiv:2204.04575,The COHERENT Experimental Program,D. Akimov et al.,2204.04575,https://arxiv.org/abs/2204.04575,CF | IF | NF,CF: Dark Matter: Particle-like | IF: Noble Element-Based Detectors | NF: Neutrino Interaction Cross Sections,3,https://www.slac.stanford.edu/econf/C210711/papers/2204.04575.pdf
467,arxiv:2203.03710,The Composite Higgs Signal at the Next Big Collider,K. Lane.,2203.03710,https://arxiv.org/abs/2203.03710,EF,EF: Beyond the Standard Model - More General Explorations,1,https://www.slac.stanford.edu/econf/C210711/papers/2203.03710.pdf
468,arxiv:2203.08121,The Cosmological Bootstrap,D. Baumann et al.,2203.08121,https://arxiv.org/abs/2203.08121,CF | TF,CF: Dark Energy and Cosmic Acceleration: Cosmic Dawn and Before | TF: Astro-Particle Physics and Cosmology,2,https://www.slac.stanford.edu/econf/C210711/papers/2203.08121.pdf
469,arxiv:2202.08292,The Deepest Problem: Some Perspectives on Quantum Gravity,S. B. Giddings.,2202.08292,https://arxiv.org/abs/2202.08292,TF,"TF: String Theory, Quantum Gravity, and Black Holes",1,https://www.slac.stanford.edu/econf/C210711/papers/2202.08292.pdf
470,arxiv:2209.07412,The Dense Matter Equation of State and QCD Phase Transitions,S. Bogdanov et al.,2209.07412,https://arxiv.org/abs/2209.07412,CF,CF: Cosmic Probes of Fundamental Physics,1,https://www.slac.stanford.edu/econf/C210711/papers/2209.07412.pdf
471,arxiv:2204.06547,The Double Copy and its Applications,T. Adamo et al.,2204.06547,https://arxiv.org/abs/2204.06547,TF,TF: Scattering Amplitudes,1,https://www.slac.stanford.edu/econf/C210711/papers/2204.06547.pdf
472,arxiv:2111.02442,The Effective Vector Boson Approximation in High-Energy Muon Collisions,R. Ruiz et al.,2111.02442,https://arxiv.org/abs/2111.02442,AF | CompF | EF | TF,AF: Multi-TeV Colliders | CompF: Theoretical Calculations and Simulations | EF: Electroweak Precision Physics and Constraining New Physics | TF: Collider Phenomenology,4,https://www.slac.stanford.edu/econf/C210711/papers/2111.02442.pdf
473,arxiv:2203.08803,The European Spallation Source Neutrino Super Beam,A. Alekou et al.,2203.08803,https://arxiv.org/abs/2203.08803,AF | CF | NF | RPF | UF,AF: Accelerators for Neutrinos | CF: General - cross-listed: | NF: General - centered on this frontier | RPF: General - centered on this frontier | UF: General - centered on this frontier:,5,https://www.slac.stanford.edu/econf/C210711/papers/2203.08803.pdf
474,arxiv:2203.05090,The Forward Physics Facility at the High-Luminosity LHC,J. L. Feng et al.,2203.05090,https://arxiv.org/abs/2203.05090,AF | CF | EF | IF | NF | RPF | TF,AF: General - centered on this frontier | CF: General - centered on this frontier: | EF: General - centered on this frontier | IF: General - centered on this frontier | NF: General - centered on this frontier | RPF: General - centered on this frontier | TF: General - cross-listed,7,https://www.slac.stanford.edu/econf/C210711/papers/2203.05090.pdf
475,arxiv:2109.10905,"The Forward Physics Facility: Sites, Experiments, and Physics Potential",L. A. Anchordoqui et al.,2109.10905,https://arxiv.org/abs/2109.10905,CF | EF | NF | RPF | TF,CF: General - centered on this frontier: | EF: General - centered on this frontier | NF: General - centered on this frontier | RPF: General - centered on this frontier | TF: General - cross-listed,5,https://www.slac.stanford.edu/econf/C210711/papers/2109.10905.pdf
476,arxiv:2203.06520,The Future Circular Collider: a Summary for the US 2021 Snowmass Process,G. Bernardi et al.,2203.06520,https://arxiv.org/abs/2203.06520,AF | EF | IF | NF | RPF | TF,AF: General - centered on this frontier | EF: General - centered on this frontier | IF: General - cross-listed | NF: General - cross-listed | RPF: General - cross-listed | TF: General - cross-listed,6,https://www.slac.stanford.edu/econf/C210711/papers/2203.06520.pdf
477,arxiv:2203.07360,The Future of Gamma-Ray Experiments in the MeV-EeV Range,K. Engel et al.,2203.07360,https://arxiv.org/abs/2203.07360,CF,CF: Cosmic Probes of Fundamental Physics,1,https://www.slac.stanford.edu/econf/C210711/papers/2203.07360.pdf
478,arxiv:2203.08324,The Heavy Photon Search Experiment,N. Baltzell et al.,2203.08324,https://arxiv.org/abs/2203.08324,RPF,RPF: Dark Sector Studies at High Intensities,1,https://www.slac.stanford.edu/econf/C210711/papers/2203.08324.pdf
479,arxiv:2203.07622,The International Linear Collider,A. Aryshev et al.,2203.07622,https://arxiv.org/abs/2203.07622,AF | CEF | CF | EF | IF | NF | RPF | TF,AF: Accelerators for Electroweak and Higgs | CEF: Environmental and Societal Impacts | CF: Dark Matter: Particle-like | EF: General - centered on this frontier | IF: General - centered on this frontier | NF: Neutrinos Beyond the Standard Model | RPF: Dark Sector Studies at High Intensities | TF: General - cross-listed,8,https://www.slac.stanford.edu/econf/C210711/papers/2203.07622.pdf
480,arxiv:2203.10198,The Ion Fluorescence Chamber (IFC): A New Concept for Directional Dark Matter and Topologically Imaging Neutrinoless Double Beta Decay Searches,B. J. P. Jones et al.,2203.10198,https://arxiv.org/abs/2203.10198,IF | NF,IF: Noble Element-Based Detectors | NF: Neutrino Properties,2,https://www.slac.stanford.edu/econf/C210711/papers/2203.10198.pdf
481,arxiv:2203.06894,The Landscape of Cosmic-Ray and High-Energy Photon Probes of Particle Dark Matter,T. Aramaki et al.,2203.06894,https://arxiv.org/abs/2203.06894,CF,CF: Dark Matter: Particle-like,1,https://www.slac.stanford.edu/econf/C210711/papers/2203.06894.pdf
482,arxiv:2203.08297,The Landscape of Low-Threshold Dark Matter Direct Detection in the Next Decade,R. Essig et al.,2203.08297,https://arxiv.org/abs/2203.08297,CF,CF: Dark Matter: Particle-like,1,https://www.slac.stanford.edu/econf/C210711/papers/2203.08297.pdf
483,arxiv:2101.08320,The LHC Olympics 2020: A Community Challenge for Anomaly Detection in High Energy Physics,G. Kasieczka et al.,2101.08320,https://arxiv.org/abs/2101.08320,CompF | EF | TF,CompF: Machine Learning | EF: Beyond the Standard Model - More General Explorations | TF: Collider Phenomenology,3,https://www.slac.stanford.edu/econf/C210711/papers/2101.08320.pdf
484,arxiv:2209.04322,The MegaMapper: A Stage-5 Spectroscopic Instrument Concept for the Study of Inflation and Dark Energy,D. J. Schlegel et al.,2209.04322,https://arxiv.org/abs/2209.04322,CF,CF: Dark Energy and Cosmic Acceleration: The Modern Universe,1,https://www.slac.stanford.edu/econf/C210711/papers/2209.04322.pdf
485,arxiv:2204.00001,The Mu3e Experiment,G. Hesketh et al.,2204.00001,https://arxiv.org/abs/2204.00001,RPF,RPF: Charged Lepton Flavor Violation,1,https://www.slac.stanford.edu/econf/C210711/papers/2204.00001.pdf
486,arxiv:2203.09336,The Necessity of International Particle Physics Opportunities for American Education,E. Arce-Lareta et al.,2203.09336,https://arxiv.org/abs/2203.09336,AF | CEF,AF: Beam Physics and Accelerator Education | CEF: Physics Education,2,https://www.slac.stanford.edu/econf/C210711/papers/2203.09336.pdf
487,arxiv:2203.07888,The Need for Further Development of Magnetrons as RF Sources for HEP,T. Kroc et al.,2203.07888,https://arxiv.org/abs/2203.07888,AF,AF: Accelerator Technology - RF,1,https://www.slac.stanford.edu/econf/C210711/papers/2203.07888.pdf
488,arxiv:2203.08916,The Need for Structural Changes to Create Impactful Public Engagement in US Particle Physics,K. A. Assamagan et al.,2203.08916,https://arxiv.org/abs/2203.08916,CEF,CEF: Public Education and Outreach,1,https://www.slac.stanford.edu/econf/C210711/papers/2203.08916.pdf
489,arxiv:2203.08117,The Numerical Conformal Bootstrap,D. Poland et al.,2203.08117,https://arxiv.org/abs/2203.08117,CompF | TF,CompF: Theoretical Calculations and Simulations | TF: Conformal Field Theory and Formal Quantum Field Theory,2,https://www.slac.stanford.edu/econf/C210711/papers/2203.08117.pdf
490,arxiv:2203.06730,The Path Forward to N3LO,F. Caola et al.,2203.06730,https://arxiv.org/abs/2203.06730,TF,TF: Theory Techniques for Precision Physics,1,https://www.slac.stanford.edu/econf/C210711/papers/2203.06730.pdf
491,arxiv:2203.08094,The Physics Case for a Neutrino Factory,A. Bogacz et al.,2203.08094,https://arxiv.org/abs/2203.08094,AF | EF | NF,AF: General - centered on this frontier | EF: General - cross-listed | NF: Artificial Neutrino Sources,3,https://www.slac.stanford.edu/econf/C210711/papers/2203.08094.pdf
492,arxiv:2203.07261,The Physics Case of a 3 TeV Muon Collider Stage,J. de Blas et al.,2203.07261,https://arxiv.org/abs/2203.07261,EF | TF,EF: General - centered on this frontier | TF: General - centered on this frontier,2,https://www.slac.stanford.edu/econf/C210711/papers/2203.07261.pdf
493,arxiv:2203.07943,The Physics of Light Relics,C. Dvorkin et al.,2203.07943,https://arxiv.org/abs/2203.07943,CF | TF,CF: Dark Energy and Cosmic Acceleration: Cosmic Dawn and Before | TF: Astro-Particle Physics and Cosmology,2,https://www.slac.stanford.edu/econf/C210711/papers/2203.07943.pdf
494,arxiv:2205.08553,The Physics potential of the CEPC,H. Cheng et al.,2205.08553,https://arxiv.org/abs/2205.08553,AF | EF | TF,AF: General - centered on this frontier | EF: General - centered on this frontier | TF: General - cross-listed,3,https://www.slac.stanford.edu/econf/C210711/papers/2205.08553.pdf
495,arxiv:2203.06258,The Potential of a TeV-Scale Muon-Ion Collider,D. Acosta et al.,2203.06258,https://arxiv.org/abs/2203.06258,AF | EF,AF: Multi-TeV Colliders | EF: QCD and Strong Interactions - Hadronic Structure and Forward QCD Processes,2,https://www.slac.stanford.edu/econf/C210711/papers/2203.06258.pdf
496,arxiv:2203.08039,The Present and Future Status of Heavy Neutral Leptons,A. M. Abdullahi et al.,2203.08039,https://arxiv.org/abs/2203.08039,NF,NF: Neutrinos Beyond the Standard Model,1,https://www.slac.stanford.edu/econf/C210711/papers/2203.08039.pdf
497,arxiv:2203.07349,The Project 8 Neutrino Mass Experiment,A. Ashtari Esfahani et al.,2203.07349,https://arxiv.org/abs/2203.07349,NF,NF: Neutrino Properties,1,https://www.slac.stanford.edu/econf/C210711/papers/2203.07349.pdf
498,arxiv:2203.08053,The Quest to Define QFT,M. Dedushenko.,2203.08053,https://arxiv.org/abs/2203.08053,TF,TF: Conformal Field Theory and Formal Quantum Field Theory,1,https://www.slac.stanford.edu/econf/C210711/papers/2203.08053.pdf
499,arxiv:2203.07651,The REDTOP Experiment: Rare η/η′ Decays To Probe New Physics,J. Elam et al. (REDTOP Collaboration),2203.07651,https://arxiv.org/abs/2203.07651,RPF,RPF: General - centered on this frontier,1,https://www.slac.stanford.edu/econf/C210711/papers/2203.07651.pdf
500,arxiv:2203.06476,The ReLiC: Recycling Linear e+e− Collider,V. N. Litvinenko et al.,2203.06476,https://arxiv.org/abs/2203.06476,AF | EF,AF: Accelerators for Electroweak and Higgs | EF: Higgs Boson Properties and Couplings,2,https://www.slac.stanford.edu/econf/C210711/papers/2203.06476.pdf
501,arxiv:2203.07316,The Road Ahead for CODEX-b,G. Aielli et al.,2203.07316,https://arxiv.org/abs/2203.07316,EF | RPF,EF: Beyond the Standard Model - More General Explorations | RPF: Dark Sector Studies at High Intensities,2,https://www.slac.stanford.edu/econf/C210711/papers/2203.07316.pdf
502,arxiv:2203.08293,The Sanford Underground Research Facility,J. Heise.,2203.08293,https://arxiv.org/abs/2203.08293,CEF | CF | CompF | IF | NF | RPF | UF,CEF: General - cross-listed | CF: General - cross-listed: | CompF: General - cross-listed: | IF: General - centered on this frontier | NF: General - cross-listed | RPF: General - cross-listed | UF: General - centered on this frontier:,7,https://www.slac.stanford.edu/econf/C210711/papers/2203.08293 | https://www.slac.stanford.edu/econf/C210711/papers/2203.08293.pdf
503,arxiv:2203.08779,The Selena Neutrino Experiment,A. E. Chavarria et al.,2203.08779,https://arxiv.org/abs/2203.08779,NF,NF: Neutrino Properties,1,https://www.slac.stanford.edu/econf/C210711/papers/2203.08779.pdf
504,arxiv:2205.13215,The SLAC Linac to ESA (LESA) Beamline for Dark Sector Searches and Test Beams,T. Markiewicz et al.,2205.13215,https://arxiv.org/abs/2205.13215,AF | RPF,AF: Accelerators for Rare Processes and Physics Beyond Colliders | RPF: General - centered on this frontier,2,https://www.slac.stanford.edu/econf/C210711/papers/2205.13215.pdf | https://www.slac.stanford.edu/econf/C210711/papers/arXiv:2205.13215.pdf
505,arxiv:2203.08271,The Strong Coupling Constant: State of the Art and the Decade Ahead,D. d'Enterria et al.,2203.08271,https://arxiv.org/abs/2203.08271,EF,EF: QCD and Strong Interactions - Precision QCD,1,https://www.slac.stanford.edu/econf/C210711/papers/2203.08271.pdf
506,arxiv:2203.07242,The Windchime Project,A. Attanasio et al. (Windchime Collaboration),2203.07242,https://arxiv.org/abs/2203.07242,CF | IF | TF,CF: Dark Matter: Particle-like | IF: Quantum Sensors | TF: Beyond-Standard-Model Model Building,3,https://www.slac.stanford.edu/econf/C210711/papers/2203.07242.pdf
507,arxiv:2202.12839,Theia: Summary of physics program,M. Askins et al.,2202.12839,https://arxiv.org/abs/2202.12839,IF | NF | UF,IF: General - cross-listed | NF: General - centered on this frontier | UF: General - cross-listed:,3,https://www.slac.stanford.edu/econf/C210711/papers/2202.12839.pdf
508,arxiv:2203.06771,Theoretical Developments in the SMEFT at Dimension-8 and Beyond,S. Alioli et al.,2203.06771,https://arxiv.org/abs/2203.06771,TF,TF: Theory Techniques for Precision Physics,1,https://www.slac.stanford.edu/econf/C210711/papers/2203.06771.pdf
509,arxiv:2203.09030,"Theoretical Tools for Neutrino Scattering: Interplay between Lattice QCD, EFTs, Nuclear Physics, Phenomenology, and Neutrino Event Generators",L. Alvarez Ruso et al.,2203.09030,https://arxiv.org/abs/2203.09030,CompF | NF | TF,CompF: Theoretical Calculations and Simulations | NF: Neutrino Interaction Cross Sections | TF: Theory of Neutrino Physics,3,https://www.slac.stanford.edu/econf/C210711/papers/2203.09030.pdf
510,arxiv:2203.07059,Theories and Experiments for Testable Baryogenesis Mechanisms,J. L. Barrow et al.,2203.07059,https://arxiv.org/abs/2203.07059,RPF,RPF: Baryon and Lepton Number Violation,1,https://www.slac.stanford.edu/econf/C210711/papers/2203.07059.pdf
511,arxiv:2203.10089,Theory Frontier: Theory Meets the Lab,R. Essig et al.,2203.10089,https://arxiv.org/abs/2203.10089,CF | EF | RPF | TF,CF: General - cross-listed: | EF: Beyond the Standard Model - More General Explorations | RPF: Dark Sector Studies at High Intensities | TF: Astro-Particle Physics and Cosmology,4,https://www.slac.stanford.edu/econf/C210711/papers/2203.10089.pdf
512,arxiv:2203.09503,"Theory, Phenomenology, and Experimental Avenues for Dark Showers",G. Albouy et al.,2203.09503,https://arxiv.org/abs/2203.09503,EF | TF,EF: Beyond the Standard Model - More General Explorations | TF: Collider Phenomenology,2,https://www.slac.stanford.edu/econf/C210711/papers/2203.09503.pdf
513,arxiv:2203.07344,Top-Quark Mass Extraction from t tbar j+X Events at the LHC: Theory Predictions,S. Alioli et al.,2203.07344,https://arxiv.org/abs/2203.07344,EF | TF,EF: Heavy Flavor and Top Quark Physics | TF: Theory Techniques for Precision Physics,2,https://www.slac.stanford.edu/econf/C210711/papers/2203.07344.pdf
514,arxiv:2203.08386,Toward CUPID-1T,A. Armatol et al.,2203.08386,https://arxiv.org/abs/2203.08386,IF | NF | RPF | UF,IF: Quantum Sensors | NF: Neutrino Properties | RPF: Baryon and Lepton Number Violation | UF: Underground Detectors,4,https://www.slac.stanford.edu/econf/C210711/papers/2203.08386.pdf
515,arxiv:2203.08861,Towards an HPC Complementary Computing Facility,K. Herner et al.,2203.08861,https://arxiv.org/abs/2203.08861,CompF,CompF: Storage and Processing Resource Access,1,https://www.slac.stanford.edu/econf/C210711/papers/2203.08861.pdf
516,arxiv:2203.07314,Track-Based Triggers for Exotic Signatures,K. F. Di Petrillo et al.,2203.07314,https://arxiv.org/abs/2203.07314,EF | IF,EF: Beyond the Standard Model - More General Explorations | IF: Trigger and Data Acquisition,2,https://www.slac.stanford.edu/econf/C210711/papers/2203.07314.pdf
517,arxiv:2203.11047,Transformative Technology for FLASH Radiation Therapy,S. Boucher et al.,2203.11047,https://arxiv.org/abs/2203.11047,AF | CEF,AF: Accelerator Technology - RF | CEF: Applications and Industry,2,https://www.slac.stanford.edu/econf/C210711/papers/2203.11047.pdf
518,arxiv:2204.08983,Transforming U.S. Particle Physics Education: A Snowmass 2021 Study,O. Bitter et al.,2204.08983,https://arxiv.org/abs/2204.08983,CEF,CEF: Physics Education,1,https://www.slac.stanford.edu/econf/C210711/papers/2204.08983.pdf
519,arxiv:2203.05729,Tree-level Interference in VBF production of Vh,C. Paranjape et al.,2203.05729,https://arxiv.org/abs/2203.05729,EF,EF: Higgs Boson Properties and Couplings,1,https://www.slac.stanford.edu/econf/C210711/papers/2203.05729.pdf
520,arxiv:2203.07272,Two-Fermion Final States at International Linear Collider,T. Suehara.,2203.07272,https://arxiv.org/abs/2203.07272,EF,EF: Beyond the Standard Model - More General Explorations,1,https://www.slac.stanford.edu/econf/C210711/papers/2203.07272.pdf
521,arxiv:2205.14486,Two-Real-Singlet-Model (TRSM) Benchmark Planes,T. Robens.,2205.14486,https://arxiv.org/abs/2205.14486,EF | TF,EF: Higgs Boson as a Portal to New Physics | TF: Collider Phenomenology,2,https://www.slac.stanford.edu/econf/C210711/papers/2205.14486.pdf
522,arxiv:2203.07786,U(1)_T3R Extension of Standard Model: A Sub-GeV Dark Matter Model,B. Dutta et al.,2203.07786,https://arxiv.org/abs/2203.07786,CF | TF,CF: Dark Matter: Particle-like | TF: Beyond-Standard-Model Model Building,2,https://www.slac.stanford.edu/econf/C210711/papers/2203.07786.pdf
523,arxiv:2209.10109,U.S. CMS - PURSUE (Program for Undergraduate Research SUmmer Experience),T. Bose et al.,2209.10109,https://arxiv.org/abs/2209.10109,CEF,CEF: Physics Education,1,https://www.slac.stanford.edu/econf/C210711/papers/2209.10109.pdf
524,arxiv:2207.06213,U.S. National Accelerator R&D Program on Future Colliders,P. C. Bhat et al.,2207.06213,https://arxiv.org/abs/2207.06213,AF,AF: General - centered on this frontier,1,https://www.slac.stanford.edu/econf/C210711/papers/2207.06213.pdf
525,arxiv:2205.05845,Ultra-High-Energy Cosmic Rays: The Intersection of the Cosmic and Energy Frontiers,A. Coleman et al.,2205.05845,https://arxiv.org/abs/2205.05845,CF,CF: Cosmic Probes of Fundamental Physics,1,https://www.slac.stanford.edu/econf/C210711/papers/2205.05845.pdf
526,arxiv:2203.06788,Ultrafast Inorganic Crystals with Mass Production Capability for Future High-Rate Experiments,C. Hu et al.,2203.06788,https://arxiv.org/abs/2203.06788,EF | IF | RPF,EF: Higgs Boson Properties and Couplings | IF: Calorimetry | RPF: Charged Lepton Flavor Violation,3,https://www.slac.stanford.edu/econf/C210711/papers/2203.06788.pdf
527,arxiv:2203.06508,Ultraheavy Particle Dark Matter,D. Carney et al.,2203.06508,https://arxiv.org/abs/2203.06508,CF | IF | TF,CF: Dark Matter: Particle-like | IF: Quantum Sensors | TF: Beyond-Standard-Model Model Building,3,https://www.slac.stanford.edu/econf/C210711/papers/2203.06508.pdf
528,arxiv:2203.08871,Understanding Training in Superconducting Accelerator Magnets using Acoustic Emission Diagnostics,M. Marchevsky.,2203.08871,https://arxiv.org/abs/2203.08871,AF,AF: Accelerator Technology - Magnets,1,https://www.slac.stanford.edu/econf/C210711/papers/2203.08871.pdf
529,arxiv:2203.01847,Understanding Vacuum Arcs and Gradient Limits,J. Norem et al.,2203.01847,https://arxiv.org/abs/2203.01847,AF,AF: Accelerator Technology - RF,1,https://www.slac.stanford.edu/econf/C210711/papers/2203.01847.pdf
530,arxiv:2205.12847,Upgrading SuperKEKB with a Polarized Electron Beam: Discovery Potential and Proposed Implementation,S. Banerjee et al.,2205.12847,https://arxiv.org/abs/2205.12847,AF | EF | RPF,AF: Accelerators for Rare Processes and Physics Beyond Colliders | EF: Electroweak Precision Physics and Constraining New Physics | RPF: General - centered on this frontier,3,https://www.slac.stanford.edu/econf/C210711/papers/2205.12847.pdf
531,arxiv:2203.06805,UV Constraints on IR Physics,C. de Rham et al.,2203.06805,https://arxiv.org/abs/2203.06805,TF,TF: Effective Field Theory Techniques,1,https://www.slac.stanford.edu/econf/C210711/papers/2203.06805.pdf
532,arxiv:2005.10289,Vector Boson Fusion at Multi-TeV Muon Colliders,A. Costantini et al.,2005.10289,https://arxiv.org/abs/2005.10289,AF | CompF | EF | TF,AF: Multi-TeV Colliders | CompF: Theoretical Calculations and Simulations | EF: Electroweak Precision Physics and Constraining New Physics | TF: Collider Phenomenology,4,https://www.slac.stanford.edu/econf/C210711/papers/2005.10289.pdf
533,arxiv:2106.01393,Vector Boson Scattering Processes: Status and Prospects,D. Buarque Franzosi et al.,2106.01393,https://arxiv.org/abs/2106.01393,EF | NF | TF,EF: Electroweak Precision Physics and Constraining New Physics | NF: Neutrinos Beyond the Standard Model | TF: Collider Phenomenology,3,https://www.slac.stanford.edu/econf/C210711/papers/2106.01393.pdf
534,arxiv:2203.07252,Vera C. Rubin Observatory as a Flagship Dark Matter Experiment,Y.-Y. Mao et al.,2203.07252,https://arxiv.org/abs/2203.07252,CF,CF: Dark Matter: Cosmic Probes,1,https://www.slac.stanford.edu/econf/C210711/papers/2203.07252.pdf
535,arxiv:2203.07533,"Warped Compactifications in Particle Physics, Cosmology and Quantum Gravity",P. Agrawal et al.,2203.07533,https://arxiv.org/abs/2203.07533,TF,TF: General - centered on this frontier,1,https://www.slac.stanford.edu/econf/C210711/papers/2203.07533.pdf
536,arxiv:2208.07910,"When, Where, and How to Open Data: A Personal Perspective",B. Nachman.,2208.07910,https://arxiv.org/abs/2208.07910,CompF | TF,CompF: Reinterpretation and Long-Term Preservation of Data and Code | TF: Collider Phenomenology,2,https://www.slac.stanford.edu/econf/C210711/papers/2208.07910.pdf
537,arxiv:2202.07683,White Paper on SuperConformal Field Theories,P. C. Argyres et al.,2202.07683,https://arxiv.org/abs/2202.07683,TF,TF: Conformal Field Theory and Formal Quantum Field Theory,1,https://www.slac.stanford.edu/econf/C210711/papers/2202.07683.pdf
538,arxiv:2203.10060,Why should the U.S. Care about High Energy Physics in Africa and Latin America?,K. A. Assamagan et al.,2203.10060,https://arxiv.org/abs/2203.10060,CEF,"CEF: Diversity, Equity, and Inclusion",1,https://www.slac.stanford.edu/econf/C210711/papers/2203.10060.pdf
539,arxiv:2203.07351,WIMP Dark Matter at High Energy Muon Colliders,T. Han et al.,2203.07351,https://arxiv.org/abs/2203.07351,AF | CF | EF | TF,AF: Multi-TeV Colliders | CF: Dark Matter: Particle-like | EF: Beyond the Standard Model - Dark Matter at Colliders | TF: Collider Phenomenology,4,https://www.slac.stanford.edu/econf/C210711/papers/2203.07351.pdf
540,arxiv:2203.08484,XCC: An X-ray FEL-Based γγ Collider Higgs Factory,T. Barklow et al.,2203.08484,https://arxiv.org/abs/2203.08484,AF | EF,AF: Accelerators for Electroweak and Higgs | EF: Higgs Boson Properties and Couplings,2,https://www.slac.stanford.edu/econf/C210711/papers/2203.08484.pdf
541,arxiv:2206.12465,xFitter: An Open Source QCD Analysis Framework,H. Abdolmaleki et al. (xFitter Developers’ Team).,2206.12465,https://arxiv.org/abs/2206.12465,EF,EF: QCD and Strong Interactions - Hadronic Structure and Forward QCD Processes,1,https://www.slac.stanford.edu/econf/C210711/papers/2206.12465.pdf
