placement_number,record_id,title,authors_as_listed,arxiv,external_url,frontier_code,frontier,topic,paper_path,official_pdf_url
1,,Modern and Future Colliders,"V. Shiltsev, F. Zimmermann",2003.09084,https://arxiv.org/abs/2003.09084,AF,Accelerator Science and Technology,General - centered on this frontier,papers/2003.09084.pdf,https://www.slac.stanford.edu/econf/C210711/papers/2003.09084.pdf
2,,Physics Opportunities for the Fermilab Booster Replacement,J. Arrington et al.,2203.03925,https://arxiv.org/abs/2203.03925,AF,Accelerator Science and Technology,General - centered on this frontier,papers/2203.03925.pdf,https://www.slac.stanford.edu/econf/C210711/papers/2203.03925.pdf
3,,The Forward Physics Facility at the High-Luminosity LHC,J. L. Feng et al.,2203.05090,https://arxiv.org/abs/2203.05090,AF,Accelerator Science and Technology,General - centered on this frontier,papers/2203.05090.pdf,https://www.slac.stanford.edu/econf/C210711/papers/2203.05090.pdf
4,,Higgs Factory Considerations,J. A. Bagger et al.,2203.06164,https://arxiv.org/abs/2203.06164,AF,Accelerator Science and Technology,General - centered on this frontier,papers/2203.06164.pdf,https://www.slac.stanford.edu/econf/C210711/papers/2203.06164.pdf
5,,The Future Circular Collider: a Summary for the US 2021 Snowmass Process,G. Bernardi et al.,2203.06520,https://arxiv.org/abs/2203.06520,AF,Accelerator Science and Technology,General - centered on this frontier,papers/2203.06520.pdf,https://www.slac.stanford.edu/econf/C210711/papers/2203.06520.pdf
6,,DIMUS: Super-Compact Dimuonium Spectroscopy Collider at Fermilab,P. J. Fox et al.,2203.07144,https://arxiv.org/abs/2203.07144,AF,Accelerator Science and Technology,General - centered on this frontier,papers/2203.07144.pdf,https://www.slac.stanford.edu/econf/C210711/papers/2203.07144.pdf
7,,Future Collider Options for the US,P. C. Bhat et al.,2203.08088,https://arxiv.org/abs/2203.08088,AF,Accelerator Science and Technology,General - centered on this frontier,papers/2203.08088.pdf,https://www.slac.stanford.edu/econf/C210711/papers/2203.08088.pdf
8,,The Physics Case for a Neutrino Factory,A. Bogacz et al.,2203.08094,https://arxiv.org/abs/2203.08094,AF,Accelerator Science and Technology,General - centered on this frontier,papers/2203.08094.pdf,https://www.slac.stanford.edu/econf/C210711/papers/2203.08094.pdf
9,,Accelerator Modeling Community White Paper,S. Biedron et al.,2203.08335,https://arxiv.org/abs/2203.08335,AF,Accelerator Science and Technology,General - centered on this frontier,papers/2203.08335.pdf,https://www.slac.stanford.edu/econf/C210711/papers/2203.08335.pdf
10,,The CLIC Project,O. Brunner et al.,2203.09186,https://arxiv.org/abs/2203.09186,AF,Accelerator Science and Technology,General - centered on this frontier,papers/2203.09186.pdf,https://www.slac.stanford.edu/econf/C210711/papers/2203.09186.pdf
11,,Nurturing the Industrial Accelerator Technology Base in the US,A. M. M. Todd,2203.10377,https://arxiv.org/abs/2203.10377,AF,Accelerator Science and Technology,General - centered on this frontier,papers/2203.10377.pdf,https://www.slac.stanford.edu/econf/C210711/papers/2203.10377.pdf
12,,Beam Test Facilities for R&D in Accelerator Science and Technologies,J. Power et al.,2203.11290,https://arxiv.org/abs/2203.11290,AF,Accelerator Science and Technology,General - centered on this frontier,papers/2203.11290.pdf,https://www.slac.stanford.edu/econf/C210711/papers/2203.11290.pdf
13,,Electron Ion Collider for High Energy Physics,R. Abdul Khalek,2203.13199,https://arxiv.org/abs/2203.13199,AF,Accelerator Science and Technology,General - centered on this frontier,papers/2203.13199.pdf,https://www.slac.stanford.edu/econf/C210711/papers/2203.13199.pdf
14,,Japan’s Strategy for Future Projects in High Energy Physics,M. Endo et al.,2203.13979,https://arxiv.org/abs/2203.13979,AF,Accelerator Science and Technology,General - centered on this frontier,papers/2203.13979.pdf,https://www.slac.stanford.edu/econf/C210711/papers/2203.13979.pdf
15,,Physics at Future Colliders: the Interplay Between Energy and Luminosity,"Z. Liu, L.-T. Wang.",2205.00031,https://arxiv.org/abs/2205.00031,AF,Accelerator Science and Technology,General - centered on this frontier,papers/2205.00031.pdf,https://www.slac.stanford.edu/econf/C210711/papers/2205.00031.pdf
16,,The Physics potential of the CEPC,H. Cheng et al.,2205.08553,https://arxiv.org/abs/2205.08553,AF,Accelerator Science and Technology,General - centered on this frontier,papers/2205.08553.pdf,https://www.slac.stanford.edu/econf/C210711/papers/2205.08553.pdf
17,,U.S. National Accelerator R&D Program on Future Colliders,P. C. Bhat et al.,2207.06213,https://arxiv.org/abs/2207.06213,AF,Accelerator Science and Technology,General - centered on this frontier,papers/2207.06213.pdf,https://www.slac.stanford.edu/econf/C210711/papers/2207.06213.pdf
18,,Precision Studies of Spacetime Symmetries and Gravitational Physics,E. Adelberger et al.,2203.09691,https://arxiv.org/abs/2203.09691,AF,Accelerator Science and Technology,General - cross-listed,papers/2203.09691.pdf,https://www.slac.stanford.edu/econf/C210711/papers/2203.09691.pdf
19,,Center-of-Mass Energy Determination using e+e−→μ+μ-(γ) Events at Future e+e− Colliders,"B. Madison, G. W. Wilson.",2209.03281,https://arxiv.org/abs/2209.03281,AF,Accelerator Science and Technology,General - cross-listed,papers/2209.03281.pdf,https://www.slac.stanford.edu/econf/C210711/papers/2209.03281.pdf
20,,Adaptive Machine Learning for Time-Varying Systems: Towards 6D Phase Space Diagnostics of Short Intense Charged Particle Beams,"A. Scheinker, S. Gessner.",2203.04391,https://arxiv.org/abs/2203.04391,AF,Accelerator Science and Technology,Beam Physics and Accelerator Education,papers/2203.04391.pdf,https://www.slac.stanford.edu/econf/C210711/papers/2203.04391.pdf
21,,Ion Coulomb Crystals in Storage Rings for Quantum Information Science,S. Brooks et al.,2203.06809,https://arxiv.org/abs/2203.06809,AF,Accelerator Science and Technology,Beam Physics and Accelerator Education,papers/2203.06809.pdf,https://www.slac.stanford.edu/econf/C210711/papers/2203.06809.pdf
22,,Accelerator and Beam Physics: Grand Challenges and Research Opportunities,S. Nagaitsev et al.,2203.06816,https://arxiv.org/abs/2203.06816,AF,Accelerator Science and Technology,Beam Physics and Accelerator Education,papers/2203.06816.pdf,https://www.slac.stanford.edu/econf/C210711/papers/2203.06816.pdf
23,,"Strategies in Education, Outreach, and Inclusion to Enhance the US Workforce in Accelerator Science and Engineering",M. Bai et al.,2203.08919,https://arxiv.org/abs/2203.08919,AF,Accelerator Science and Technology,Beam Physics and Accelerator Education,papers/2203.08919.pdf,https://www.slac.stanford.edu/econf/C210711/papers/2203.08919.pdf
24,,The Necessity of International Particle Physics Opportunities for American Education,E. Arce-Lareta et al.,2203.09336,https://arxiv.org/abs/2203.09336,AF,Accelerator Science and Technology,Beam Physics and Accelerator Education,papers/2203.09336.pdf,https://www.slac.stanford.edu/econf/C210711/papers/2203.09336.pdf
25,,In Search of Excellence and Equity in Physics,E. Barzi et al.,2203.10393,https://arxiv.org/abs/2203.10393,AF,Accelerator Science and Technology,Beam Physics and Accelerator Education,papers/2203.10393.pdf,https://www.slac.stanford.edu/econf/C210711/papers/2203.10393.pdf
26,,How Community Agreements Can Improve Workplace Culture in Physics,E. Barzi et al.,2209.06755,https://arxiv.org/abs/2209.06755,AF,Accelerator Science and Technology,Beam Physics and Accelerator Education,papers/2209.06755.pdf,https://www.slac.stanford.edu/econf/C210711/papers/2209.06755.pdf
27,,An Upgrade Path for the Fermilab Accelerator Complex,R. Ainsworth et al.,2106.02133,https://arxiv.org/abs/2106.02133,AF,Accelerator Science and Technology,Accelerators for Neutrinos,papers/2106.02133.pdf,https://www.slac.stanford.edu/econf/C210711/papers/2106.02133.pdf
28,,A Cost-Efective Upgrade Path for the Fermilab Accelerator Complex,S. Nagaitsev et al.,2111.06932,https://arxiv.org/abs/2111.06932,AF,Accelerator Science and Technology,Accelerators for Neutrinos,papers/2111.06932.pdf,https://www.slac.stanford.edu/econf/C210711/papers/2111.06932.pdf
29,,A Call to Arms Control: Synergies between Nonproliferation Applications of Neutrino Detectors and Large-Scale Fundamental Neutrino Physics Experiments,T. Akindele et al.,2203.00042,https://arxiv.org/abs/2203.00042,AF,Accelerator Science and Technology,Accelerators for Neutrinos,papers/2203.00042.pdf,https://www.slac.stanford.edu/econf/C210711/papers/2203.00042.pdf
30,,An 8 GeV Linac as the Booster Replacement in the Fermilab Power Upgrade,S. Belomestnykh et al.,2203.05052,https://arxiv.org/abs/2203.05052,AF,Accelerator Science and Technology,Accelerators for Neutrinos,papers/2203.05052.pdf,https://www.slac.stanford.edu/econf/C210711/papers/2203.05052.pdf
31,,Report of the Snowmass'21 Workshop on High-Power Cyclotrons and FFAs,D. Winklehner et al.,2203.07919,https://arxiv.org/abs/2203.07919,AF,Accelerator Science and Technology,Accelerators for Neutrinos,papers/2203.07919.pdf,https://www.slac.stanford.edu/econf/C210711/papers/2203.07919.pdf
32,,Design Considerations for Fermilab Multi-MW Proton Facility in the DUNE/LBNF Era,J. Eldred et al.,2203.08276,https://arxiv.org/abs/2203.08276,AF,Accelerator Science and Technology,Accelerators for Neutrinos,papers/2203.08276.pdf,https://www.slac.stanford.edu/econf/C210711/papers/2203.08276.pdf
33,,Enhanced NeUtrino BEams from kaon Tagging (ENUBET),A. Longhin et al. (ENUBET Collaboration),2203.08319,https://arxiv.org/abs/2203.08319,AF,Accelerator Science and Technology,Accelerators for Neutrinos,papers/2203.08319.pdf,https://www.slac.stanford.edu/econf/C210711/papers/2203.08319.pdf
34,,Laser Manipulation of H- Beams,A. Rakhman.,2203.08427,https://arxiv.org/abs/2203.08427,AF,Accelerator Science and Technology,Accelerators for Neutrinos,papers/2203.08427.pdf,https://www.slac.stanford.edu/econf/C210711/papers/2203.08427.pdf
35,,The European Spallation Source Neutrino Super Beam,A. Alekou et al.,2203.08803,https://arxiv.org/abs/2203.08803,AF,Accelerator Science and Technology,Accelerators for Neutrinos,papers/2203.08803.pdf,https://www.slac.stanford.edu/econf/C210711/papers/2203.08803.pdf
36,,IsoDAR Overview,J. R. Alonso et al.,2203.08804,https://arxiv.org/abs/2203.08804,AF,Accelerator Science and Technology,Accelerators for Neutrinos,papers/2203.08804.pdf,https://www.slac.stanford.edu/econf/C210711/papers/2203.08804.pdf
37,,Performance of the LHC Injector Chain after the Upgrade and Potential Development,"H. Bartosik, G. Rumolo.",2203.09202,https://arxiv.org/abs/2203.09202,AF,Accelerator Science and Technology,Accelerators for Neutrinos,papers/2203.09202.pdf,https://www.slac.stanford.edu/econf/C210711/papers/2203.09202.pdf
38,,Tagged Neutrino Beams,M. Perrin-Terrin.,,https://hal.archives-ouvertes.fr/hal-03634918,AF,Accelerator Science and Technology,Accelerators for Neutrinos,papers/hal-03634918.pdf,https://www.slac.stanford.edu/econf/C210711/papers/hal-03634918.pdf
39,,FCC-ee: Your Questions Answered,A. Blondel et al.,1906.02693,https://arxiv.org/abs/1906.02693,AF,Accelerator Science and Technology,Accelerators for Electroweak and Higgs,papers/1906.02693.pdf,https://www.slac.stanford.edu/econf/C210711/papers/1906.02693.pdf
40,,C3: A 'Cool' Route to the Higgs Boson and Beyond,M. Bai et al.,2110.15800,https://arxiv.org/abs/2110.15800,AF,Accelerator Science and Technology,Accelerators for Electroweak and Higgs,papers/2110.15800.pdf,https://www.slac.stanford.edu/econf/C210711/papers/2110.15800.pdf
41,,The ReLiC: Recycling Linear e+e− Collider,V. N. Litvinenko et al.,2203.06476,https://arxiv.org/abs/2203.06476,AF,Accelerator Science and Technology,Accelerators for Electroweak and Higgs,papers/2203.06476.pdf,https://www.slac.stanford.edu/econf/C210711/papers/2203.06476.pdf
42,,CERC - Circular e+e- Collider using Energy-Recovery Linac,V. N. Litvinenko et al.,2203.07358,https://arxiv.org/abs/2203.07358,AF,Accelerator Science and Technology,Accelerators for Electroweak and Higgs,papers/2203.07358.pdf,https://www.slac.stanford.edu/econf/C210711/papers/2203.07358.pdf
43,,The International Linear Collider,A. Aryshev et al.,2203.07622,https://arxiv.org/abs/2203.07622,AF,Accelerator Science and Technology,Accelerators for Electroweak and Higgs,papers/2203.07622.pdf,https://www.slac.stanford.edu/econf/C210711/papers/2203.07622.pdf
44,,Strategy for Understanding the Higgs Physics: The Cool Copper Collider,S. Dasu et al.,2203.07646,https://arxiv.org/abs/2203.07646,AF,Accelerator Science and Technology,Accelerators for Electroweak and Higgs,papers/2203.07646.pdf,https://www.slac.stanford.edu/econf/C210711/papers/2203.07646.pdf
45,,Higgs-Energy LEptoN (HELEN) Collider Based on Advanced Superconducting Radio Frequency Technology,S. Belomestnykh et al.,2203.08211,https://arxiv.org/abs/2203.08211,AF,Accelerator Science and Technology,Accelerators for Electroweak and Higgs,papers/2203.08211.pdf,https://www.slac.stanford.edu/econf/C210711/papers/2203.08211.pdf
46,,Future Circular Lepton Collider FCC-ee: Overview and Status,I. Agapov et al.,2203.08310,https://arxiv.org/abs/2203.08310,AF,Accelerator Science and Technology,Accelerators for Electroweak and Higgs,papers/2203.08310.pdf,https://www.slac.stanford.edu/econf/C210711/papers/2203.08310.pdf
47,,High Energy & High Luminosity γγ Colliders,E. Barzi et al.,2203.08353,https://arxiv.org/abs/2203.08353,AF,Accelerator Science and Technology,Accelerators for Electroweak and Higgs,papers/2203.08353.pdf,https://www.slac.stanford.edu/econf/C210711/papers/2203.08353.pdf
48,,XCC: An X-ray FEL-Based γγ Collider Higgs Factory,T. Barklow et al.,2203.08484,https://arxiv.org/abs/2203.08484,AF,Accelerator Science and Technology,Accelerators for Electroweak and Higgs,papers/2203.08484.pdf,https://www.slac.stanford.edu/econf/C210711/papers/2203.08484.pdf
49,,C^3 Demonstration Research and Development Plan,E. A. Nanni et al.,2203.09076,https://arxiv.org/abs/2203.09076,AF,Accelerator Science and Technology,Accelerators for Electroweak and Higgs,papers/2203.09076.pdf,https://www.slac.stanford.edu/econf/C210711/papers/2203.09076.pdf
50,,Circular Electron Positron Collider (CEPC),CEPC Accelerator Study Group,2203.09451,https://arxiv.org/abs/2203.09451,AF,Accelerator Science and Technology,Accelerators for Electroweak and Higgs,papers/2203.09451.pdf,https://www.slac.stanford.edu/econf/C210711/papers/2203.09451.pdf
51,,An Impartial Perspective for Superconducting Nb3Sn coated Copper RF Cavities for Future Accelerators,E. Barzi et al.,2203.09718,https://arxiv.org/abs/2203.09718,AF,Accelerator Science and Technology,Accelerators for Electroweak and Higgs,papers/2203.09718.pdf,https://www.slac.stanford.edu/econf/C210711/papers/2203.09718.pdf
52,,The Carbon Footprint of Proposed e+e- Higgs Factories,"P. Janot, A. Blondel.",2208.10466,https://arxiv.org/abs/2208.10466,AF,Accelerator Science and Technology,Accelerators for Electroweak and Higgs,papers/2208.10466.pdf,https://www.slac.stanford.edu/econf/C210711/papers/2208.10466.pdf
53,,Vector Boson Fusion at Multi-TeV Muon Colliders,A. Costantini et al.,2005.10289,https://arxiv.org/abs/2005.10289,AF,Accelerator Science and Technology,Multi-TeV Colliders,papers/2005.10289.pdf,https://www.slac.stanford.edu/econf/C210711/papers/2005.10289.pdf
54,,The Effective Vector Boson Approximation in High-Energy Muon Collisions,R. Ruiz et al.,2111.02442,https://arxiv.org/abs/2111.02442,AF,Accelerator Science and Technology,Multi-TeV Colliders,papers/2111.02442.pdf,https://www.slac.stanford.edu/econf/C210711/papers/2111.02442.pdf
55,,Axion-Like Particles at High Energy Muon Colliders,T. Han et al.,2203.05484,https://arxiv.org/abs/2203.05484,AF,Accelerator Science and Technology,Multi-TeV Colliders,papers/2203.05484.pdf,https://www.slac.stanford.edu/econf/C210711/papers/2203.05484.pdf
56,,The Potential of a TeV-Scale Muon-Ion Collider,D. Acosta et al.,2203.06258,https://arxiv.org/abs/2203.06258,AF,Accelerator Science and Technology,Multi-TeV Colliders,papers/2203.06258.pdf,https://www.slac.stanford.edu/econf/C210711/papers/2203.06258.pdf
57,,Strategies for Conformal REBCO Windings,J. Rogers et al.,2203.06800,https://arxiv.org/abs/2203.06800,AF,Accelerator Science and Technology,Multi-TeV Colliders,papers/2203.06800.pdf,https://www.slac.stanford.edu/econf/C210711/papers/2203.06800.pdf
58,,WIMP Dark Matter at High Energy Muon Colliders,T. Han et al.,2203.07351,https://arxiv.org/abs/2203.07351,AF,Accelerator Science and Technology,Multi-TeV Colliders,papers/2203.07351.pdf,https://www.slac.stanford.edu/econf/C210711/papers/2203.07351.pdf
59,,Future Circular Hadron Collider FCC-hh: Overview and Status,M. Benedikt et al.,2203.07804,https://arxiv.org/abs/2203.07804,AF,Accelerator Science and Technology,Multi-TeV Colliders,papers/2203.07804.pdf,https://www.slac.stanford.edu/econf/C210711/papers/2203.07804.pdf
60,,Study Overview for Super Proton-Proton Collider,J. Tang et al.,2203.07987,https://arxiv.org/abs/2203.07987,AF,Accelerator Science and Technology,Multi-TeV Colliders,papers/2203.07987.pdf,https://www.slac.stanford.edu/econf/C210711/papers/2203.07987.pdf
61,,A Muon Collider Facility for Physics Discovery,D. Stratakis et al.,2203.08033,https://arxiv.org/abs/2203.08033,AF,Accelerator Science and Technology,Multi-TeV Colliders,papers/2203.08033.pdf,https://www.slac.stanford.edu/econf/C210711/papers/2203.08033.pdf
62,,Hybrid Conformal REBCO Dipole for a Next Hadron Collider,P. M. McIntyre.,2203.08132,https://arxiv.org/abs/2203.08132,AF,Accelerator Science and Technology,Multi-TeV Colliders,papers/2203.08132.pdf,https://www.slac.stanford.edu/econf/C210711/papers/2203.08132.pdf
63,,Beam background expectations for Belle II at SuperKEKB,A. Natochii et al.,2203.05731,https://arxiv.org/abs/2203.05731,AF,Accelerator Science and Technology,Accelerators for Rare Processes and Physics Beyond Colliders,papers/2203.05731.pdf,https://www.slac.stanford.edu/econf/C210711/papers/2203.05731.pdf
64,,FNAL PIP-II Accumulator Ring,W. Pellico et al.,2203.07339,https://arxiv.org/abs/2203.07339,AF,Accelerator Science and Technology,Accelerators for Rare Processes and Physics Beyond Colliders,papers/2203.07339.pdf,https://www.slac.stanford.edu/econf/C210711/papers/2203.07339.pdf
65,,PIP2-BD: GeV Proton Beam Dump at Fermilab's PIP-II Linac,M. Toups et al.,2203.08079,https://arxiv.org/abs/2203.08079,AF,Accelerator Science and Technology,Accelerators for Rare Processes and Physics Beyond Colliders,papers/2203.08079.pdf,https://www.slac.stanford.edu/econf/C210711/papers/2203.08079.pdf
66,,SBN-BD: O(10 GeV) Proton Beam Dump at Fermilab's PIP-II Linac,M. Toups et al.,2203.08102,https://arxiv.org/abs/2203.08102,AF,Accelerator Science and Technology,Accelerators for Rare Processes and Physics Beyond Colliders,papers/2203.08102.pdf,https://www.slac.stanford.edu/econf/C210711/papers/2203.08102.pdf
67,,Axion Dark Matter,J. Jaeckel et al.,2203.14923,https://arxiv.org/abs/2203.14923,AF,Accelerator Science and Technology,Accelerators for Rare Processes and Physics Beyond Colliders,papers/2203.14923.pdf,https://www.slac.stanford.edu/econf/C210711/papers/2203.14923.pdf
68,,LANSCE-PSR Short-Pulse Upgrade for Improved Dark Sector Particle Searches with the Coherent Captain Mills Experiment,R.G. Van de Water et al.,2204.01860,https://arxiv.org/abs/2204.01860,AF,Accelerator Science and Technology,Accelerators for Rare Processes and Physics Beyond Colliders,papers/2204.01860.pdf,https://www.slac.stanford.edu/econf/C210711/papers/2204.01860.pdf
69,,Upgrading SuperKEKB with a Polarized Electron Beam: Discovery Potential and Proposed Implementation,S. Banerjee et al.,2205.12847,https://arxiv.org/abs/2205.12847,AF,Accelerator Science and Technology,Accelerators for Rare Processes and Physics Beyond Colliders,papers/2205.12847.pdf,https://www.slac.stanford.edu/econf/C210711/papers/2205.12847.pdf
70,,The SLAC Linac to ESA (LESA) Beamline for Dark Sector Searches and Test Beams,T. Markiewicz et al.,2205.13215,https://arxiv.org/abs/2205.13215,AF,Accelerator Science and Technology,Accelerators for Rare Processes and Physics Beyond Colliders,papers/2205.13215.pdf,https://www.slac.stanford.edu/econf/C210711/papers/2205.13215.pdf
71,,Channeling Acceleration in Crystals and Nanostructures and Studies of Solid Plasmas: New Opportunities,R. Ariniello et al.,2203.07459,https://arxiv.org/abs/2203.07459,AF,Accelerator Science and Technology,Advanced Accelerator Concepts,papers/2203.07459.pdf,https://www.slac.stanford.edu/econf/C210711/papers/2203.07459.pdf
72,,Continuous and Coordinated Efforts of Structure Wakefield Acceleration (SWFA) Development for an Energy Frontier Machine,C. Jing et al.,2203.08275,https://arxiv.org/abs/2203.08275,AF,Accelerator Science and Technology,Advanced Accelerator Concepts,papers/2203.08275.pdf,https://www.slac.stanford.edu/econf/C210711/papers/2203.08275.pdf
73,,Linear Collider Based on Laser-Plasma Accelerators,C. Benedetti et al.,2203.08366,https://arxiv.org/abs/2203.08366,AF,Accelerator Science and Technology,Advanced Accelerator Concepts,papers/2203.08366.pdf,https://www.slac.stanford.edu/econf/C210711/papers/2203.08366.pdf
74,,Plasma-Based Particle Sources,M. Fuchs et al.,2203.08379,https://arxiv.org/abs/2203.08379,AF,Accelerator Science and Technology,Advanced Accelerator Concepts,papers/2203.08379.pdf,https://www.slac.stanford.edu/econf/C210711/papers/2203.08379.pdf
75,,Advanced Accelerator Linear Collider Demonstration Facility at Intermediate Energy,C. Benedetti et al.,2203.08425,https://arxiv.org/abs/2203.08425,AF,Accelerator Science and Technology,Advanced Accelerator Concepts,papers/2203.08425.pdf,https://www.slac.stanford.edu/econf/C210711/papers/2203.08425.pdf
76,,Laser-Driven Structure-Based Accelerators,R. J. England et al.,2203.08981,https://arxiv.org/abs/2203.08981,AF,Accelerator Science and Technology,Advanced Accelerator Concepts,papers/2203.08981.pdf,https://www.slac.stanford.edu/econf/C210711/papers/2203.08981.pdf
77,,Near Term Applications driven by Advanced Accelerator Concepts,C. Emma et al.,2203.09094,https://arxiv.org/abs/2203.09094,AF,Accelerator Science and Technology,Advanced Accelerator Concepts,papers/2203.09094.pdf,https://www.slac.stanford.edu/econf/C210711/papers/2203.09094.pdf
78,,"AWAKE, Plasma Wakefield Acceleration of Electron Bunches for Near and Long Term Particle Physics Applications",P. Muggli (AWAKE Collaboration),2203.09198,https://arxiv.org/abs/2203.09198,AF,Accelerator Science and Technology,Advanced Accelerator Concepts,papers/2203.09198.pdf,https://www.slac.stanford.edu/econf/C210711/papers/2203.09198.pdf
79,,PetaVolts per Meter Plasmonics,A. A. Sahai et al.,2203.11623,https://arxiv.org/abs/2203.11623,AF,Accelerator Science and Technology,Advanced Accelerator Concepts,papers/2203.11623.pdf,https://www.slac.stanford.edu/econf/C210711/papers/2203.11623.pdf
80,,High Average Power Ultrafast Laser Technologies for Driving Future Advanced Accelerators,L. Kiani et al.,2204.10774,https://arxiv.org/abs/2204.10774,AF,Accelerator Science and Technology,Advanced Accelerator Concepts,papers/2204.10774.pdf,https://www.slac.stanford.edu/econf/C210711/papers/2204.10774.pdf
81,,Understanding Vacuum Arcs and Gradient Limits,J. Norem et al.,2203.01847,https://arxiv.org/abs/2203.01847,AF,Accelerator Science and Technology,Accelerator Technology - RF,papers/2203.01847.pdf,https://www.slac.stanford.edu/econf/C210711/papers/2203.01847.pdf
82,,Nb3Sn Superconducting Radiofrequency Cavities: a Maturing Technology for Particle Accelerators and Detectors,S. Posen et al.,2203.06752,https://arxiv.org/abs/2203.06752,AF,Accelerator Science and Technology,Accelerator Technology - RF,papers/2203.06752.pdf,https://www.slac.stanford.edu/econf/C210711/papers/2203.06752.pdf
83,,Medium-Grain Niobium SRF Cavity Production Technology for Science Frontiers and Accelerator Applications,G. Myneni et al.,2203.07371,https://arxiv.org/abs/2203.07371,AF,Accelerator Science and Technology,Accelerator Technology - RF,papers/2203.07371.pdf,https://www.slac.stanford.edu/econf/C210711/papers/2203.07371.pdf
84,,Sustainability Considerations for Accelerator and Collider Facilities,T. Roser.,2203.07423,https://arxiv.org/abs/2203.07423,AF,Accelerator Science and Technology,Accelerator Technology - RF,papers/2203.07423.pdf,https://www.slac.stanford.edu/econf/C210711/papers/2203.07423.pdf
85,,The Need for Further Development of Magnetrons as RF Sources for HEP,T. Kroc et al.,2203.07888,https://arxiv.org/abs/2203.07888,AF,Accelerator Science and Technology,Accelerator Technology - RF,papers/2203.07888.pdf,https://www.slac.stanford.edu/econf/C210711/papers/2203.07888.pdf
86,,Challenges and Opportunities of SRF Theory for Next Generation Particle Accelerators,A. Gurevich et al.,2203.08315,https://arxiv.org/abs/2203.08315,AF,Accelerator Science and Technology,Accelerator Technology - RF,papers/2203.08315.pdf,https://www.slac.stanford.edu/econf/C210711/papers/2203.08315.pdf
87,,Advanced RF Structures for Wakefield Acceleration and High-Gradient Research,X. Lu et al.,2203.08374,https://arxiv.org/abs/2203.08374,AF,Accelerator Science and Technology,Accelerator Technology - RF,papers/2203.08374.pdf,https://www.slac.stanford.edu/econf/C210711/papers/2203.08374.pdf
88,,Transformative Technology for FLASH Radiation Therapy,S. Boucher et al.,2203.11047,https://arxiv.org/abs/2203.11047,AF,Accelerator Science and Technology,Accelerator Technology - RF,papers/2203.11047.pdf,https://www.slac.stanford.edu/econf/C210711/papers/2203.11047.pdf
89,,"High Efficiency, Low Cost, RF Sources for Accelerators and Colliders",R. L. Ives et al.,2203.12043,https://arxiv.org/abs/2203.12043,AF,Accelerator Science and Technology,Accelerator Technology - RF,papers/2203.12043.pdf,https://www.slac.stanford.edu/econf/C210711/papers/2203.12043.pdf
90,,Plasma Processing for In-Situ Field Emission Mitigation of Superconducting Radiofrequency (SRF) Cryomodules,M. Martinello et al.,2203.12442,https://arxiv.org/abs/2203.12442,AF,Accelerator Science and Technology,Accelerator Technology - RF,papers/2203.12442.pdf,https://www.slac.stanford.edu/econf/C210711/papers/2203.12442.pdf
91,,Advanced RF Sources R&D for Economical Future Colliders,B. Weatherford et al.,2203.15984,https://arxiv.org/abs/2203.15984,AF,Accelerator Science and Technology,Accelerator Technology - RF,papers/2203.15984.pdf,https://www.slac.stanford.edu/econf/C210711/papers/2203.15984.pdf
92,,Feedback and Control Systems for Future Linear Colliders,D. Filippetto et al.,2204.00701,https://arxiv.org/abs/2204.00701,AF,Accelerator Science and Technology,Accelerator Technology - RF,papers/2204.00701.pdf,https://www.slac.stanford.edu/econf/C210711/papers/2204.00701.pdf
93,,Key Directions for Research and Development of Superconducting Radio Frequency Cavities,S. Belomestnykh et al.,2204.01178,https://arxiv.org/abs/2204.01178,AF,Accelerator Science and Technology,Accelerator Technology - RF,papers/2204.01178.pdf,https://www.slac.stanford.edu/econf/C210711/papers/2204.01178.pdf
94,,Next-Generation Superconducting RF Technology based on Advanced Thin Film Technologies and Innovative Materials for Accelerator Enhanced Performance and Energy Reach,A.- M. Valente-Feliciano et al.,2204.02536,https://arxiv.org/abs/2204.02536,AF,Accelerator Science and Technology,Accelerator Technology - RF,papers/2204.02536.pdf,https://www.slac.stanford.edu/econf/C210711/papers/2204.02536.pdf
95,,Fast Cycling HTS Based Superconducting Accelerator Magnets: Feasibility Study and Readiness Demonstration Program Driven by Neutrino Physics and Muon Collider Needs,H. Piekarz et al.,2203.06253,https://arxiv.org/abs/2203.06253,AF,Accelerator Science and Technology,Accelerator Technology - Magnets,papers/2203.06253.pdf,https://www.slac.stanford.edu/econf/C210711/papers/2203.06253.pdf
96,,Test Samples and Infrastructure for Accelerator Magnet Developments,S. Stoynev.,2203.07274,https://arxiv.org/abs/2203.07274,AF,Accelerator Science and Technology,Accelerator Technology - Magnets,papers/2203.07274.pdf,https://www.slac.stanford.edu/econf/C210711/papers/2203.07274.pdf
97,,"Development and Demonstration of Next Generation Technology for Nb_3Sn Accelerator Magnets with Lower Cost, Improved Performance Uniformity, and Higher Operating Point in the 12-14 T Range",G. Ambrosio et al.,2203.07352,https://arxiv.org/abs/2203.07352,AF,Accelerator Science and Technology,Accelerator Technology - Magnets,papers/2203.07352.pdf,https://www.slac.stanford.edu/econf/C210711/papers/2203.07352.pdf
98,,Leading-Edge Technology And Feasibility-Directed (LEAF) Program Aimed at Readiness Demonstration for Energy Frontier Circular Colliders by the Next Decade,G. Ambrosio et al.,2203.07654,https://arxiv.org/abs/2203.07654,AF,Accelerator Science and Technology,Accelerator Technology - Magnets,papers/2203.07654.pdf,https://www.slac.stanford.edu/econf/C210711/papers/2203.07654.pdf
99,,Fe-Based High Field Superconductors for Cost-Effective Future Accelerator Magnets,F. Kametani et al.,2203.07551,https://arxiv.org/abs/2203.07551,AF,Accelerator Science and Technology,Accelerator Technology - Magnets,papers/2203.07551.pdf,https://www.slac.stanford.edu/econf/C210711/papers/2203.07551.pdf
100,,Superconducting Detector Magnets for High Energy Physics,M. Mentink et al.,2203.07799,https://arxiv.org/abs/2203.07799,AF,Accelerator Science and Technology,Accelerator Technology - Magnets,papers/2203.07799.pdf,https://www.slac.stanford.edu/econf/C210711/papers/2203.07799.pdf
101,,High Field Magnet Development for HEP in Europe: A Proposal from LDG HFM Expert Panel,P. Védrine et al.,2203.08054,https://arxiv.org/abs/2203.08054,AF,Accelerator Science and Technology,Accelerator Technology - Magnets,papers/2203.08054.pdf,https://www.slac.stanford.edu/econf/C210711/papers/2203.08054.pdf
102,,Fiber-Optic Diagnostic System for Future Accelerator Magnets,M. Baldini et al.,2203.08309,https://arxiv.org/abs/2203.08309,AF,Accelerator Science and Technology,Accelerator Technology - Magnets,papers/2203.08309.pdf,https://www.slac.stanford.edu/econf/C210711/papers/2203.08309.pdf
103,,REBCO – a Silver Bullet for our Next High-Field Magnet and Collider Budget?,X. Wang et al.,2203.08736,https://arxiv.org/abs/2203.08736,AF,Accelerator Science and Technology,Accelerator Technology - Magnets,papers/2203.08736.pdf,https://www.slac.stanford.edu/econf/C210711/papers/2203.08736.pdf
104,,Common Coil Dipole for High Field Magnet Design and R&D,R. Gupta et al.,2203.08750,https://arxiv.org/abs/2203.08750,AF,Accelerator Science and Technology,Accelerator Technology - Magnets,papers/2203.08750.pdf,https://www.slac.stanford.edu/econf/C210711/papers/2203.08750.pdf
105,,Advancing Superconducting Magnet Diagnostics for Future Colliders,M. Marchevsky et al.,2203.08869,https://arxiv.org/abs/2203.08869,AF,Accelerator Science and Technology,Accelerator Technology - Magnets,papers/2203.08869.pdf,https://www.slac.stanford.edu/econf/C210711/papers/2203.08869.pdf
106,,Understanding Training in Superconducting Accelerator Magnets using Acoustic Emission Diagnostics,M. Marchevsky.,2203.08871,https://arxiv.org/abs/2203.08871,AF,Accelerator Science and Technology,Accelerator Technology - Magnets,papers/2203.08871.pdf,https://www.slac.stanford.edu/econf/C210711/papers/2203.08871.pdf
107,,"Solving Critical Problems of the Muon Collider Higgs Factory: Optics, Magnets and their Protection, Detector Backgrounds",Yu. I. Alexahin et al.,2203.09010,https://arxiv.org/abs/2203.09010,AF,Accelerator Science and Technology,Accelerator Technology - Magnets,papers/2203.09010.pdf,https://www.slac.stanford.edu/econf/C210711/papers/2203.09010.pdf
108,,"Critical Problems of Energy Frontier Muon Colliders: Optics, Magnets, and Radiation",Yu. I. Alexahin et al.,2203.10431,https://arxiv.org/abs/2203.10431,AF,Accelerator Science and Technology,Accelerator Technology - Magnets,papers/2203.10431.pdf,https://www.slac.stanford.edu/econf/C210711/papers/2203.10431.pdf
109,,High Temperature Superconducting Bi-2212 Magnets for Energy Frontier Circular Colliders,T. Shen et al.,2203.10564,https://arxiv.org/abs/2203.10564,AF,Accelerator Science and Technology,Accelerator Technology - Magnets,papers/2203.10564.pdf,https://www.slac.stanford.edu/econf/C210711/papers/2203.10564.pdf
110,,R&D Works for Superconducting Magnets for Future Accelerator Applications in Japan,T. Ogitsu et al.,2203.12118,https://arxiv.org/abs/2203.12118,AF,Accelerator Science and Technology,Accelerator Technology - Magnets,papers/2203.12118.pdf,https://www.slac.stanford.edu/econf/C210711/papers/2203.12118.pdf
111,,A Strategic Approach to Advance Magnet Technology for Next Generation Colliders,G. Ambrosio et al.,2203.13985,https://arxiv.org/abs/2203.13985,AF,Accelerator Science and Technology,Accelerator Technology - Magnets,papers/2203.13985.pdf,https://www.slac.stanford.edu/econf/C210711/papers/2203.13985.pdf
112,,A Work Proposal for a Collaborative Study of Magnet Technology for a Future Muon Collider,L. Bottura et al.,2203.13998,https://arxiv.org/abs/2203.13998,AF,Accelerator Science and Technology,Accelerator Technology - Magnets,papers/2203.13998.pdf,https://www.slac.stanford.edu/econf/C210711/papers/2203.13998.pdf
113,,Conductor Properties and Coil Technology for a Bi2212 Dipole Insert for 20 Tesla Hybrid Accelerator Magnets,E. Barzi.,2204.01072,https://arxiv.org/abs/2204.01072,AF,Accelerator Science and Technology,Accelerator Technology - Magnets,papers/2204.01072.pdf,https://www.slac.stanford.edu/econf/C210711/papers/2204.01072.pdf
114,,Challenges and Opportunities to Assure Future Manufacturing of Magnet Conductors for the Accelerator Sector,L. Cooley et al.,2208.12379,https://arxiv.org/abs/2208.12379,AF,Accelerator Science and Technology,Accelerator Technology - Magnets,papers/2208.12379.pdf,https://www.slac.stanford.edu/econf/C210711/papers/2208.12379.pdf
115,,Modeling Needs for High Power Target,C. Barbier et al.,2203.04714,https://arxiv.org/abs/2203.04714,AF,Accelerator Science and Technology,Accelerator Technology - Targets and Sources,papers/2203.04714.pdf,https://www.slac.stanford.edu/econf/C210711/papers/2203.04714.pdf
116,,Radiation Hardened Beam Instrumentations for Multi-Mega-Watt Beam Facilities,K. Yonehara.,2203.06024,https://arxiv.org/abs/2203.06024,AF,Accelerator Science and Technology,Accelerator Technology - Targets and Sources,papers/2203.06024.pdf,https://www.slac.stanford.edu/econf/C210711/papers/2203.06024.pdf
117,,Irradiation Facilities and Irradiation Methods for High Power Target,F. Pellemoine et al.,2203.08239,https://arxiv.org/abs/2203.08239,AF,Accelerator Science and Technology,Accelerator Technology - Targets and Sources,papers/2203.08239.pdf,https://www.slac.stanford.edu/econf/C210711/papers/2203.08239.pdf
118,,Novel Materials and Concepts for Next-Generation High Power Target Applications,K. Ammigan et al.,2203.08357,https://arxiv.org/abs/2203.08357,AF,Accelerator Science and Technology,Accelerator Technology - Targets and Sources,papers/2203.08357.pdf,https://www.slac.stanford.edu/econf/C210711/papers/2203.08357.pdf
119,,Positron Sources for Future High Energy Physics Colliders,P. Musumeci et al.,2204.13245,https://arxiv.org/abs/2204.13245,AF,Accelerator Science and Technology,Accelerator Technology - Targets and Sources,papers/2204.13245.pdf,https://www.slac.stanford.edu/econf/C210711/papers/2204.13245.pdf
120,,Ion Sources for Production of Highly Charged Ion Beams,A. Lapierre et al.,2205.12873,https://arxiv.org/abs/2205.12873,AF,Accelerator Science and Technology,Accelerator Technology - Targets and Sources,papers/2205.12873.pdf,https://www.slac.stanford.edu/econf/C210711/papers/2205.12873.pdf
121,,Spin Polarized Electron Beams Production Beyond III-V Semiconductors,L. Cultrera.,2206.15345,https://arxiv.org/abs/2206.15345,AF,Accelerator Science and Technology,Accelerator Technology - Targets and Sources,papers/2206.15345.pdf,https://www.slac.stanford.edu/econf/C210711/papers/2206.15345.pdf
122,,Electron Sources for Accelerators,D. Filippetto et al.,2207.08875,https://arxiv.org/abs/2207.08875,AF,Accelerator Science and Technology,Accelerator Technology - Targets and Sources,papers/2207.08875.pdf,https://www.slac.stanford.edu/econf/C210711/papers/2207.08875.pdf
123,,Snowmass 2021 Community Survey Report,G. Agarwal et al.,2203.07328,https://arxiv.org/abs/2203.07328,CEF,Community Engagement,General - centered on this frontier,papers/2203.07328.pdf,https://www.slac.stanford.edu/econf/C210711/papers/2203.07328.pdf
124,,In Search of Excellence and Equity in Physics,E. Barzi et al.,2203.10393,https://arxiv.org/abs/2203.10393,CEF,Community Engagement,General - centered on this frontier,papers/2203.10393.pdf,https://www.slac.stanford.edu/econf/C210711/papers/2203.10393.pdf
125,,Snowmass Early Career: The Key Initiatives Organization,J. Barrow et al.,2207.07508,https://arxiv.org/abs/2207.07508,CEF,Community Engagement,General - centered on this frontier,papers/2207.07508.pdf,https://www.slac.stanford.edu/econf/C210711/papers/2207.07508.pdf
126,,How Community Agreements Can Improve Workplace Culture in Physics,E. Barzi et al.,2209.06755,https://arxiv.org/abs/2209.06755,CEF,Community Engagement,General - centered on this frontier,papers/2209.06755.pdf,https://www.slac.stanford.edu/econf/C210711/papers/2209.06755.pdf
127,,The Sanford Underground Research Facility,J. Heise.,2203.08293,https://arxiv.org/abs/2203.08293,CEF,Community Engagement,General - cross-listed,papers/2203.08293.pdf,https://www.slac.stanford.edu/econf/C210711/papers/2203.08293.pdf
128,,Innovations in Trigger and Data Acquisition Systems for Next-Generation Physics Facilities,R. Bartoldus et al.,2203.07620,https://arxiv.org/abs/2203.07620,CEF,Community Engagement,Applications and Industry,papers/2203.07620.pdf,https://www.slac.stanford.edu/econf/C210711/papers/2203.07620.pdf
129,,IsoDAR Overview,J. R. Alonso et al.,2203.08804,https://arxiv.org/abs/2203.08804,CEF,Community Engagement,Applications and Industry,papers/2203.08804.pdf,https://www.slac.stanford.edu/econf/C210711/papers/2203.08804.pdf
130,,Big Industry Engagement to Benefit HEP: Microelectronics Support from Large CAD Companies,G. Carini et al.,2203.08973,https://arxiv.org/abs/2203.08973,CEF,Community Engagement,Applications and Industry,papers/2203.08973.pdf,https://www.slac.stanford.edu/econf/C210711/papers/2203.08973.pdf
131,,C^3 Demonstration Research and Development Plan,E. A. Nanni et al.,2203.09076,https://arxiv.org/abs/2203.09076,CEF,Community Engagement,Applications and Industry,papers/2203.09076.pdf,https://www.slac.stanford.edu/econf/C210711/papers/2203.09076.pdf
132,,Nurturing the Industrial Accelerator Technology Base in the US,A. M. M. Todd et al.,2203.10377,https://arxiv.org/abs/2203.10377,CEF,Community Engagement,Applications and Industry,papers/2203.10377.pdf,https://www.slac.stanford.edu/econf/C210711/papers/2203.10377.pdf
133,,Transformative Technology for FLASH Radiation Therapy,S. Boucher et al.,2203.11047,https://arxiv.org/abs/2203.11047,CEF,Community Engagement,Applications and Industry,papers/2203.11047.pdf,https://www.slac.stanford.edu/econf/C210711/papers/2203.11047.pdf
134,,"Application-Driven Engagement with Universities, Synergies with other Funding Agencies","J. Hoff, S. Memik.",2203.14706,https://arxiv.org/abs/2203.14706,CEF,Community Engagement,Applications and Industry,papers/2203.14706.pdf,https://www.slac.stanford.edu/econf/C210711/papers/2203.14706.pdf
135,,Programs Enabling Deep Technology Transfer from National Labs,A. Arai et al.,2203.15128,https://arxiv.org/abs/2203.15128,CEF,Community Engagement,Applications and Industry,papers/2203.15128.pdf,https://www.slac.stanford.edu/econf/C210711/papers/2203.15128.pdf
136,,Enhancing HEP Research in Predominantly Undergraduate Institutions and Community Colleges,M. Bellis et al.,2203.11662,https://arxiv.org/abs/2203.11662,CEF,Community Engagement,Career Pipeline and Development,papers/2203.11662.pdf,https://www.slac.stanford.edu/econf/C210711/papers/2203.11662.pdf
137,,Facilitating Non-HEP Career Transition,S. Malik et al.,2203.11665,https://arxiv.org/abs/2203.11665,CEF,Community Engagement,Career Pipeline and Development,papers/2203.11665.pdf,https://www.slac.stanford.edu/econf/C210711/papers/2203.11665.pdf
138,,Lifestyle and Personal Wellness in Particle Physics Research Activities,T. R. Lewis et al.,2203.08631,https://arxiv.org/abs/2203.08631,CEF,Community Engagement,"Diversity, Equity, and Inclusion",papers/2203.08631.pdf,https://www.slac.stanford.edu/econf/C210711/papers/2203.08631.pdf
139,,Accessibility in High Energy Physics: Lessons from the Snowmass Process,K. A. Assamagan et al.,2203.08748,https://arxiv.org/abs/2203.08748,CEF,Community Engagement,"Diversity, Equity, and Inclusion",papers/2203.08748.pdf,https://www.slac.stanford.edu/econf/C210711/papers/2203.08748.pdf
140,,"Strategies in Education, Outreach, and Inclusion to Enhance the US Workforce in Accelerator Science and Engineering",M. Bai et al.,2203.08919,https://arxiv.org/abs/2203.08919,CEF,Community Engagement,"Diversity, Equity, and Inclusion",papers/2203.08919.pdf,https://www.slac.stanford.edu/econf/C210711/papers/2203.08919.pdf
141,,Why should the U.S. Care about High Energy Physics in Africa and Latin America?,K. A. Assamagan et al.,2203.10060,https://arxiv.org/abs/2203.10060,CEF,Community Engagement,"Diversity, Equity, and Inclusion",papers/2203.10060.pdf,https://www.slac.stanford.edu/econf/C210711/papers/2203.10060.pdf
142,,Policing and Gatekeeping in STEM,A. K. Hodari et al.,2203.11508,https://arxiv.org/abs/2203.11508,CEF,Community Engagement,"Diversity, Equity, and Inclusion",papers/2203.11508.pdf,https://www.slac.stanford.edu/econf/C210711/papers/2203.11508.pdf
143,,Power Dynamics in Physics,A. K. Hodari et al.,2203.11513,https://arxiv.org/abs/2203.11513,CEF,Community Engagement,"Diversity, Equity, and Inclusion",papers/2203.11513.pdf,https://www.slac.stanford.edu/econf/C210711/papers/2203.11513.pdf
144,,Informal Socialization in Physics Training,A. K. Hodari et al.,2203.11518,https://arxiv.org/abs/2203.11518,CEF,Community Engagement,"Diversity, Equity, and Inclusion",papers/2203.11518.pdf,https://www.slac.stanford.edu/econf/C210711/papers/2203.11518.pdf
145,,"How to Read the Snowmass White Papers on Power Dynamics in Physics, Informal Socialization in Physics Training, and Policing and Gatekeeping in STEM",A. K. Hodari et al.,2203.11523,https://arxiv.org/abs/2203.11523,CEF,Community Engagement,"Diversity, Equity, and Inclusion",papers/2203.11523.pdf,https://www.slac.stanford.edu/econf/C210711/papers/2203.11523.pdf
146,,Climate of the Field: Snowmass 2021,E. V. Hansen et al.,2204.03713,https://arxiv.org/abs/2204.03713,CEF,Community Engagement,"Diversity, Equity, and Inclusion",papers/2204.03713.pdf,https://www.slac.stanford.edu/econf/C210711/papers/2204.03713.pdf
147,,Building a Culture of Equitable Access and Success for Marginalized Members in Today's Particle Physics Community,K. A. Assamagan et al.,2206.01849,https://arxiv.org/abs/2206.01849,CEF,Community Engagement,"Diversity, Equity, and Inclusion",papers/2206.01849.pdf,https://www.slac.stanford.edu/econf/C210711/papers/2206.01849.pdf
148,,"Broadening the Scope of Education, Career and Open Science in HEP",S. Malik et al.,2203.08809,https://arxiv.org/abs/2203.08809,CEF,Community Engagement,Physics Education,papers/2203.08809.pdf,https://www.slac.stanford.edu/econf/C210711/papers/2203.08809.pdf
149,,The Necessity of International Particle Physics Opportunities for American Education,E. Arce-Lareta et al.,2203.09336,https://arxiv.org/abs/2203.09336,CEF,Community Engagement,Physics Education,papers/2203.09336.pdf,https://www.slac.stanford.edu/econf/C210711/papers/2203.09336.pdf
150,,Particle Physics Outreach to K-12 Schools and Opportunities in Undergraduate Education,M. G. Bardeen et al.,2203.10953,https://arxiv.org/abs/2203.10953,CEF,Community Engagement,Physics Education,papers/2203.10953.pdf,https://www.slac.stanford.edu/econf/C210711/papers/2203.10953.pdf
151,,Transforming U.S. Particle Physics Education: A Snowmass 2021 Study,O. Bitter et al.,2204.08983,https://arxiv.org/abs/2204.08983,CEF,Community Engagement,Physics Education,papers/2204.08983.pdf,https://www.slac.stanford.edu/econf/C210711/papers/2204.08983.pdf
152,,Data Science and Machine Learning in Education,G. Benelli et al.,2207.09060,https://arxiv.org/abs/2207.09060,CEF,Community Engagement,Physics Education,papers/2207.09060.pdf,https://www.slac.stanford.edu/econf/C210711/papers/2207.09060.pdf
153,,U.S. CMS - PURSUE (Program for Undergraduate Research SUmmer Experience),T. Bose et al.,2209.10109,https://arxiv.org/abs/2209.10109,CEF,Community Engagement,Physics Education,papers/2209.10109.pdf,https://www.slac.stanford.edu/econf/C210711/papers/2209.10109.pdf
154,,The Need for Structural Changes to Create Impactful Public Engagement in US Particle Physics,K. A. Assamagan et al.,2203.08916,https://arxiv.org/abs/2203.08916,CEF,Community Engagement,Public Education and Outreach,papers/2203.08916.pdf,https://www.slac.stanford.edu/econf/C210711/papers/2203.08916.pdf
155,,Particle Physics Outreach at Non-Traditional Venues,J. Cochran et al.,2203.09585,https://arxiv.org/abs/2203.09585,CEF,Community Engagement,Public Education and Outreach,papers/2203.09585.pdf,https://www.slac.stanford.edu/econf/C210711/papers/2203.09585.pdf
156,,Public Policy and Government Engagement: Congressional Advocacy for HEP Funding (The 'DC Trip'),M. Carneiro et al.,2207.00122,https://arxiv.org/abs/2207.00122,CEF,Community Engagement,Public Policy and Government Engagement,papers/2207.00122.pdf,https://www.slac.stanford.edu/econf/C210711/papers/2207.00122.pdf
157,,Public Policy and Government Engagement: Congressional Advocacy for Areas Beyond HEP Funding,R. Diurba et al.,2207.00124,https://arxiv.org/abs/2207.00124,CEF,Community Engagement,Public Policy and Government Engagement,papers/2207.00124.pdf,https://www.slac.stanford.edu/econf/C210711/papers/2207.00124.pdf
158,,Public Policy and Government Engagement: Non-Congressional Government Engagement,R. Diurba et al.,2207.00125,https://arxiv.org/abs/2207.00125,CEF,Community Engagement,Public Policy and Government Engagement,papers/2207.00125.pdf,https://www.slac.stanford.edu/econf/C210711/papers/2207.00125.pdf
159,,A Call to Arms Control: Synergies between Nonproliferation Applications of Neutrino Detectors and Large-Scale Fundamental Neutrino Physics Experiments,T. Akindele et al.,2203.00042,https://arxiv.org/abs/2203.00042,CEF,Community Engagement,Environmental and Societal Impacts,papers/2203.00042.pdf,https://www.slac.stanford.edu/econf/C210711/papers/2203.00042.pdf
160,,Sustainability Considerations for Accelerator and Collider Facilities,T. Roser.,2203.07423,https://arxiv.org/abs/2203.07423,CEF,Community Engagement,Environmental and Societal Impacts,papers/2203.07423.pdf,https://www.slac.stanford.edu/econf/C210711/papers/2203.07423.pdf
161,,The International Linear Collider,A. Aryshev et al.,2203.07622,https://arxiv.org/abs/2203.07622,CEF,Community Engagement,Environmental and Societal Impacts,papers/2203.07622.pdf,https://www.slac.stanford.edu/econf/C210711/papers/2203.07622.pdf
162,,Societal Impacts of Particle Physics Projects,R. Zens et al.,2203.07995,https://arxiv.org/abs/2203.07995,CEF,Community Engagement,Environmental and Societal Impacts,papers/2203.07995.pdf,https://www.slac.stanford.edu/econf/C210711/papers/2203.07995.pdf
163,,Climate Impacts of Particle Physics,K. Bloom et al.,2203.12389,https://arxiv.org/abs/2203.12389,CEF,Community Engagement,Environmental and Societal Impacts,papers/2203.12389.pdf,https://www.slac.stanford.edu/econf/C210711/papers/2203.12389.pdf
164,,HL-LHC Computing Review: Common Tools and Community Software,T. Aarrestad et al.,2008.13636,https://arxiv.org/abs/2008.13636,CompF,Computational,General - centered on this frontier:,papers/2008.13636.pdf,https://www.slac.stanford.edu/econf/C210711/papers/2008.13636.pdf
165,,HEP Computing Collaborations for the Challenges of the Next Decade,S. Campana et al.,2203.07237,https://arxiv.org/abs/2203.07237,CompF,Computational,General - centered on this frontier:,papers/2203.07237.pdf,https://www.slac.stanford.edu/econf/C210711/papers/2203.07237.pdf
166,,Software and Computing for Small HEP Experiments,D. Casper et al.,2203.07645,https://arxiv.org/abs/2203.07645,CompF,Computational,General - centered on this frontier:,papers/2203.07645.pdf,https://www.slac.stanford.edu/econf/C210711/papers/2203.07645.pdf
167,,"Modeling, Statistics, Simulations, and Computing Needs for Direct Dark Matter Detection",Y. Kahn et al.,2203.07700,https://arxiv.org/abs/2203.07700,CompF,Computational,General - centered on this frontier:,papers/2203.07700.pdf,https://www.slac.stanford.edu/econf/C210711/papers/2203.07700.pdf
168,,Dark-matter And Neutrino Computation Explored (DANCE) Community Input to Snowmass,A. Roberts et al.,2203.08338,https://arxiv.org/abs/2203.08338,CompF,Computational,General - centered on this frontier:,papers/2203.08338.pdf,https://www.slac.stanford.edu/econf/C210711/papers/2203.08338.pdf
169,,Evolution of HEP Processing Frameworks,C. D. Jones et al.,2203.14345,https://arxiv.org/abs/2203.14345,CompF,Computational,General - centered on this frontier:,papers/2203.14345.pdf,https://www.slac.stanford.edu/econf/C210711/papers/2203.14345.pdf
170,,The Sanford Underground Research Facility,J. Heise.,2203.08293,https://arxiv.org/abs/2203.08293,CompF,Computational,General - cross-listed:,papers/2203.08293.pdf,https://www.slac.stanford.edu/econf/C210711/papers/2203.08293.pdf
171,,In Search of Excellence and Equity in Physics,E. Barzi et al.,2203.10393,https://arxiv.org/abs/2203.10393,CompF,Computational,General - cross-listed:,papers/2203.10393.pdf,https://www.slac.stanford.edu/econf/C210711/papers/2203.10393.pdf
172,,How Community Agreements Can Improve Workplace Culture in Physics,E. Barzi et al.,2209.06755,https://arxiv.org/abs/2209.06755,CompF,Computational,General - cross-listed:,papers/2209.06755.pdf,https://www.slac.stanford.edu/econf/C210711/papers/2209.06755.pdf
173,,DUNE Software and High Performance Computing,B. Fleming et al.,2203.06104,https://arxiv.org/abs/2203.06104,CompF,Computational,Experimental Algorithm Parallelization,papers/2203.06104.pdf,https://www.slac.stanford.edu/econf/C210711/papers/2203.06104.pdf
174,,Portability: A Necessary Approach for Future Scientific Software,M. Bhattacharya et al.,2203.09945,https://arxiv.org/abs/2203.09945,CompF,Computational,Experimental Algorithm Parallelization,papers/2203.09945.pdf,https://www.slac.stanford.edu/econf/C210711/papers/2203.09945.pdf
175,,Challenges in Monte Carlo Event Generator Software for High-Luminosity LHC,A. Valassi et al.,2004.13687,https://arxiv.org/abs/2004.13687,CompF,Computational,Theoretical Calculations and Simulations,papers/2004.13687.pdf,https://www.slac.stanford.edu/econf/C210711/papers/2004.13687.pdf
176,,Vector Boson Fusion at Multi-TeV Muon Colliders,A. Costantini et al.,2005.10289,https://arxiv.org/abs/2005.10289,CompF,Computational,Theoretical Calculations and Simulations,papers/2005.10289.pdf,https://www.slac.stanford.edu/econf/C210711/papers/2005.10289.pdf
177,,"HL-LHC Computing Review Stage-2, Common Software Projects: Event Generators",E. Yazgan et al. (HSF Physics Event Generator Working Group),2109.14938,https://arxiv.org/abs/2109.14938,CompF,Computational,Theoretical Calculations and Simulations,papers/2109.14938.pdf,https://www.slac.stanford.edu/econf/C210711/papers/2109.14938.pdf
178,,The Effective Vector Boson Approximation in High-Energy Muon Collisions,R. Ruiz et al.,2111.02442,https://arxiv.org/abs/2111.02442,CompF,Computational,Theoretical Calculations and Simulations,papers/2111.02442.pdf,https://www.slac.stanford.edu/econf/C210711/papers/2111.02442.pdf
179,,Lattice QCD Calculations of Parton Physics,M. Constantinou et al.,2202.07193,https://arxiv.org/abs/2202.07193,CompF,Computational,Theoretical Calculations and Simulations,papers/2202.07193.pdf,https://www.slac.stanford.edu/econf/C210711/papers/2202.07193.pdf
180,,Detector and Beamline Simulation for Next-Generation High Energy Physics Experiments,S. Banerjee et al.,2203.07614,https://arxiv.org/abs/2203.07614,CompF,Computational,Theoretical Calculations and Simulations,papers/2203.07614.pdf,https://www.slac.stanford.edu/econf/C210711/papers/2203.07614.pdf
181,,The Numerical Conformal Bootstrap,D. Poland et al.,2203.08117,https://arxiv.org/abs/2203.08117,CompF,Computational,Theoretical Calculations and Simulations,papers/2203.08117.pdf,https://www.slac.stanford.edu/econf/C210711/papers/2203.08117.pdf
182,,Numerical Relativity for Next-Generation Gravitational-Wave Probes of Fundamental Physics,F. Foucart et al.,2203.08139,https://arxiv.org/abs/2203.08139,CompF,Computational,Theoretical Calculations and Simulations,papers/2203.08139.pdf,https://www.slac.stanford.edu/econf/C210711/papers/2203.08139.pdf
183,,Accelerator Modeling Community White Paper,S. Biedron et al.,2203.08335,https://arxiv.org/abs/2203.08335,CompF,Computational,Theoretical Calculations and Simulations,papers/2203.08335.pdf,https://www.slac.stanford.edu/econf/C210711/papers/2203.08335.pdf
184,,"Theoretical Tools for Neutrino Scattering: Interplay between Lattice QCD, EFTs, Nuclear Physics, Phenomenology, and Neutrino Event Generators",L. Alvarez Ruso et al.,2203.09030,https://arxiv.org/abs/2203.09030,CompF,Computational,Theoretical Calculations and Simulations,papers/2203.09030.pdf,https://www.slac.stanford.edu/econf/C210711/papers/2203.09030.pdf
185,,Celeritas: GPU-Accelerated Particle Transport for Detector Simulation in High Energy Physics Experiments,S. C. Tognini et al.,2203.09467,https://arxiv.org/abs/2203.09467,CompF,Computational,Theoretical Calculations and Simulations,papers/2203.09467.pdf,https://www.slac.stanford.edu/econf/C210711/papers/2203.09467.pdf
186,,Discovering New Physics in Rare Kaon Decays,T. Blum et al.,2203.10998,https://arxiv.org/abs/2203.10998,CompF,Computational,Theoretical Calculations and Simulations,papers/2203.10998.pdf,https://www.slac.stanford.edu/econf/C210711/papers/2203.10998.pdf
187,,Event Generators for High-Energy Physics Experiments,J. M. Campbell et al.,2203.11110,https://arxiv.org/abs/2203.11110,CompF,Computational,Theoretical Calculations and Simulations,papers/2203.11110.pdf,https://www.slac.stanford.edu/econf/C210711/papers/2203.11110.pdf
188,,PetaVolts per Meter Plasmonics,A. A. Sahai et al.,2203.11623,https://arxiv.org/abs/2203.11623,CompF,Computational,Theoretical Calculations and Simulations,papers/2203.11623.pdf,https://www.slac.stanford.edu/econf/C210711/papers/2203.11623.pdf
189,,Lattice QCD and the Computational Frontier,P. Boyle et al.,2204.00039,https://arxiv.org/abs/2204.00039,CompF,Computational,Theoretical Calculations and Simulations,papers/2204.00039.pdf,https://www.slac.stanford.edu/econf/C210711/papers/2204.00039.pdf
190,,Computational Challenges for Multi-Loop Collider Phenomenology,F. Febres Cordero et al.,2204.04200,https://arxiv.org/abs/2204.04200,CompF,Computational,Theoretical Calculations and Simulations,papers/2204.04200.pdf,https://www.slac.stanford.edu/econf/C210711/papers/2204.04200.pdf
191,,Impact of Lattice s(x)−sbar(x) Data in the CTEQ-TEA Global Analysis,T.-J. Hou et al.,2204.07944,https://arxiv.org/abs/2204.07944,CompF,Computational,Theoretical Calculations and Simulations,papers/2204.07944.pdf,https://www.slac.stanford.edu/econf/C210711/papers/2204.07944.pdf
192,,A Lattice QCD Perspective on /weak //decays of b and c Quarks,P. Boyle et al.,2205.15373,https://arxiv.org/abs/2205.15373,CompF,Computational,Theoretical Calculations and Simulations,papers/2205.15373.pdf,https://www.slac.stanford.edu/econf/C210711/papers/2205.15373.pdf
193,,Lattice QCD and Particle Physics,A. S. Kronfeld et al.,2207.07641,https://arxiv.org/abs/2207.07641,CompF,Computational,Theoretical Calculations and Simulations,papers/2207.07641.pdf,https://www.slac.stanford.edu/econf/C210711/papers/2207.07641.pdf
194,,The LHC Olympics 2020: A Community Challenge for Anomaly Detection in High Energy Physics,G. Kasieczka et al.,2101.08320,https://arxiv.org/abs/2101.08320,CompF,Computational,Machine Learning,papers/2101.08320.pdf,https://www.slac.stanford.edu/econf/C210711/papers/2101.08320.pdf
195,,Event-Based Anomaly Detection for New Physics Searches at the LHC using Machine Learning,S. V. Chekanov et al.,2111.12119,https://arxiv.org/abs/2111.12119,CompF,Computational,Machine Learning,papers/2111.12119.pdf,https://www.slac.stanford.edu/econf/C210711/papers/2111.12119.pdf
196,,Applications of Machine Learning to Lattice Quantum Field Theory,D. Boyda et al.,2202.05838,https://arxiv.org/abs/2202.05838,CompF,Computational,Machine Learning,papers/2202.05838.pdf,https://www.slac.stanford.edu/econf/C210711/papers/2202.05838.pdf
197,,Adaptive Machine Learning for Time-Varying Systems: Towards 6D Phase Space Diagnostics of Short Intense Charged Particle Beams,"A. Scheinker, S. Gessner.",2203.04391,https://arxiv.org/abs/2203.04391,CompF,Computational,Machine Learning,papers/2203.04391.pdf,https://www.slac.stanford.edu/econf/C210711/papers/2203.04391.pdf
198,,Solving Simulation Systematics in and with AI/ML,B. Viren et al.,2203.06112,https://arxiv.org/abs/2203.06112,CompF,Computational,Machine Learning,papers/2203.06112.pdf,https://www.slac.stanford.edu/econf/C210711/papers/2203.06112.pdf
199,,Symmetry Group Equivariant Architectures for Physics,A. Bogatskiy et al.,2203.06153,https://arxiv.org/abs/2203.06153,CompF,Computational,Machine Learning,papers/2203.06153.pdf,https://www.slac.stanford.edu/econf/C210711/papers/2203.06153.pdf
200,,Improving Di-Higgs Sensitivity at Future Colliders in Hadronic Final States with Machine Learning,D. Diaz et al.,2203.07353,https://arxiv.org/abs/2203.07353,CompF,Computational,Machine Learning,papers/2203.07353.pdf,https://www.slac.stanford.edu/econf/C210711/papers/2203.07353.pdf
201,,Innovations in Trigger and Data Acquisition Systems for Next-Generation Physics Facilities,R. Bartoldus et al.,2203.07620,https://arxiv.org/abs/2203.07620,CompF,Computational,Machine Learning,papers/2203.07620.pdf,https://www.slac.stanford.edu/econf/C210711/papers/2203.07620.pdf
202,,Machine Learning and Cosmology,C. Dvorkin et al.,2203.08056,https://arxiv.org/abs/2203.08056,CompF,Computational,Machine Learning,papers/2203.08056.pdf,https://www.slac.stanford.edu/econf/C210711/papers/2203.08056.pdf
203,,New Directions for Surrogate Models and Differentiable Programming for High Energy Physics Detector Simulation,A. Adelmann et al.,2203.08806,https://arxiv.org/abs/2203.08806,CompF,Computational,Machine Learning,papers/2203.08806.pdf,https://www.slac.stanford.edu/econf/C210711/papers/2203.08806.pdf
204,,Deep learning applications for quality control in particle detector construction,N. Akchurin et al.,2203.08969,https://arxiv.org/abs/2203.08969,CompF,Computational,Machine Learning,papers/2203.08969.pdf,https://www.slac.stanford.edu/econf/C210711/papers/2203.08969.pdf
205,,"Graph Neural Networks in Particle Physics: Implementations, Innovations, and Challenges",S. Thais et al.,2203.12852,https://arxiv.org/abs/2203.12852,CompF,Computational,Machine Learning,papers/2203.12852.pdf,https://www.slac.stanford.edu/econf/C210711/papers/2203.12852.pdf
206,,"Physics Community Needs, Tools, and Resources for Machine Learning",P. Harris et al.,2203.16255,https://arxiv.org/abs/2203.16255,CompF,Computational,Machine Learning,papers/2203.16255.pdf,https://www.slac.stanford.edu/econf/C210711/papers/2203.16255.pdf
207,,Explainable AI for High Energy Physics,M. S. Neubauer et al.,2206.06632,https://arxiv.org/abs/2206.06632,CompF,Computational,Machine Learning,papers/2206.06632.pdf,https://www.slac.stanford.edu/econf/C210711/papers/2206.06632.pdf
208,,Data Science and Machine Learning in Education,G. Benelli et al.,2207.09060,https://arxiv.org/abs/2207.09060,CompF,Computational,Machine Learning,papers/2207.09060.pdf,https://www.slac.stanford.edu/econf/C210711/papers/2207.09060.pdf
209,,Interpretable Uncertainty Quantification in AI for HEP,T. Y. Chen et al.,2208.03284,https://arxiv.org/abs/2208.03284,CompF,Computational,Machine Learning,papers/2208.03284.pdf,https://www.slac.stanford.edu/econf/C210711/papers/2208.03284.pdf
210,,Deploying In-Network Caches in Support of Distributed Scientific Data Sharing,A. Sim et al.,2203.06843,https://arxiv.org/abs/2203.06843,CompF,Computational,Storage and Processing Resource Access,papers/2203.06843.pdf,https://www.slac.stanford.edu/econf/C210711/papers/2203.06843.pdf
211,,Data Storage for HEP Experiments in the Era of High-Performance Computing,A. Bashyal et al.,2203.07885,https://arxiv.org/abs/2203.07885,CompF,Computational,Storage and Processing Resource Access,papers/2203.07885.pdf,https://www.slac.stanford.edu/econf/C210711/papers/2203.07885.pdf
212,,Analysis Facilities for HL-LHC,D. Benjamin et al.,2203.08010,https://arxiv.org/abs/2203.08010,CompF,Computational,Storage and Processing Resource Access,papers/2203.08010.pdf,https://www.slac.stanford.edu/econf/C210711/papers/2203.08010.pdf
213,,Data Transfer and Network Services Management for Domain Science Workflows,T. Lehman et al.,2203.08280,https://arxiv.org/abs/2203.08280,CompF,Computational,Storage and Processing Resource Access,papers/2203.08280.pdf,https://www.slac.stanford.edu/econf/C210711/papers/2203.08280.pdf
214,,Towards an HPC Complementary Computing Facility,K. Herner et al.,2203.08861,https://arxiv.org/abs/2203.08861,CompF,Computational,Storage and Processing Resource Access,papers/2203.08861.pdf,https://www.slac.stanford.edu/econf/C210711/papers/2203.08861.pdf
215,,Analysis Cyberinfrastructure: Challenges and Opportunities,K. Lannon et al.,2203.08811,https://arxiv.org/abs/2203.08811,CompF,Computational,Storage and Processing Resource Access,papers/2203.08811.pdf,https://www.slac.stanford.edu/econf/C210711/papers/2203.08811.pdf
216,,Collaborative Computing Support for Analysis Facilities Exploiting Software as Infrastructure Techniques,M. Acosta Flechas et al.,2203.10161,https://arxiv.org/abs/2203.10161,CompF,Computational,Storage and Processing Resource Access,papers/2203.10161.pdf,https://www.slac.stanford.edu/econf/C210711/papers/2203.10161.pdf
217,,Jas4pp - a Data-Analysis Framework for Physics and Detector Studies,S. V. Chekanov et al.,2011.05329,https://arxiv.org/abs/2011.05329,CompF,Computational,End User Analysis,papers/2011.05329.pdf,https://www.slac.stanford.edu/econf/C210711/papers/2011.05329.pdf
218,,"HL-LHC Computing Review Stage 2, Common Software Projects: Data Science Tools for Analysis",J. Pivarski et al.,2202.02194,https://arxiv.org/abs/2202.02194,CompF,Computational,End User Analysis,papers/2202.02194.pdf,https://www.slac.stanford.edu/econf/C210711/papers/2202.02194.pdf
219,,Belle II Grid-Based User Analysis,J. V. Bennett et al.,2203.07564,https://arxiv.org/abs/2203.07564,CompF,Computational,End User Analysis,papers/2203.07564.pdf,https://www.slac.stanford.edu/econf/C210711/papers/2203.07564.pdf
220,,Analysis Description Language: A DSL for HEP Analysis,H. B. Prosper et al.,2203.09886,https://arxiv.org/abs/2203.09886,CompF,Computational,End User Analysis,papers/2203.09886.pdf,https://www.slac.stanford.edu/econf/C210711/papers/2203.09886.pdf
221,,The CAFAna Framework for Neutrino Analysis,C. Backhouse et al.,2203.13768,https://arxiv.org/abs/2203.13768,CompF,Computational,End User Analysis,papers/2203.13768.pdf,https://www.slac.stanford.edu/econf/C210711/papers/2203.13768.pdf
222,,Tensor Networks for High Energy Physics,Y. Meurice et al.,2203.04902,https://arxiv.org/abs/2203.04902,CompF,Computational,Quantum Computing,papers/2203.04902.pdf,https://www.slac.stanford.edu/econf/C210711/papers/2203.04902.pdf
223,,Ion Coulomb Crystals in Storage Rings for Quantum Information Science,S. Brooks et al.,2203.06809,https://arxiv.org/abs/2203.06809,CompF,Computational,Quantum Computing,papers/2203.06809.pdf,https://www.slac.stanford.edu/econf/C210711/papers/2203.06809.pdf
224,,Quantum Computing Systems and Software for High-energy Physics Research,T. S. Humble et al.,2203.07091,https://arxiv.org/abs/2203.07091,CompF,Computational,Quantum Computing,papers/2203.07091.pdf,https://www.slac.stanford.edu/econf/C210711/papers/2203.07091.pdf
225,,Quantum Computing for Data Analysis in High-Energy Physics,A. Delgado et al.,2203.08805,https://arxiv.org/abs/2203.08805,CompF,Computational,Quantum Computing,papers/2203.08805.pdf,https://www.slac.stanford.edu/econf/C210711/papers/2203.08805.pdf
226,,Simulations for the Development of Quantum Computational Devices for HEP,"J. B. Kowalkowski, A. L. Lyon.",2203.09740,https://arxiv.org/abs/2203.09740,CompF,Computational,Quantum Computing,papers/2203.09740.pdf,https://www.slac.stanford.edu/econf/C210711/papers/2203.09740.pdf
227,,"Searches for New Particles, Dark Matter, and Gravitational Waves with SRF Cavities",A. Berlin et al.,2203.12714,https://arxiv.org/abs/2203.12714,CompF,Computational,Quantum Computing,papers/2203.12714.pdf,https://www.slac.stanford.edu/econf/C210711/papers/2203.12714.pdf
228,,Quantum Networks for High Energy Physics,A. Derevianko et al.,2203.16979,https://arxiv.org/abs/2203.16979,CompF,Computational,Quantum Computing,papers/2203.16979.pdf,https://www.slac.stanford.edu/econf/C210711/papers/2203.16979.pdf
229,,Quantum Simulation for High Energy Physics,C. W. Bauer et al.,2204.03381,https://arxiv.org/abs/2204.03381,CompF,Computational,Quantum Computing,papers/2204.03381.pdf,https://www.slac.stanford.edu/econf/C210711/papers/2204.03381.pdf
230,,Quantum Computing Hardware for HEP Algorithms and Sensing,M. S. Alam et al.,2204.08605,https://arxiv.org/abs/2204.08605,CompF,Computational,Quantum Computing,papers/2204.08605.pdf,https://www.slac.stanford.edu/econf/C210711/papers/2204.08605.pdf
231,,Data Preservation for Cosmology,M. Alvarez et al.,2203.08113,https://arxiv.org/abs/2203.08113,CompF,Computational,Reinterpretation and Long-Term Preservation of Data and Code,papers/2203.08113.pdf,https://www.slac.stanford.edu/econf/C210711/papers/2203.08113.pdf
232,,"Data and Analysis Preservation, Recasting, and Reinterpretation",S. Bailey et al.,2203.10057,https://arxiv.org/abs/2203.10057,CompF,Computational,Reinterpretation and Long-Term Preservation of Data and Code,papers/2203.10057.pdf,https://www.slac.stanford.edu/econf/C210711/papers/2203.10057.pdf
233,,"When, Where, and How to Open Data: A Personal Perspective",B. Nachman.,2208.07910,https://arxiv.org/abs/2208.07910,CompF,Computational,Reinterpretation and Long-Term Preservation of Data and Code,papers/2208.07910.pdf,https://www.slac.stanford.edu/econf/C210711/papers/2208.07910.pdf
234,,"CMB-HD: An Ultra-Deep, High Resolution Millimeter Wave Survey over Half the Sky",N. Sehgal et al.,1906.10134,https://arxiv.org/abs/1906.10134,CF,Cosmic,General - centered on this frontier:,papers/1906.10134.pdf,https://www.slac.stanford.edu/econf/C210711/papers/1906.10134.pdf
235,,"The Forward Physics Facility: Sites, Experiments, and Physics Potential",L. A. Anchordoqui et al.,2109.10905,https://arxiv.org/abs/2109.10905,CF,Cosmic,General - centered on this frontier:,papers/2109.10905.pdf,https://www.slac.stanford.edu/econf/C210711/papers/2109.10905.pdf
236,,The Forward Physics Facility at the High-Luminosity LHC,J. L. Feng et al.,2203.05090,https://arxiv.org/abs/2203.05090,CF,Cosmic,General - centered on this frontier:,papers/2203.05090.pdf,https://www.slac.stanford.edu/econf/C210711/papers/2203.05090.pdf
237,,Early-Universe Model Building,P. Asadi et al.,2203.06680,https://arxiv.org/abs/2203.06680,CF,Cosmic,General - centered on this frontier:,papers/2203.06680.pdf,https://www.slac.stanford.edu/econf/C210711/papers/2203.06680.pdf
238,,CMB-S4 White Paper,K. Abazajian et al.,2203.08024,https://arxiv.org/abs/2203.08024,CF,Cosmic,General - centered on this frontier:,papers/2203.08024.pdf,https://www.slac.stanford.edu/econf/C210711/papers/2203.08024.pdf
239,,Precision Studies of Spacetime Symmetries and Gravitational Physics,E. Adelberger et al.,2203.09691,https://arxiv.org/abs/2203.09691,CF,Cosmic,General - centered on this frontier:,papers/2203.09691.pdf,https://www.slac.stanford.edu/econf/C210711/papers/2203.09691.pdf
240,,"Searches for New Particles, Dark Matter, and Gravitational Waves with SRF Cavities",A. Berlin et al.,2203.12714,https://arxiv.org/abs/2203.12714,CF,Cosmic,General - centered on this frontier:,papers/2203.12714.pdf,https://www.slac.stanford.edu/econf/C210711/papers/2203.12714.pdf
241,,"Quantum Sensors for HEP Science – Interferometers, Mechanics, Traps, and Clocks",D. Carney et al.,2203.07250,https://arxiv.org/abs/2203.07250,CF,Cosmic,General - cross-listed:,papers/2203.07250.pdf,https://www.slac.stanford.edu/econf/C210711/papers/2203.07250.pdf
242,,Detector and Beamline Simulation for Next-Generation High Energy Physics Experiments,S. Banerjee,2203.07614,https://arxiv.org/abs/2203.07614,CF,Cosmic,General - cross-listed:,papers/2203.07614.pdf,https://www.slac.stanford.edu/econf/C210711/papers/2203.07614.pdf
243,,Software and Computing for Small HEP Experiments,D. Casper et al.,2203.07645,https://arxiv.org/abs/2203.07645,CF,Cosmic,General - cross-listed:,papers/2203.07645.pdf,https://www.slac.stanford.edu/econf/C210711/papers/2203.07645.pdf
244,,Data Preservation for Cosmology,M. Alvarez et al.,2203.08113,https://arxiv.org/abs/2203.08113,CF,Cosmic,General - cross-listed:,papers/2203.08113.pdf,https://www.slac.stanford.edu/econf/C210711/papers/2203.08113.pdf
245,,The Sanford Underground Research Facility,J. Heise.,2203.08293,https://arxiv.org/abs/2203.08293,CF,Cosmic,General - cross-listed:,papers/2203.08293.pdf,https://www.slac.stanford.edu/econf/C210711/papers/2203.08293.pdf
246,,High Energy & High Luminosity γγ Colliders,E. Barzi et al.,2203.08353,https://arxiv.org/abs/2203.08353,CF,Cosmic,General - cross-listed:,papers/2203.08353.pdf,https://www.slac.stanford.edu/econf/C210711/papers/2203.08353.pdf
247,,The European Spallation Source Neutrino Super Beam,A. Alekou et al.,2203.08803,https://arxiv.org/abs/2203.08803,CF,Cosmic,General - cross-listed:,papers/2203.08803.pdf,https://www.slac.stanford.edu/econf/C210711/papers/2203.08803.pdf
248,,A Facility for Low-Radioactivity Underground Argon,H. O. Back et al.,2203.09734,https://arxiv.org/abs/2203.09734,CF,Cosmic,General - cross-listed:,papers/2203.09734.pdf,https://www.slac.stanford.edu/econf/C210711/papers/2203.09734.pdf
249,,Theory Frontier: Theory Meets the Lab,R. Essig et al.,2203.10089,https://arxiv.org/abs/2203.10089,CF,Cosmic,General - cross-listed:,papers/2203.10089.pdf,https://www.slac.stanford.edu/econf/C210711/papers/2203.10089.pdf
250,,In Search of Excellence and Equity in Physics,E. Barzi et al.,2203.10393,https://arxiv.org/abs/2203.10393,CF,Cosmic,General - cross-listed:,papers/2203.10393.pdf,https://www.slac.stanford.edu/econf/C210711/papers/2203.10393.pdf
251,,Event Generators for High-Energy Physics Experiments,J. M. Campbell et al.,2203.11110,https://arxiv.org/abs/2203.11110,CF,Cosmic,General - cross-listed:,papers/2203.11110.pdf,https://www.slac.stanford.edu/econf/C210711/papers/2203.11110.pdf
252,,Japan’s Strategy for Future Projects in High Energy Physics,M. Endo et al.,2203.13979,https://arxiv.org/abs/2203.13979,CF,Cosmic,General - cross-listed:,papers/2203.13979.pdf,https://www.slac.stanford.edu/econf/C210711/papers/2203.13979.pdf
253,,Superconducting Nanowire Single-Photon Detectors and Effect of Accumulation and Unsteady Releases of Excess Energy in Materials,S. Pereverzev et al.,2204.01919,https://arxiv.org/abs/2204.01919,CF,Cosmic,General - cross-listed:,papers/2204.01919.pdf,https://www.slac.stanford.edu/econf/C210711/papers/2204.01919.pdf
254,,Lattice QCD and Particle Physics,A. S. Kronfeld et al.,2207.07641,https://arxiv.org/abs/2207.07641,CF,Cosmic,General - cross-listed:,papers/2207.07641.pdf,https://www.slac.stanford.edu/econf/C210711/papers/2207.07641.pdf
255,,How Community Agreements Can Improve Workplace Culture in Physics,E. Barzi et al.,2209.06755,https://arxiv.org/abs/2209.06755,CF,Cosmic,General - cross-listed:,papers/2209.06755.pdf,https://www.slac.stanford.edu/econf/C210711/papers/2209.06755.pdf
256,,Hidden Sectors and a Multi-Temperature Universe,A. Aboubrahim et al.,2106.06494,https://arxiv.org/abs/2106.06494,CF,Cosmic,Dark Matter: Particle-like,papers/2106.06494.pdf,https://www.slac.stanford.edu/econf/C210711/papers/2106.06494.pdf
257,,Higgs Portal Vector Dark Matter Interpretation: Review of Effective Field Theory Approach and Ultraviolet Complete Models,M. Zaazoua et al.,2107.01252,https://arxiv.org/abs/2107.01252,CF,Cosmic,Dark Matter: Particle-like,papers/2107.01252.pdf,https://www.slac.stanford.edu/econf/C210711/papers/2107.01252.pdf
258,,Portal Matter and Dark Sector Phenomenology at Colliders,T. G. Rizzo.,2202.02222,https://arxiv.org/abs/2202.02222,CF,Cosmic,Dark Matter: Particle-like,papers/2202.02222.pdf,https://www.slac.stanford.edu/econf/C210711/papers/2202.02222.pdf
259,,A Next-Generation Liquid Xenon Observatory for Dark Matter and Neutrino Physics,J. Aalbers et al.,2203.02309,https://arxiv.org/abs/2203.02309,CF,Cosmic,Dark Matter: Particle-like,papers/2203.02309.pdf,https://www.slac.stanford.edu/econf/C210711/papers/2203.02309.pdf
260,,Light Dark Matter Detection with Hydrogen-Rich Crystals and Low-Tc TES Detectors,G. Wang et al.,2201.04219,https://arxiv.org/abs/2201.04219,CF,Cosmic,Dark Matter: Particle-like,papers/2201.04219.pdf,https://www.slac.stanford.edu/econf/C210711/papers/2201.04219.pdf
261,,Passive Low Energy Nuclear Recoil Detection with Color Centers – PALEOCCENE,K. Alfonso et al.,2203.05525,https://arxiv.org/abs/2203.05525,CF,Cosmic,Dark Matter: Particle-like,papers/2203.05525.pdf,https://www.slac.stanford.edu/econf/C210711/papers/2203.05525.pdf
262,,"Recoil Imaging for Dark Matter, Neutrinos, and Physics Beyond the Standard Model",C. A. J. O'Hare et al.,2203.05914,https://arxiv.org/abs/2203.05914,CF,Cosmic,Dark Matter: Particle-like,papers/2203.05914.pdf,https://www.slac.stanford.edu/econf/C210711/papers/2203.05914.pdf
263,,Directional Detection of Dark Matter Using Solid-State Quantum Sensing,R. Ebadi et al.,2203.06037,https://arxiv.org/abs/2203.06037,CF,Cosmic,Dark Matter: Particle-like,papers/2203.06037.pdf,https://www.slac.stanford.edu/econf/C210711/papers/2203.06037.pdf
264,,DUNE Physics Summary,A. Abed Abud et al. (DUNE Collaboration),2203.06100,https://arxiv.org/abs/2203.06100,CF,Cosmic,Dark Matter: Particle-like,papers/2203.06100.pdf,https://www.slac.stanford.edu/econf/C210711/papers/2203.06100.pdf
265,,High-Pressure TPCs in Pressurized Caverns: Opportunities in Dark Matter and Neutrino Physics,B. Monreal.,2203.06262,https://arxiv.org/abs/2203.06262,CF,Cosmic,Dark Matter: Particle-like,papers/2203.06262.pdf,https://www.slac.stanford.edu/econf/C210711/papers/2203.06262.pdf
266,,Ultraheavy particle dark matter,D. Carney et al.,2203.06508,https://arxiv.org/abs/2203.06508,CF,Cosmic,Dark Matter: Particle-like,papers/2203.06508.pdf,https://www.slac.stanford.edu/econf/C210711/papers/2203.06508.pdf
267,,Synergies between Dark Matter Searches and Multiwavelength/Multimessenger Astrophysics,S. Ando et al.,2203.06781,https://arxiv.org/abs/2203.06781,CF,Cosmic,Dark Matter: Particle-like,papers/2203.06781.pdf,https://www.slac.stanford.edu/econf/C210711/papers/2203.06781.pdf
268,,Puzzling Excesses in Dark Matter Searches and How to Resolve Them,R. K. Leane et al.,2203.06859,https://arxiv.org/abs/2203.06859,CF,Cosmic,Dark Matter: Particle-like,papers/2203.06859.pdf,https://www.slac.stanford.edu/econf/C210711/papers/2203.06859.pdf
269,,The Landscape of Cosmic-Ray and High-Energy Photon Probes of Particle Dark Matter,T. Aramaki et al.,2203.06894,https://arxiv.org/abs/2203.06894,CF,Cosmic,Dark Matter: Particle-like,papers/2203.06894.pdf,https://www.slac.stanford.edu/econf/C210711/papers/2203.06894.pdf
270,,The Windchime Project,A. Attanasio et al. (Windchime Collaboration),2203.07242,https://arxiv.org/abs/2203.07242,CF,Cosmic,Dark Matter: Particle-like,papers/2203.07242.pdf,https://www.slac.stanford.edu/econf/C210711/papers/2203.07242.pdf
271,,WIMP Dark Matter at High Energy Muon Colliders,T. Han et al.,2203.07351,https://arxiv.org/abs/2203.07351,CF,Cosmic,Dark Matter: Particle-like,papers/2203.07351.pdf,https://www.slac.stanford.edu/econf/C210711/papers/2203.07351.pdf
272,,Light Dark Matter Direct Detection at the Interface With Condensed Matter Physics,A. Mitridate et al.,2203.07492,https://arxiv.org/abs/2203.07492,CF,Cosmic,Dark Matter: Particle-like,papers/2203.07492.pdf,https://www.slac.stanford.edu/econf/C210711/papers/2203.07492.pdf
273,,The International Linear Collider,A. Aryshev et al.,2203.07622,https://arxiv.org/abs/2203.07622,CF,Cosmic,Dark Matter: Particle-like,papers/2203.07622.pdf,https://www.slac.stanford.edu/econf/C210711/papers/2203.07622.pdf
274,,Calibrations and Backgrounds for Dark Matter Direct Detection,D. Baxter et al.,2203.07623,https://arxiv.org/abs/2203.07623,CF,Cosmic,Dark Matter: Particle-like,papers/2203.07623.pdf,https://www.slac.stanford.edu/econf/C210711/papers/2203.07623.pdf
275,,"Modeling, Statistics, Simulations, and Computing Needs for Direct Dark Matter Detection",Y. Kahn et al.,2203.07700,https://arxiv.org/abs/2203.07700,CF,Cosmic,Dark Matter: Particle-like,papers/2203.07700.pdf,https://www.slac.stanford.edu/econf/C210711/papers/2203.07700.pdf
276,,U(1)_T3R Extension of Standard Model: A Sub-GeV Dark Matter Model,B. Dutta et al.,2203.07786,https://arxiv.org/abs/2203.07786,CF,Cosmic,Dark Matter: Particle-like,papers/2203.07786.pdf,https://www.slac.stanford.edu/econf/C210711/papers/2203.07786.pdf
277,,"Introduction to a Low-Mass Dark Matter Project,ALETHEIA: A Liquid hElium Time projection cHambEr In dArk matter",J. Liao et al.,2203.07901,https://arxiv.org/abs/2203.07901,CF,Cosmic,Dark Matter: Particle-like,papers/2203.07901.pdf,https://www.slac.stanford.edu/econf/C210711/papers/2203.07901.pdf
278,,Dark Matter Direct Detection to the Neutrino Fog,D.S. Akerib et al.,2203.08084,https://arxiv.org/abs/2203.08084,CF,Cosmic,Dark Matter: Particle-like,papers/2203.08084.pdf,https://www.slac.stanford.edu/econf/C210711/papers/2203.08084.pdf
279,,The Landscape of Low-Threshold Dark Matter Direct Detection in the Next Decade,R. Essig et al.,2203.08297,https://arxiv.org/abs/2203.08297,CF,Cosmic,Dark Matter: Particle-like,papers/2203.08297.pdf,https://www.slac.stanford.edu/econf/C210711/papers/2203.08297.pdf
280,,A Strategy for Low-Mass Dark Matter Searches with Cryogenic Detectors in the SuperCDMS SNOLAB Facility,M. F. Albakry et al.,2203.08463,https://arxiv.org/abs/2203.08463,CF,Cosmic,Dark Matter: Particle-like,papers/2203.08463.pdf,https://www.slac.stanford.edu/econf/C210711/papers/2203.08463.pdf
281,,Low Background kTon-Scale Liquid Argon Time Projection Chambers,A. Avasthi et al.,2203.08821,https://arxiv.org/abs/2203.08821,CF,Cosmic,Dark Matter: Particle-like,papers/2203.08821.pdf,https://www.slac.stanford.edu/econf/C210711/papers/2203.08821.pdf
282,,Physics with the Phase-2 ATLAS and CMS Detectors,ATLAS and CMS Collaborations.,,https://cds.cern.ch/record/2806962,CF,Cosmic,Dark Matter: Particle-like,papers/CDS-2806962.pdf,https://www.slac.stanford.edu/econf/C210711/papers/CDS-2806962.pdf
283,,The COHERENT Experimental Program,D. Akimov et al.,2204.04575,https://arxiv.org/abs/2204.04575,CF,Cosmic,Dark Matter: Particle-like,papers/2204.04575.pdf,https://www.slac.stanford.edu/econf/C210711/papers/2204.04575.pdf
284,,A Grand Scan of the pMSSM Parameter Space for Snowmass 2021,J. Dickinson et al.,2207.05103,https://arxiv.org/abs/2207.05103,CF,Cosmic,Dark Matter: Particle-like,papers/2207.05103.pdf,https://www.slac.stanford.edu/econf/C210711/papers/2207.05103.pdf
285,,Dark Sector Studies with Neutrino Beams,B. Batell et al.,2207.06898,https://arxiv.org/abs/2207.06898,CF,Cosmic,Dark Matter: Particle-like,papers/2207.06898.pdf,https://www.slac.stanford.edu/econf/C210711/papers/2207.06898.pdf
286,,Exploring Dark Sector Portals with High Intensity Experiments,B. Batell et al.,2207.06905,https://arxiv.org/abs/2207.06905,CF,Cosmic,Dark Matter: Particle-like,papers/2207.06905.pdf,https://www.slac.stanford.edu/econf/C210711/papers/2207.06905.pdf
287,,Scintillating Bubble Chambers: Liquid-Noble Bubble Chambers for Dark Matter and CEνNS Detection,E. Alfonso-Pita et al.,2207.12400,https://arxiv.org/abs/2207.12400,CF,Cosmic,Dark Matter: Particle-like,papers/2207.12400.pdf,https://www.slac.stanford.edu/econf/C210711/papers/2207.12400.pdf
288,,Physics Opportunities in the ORNL Spallation Neutron Source Second Target Station Era,J. Asaadi et al.,2209.02883,https://arxiv.org/abs/2209.02883,CF,Cosmic,Dark Matter: Particle-like,papers/2209.02883.pdf,https://www.slac.stanford.edu/econf/C210711/papers/2209.02883.pdf
289,,Strong CP Beyond Axion Direct Detection,N. Blinov et al.,2203.07218,https://arxiv.org/abs/2203.07218,CF,Cosmic,Dark Matter: Wave-like,papers/2203.07218.pdf,https://www.slac.stanford.edu/econf/C210711/papers/2203.07218.pdf
290,,Quantum Sensors for High Precision Measurements of Spin-dependent Interactions,D. Budker et al.,2203.09488,https://arxiv.org/abs/2203.09488,CF,Cosmic,Dark Matter: Wave-like,papers/2203.09488.pdf,https://www.slac.stanford.edu/econf/C210711/papers/2203.09488.pdf
291,,New Horizons: Scalar and Vector Ultralight Dark Matter,D. Antypas et al.,2203.14915,https://arxiv.org/abs/2203.14915,CF,Cosmic,Dark Matter: Wave-like,papers/2203.14915.pdf,https://www.slac.stanford.edu/econf/C210711/papers/2203.14915.pdf
292,,Axion Dark Matter,J. Jaeckel et al. (Axion Prospects Collaboration),2203.14923,https://arxiv.org/abs/2203.14923,CF,Cosmic,Dark Matter: Wave-like,papers/2203.14923.pdf,https://www.slac.stanford.edu/econf/C210711/papers/2203.14923.pdf
293,,Observational Facilities to Study Dark Matter,S.Chakrabarti et al.,2203.06200,https://arxiv.org/abs/2203.06200,CF,Cosmic,Dark Matter: Cosmic Probes,papers/2203.06200.pdf,https://www.slac.stanford.edu/econf/C210711/papers/2203.06200.pdf
294,,Cosmological Simulations for Dark Matter Physics,A. Banerjee et al.,2203.07049,https://arxiv.org/abs/2203.07049,CF,Cosmic,Dark Matter: Cosmic Probes,papers/2203.07049.pdf,https://www.slac.stanford.edu/econf/C210711/papers/2203.07049.pdf
295,,Dark Matter Physics from the CMB-S4 Experiment,C. Dvorkin et al.,2203.07064,https://arxiv.org/abs/2203.07064,CF,Cosmic,Dark Matter: Cosmic Probes,papers/2203.07064.pdf,https://www.slac.stanford.edu/econf/C210711/papers/2203.07064.pdf
296,,Vera C. Rubin Observatory as a Flagship Dark Matter Experiment,Y.-Y. Mao et al.,2203.07252,https://arxiv.org/abs/2203.07252,CF,Cosmic,Dark Matter: Cosmic Probes,papers/2203.07252.pdf,https://www.slac.stanford.edu/econf/C210711/papers/2203.07252.pdf
297,,Dark Matter Physics from Halo Measurements,K. Bechtol et al.,2203.07354,https://arxiv.org/abs/2203.07354,CF,Cosmic,Dark Matter: Cosmic Probes,papers/2203.07354.pdf,https://www.slac.stanford.edu/econf/C210711/papers/2203.07354.pdf
298,,Prospects for obtaining Dark Matter Constraints with DESI,M. Valluri et al.,2203.07491,https://arxiv.org/abs/2203.07491,CF,Cosmic,Dark Matter: Cosmic Probes,papers/2203.07491.pdf,https://www.slac.stanford.edu/econf/C210711/papers/2203.07491.pdf
299,,Dark Matter In Extreme Astrophysical Environments,M. Baryakhtar et al.,2203.07984,https://arxiv.org/abs/2203.07984,CF,Cosmic,Dark Matter: Cosmic Probes,papers/2203.07984.pdf,https://www.slac.stanford.edu/econf/C210711/papers/2203.07984.pdf
300,,Machine Learning and Cosmology,C. Dvorkin et al.,2203.08056,https://arxiv.org/abs/2203.08056,CF,Cosmic,Dark Matter: Cosmic Probes,papers/2203.08056.pdf,https://www.slac.stanford.edu/econf/C210711/papers/2203.08056.pdf
301,,A Lunar Farside Low Radio Frequency Array for Dark Ages 21-cm Cosmology,J. Burns et al.,2103.08623,https://arxiv.org/abs/2103.08623,CF,Cosmic,Dark Matter: Cosmic Probes,papers/2103.08623.pdf,https://www.slac.stanford.edu/econf/C210711/papers/2103.08623.pdf
302,,Primordial Black Hole Dark Matter,S. Bird et al.,2203.08967,https://arxiv.org/abs/2203.08967,CF,Cosmic,Dark Matter: Cosmic Probes,papers/2203.08967.pdf,https://www.slac.stanford.edu/econf/C210711/papers/2203.08967.pdf
303,,"More is Different: Non-Minimal Dark Sectors and Their Implications for Particle Physics, Astrophysics, and Cosmology – 13 Take-Away Lessons for Snowmass 2021",K. R. Dienes et al.,2203.17258,https://arxiv.org/abs/2203.17258,CF,Cosmic,Dark Matter: Cosmic Probes,papers/2203.17258.pdf,https://www.slac.stanford.edu/econf/C210711/papers/2203.17258.pdf
304,,Real-time Cosmology with High Precision Spectroscopy and Astrometry,S. Chakrabarti et al.,2203.05924,https://arxiv.org/abs/2203.05924,CF,Cosmic,Dark Energy and Cosmic Acceleration: The Modern Universe,papers/2203.05924.pdf,https://www.slac.stanford.edu/econf/C210711/papers/2203.05924.pdf
305,,Rubin Observatory after LSST,B. Blum et al.,2203.07220,https://arxiv.org/abs/2203.07220,CF,Cosmic,Dark Energy and Cosmic Acceleration: The Modern Universe,papers/2203.07220.pdf,https://www.slac.stanford.edu/econf/C210711/papers/2203.07220.pdf
306,,High Density Galaxy Clustering in the Regime of Cosmic Acceleration,K. Dawson et al.,2203.07291,https://arxiv.org/abs/2203.07291,CF,Cosmic,Dark Energy and Cosmic Acceleration: The Modern Universe,papers/2203.07291.pdf,https://www.slac.stanford.edu/econf/C210711/papers/2203.07291.pdf
307,,Cosmology and Fundamental Physics from the Three-Dimensional Large Scale Structure,S. Ferraro et al.,2203.07506,https://arxiv.org/abs/2203.07506,CF,Cosmic,Dark Energy and Cosmic Acceleration: The Modern Universe,papers/2203.07506.pdf,https://www.slac.stanford.edu/econf/C210711/papers/2203.07506.pdf
308,,Enabling Flagship Dark Energy Experiments to Reach their Full Potential,J. A. Blazek et al.,2204.01992,https://arxiv.org/abs/2204.01992,CF,Cosmic,Dark Energy and Cosmic Acceleration: The Modern Universe,papers/2204.01992.pdf,https://www.slac.stanford.edu/econf/C210711/papers/2204.01992.pdf
309,,The MegaMapper: A Stage-5 Spectroscopic Instrument Concept for the Study of Inflation and Dark Energy,D. J. Schlegel et al.,2209.04322,https://arxiv.org/abs/2209.04322,CF,Cosmic,Dark Energy and Cosmic Acceleration: The Modern Universe,papers/2209.04322.pdf,https://www.slac.stanford.edu/econf/C210711/papers/2209.04322.pdf
310,,CMB-HD White Paper,S. Aiola et al. (CMB-HD Collaboration).,2203.05728,https://arxiv.org/abs/2203.05728,CF,Cosmic,Dark Energy and Cosmic Acceleration: Cosmic Dawn and Before,papers/2203.05728.pdf,https://www.slac.stanford.edu/econf/C210711/papers/2203.05728.pdf
311,,Probing the Cosmic Dark Ages with the Lunar Crater Radio Telescope,A. Goel et al.,2205.05745,https://arxiv.org/abs/2205.05745,CF,Cosmic,Dark Energy and Cosmic Acceleration: Cosmic Dawn and Before,papers/arXiv:2205.05745.pdf,https://www.slac.stanford.edu/econf/C210711/papers/arXiv:2205.05745.pdf
312,,Cosmology with Millimeter-Wave Line Intensity Mapping,K. S. Karkare et al.,2203.07258,https://arxiv.org/abs/2203.07258,CF,Cosmic,Dark Energy and Cosmic Acceleration: Cosmic Dawn and Before,papers/2203.07258.pdf,https://www.slac.stanford.edu/econf/C210711/papers/2203.07258.pdf
313,,Cosmic Microwave Background Measurements White Paper,C. L. Chang et al.,2203.07638,https://arxiv.org/abs/2203.07638,CF,Cosmic,Dark Energy and Cosmic Acceleration: Cosmic Dawn and Before,papers/2203.07638.pdf,https://www.slac.stanford.edu/econf/C210711/papers/2203.07638.pdf
314,,21cm Radiation as a Probe of Physics Across Cosmic Ages,A. Liu et al.,2203.07864,https://arxiv.org/abs/2203.07864,CF,Cosmic,Dark Energy and Cosmic Acceleration: Cosmic Dawn and Before,papers/2203.07864.pdf,https://www.slac.stanford.edu/econf/C210711/papers/2203.07864.pdf
315,,The Physics of Light Relics,C. Dvorkin et al.,2203.07943,https://arxiv.org/abs/2203.07943,CF,Cosmic,Dark Energy and Cosmic Acceleration: Cosmic Dawn and Before,papers/2203.07943.pdf,https://www.slac.stanford.edu/econf/C210711/papers/2203.07943.pdf
316,,The Cosmological Bootstrap,D. Baumann et al.,2203.08121,https://arxiv.org/abs/2203.08121,CF,Cosmic,Dark Energy and Cosmic Acceleration: Cosmic Dawn and Before,papers/2203.08121.pdf,https://www.slac.stanford.edu/econf/C210711/papers/2203.08121.pdf
317,,Inflation: Theory and Observations,A. Achúcarro et al.,2203.08128,https://arxiv.org/abs/2203.08128,CF,Cosmic,Dark Energy and Cosmic Acceleration: Cosmic Dawn and Before,papers/2203.08128.pdf,https://www.slac.stanford.edu/econf/C210711/papers/2203.08128.pdf
318,,Opportunities from Cross-survey Analyses of Static Probes,E. J. Baxter et al.,2203.06795,https://arxiv.org/abs/2203.06795,CF,Cosmic,Dark Energy and Cosmic Acceleration: Complementarity of Probes and New Facilities,papers/2203.06795.pdf,https://www.slac.stanford.edu/econf/C210711/papers/2203.06795.pdf
319,,Multi-Experiment Probes for Dark Energy – Transients,A. G. Kim et al.,2203.11226,https://arxiv.org/abs/2203.11226,CF,Cosmic,Dark Energy and Cosmic Acceleration: Complementarity of Probes and New Facilities,papers/2203.11226.pdf,https://www.slac.stanford.edu/econf/C210711/papers/2203.11226.pdf
320,,"A Spectroscopic Road Map for Cosmic Frontier: DESI, DESI-II, Stage-5",D. J. Schlegel et al.,2209.03585,https://arxiv.org/abs/2209.03585,CF,Cosmic,Dark Energy and Cosmic Acceleration: Complementarity of Probes and New Facilities,papers/2209.03585.pdf,https://www.slac.stanford.edu/econf/C210711/papers/2209.03585.pdf
321,,Tau Neutrinos in the Next Decade: from GeV to EeV,R. Mammen Abraham et al.,2203.05591,https://arxiv.org/abs/2203.05591,CF,Cosmic,Cosmic Probes of Fundamental Physics,papers/2203.05591.pdf,https://www.slac.stanford.edu/econf/C210711/papers/2203.05591.pdf
322,,"Cosmology Intertwined: A Review of the Particle Physics, Astrophysics, and Cosmology Associated with the Cosmological Tensions and Anomalies",E. Abdalla et al.,2203.06142,https://arxiv.org/abs/2203.06142,CF,Cosmic,Cosmic Probes of Fundamental Physics,papers/2203.06142.pdf,https://www.slac.stanford.edu/econf/C210711/papers/2203.06142.pdf
323,,Cosmic Frontier: Fundamental Physics and Beyond the Standard Model,E. Berti et al.,2203.06240,https://arxiv.org/abs/2203.06240,CF,Cosmic,Cosmic Probes of Fundamental Physics,papers/2203.06240.pdf,https://www.slac.stanford.edu/econf/C210711/papers/2203.06240.pdf
324,,Prompt Electron and Tau Neutrinos and Antineutrinos in the Forward Region at the LHC,W. Bai et al.,2203.07212,https://arxiv.org/abs/2203.07212,CF,Cosmic,Cosmic Probes of Fundamental Physics,papers/2203.07212.pdf,https://www.slac.stanford.edu/econf/C210711/papers/2203.07212.pdf
325,,The Future of Gamma-Ray Experiments in the MeV-EeV Range,K. Engel et al.,2203.07360,https://arxiv.org/abs/2203.07360,CF,Cosmic,Cosmic Probes of Fundamental Physics,papers/2203.07360.pdf,https://www.slac.stanford.edu/econf/C210711/papers/2203.07360.pdf
326,,Synergy between Cosmological and Laboratory Searches in Neutrino Physics,K. N. Abazajian et al.,2203.07377,https://arxiv.org/abs/2203.07377,CF,Cosmic,Cosmic Probes of Fundamental Physics,papers/2203.07377.pdf,https://www.slac.stanford.edu/econf/C210711/papers/2203.07377.pdf
327,,Detection of Early-Universe Gravitational Wave Signatures and Fundamental Physics,R. Caldwell et al.,2203.07972,https://arxiv.org/abs/2203.07972,CF,Cosmic,Cosmic Probes of Fundamental Physics,papers/2203.07972.pdf,https://www.slac.stanford.edu/econf/C210711/papers/2203.07972.pdf
328,,High-Energy and Ultra-High-Energy Neutrinos,M. Ackermann et al.,2203.08096,https://arxiv.org/abs/2203.08096,CF,Cosmic,Cosmic Probes of Fundamental Physics,papers/2203.08096.pdf,https://www.slac.stanford.edu/econf/C210711/papers/2203.08096.pdf
329,,Numerical Relativity for Next-Generation Gravitational-Wave Probes of Fundamental Physics,F. Foucart et al.,2203.08139,https://arxiv.org/abs/2203.08139,CF,Cosmic,Cosmic Probes of Fundamental Physics,papers/2203.08139.pdf,https://www.slac.stanford.edu/econf/C210711/papers/2203.08139.pdf
330,,Probing the Electroweak Phase Transition with Exotic Higgs Decays,M. Carena et al.,2203.08206,https://arxiv.org/abs/2203.08206,CF,Cosmic,Cosmic Probes of Fundamental Physics,papers/2203.08206.pdf,https://www.slac.stanford.edu/econf/C210711/papers/2203.08206.pdf
331,,Future Gravitational-Wave Detector Facilities,S. W. Ballmer et al.,2203.08228,https://arxiv.org/abs/2203.08228,CF,Cosmic,Cosmic Probes of Fundamental Physics,papers/2203.08228.pdf,https://www.slac.stanford.edu/econf/C210711/papers/2203.08228.pdf
332,,Advancing the Landscape of Multimessenger Science in the Next Decade,K. Engel et al.,2203.10074,https://arxiv.org/abs/2203.10074,CF,Cosmic,Cosmic Probes of Fundamental Physics,papers/2203.10074.pdf,https://www.slac.stanford.edu/econf/C210711/papers/2203.10074.pdf
333,,Probing dark matter with small-scale astrophysical observations,R. Brito et al.,2203.15954,https://arxiv.org/abs/2203.15954,CF,Cosmic,Cosmic Probes of Fundamental Physics,papers/2203.15954.pdf,https://www.slac.stanford.edu/econf/C210711/papers/2203.15954.pdf
334,,"Physics Community Needs, Tools, and Resources for Machine Learning",P. Harris et al.,2203.16255,https://arxiv.org/abs/2203.16255,CF,Cosmic,Cosmic Probes of Fundamental Physics,papers/2203.16255.pdf,https://www.slac.stanford.edu/econf/C210711/papers/2203.16255.pdf
335,,Probing Fundamental Physics With Multi-Modal Cosmic Ray Events,D. Beznosko et al.,2204.04045,https://arxiv.org/abs/2204.04045,CF,Cosmic,Cosmic Probes of Fundamental Physics,papers/2204.04045.pdf,https://www.slac.stanford.edu/econf/C210711/papers/2204.04045.pdf
336,,Gravitational Waves and Scattering Amplitudes,A. Buonanno et al.,2204.05194,https://arxiv.org/abs/2204.05194,CF,Cosmic,Cosmic Probes of Fundamental Physics,papers/2204.05194.pdf,https://www.slac.stanford.edu/econf/C210711/papers/2204.05194.pdf
337,,Ultra-High-Energy Cosmic Rays: The Intersection of the Cosmic and Energy Frontiers,A. Coleman et al.,2205.05845,https://arxiv.org/abs/2205.05845,CF,Cosmic,Cosmic Probes of Fundamental Physics,papers/2205.05845.pdf,https://www.slac.stanford.edu/econf/C210711/papers/2205.05845.pdf
338,,Observational Signatures of Quantum Gravity,K. M. Zurek et al.,2205.01799,https://arxiv.org/abs/2205.01799,CF,Cosmic,Cosmic Probes of Fundamental Physics,papers/2205.01799.pdf,https://www.slac.stanford.edu/econf/C210711/papers/2205.01799.pdf
339,,"Frontiers of Quantum Gravity: Shared Challenges, Converging Directions",J. de Boer et al.,2207.10618,https://arxiv.org/abs/2207.10618,CF,Cosmic,Cosmic Probes of Fundamental Physics,papers/2207.10618.pdf,https://www.slac.stanford.edu/econf/C210711/papers/2207.10618.pdf
340,,The Dense Matter Equation of State and QCD Phase Transitions,S. Bogdanov et al.,2209.07412,https://arxiv.org/abs/2209.07412,CF,Cosmic,Cosmic Probes of Fundamental Physics,papers/2209.07412.pdf,https://www.slac.stanford.edu/econf/C210711/papers/2209.07412.pdf
341,,FCC-ee: Your Questions Answered,A. Blondel et al.,1906.02693,https://arxiv.org/abs/1906.02693,EF,Energy,General - centered on this frontier,papers/1906.02693.pdf,https://www.slac.stanford.edu/econf/C210711/papers/1906.02693.pdf
342,,Circular and Linear e+e− Colliders: Another Story of Complementarity,"A. Blondel, P. Janot.",1912.11871,https://arxiv.org/abs/1912.11871,EF,Energy,General - centered on this frontier,papers/1912.11871.pdf,https://www.slac.stanford.edu/econf/C210711/papers/1912.11871.pdf
343,,"The Forward Physics Facility: Sites, Experiments, and Physics Potential Modern and Future Colliders",L. A. Anchordoqui et al.,2109.10905,https://arxiv.org/abs/2109.10905,EF,Energy,General - centered on this frontier,papers/2109.10905.pdf,https://www.slac.stanford.edu/econf/C210711/papers/2109.10905.pdf
344,,"C-cubed: A ""Cool"" Route to the Higgs Boson and Beyond",M. Bai et al.,2110.15800,https://arxiv.org/abs/2110.15800,EF,Energy,General - centered on this frontier,papers/2110.15800.pdf,https://www.slac.stanford.edu/econf/C210711/papers/2110.15800.pdf
345,,The Forward Physics Facility at the High-Luminosity LHC,J. L. Feng et al.,2203.05090,https://arxiv.org/abs/2203.05090,EF,Energy,General - centered on this frontier,papers/2203.05090.pdf,https://www.slac.stanford.edu/econf/C210711/papers/2203.05090.pdf
346,,Higgs Factory Considerations,J.A. Bagger et al.,2203.06164,https://arxiv.org/abs/2203.06164,EF,Energy,General - centered on this frontier,papers/2203.06164.pdf,https://www.slac.stanford.edu/econf/C210711/papers/2203.06164.pdf
347,,Enabling U.S. Participation in Future Higgs Factories,K. Black et al.,2203.06255,https://arxiv.org/abs/2203.06255,EF,Energy,General - centered on this frontier,papers/2203.06255.pdf,https://www.slac.stanford.edu/econf/C210711/papers/2203.06255.pdf
348,,Muon Collider Physics Summary,C. Aimè et al.,2203.07256,https://arxiv.org/abs/2203.07256,EF,Energy,General - centered on this frontier,papers/2203.07256.pdf,https://www.slac.stanford.edu/econf/C210711/papers/2203.07256.pdf
349,,The Future Circular Collider: a Summary for the US 2021 Snowmass Process,G. Bernardi et al.,2203.06520,https://arxiv.org/abs/2203.06520,EF,Energy,General - centered on this frontier,papers/2203.06520.pdf,https://www.slac.stanford.edu/econf/C210711/papers/2203.06520.pdf
350,,Strategies for Beam-Induced Background Reduction at Muon Colliders,D. Ally et al.,2203.06773,https://arxiv.org/abs/2203.06773,EF,Energy,General - centered on this frontier,papers/2203.06773.pdf,https://www.slac.stanford.edu/econf/C210711/papers/2203.06773.pdf
351,,Promising Technologies and R&D Directions for the Future Muon Collider Detectors,S. Jindariani et al.,2203.07224,https://arxiv.org/abs/2203.07224,EF,Energy,General - centered on this frontier,papers/2203.07224.pdf,https://www.slac.stanford.edu/econf/C210711/papers/2203.07224.pdf
352,,The Physics Case of a 3 TeV Muon Collider Stage,J. de Blas et al.,2203.07261,https://arxiv.org/abs/2203.07261,EF,Energy,General - centered on this frontier,papers/2203.07261.pdf,https://www.slac.stanford.edu/econf/C210711/papers/2203.07261.pdf
353,,The International Linear Collider,A. Aryshev et al.,2203.07622,https://arxiv.org/abs/2203.07622,EF,Energy,General - centered on this frontier,papers/2203.07622.pdf,https://www.slac.stanford.edu/econf/C210711/papers/2203.07622.pdf
354,,Simulated Detector Performance at the Muon Collider,N. Bartosik et al.,2203.07964,https://arxiv.org/abs/2203.07964,EF,Energy,General - centered on this frontier,papers/2203.07964.pdf,https://www.slac.stanford.edu/econf/C210711/papers/2203.07964.pdf
355,,A Muon Collider Facility for Physics Discovery,D. Stratakis et al.,2203.08033,https://arxiv.org/abs/2203.08033,EF,Energy,General - centered on this frontier,papers/2203.08033.pdf,https://www.slac.stanford.edu/econf/C210711/papers/2203.08033.pdf
356,,Future Collider Options for the US,P. C. Bhat,2203.08088,https://arxiv.org/abs/2203.08088,EF,Energy,General - centered on this frontier,papers/2203.08088.pdf,https://www.slac.stanford.edu/econf/C210711/papers/2203.08088.pdf
357,,Higgs-Energy LEptoN (HELEN) Collider Based on Advanced Superconducting Radio Frequency Technology,S. Belomestnykh et al.,2203.08211,https://arxiv.org/abs/2203.08211,EF,Energy,General - centered on this frontier,papers/2203.08211.pdf,https://www.slac.stanford.edu/econf/C210711/papers/2203.08211.pdf
358,,High Energy & High Luminosity γγ Colliders,E. Barzi et al.,2203.08353,https://arxiv.org/abs/2203.08353,EF,Energy,General - centered on this frontier,papers/2203.08353.pdf,https://www.slac.stanford.edu/econf/C210711/papers/2203.08353.pdf
359,,The CLIC Project,O. Brunner et al.,2203.09186,https://arxiv.org/abs/2203.09186,EF,Energy,General - centered on this frontier,papers/2203.09186.pdf,https://www.slac.stanford.edu/econf/C210711/papers/2203.09186.pdf
360,,Physics with the Phase-2 ATLAS and CMS Detectors,ATLAS and CMS Collaborations.,,https://cds.cern.ch/record/2806962,EF,Energy,General - centered on this frontier,papers/CDS-2806962.pdf,https://www.slac.stanford.edu/econf/C210711/papers/CDS-2806962.pdf
361,,Circular Electron Positron Collider (CEPC),CEPC Accelerator Study Group.,2203.09451,https://arxiv.org/abs/2203.09451,EF,Energy,General - centered on this frontier,papers/2203.09451.pdf,https://www.slac.stanford.edu/econf/C210711/papers/2203.09451.pdf
362,,Event Generators for High-Energy Physics Experiments,J. M. Campbell et al.,2203.11110,https://arxiv.org/abs/2203.11110,EF,Energy,General - centered on this frontier,papers/2203.11110.pdf,https://www.slac.stanford.edu/econf/C210711/papers/2203.11110.pdf
363,,Japan’s Strategy for Future Projects in High Energy Physics,M. Endo et al.,2203.13979,https://arxiv.org/abs/2203.13979,EF,Energy,General - centered on this frontier,papers/2203.13979.pdf,https://www.slac.stanford.edu/econf/C210711/papers/2203.13979.pdf
364,,Physics at Future Colliders: the Interplay Between Energy and Luminosity,"Z. Liu, L.-T. Wang.",2205.00031,https://arxiv.org/abs/2205.00031,EF,Energy,General - centered on this frontier,papers/2205.00031.pdf,https://www.slac.stanford.edu/econf/C210711/papers/2205.00031.pdf
365,,The Physics potential of the CEPC,H. Cheng et al.,2205.08553,https://arxiv.org/abs/2205.08553,EF,Energy,General - centered on this frontier,papers/2205.08553.pdf,https://www.slac.stanford.edu/econf/C210711/papers/2205.08553.pdf
366,,Kinematic Variables and Feature Engineering for Particle Phenomenology,R. Franceschini et al.,2206.13431,https://arxiv.org/abs/2206.13431,EF,Energy,General - centered on this frontier,papers/2206.13431.pdf,https://www.slac.stanford.edu/econf/C210711/papers/2206.13431.pdf
367,,The Carbon Footprint of Proposed e+e- Higgs Factories,"P. Janot, A. Blondel.",2208.10466,https://arxiv.org/abs/2208.10466,EF,Energy,General - centered on this frontier,papers/2208.10466.pdf,https://www.slac.stanford.edu/econf/C210711/papers/2208.10466.pdf
368,,Center-of-Mass Energy Determination using e+e−→μ+μ-(γ) Events at Future e+e− Colliders,"B. Madison, G. W. Wilson.",2209.03281,https://arxiv.org/abs/2209.03281,EF,Energy,General - centered on this frontier,papers/2209.03281.pdf,https://www.slac.stanford.edu/econf/C210711/papers/2209.03281.pdf
369,,Background Monte Carlo Samples for a Future Hadron Collider,R. Gardner et al.,2209.03505,https://arxiv.org/abs/2209.03505,EF,Energy,General - centered on this frontier,papers/2209.03505.pdf,https://www.slac.stanford.edu/econf/C210711/papers/2209.03505.pdf
370,,Strategies for Conformal REBCO Windings,J. Rogers et al.,2203.06800,https://arxiv.org/abs/2203.06800,EF,Energy,General - cross-listed,papers/2203.06800.pdf,https://www.slac.stanford.edu/econf/C210711/papers/2203.06800.pdf
371,,Detector and Beamline Simulation for Next-Generation High Energy Physics Experiments,S. Banerjee et al.,2203.07614,https://arxiv.org/abs/2203.07614,EF,Energy,General - cross-listed,papers/2203.07614.pdf,https://www.slac.stanford.edu/econf/C210711/papers/2203.07614.pdf
372,,Software and Computing for Small HEP Experiments,D. Casper et al.,2203.07645,https://arxiv.org/abs/2203.07645,EF,Energy,General - cross-listed,papers/2203.07645.pdf,https://www.slac.stanford.edu/econf/C210711/papers/2203.07645.pdf
373,,Hybrid Conformal REBCO Dipole for a Next Hadron Collider,P. M. McIntyre.,2203.08132,https://arxiv.org/abs/2203.08132,EF,Energy,General - cross-listed,papers/2203.08132.pdf,https://www.slac.stanford.edu/econf/C210711/papers/2203.08132.pdf
374,,The Physics Case for a Neutrino Factory,A. Bogacz,2203.08094,https://arxiv.org/abs/2203.08094,EF,Energy,General - cross-listed,papers/2203.08094.pdf,https://www.slac.stanford.edu/econf/C210711/papers/2203.08094.pdf
375,,An Impartial Perspective for Superconducting Nb3Sn coated Copper RF Cavities for Future Accelerators,E. Barzi et al.,2203.09718,https://arxiv.org/abs/2203.09718,EF,Energy,General - cross-listed,papers/2203.09718.pdf,https://www.slac.stanford.edu/econf/C210711/papers/2203.09718.pdf
376,,In Search of Excellence and Equity in Physics,E. Barzi et al.,2203.10393,https://arxiv.org/abs/2203.10393,EF,Energy,General - cross-listed,papers/2203.10393.pdf,https://www.slac.stanford.edu/econf/C210711/papers/2203.10393.pdf
377,,Particle Flow Calorimetry,"R. Ruchti, K. Kruger.",2203.15138,https://arxiv.org/abs/2203.15138,EF,Energy,General - cross-listed,papers/2203.15138.pdf,https://www.slac.stanford.edu/econf/C210711/papers/2203.15138.pdf
378,,"Physics Community Needs, Tools, and Resources for Machine Learning",P. Harris et al.,2203.16255,https://arxiv.org/abs/2203.16255,EF,Energy,General - cross-listed,papers/2203.16255.pdf,https://www.slac.stanford.edu/econf/C210711/papers/2203.16255.pdf
379,,Lattice QCD and Particle Physics,A. S. Kronfeld et al.,2207.07641,https://arxiv.org/abs/2207.07641,EF,Energy,General - cross-listed,papers/2207.07641.pdf,https://www.slac.stanford.edu/econf/C210711/papers/2207.07641.pdf
380,,How Community Agreements Can Improve Workplace Culture in Physics,E. Barzi et al.,2209.06755,https://arxiv.org/abs/2209.06755,EF,Energy,General - cross-listed,papers/2209.06755.pdf,https://www.slac.stanford.edu/econf/C210711/papers/2209.06755.pdf
381,,Jet Flavour Tagging for Future Colliders with Fast Simulation,F. Bedeschi et al.,2202.03285,https://arxiv.org/abs/2202.03285,EF,Energy,Higgs Boson Properties and Couplings,papers/2202.03285.pdf,https://www.slac.stanford.edu/econf/C210711/papers/2202.03285.pdf
382,,Higgs Boson Decay to Charmonia via c-Quark Fragmentation,T. Han et al.,2202.08273,https://arxiv.org/abs/2202.08273,EF,Energy,Higgs Boson Properties and Couplings,papers/2202.08273.pdf,https://www.slac.stanford.edu/econf/C210711/papers/2202.08273.pdf
383,,Tree-level Interference in VBF production of Vh,C. Paranjape et al.,2203.05729,https://arxiv.org/abs/2203.05729,EF,Energy,Higgs Boson Properties and Couplings,papers/2203.05729.pdf,https://www.slac.stanford.edu/econf/C210711/papers/2203.05729.pdf
384,,The ReLiC: Recycling Linear e+e− Collider,V. N. Litvinenko et al.,2203.06476,https://arxiv.org/abs/2203.06476,EF,Energy,Higgs Boson Properties and Couplings,papers/2203.06476.pdf,https://www.slac.stanford.edu/econf/C210711/papers/2203.06476.pdf
385,,Measuring the CP properties of the Higgs Sector at Electron-Positron Colliders,I. Božović-Jelisavucić et al.,2203.06819,https://arxiv.org/abs/2203.06819,EF,Energy,Higgs Boson Properties and Couplings,papers/2203.06819.pdf,https://www.slac.stanford.edu/econf/C210711/papers/2203.06819.pdf
386,,Study of the hγZ coupling at the ILC,Y. Aoki et al.,2203.07202,https://arxiv.org/abs/2203.07202,EF,Energy,Higgs Boson Properties and Couplings,papers/2203.07202.pdf,https://www.slac.stanford.edu/econf/C210711/papers/2203.07202.pdf
387,,Improving Di-Higgs Sensitivity at Future Colliders in Hadronic Final States with Machine Learning,D. Diaz et al. (ENUBET Collaboration),2203.07353,https://arxiv.org/abs/2203.07353,EF,Energy,Higgs Boson Properties and Couplings,papers/2203.07353.pdf,https://www.slac.stanford.edu/econf/C210711/papers/2203.07353.pdf
388,,CERC - Circular e+e- Collider using Energy-Recovery Linac,V. N. Litvinenko et al.,2203.07358,https://arxiv.org/abs/2203.07358,EF,Energy,Higgs Boson Properties and Couplings,papers/2203.07358.pdf,https://www.slac.stanford.edu/econf/C210711/papers/2203.07358.pdf
389,,Ultrafast Inorganic Crystals with Mass Production Capability for Future High-Rate Experiments,C. Hu et al.,2203.06788,https://arxiv.org/abs/2203.06788,EF,Energy,Higgs Boson Properties and Couplings,papers/2203.06788.pdf,https://www.slac.stanford.edu/econf/C210711/papers/2203.06788.pdf
390,,Complex Scalar Singlet Model Benchmarks for Snowmass,S. Adhikari et al.,2203.07455,https://arxiv.org/abs/2203.07455,EF,Energy,Higgs Boson Properties and Couplings,papers/2203.07455.pdf,https://www.slac.stanford.edu/econf/C210711/papers/2203.07455.pdf
391,,Strange Quark as a Probe for New Physics in the Higgs Sector,A. Albert et al.,2203.07535,https://arxiv.org/abs/2203.07535,EF,Energy,Higgs Boson Properties and Couplings,papers/2203.07535.pdf,https://www.slac.stanford.edu/econf/C210711/papers/2203.07535.pdf
392,,Strategy for Understanding the Higgs Physics: The Cool Copper Collider,S. Dasu et al.,2203.07646,https://arxiv.org/abs/2203.07646,EF,Energy,Higgs Boson Properties and Couplings,papers/2203.07646.pdf,https://www.slac.stanford.edu/econf/C210711/papers/2203.07646.pdf
393,,Higgs Self Couplings Measurements at Future Proton-Proton Colliders,A. Taliercio et al.,2203.08042,https://arxiv.org/abs/2203.08042,EF,Energy,Higgs Boson Properties and Couplings,papers/2203.08042.pdf,https://www.slac.stanford.edu/econf/C210711/papers/2203.08042.pdf
394,,Directly Probing the CP-Structure of the Higgs-Top Yukawa at HL-LHC and Future Colliders,R. K. Barman et al.,2203.08127,https://arxiv.org/abs/2203.08127,EF,Energy,Higgs Boson Properties and Couplings,papers/2203.08127.pdf,https://www.slac.stanford.edu/econf/C210711/papers/2203.08127.pdf
395,,Expected Sensitivity to Invisible Higgs Boson Decays at the ILC with the SiD Detector,C. Potter et al.,2203.08330,https://arxiv.org/abs/2203.08330,EF,Energy,Higgs Boson Properties and Couplings,papers/2203.08330.pdf,https://www.slac.stanford.edu/econf/C210711/papers/2203.08330.pdf
396,,XCC: An X-ray FEL-based γγ Collider Higgs Factory,T. Barklow et al.,2203.08484,https://arxiv.org/abs/2203.08484,EF,Energy,Higgs Boson Properties and Couplings,papers/2203.08484.pdf,https://www.slac.stanford.edu/econf/C210711/papers/2203.08484.pdf
397,,Prospects for the Measurement of the Standard Model Higgs Pair Production at the Muon Colliders,K. Black et al. (ENUBET Collaboration),2203.08874,https://arxiv.org/abs/2203.08874,EF,Energy,Higgs Boson Properties and Couplings,papers/2203.08874.pdf,https://www.slac.stanford.edu/econf/C210711/papers/2203.08874.pdf
398,,High Precision Higgs from High Energy Muon Colliders,M. Forslund et al.,2203.09425,https://arxiv.org/abs/2203.09425,EF,Energy,Higgs Boson Properties and Couplings,papers/2203.09425.pdf,https://www.slac.stanford.edu/econf/C210711/papers/2203.09425.pdf
399,,Signal Strength and W-boson Mass Measurements as a Probe of the Electroweak Phase Transition at colliders,A. Papaefstathiou et al.,2205.14379,https://arxiv.org/abs/2205.14379,EF,Energy,Higgs Boson Properties and Couplings,papers/2205.14379.pdf,https://www.slac.stanford.edu/econf/C210711/papers/2205.14379.pdf
400,,Good Things to do with Extra Higgs Doublets,H. Davoudiasl et al.,2203.01396,https://arxiv.org/abs/2203.01396,EF,Energy,Higgs Boson as a Portal to New Physics,papers/2203.01396.pdf,https://www.slac.stanford.edu/econf/C210711/papers/2203.01396.pdf
401,,Detection of Early-Universe Gravitational Wave Signatures and Fundamental Physics,R. Caldwell et al.,2203.07972,https://arxiv.org/abs/2203.07972,EF,Energy,Higgs Boson as a Portal to New Physics,papers/2203.07972.pdf,https://www.slac.stanford.edu/econf/C210711/papers/2203.07972.pdf
402,,A Short Overview on Low Mass Scalars at Future Lepton Colliders,T. Robens.,2203.08210,https://arxiv.org/abs/2203.08210,EF,Energy,Higgs Boson as a Portal to New Physics,papers/2203.08210.pdf,https://www.slac.stanford.edu/econf/C210711/papers/2203.08210.pdf
403,,Higgs Coupling Sensitivities and Model-Independent Bounds on the Scale of New Physics,F. Abu-Ajamieh et al.,2203.09512,https://arxiv.org/abs/2203.09512,EF,Energy,Higgs Boson as a Portal to New Physics,papers/2203.09512.pdf,https://www.slac.stanford.edu/econf/C210711/papers/2203.09512.pdf
404,,Study of Electroweak Phase Transition in Exotic Higgs Decays at the CEPC,Z. Wang et al.,2203.10184,https://arxiv.org/abs/2203.10184,EF,Energy,Higgs Boson as a Portal to New Physics,papers/2203.10184.pdf,https://www.slac.stanford.edu/econf/C210711/papers/2203.10184.pdf
405,,MSSM Under Higgs Factories,H. Li et al.,2205.11920,https://arxiv.org/abs/2205.11920,EF,Energy,Higgs Boson as a Portal to New Physics,papers/2205.11920.pdf,https://www.slac.stanford.edu/econf/C210711/papers/2205.11920.pdf
406,,Exotic Higgs Decays in the Type-II 2HDMs at Current and Future pp Colliders,F. Kling et al.,2205.12198,https://arxiv.org/abs/2205.12198,EF,Energy,Higgs Boson as a Portal to New Physics,papers/2205.12198.pdf,https://www.slac.stanford.edu/econf/C210711/papers/2205.12198.pdf
407,,Two-Real-Singlet-Model (TRSM) Benchmark Planes,T. Robens.,2205.14486,https://arxiv.org/abs/2205.14486,EF,Energy,Higgs Boson as a Portal to New Physics,papers/2205.14486.pdf,https://www.slac.stanford.edu/econf/C210711/papers/2205.14486.pdf
408,,Model-Agnostic Exploration of the Mass Reach of Precision Higgs Boson Coupling Measurements,M. E. Peskin.,2209.03303,https://arxiv.org/abs/2209.03303,EF,Energy,Higgs Boson as a Portal to New Physics,papers/2209.03303.pdf,https://www.slac.stanford.edu/econf/C210711/papers/2209.03303.pdf
409,,Optimising Top-Quark Threshold Scan at CLIC using Genetic Algorithm,"K. Nowak, A. F. Zarnecki.",2103.00522,https://arxiv.org/abs/2103.00522,EF,Energy,Heavy Flavor and Top Quark Physics,papers/2103.00522pdf,https://www.slac.stanford.edu/econf/C210711/papers/2103.00522pdf
410,,On the Modeling Uncertainties of ttbar W± Multi-Lepton Signatures,G. Bevilacqua et al.,2109.15181,https://arxiv.org/abs/2109.15181,EF,Energy,Heavy Flavor and Top Quark Physics,papers/2109.15181.pdf,https://www.slac.stanford.edu/econf/C210711/papers/2109.15181.pdf
411,,Azimuthal Angular Correlation as a New Boosted Top Jet Substructure,"Z. Yu, C.-P. Yuan.",2203.02760,https://arxiv.org/abs/2203.02760,EF,Energy,Heavy Flavor and Top Quark Physics,papers/2203.02760.pdf,https://www.slac.stanford.edu/econf/C210711/papers/2203.02760.pdf
412,,Higher-Order Corrections for t tbar Production at High Energies,N. Kidonakis.,2203.03698,https://arxiv.org/abs/2203.03698,EF,Energy,Heavy Flavor and Top Quark Physics,papers/2203.03698.pdf,https://www.slac.stanford.edu/econf/C210711/papers/2203.03698.pdf
413,,Probing Heavy-Flavor Parton Distribution Functions at Hadron Colliders,K. Xie et al.,2203.06207,https://arxiv.org/abs/2203.06207,EF,Energy,Heavy Flavor and Top Quark Physics,papers/2203.06207.pdf,https://www.slac.stanford.edu/econf/C210711/papers/2203.06207.pdf
414,,Top-Quark Mass Extraction from t tbar j+X Events at the LHC: Theory Predictions,S. Alioli et al.,2203.07344,https://arxiv.org/abs/2203.07344,EF,Energy,Heavy Flavor and Top Quark Physics,papers/2203.07344.pdf,https://www.slac.stanford.edu/econf/C210711/papers/2203.07344.pdf
415,,Dependence of the Top-Quark Mass Measured in Top-Quark Pair Production on the Parton Distribution Functions at the LHC and Future Colliders,J. Gombas et al.,2203.08064,https://arxiv.org/abs/2203.08064,EF,Energy,Heavy Flavor and Top Quark Physics,papers/2203.08064.pdf,https://www.slac.stanford.edu/econf/C210711/papers/2203.08064.pdf
416,,Prospects for Measurements of the Bottom Quark Mass,J. Aparisi et al.,2203.16994,https://arxiv.org/abs/2203.16994,EF,Energy,Heavy Flavor and Top Quark Physics,papers/2203.16994.pdf,https://www.slac.stanford.edu/econf/C210711/papers/2203.16994.pdf
417,,Implications of Energy Peak for Collider Phenomenology: Top Quark Mass Determination and Beyond,K. Agashe et al.,2204.02928,https://arxiv.org/abs/2204.02928,EF,Energy,Heavy Flavor and Top Quark Physics,papers/2204.02928.pdf,https://www.slac.stanford.edu/econf/C210711/papers/2204.02928.pdf
418,,Prospects for the Measurement of Top-Quark Couplings,G. Durieux et al.,2205.02140,https://arxiv.org/abs/2205.02140,EF,Energy,Heavy Flavor and Top Quark Physics,papers/2205.02140.pdf,https://www.slac.stanford.edu/econf/C210711/papers/2205.02140.pdf
419,,Vector Boson Fusion at Multi-TeV Muon Colliders,"A. Costantini, et al.",2005.10289,https://arxiv.org/abs/2005.10289,EF,Energy,Electroweak Precision Physics and Constraining New Physics,papers/2005.10289.pdf,https://www.slac.stanford.edu/econf/C210711/papers/2005.10289.pdf
420,,Vector Boson Scattering Processes: Status and Prospects,D. Buarque Franzosi et al.,2106.01393,https://arxiv.org/abs/2106.01393,EF,Energy,Electroweak Precision Physics and Constraining New Physics,papers/2106.01393.pdf,https://www.slac.stanford.edu/econf/C210711/papers/2106.01393.pdf
421,,Longitudinally Polarized ZZ Scattering at the Muon Collider,T. Yang et al.,2107.13581,https://arxiv.org/abs/2107.13581,EF,Energy,Electroweak Precision Physics and Constraining New Physics,papers/2107.13581.pdf,https://www.slac.stanford.edu/econf/C210711/papers/2107.13581.pdf
422,,The Effective Vector Boson Approximation in High-Energy Muon Collisions,R. Ruiz et al.,2111.02442,https://arxiv.org/abs/2111.02442,EF,Energy,Electroweak Precision Physics and Constraining New Physics,papers/2111.02442.pdf,https://www.slac.stanford.edu/econf/C210711/papers/2111.02442.pdf
423,,SMEFT at the LHC and Beyond,W. Shepherd.,2203.07406,https://arxiv.org/abs/2203.07406,EF,Energy,Electroweak Precision Physics and Constraining New Physics,papers/2203.07406.pdf,https://www.slac.stanford.edu/econf/C210711/papers/2203.07406.pdf
424,,Measuring the Tau Polarization at ILC,"K. Yumino, D. Jeans.",2203.07668,https://arxiv.org/abs/2203.07668,EF,Energy,Electroweak Precision Physics and Constraining New Physics,papers/2203.07668.pdf,https://www.slac.stanford.edu/econf/C210711/papers/2203.07668.pdf
425,,Measurement of ALR using Radiative REturn at ILC 250,T. Mizuno et al.,2203.07944,https://arxiv.org/abs/2203.07944,EF,Energy,Electroweak Precision Physics and Constraining New Physics,papers/2203.07944.pdf,https://www.slac.stanford.edu/econf/C210711/papers/2203.07944.pdf
426,,Sensitivity to Longitudinal Vector Boson Scattering in W±W±jj at Future Hadron Colliders,A. Apyan et al.,2203.07994,https://arxiv.org/abs/2203.07994,EF,Energy,Electroweak Precision Physics and Constraining New Physics,papers/2203.07994.pdf,https://www.slac.stanford.edu/econf/C210711/papers/2203.07994.pdf
427,,Anomalous Quartic Gauge Couplings at a Muon Collider,B. Abbott et al.,2203.08135,https://arxiv.org/abs/2203.08135,EF,Energy,Electroweak Precision Physics and Constraining New Physics,papers/2203.08135.pdf,https://www.slac.stanford.edu/econf/C210711/papers/2203.08135.pdf
428,,Electroweak Fragmentation at High Energies,T. Han et al.,2203.11129,https://arxiv.org/abs/2203.11129,EF,Energy,Electroweak Precision Physics and Constraining New Physics,papers/2203.11129.pdf,https://www.slac.stanford.edu/econf/C210711/papers/2203.11129.pdf
429,,"RADiCAL: Precision-Timing, Ultracompact, Radiation-Hard Electromagnetic Calorimetry",T. Anderson et al.,2203.12806,https://arxiv.org/abs/2203.12806,EF,Energy,Electroweak Precision Physics and Constraining New Physics,papers/2203.12806.pdf,https://www.slac.stanford.edu/econf/C210711/papers/2203.12806.pdf
430,,Upgrading SuperKEKB with a Polarized Electron Beam: Discovery Potential and Proposed Implementation,S. Banerjee et al.,2205.12847,https://arxiv.org/abs/2205.12847,EF,Energy,Electroweak Precision Physics and Constraining New Physics,papers/2205.12847.pdf,https://www.slac.stanford.edu/econf/C210711/papers/2205.12847.pdf
431,,Global SMEFT Fits at Future Colliders,J. de Blas et al.,2206.08326,https://arxiv.org/abs/2206.08326,EF,Energy,Electroweak Precision Physics and Constraining New Physics,papers/2206.08326.pdf,https://www.slac.stanford.edu/econf/C210711/papers/2206.08326.pdf
432,,Belle II Physics Reach and Plans for the Next Decade and Beyond,L. Aggarwal et al. (Belle II Collaboration).,2207.06307,https://arxiv.org/abs/2207.06307,EF,Energy,Electroweak Precision Physics and Constraining New Physics,papers/2207.06307.pdf,https://www.slac.stanford.edu/econf/C210711/papers/2207.06307.pdf
433,,Jets and Jet Substructure at Future Colliders,B. Nachman et al.,2203.07462,https://arxiv.org/abs/2203.07462,EF,Energy,QCD and Strong Interactions - Precision QCD,papers/2203.07462.pdf,https://www.slac.stanford.edu/econf/C210711/papers/2203.07462.pdf
434,,The Strong Coupling Constant: State of the Art and the Decade Ahead,D. d'Enterria et al.,2203.08271,https://arxiv.org/abs/2203.08271,EF,Energy,QCD and Strong Interactions - Precision QCD,papers/2203.08271.pdf,https://www.slac.stanford.edu/econf/C210711/papers/2203.08271.pdf
435,,Opportunities for Precision QCD Physics in Hadronization at Belle II,A. Accardi et al.,2204.02280,https://arxiv.org/abs/2204.02280,EF,Energy,QCD and Strong Interactions - Precision QCD,papers/2204.02280.pdf,https://www.slac.stanford.edu/econf/C210711/papers/2204.02280.pdf
436,,Lattice QCD Calculations of Parton Physics,M. Constantinou et al.,2202.07193,https://arxiv.org/abs/2202.07193,EF,Energy,QCD and Strong Interactions - Hadronic Structure and Forward QCD Processes,papers/2202.07193.pdf,https://www.slac.stanford.edu/econf/C210711/papers/2202.07193.pdf
437,,Some Aspects of the Impact of the Electron Ion Collider on Particle Physics at the Energy Frontier,"S.V. Chekanov, S. Magill.",2202.11529,https://arxiv.org/abs/2202.11529,EF,Energy,QCD and Strong Interactions - Hadronic Structure and Forward QCD Processes,papers/2202.11529.pdf,https://www.slac.stanford.edu/econf/C210711/papers/2202.11529.pdf
438,,The Potential of a TeV-Scale Muon-Ion Collider,D. Acosta et al.,2203.06258,https://arxiv.org/abs/2203.06258,EF,Energy,QCD and Strong Interactions - Hadronic Structure and Forward QCD Processes,papers/2203.06258.pdf,https://www.slac.stanford.edu/econf/C210711/papers/2203.06258.pdf
439,,Prompt Electron and Tau Neutrinos and Antineutrinos in the Forward Region at the LHC,W. Bai et al.,2203.07212,https://arxiv.org/abs/2203.07212,EF,Energy,QCD and Strong Interactions - Hadronic Structure and Forward QCD Processes,papers/2203.07212.pdf,https://www.slac.stanford.edu/econf/C210711/papers/2203.07212.pdf
440,,"Forward Physics, BFKL, Saturation Physics and Diffraction",M. Hentschinski et al.,2203.08129,https://arxiv.org/abs/2203.08129,EF,Energy,QCD and Strong Interactions - Hadronic Structure and Forward QCD Processes,papers/2203.08129.pdf,https://www.slac.stanford.edu/econf/C210711/papers/2203.08129.pdf
441,,Proton structure at the Precision Frontier,S. Amoroso et al.,2203.13923,https://arxiv.org/abs/2203.13923,EF,Energy,QCD and Strong Interactions - Hadronic Structure and Forward QCD Processes,papers/2203.13923.pdf,https://www.slac.stanford.edu/econf/C210711/papers/2203.13923.pdf
442,,Impact of Lattice s(x)−sbar(x) Data in the CTEQ-TEA Global Analysis,T.-J. Hou et al.,2204.07944,https://arxiv.org/abs/2204.07944,EF,Energy,QCD and Strong Interactions - Hadronic Structure and Forward QCD Processes,papers/2204.07944.pdf,https://www.slac.stanford.edu/econf/C210711/papers/2204.07944.pdf
443,,xFitter: An Open Source QCD Analysis Framework,H. Abdolmaleki et al. (xFitter Developers’ Team).,2206.12465,https://arxiv.org/abs/2206.12465,EF,Energy,QCD and Strong Interactions - Hadronic Structure and Forward QCD Processes,papers/2206.12465.pdf,https://www.slac.stanford.edu/econf/C210711/papers/2206.12465.pdf
444,,Opportunities for New Physics Searches with Heavy Ions at Colliders,David d'Enterria et al.,2203.05939,https://arxiv.org/abs/2203.05939,EF,Energy,QCD and Strong Interactions - Heavy Ions,papers/2203.05939.pdf,https://www.slac.stanford.edu/econf/C210711/papers/2203.05939.pdf
445,,Heavy Neutral Lepton Searches at the Electron-Ion Collider,B. Batell et al.,2203.06705,https://arxiv.org/abs/2203.06705,EF,Energy,QCD and Strong Interactions - Heavy Ions,papers/2203.06705.pdf,https://www.slac.stanford.edu/econf/C210711/papers/2203.06705.pdf
446,,Electron Ion Collider for High Energy Physics,R. Abdul Khalek et al.,2203.13199,https://arxiv.org/abs/2203.13199,EF,Energy,QCD and Strong Interactions - Heavy Ions,papers/2203.13199.pdf,https://www.slac.stanford.edu/econf/C210711/papers/2203.13199.pdf
447,,Future searches for SUSY at the LHC post Fermilab (g−2)_μ,A. Aboubrahim et al.,2107.06021,https://arxiv.org/abs/2107.06021,EF,Energy,Beyond the Standard Model - Model Specific Explorations,papers/2107.06021.pdf,https://www.slac.stanford.edu/econf/C210711/papers/2107.06021.pdf
448,,Comparison of SUSY Spectra Generators for Natural SUSY and String Landscape Predictions,H. Baer et al.,2111.03096,https://arxiv.org/abs/2111.03096,EF,Energy,Beyond the Standard Model - Model Specific Explorations,papers/2111.03096.pdf,https://www.slac.stanford.edu/econf/C210711/papers/2111.03096.pdf
449,,Heavy Neutrinos at Future Linear e+e− Colliders,K. Mękała et al.,2202.06703,https://arxiv.org/abs/2202.06703,EF,Energy,Beyond the Standard Model - Model Specific Explorations,papers/2202.06703.pdf,https://www.slac.stanford.edu/econf/C210711/papers/2202.06703.pdf
450,,Mini-Review: Expectations for Supersymmetry from the String Landscape,H. Baer et al.,2202.11578,https://arxiv.org/abs/2202.11578,EF,Energy,Beyond the Standard Model - Model Specific Explorations,papers/2202.11578.pdf,https://www.slac.stanford.edu/econf/C210711/papers/2202.11578.pdf
451,,Angular Cuts to Reduce the tau taubar+jet Background to the Higgsino Signal at the LHC,H. Baer et al.,2203.03700,https://arxiv.org/abs/2203.03700,EF,Energy,Beyond the Standard Model - Model Specific Explorations,papers/2203.03700.pdf,https://www.slac.stanford.edu/econf/C210711/papers/2203.03700.pdf
452,,BSM Neutrino Physics: Cmplementarity across Energies,T. Han et al.,2203.06131,https://arxiv.org/abs/2203.06131,EF,Energy,Beyond the Standard Model - Model Specific Explorations,papers/2203.06131.pdf,https://www.slac.stanford.edu/econf/C210711/papers/2203.06131.pdf
453,,Probing Heavy Majorana Neutrino Pair Production at ILC in a U(1)_{B−L} Extension of the Standard Model,J. Nakajima et al.,2203.06929,https://arxiv.org/abs/2203.06929,EF,Energy,Beyond the Standard Model - Model Specific Explorations,papers/2203.06929.pdf,https://www.slac.stanford.edu/econf/C210711/papers/2203.06929.pdf
454,,Stau Study at the ILC and its Implication for the Muon g-2 Anomaly,M. Endo et al.,2203.07056,https://arxiv.org/abs/2203.07056,EF,Energy,Beyond the Standard Model - Model Specific Explorations,papers/2203.07056.pdf,https://www.slac.stanford.edu/econf/C210711/papers/2203.07056.pdf
455,,Phenomenological Aspects of Composite Higgs Scenarios: Exotic Scalars and Vector-Like Quarks,A. Banerjee et al.,2203.07270,https://arxiv.org/abs/2203.07270,EF,Energy,Beyond the Standard Model - Model Specific Explorations,papers/2203.07270.pdf,https://www.slac.stanford.edu/econf/C210711/papers/2203.07270.pdf
456,,Global Fit of 2HDM with Future Collider Results,A. Beniwal et al.,2203.07883,https://arxiv.org/abs/2203.07883,EF,Energy,Beyond the Standard Model - Model Specific Explorations,papers/2203.07883.pdf,https://www.slac.stanford.edu/econf/C210711/papers/2203.07883.pdf
457,,"Evaluating the ILC SUSY Reach in the Most Challenging Scenario: Stau NLSP, Low ΔM , Lowest Cross Section",M. T. Núñez Pardo de Vera et al.,2203.15729,https://arxiv.org/abs/2203.15729,EF,Energy,Beyond the Standard Model - Model Specific Explorations,papers/2203.15729.pdf,https://www.slac.stanford.edu/econf/C210711/papers/2203.15729.pdf
458,,Naturalness,N. Craig.,2205.05708,https://arxiv.org/abs/2205.05708,EF,Energy,Beyond the Standard Model - Model Specific Explorations,papers/2203.12118.pdf,https://www.slac.stanford.edu/econf/C210711/papers/2203.12118.pdf
459,,BSM Higgs Production at a Muon Collider,T. Han et al.,2205.11730,https://arxiv.org/abs/2205.11730,EF,Energy,Beyond the Standard Model - Model Specific Explorations,papers/2205.11730.pdf,https://www.slac.stanford.edu/econf/C210711/papers/2205.11730.pdf
460,,A Grand Scan of the pMSSM Parameter Space for Snowmass 2021,J. Dickinson et al.,2207.05103,https://arxiv.org/abs/2207.05103,EF,Energy,Beyond the Standard Model - Model Specific Explorations,papers/2207.05103.pdf,https://www.slac.stanford.edu/econf/C210711/papers/2207.05103.pdf
461,,Studies of Granularity of a Hadronic Calorimeter for Tens-of-TeV Jets at a 100 TeV pp Collider,C.-H. Yeh et al.,1901.11146,https://arxiv.org/abs/1901.11146,EF,Energy,Beyond the Standard Model - More General Explorations,papers/1901.11146.pdf,https://www.slac.stanford.edu/econf/C210711/papers/1901.11146.pdf
462,,A Fast Method for Particle Tracking and Triggering using Small-Radius Silicon Detectors,A. V. Kotwal.,1910.14149,https://arxiv.org/abs/1910.14149,EF,Energy,Beyond the Standard Model - More General Explorations,papers/1910.14149.pdf,https://www.slac.stanford.edu/econf/C210711/papers/1910.14149.pdf
463,,Physics Potential of Timing Layers in Future Collider Detectors,S.V. Chekanov et al.,2005.05221,https://arxiv.org/abs/2005.05221,EF,Energy,Beyond the Standard Model - More General Explorations,papers/2005.05221.pdf,https://www.slac.stanford.edu/econf/C210711/papers/2005.05221.pdf
464,,The LHC Olympics 2020: A Community Challenge for Anomaly Detection in High Energy Physics,G. Kasieczka et al.,2101.08320,https://arxiv.org/abs/2101.08320,EF,Energy,Beyond the Standard Model - More General Explorations,papers/2101.08320.pdf,https://www.slac.stanford.edu/econf/C210711/papers/2101.08320.pdf
465,,Model-Independent Searches for New Physics in Multi-Body Invariant Masses,S. V. Chekanov et al.,2103.10217,https://arxiv.org/abs/2103.10217,EF,Energy,Beyond the Standard Model - More General Explorations,papers/2103.10217.pdf,https://www.slac.stanford.edu/econf/C210711/papers/2103.10217.pdf
466,,Event-Based Anomaly Detection for New Physics Searches at the LHC Using Machine Learning,"S. V. Chekanov, W. Hopkins.",2111.12119,https://arxiv.org/abs/2111.12119,EF,Energy,Beyond the Standard Model - More General Explorations,papers/2111.12119.pdf,https://www.slac.stanford.edu/econf/C210711/papers/2111.12119.pdf
467,,A Note on Blind Technique for New Physics Searches in Particle Physics,S. V. Chekanov et al.,2112.09548,https://arxiv.org/abs/2112.09548,EF,Energy,Beyond the Standard Model - More General Explorations,papers/2112.09548.pdf,https://www.slac.stanford.edu/econf/C210711/papers/2112.09548.pdf
468,,Sensitivity to Dijet Resonances at Proton-Proton Colliders,R. M. Harris et al.,2202.03389,https://arxiv.org/abs/2202.03389,EF,Energy,Beyond the Standard Model - More General Explorations,papers/2202.03389.pdf,https://www.slac.stanford.edu/econf/C210711/papers/2202.03389.pdf
469,,The Composite Higgs Signal at the Next Big Collider,K. Lane.,2203.03710,https://arxiv.org/abs/2203.03710,EF,Energy,Beyond the Standard Model - More General Explorations,papers/2203.03710.pdf,https://www.slac.stanford.edu/econf/C210711/papers/2203.03710.pdf
470,,Combined Signatures of Heavy Higgses and Vectorlike Fermions at the HL-LHC,R. Dermisek et al.,2203.03852,https://arxiv.org/abs/2203.03852,EF,Energy,Beyond the Standard Model - More General Explorations,papers/2203.03852.pdf,https://www.slac.stanford.edu/econf/C210711/papers/2203.03852.pdf
471,,Axion-Like Particles at High Energy Muon Colliders,T. Han et al.,2203.05484,https://arxiv.org/abs/2203.05484,EF,Energy,Beyond the Standard Model - More General Explorations,papers/2203.05484.pdf,https://www.slac.stanford.edu/econf/C210711/papers/2203.05484.pdf
472,,Searches for Long-Lived Particles at the Future FCC-ee,C. B. Verhaaren et al.,2203.05502,https://arxiv.org/abs/2203.05502,EF,Energy,Beyond the Standard Model - More General Explorations,papers/2203.05502.pdf,https://www.slac.stanford.edu/econf/C210711/papers/2203.05502.pdf
473,,Tau Neutrinos in the Next Decade: from GeV to EeV,R. Mammen Abraham et al.,2203.05591,https://arxiv.org/abs/2203.05591,EF,Energy,Beyond the Standard Model - More General Explorations,papers/2203.05591.pdf,https://www.slac.stanford.edu/econf/C210711/papers/2203.05591.pdf
474,,Displaced Fat-Jets and Tracks to Probe Boosted Right-Handed Neutrinos in the U(1)_{B−L} Model,R. Padhan et al.,2203.06114,https://arxiv.org/abs/2203.06114,EF,Energy,Beyond the Standard Model - More General Explorations,papers/2203.06114.pdf,https://www.slac.stanford.edu/econf/C210711/papers/2203.06114.pdf
475,,Strong CP Beyond Axion Direct Detection,N. Blinov et al.,2203.07218,https://arxiv.org/abs/2203.07218,EF,Energy,Beyond the Standard Model - More General Explorations,papers/2203.07218.pdf,https://www.slac.stanford.edu/econf/C210711/papers/2203.07218.pdf
476,,Two-Fermion Final States at International Linear Collider,T. Suehara.,2203.07272,https://arxiv.org/abs/2203.07272,EF,Energy,Beyond the Standard Model - More General Explorations,papers/2203.07272.pdf,https://www.slac.stanford.edu/econf/C210711/papers/2203.07272.pdf
477,,Track-Based Triggers for Exotic Signatures,K. F. Di Petrillo et al.,2203.07314,https://arxiv.org/abs/2203.07314,EF,Energy,Beyond the Standard Model - More General Explorations,papers/2203.07314.pdf,https://www.slac.stanford.edu/econf/C210711/papers/2203.07314.pdf
478,,The Road Ahead for CODEX-b,G. Aielli et al.,2203.07316,https://arxiv.org/abs/2203.07316,EF,Energy,Beyond the Standard Model - More General Explorations,papers/2203.07316.pdf,https://www.slac.stanford.edu/econf/C210711/papers/2203.07316.pdf
479,,Probing New Physics with mu+mu− → bs at a Muon Collider,W. Altmannshofer et al.,2203.07495,https://arxiv.org/abs/2203.07495,EF,Energy,Beyond the Standard Model - More General Explorations,papers/2203.07495.pdf,https://www.slac.stanford.edu/econf/C210711/papers/2203.07495.pdf
480,,Recent Progress and Next Steps for the MATHUSLA LLP Detector,C. Alpigiani et al.,2203.08126,https://arxiv.org/abs/2203.08126,EF,Energy,Beyond the Standard Model - More General Explorations,papers/2203.08126.pdf,https://www.slac.stanford.edu/econf/C210711/papers/2203.08126.pdf
481,,Probing the Electroweak Phase Transition with Exotic Higgs Decays,M. Carena et al.,2203.08206,https://arxiv.org/abs/2203.08206,EF,Energy,Beyond the Standard Model - More General Explorations,papers/2203.08206.pdf,https://www.slac.stanford.edu/econf/C210711/papers/2203.08206.pdf
482,,Sensitivity to Decays of Long-Lived Dark Photons at the ILC,L. Jeanty et al.,2203.08347,https://arxiv.org/abs/2203.08347,EF,Energy,Beyond the Standard Model - More General Explorations,papers/2203.08347pdf,https://www.slac.stanford.edu/econf/C210711/papers/2203.08347pdf
483,,"Theory, Phenomenology, and Experimental Avenues for Dark Showers",G. Albouy et al.,2203.09503,https://arxiv.org/abs/2203.09503,EF,Energy,Beyond the Standard Model - More General Explorations,papers/2203.09503.pdf,https://www.slac.stanford.edu/econf/C210711/papers/2203.09503.pdf
484,,Theory Frontier: Theory Meets the Lab,R. Essig et al.,2203.10089,https://arxiv.org/abs/2203.10089,EF,Energy,Beyond the Standard Model - More General Explorations,papers/2203.10089.pdf,https://www.slac.stanford.edu/econf/C210711/papers/2203.10089.pdf
485,,PetaVolts per Meter Plasmonics,A. A. Sahai et al.,2203.11623,https://arxiv.org/abs/2203.11623,EF,Energy,Beyond the Standard Model - More General Explorations,papers/2203.11623.pdf,https://www.slac.stanford.edu/econf/C210711/papers/2203.11623.pdf
486,,Collider Physics Opportunities of Extended Warped Extra-Dimensional Models,K. Agashe et al.,2203.13305,https://arxiv.org/abs/2203.13305,EF,Energy,Beyond the Standard Model - More General Explorations,papers/2203.13305.pdf,https://www.slac.stanford.edu/econf/C210711/papers/2203.13305.pdf
487,,Elementary Particle Non-Perturbative Mass Generation. A Step towards a Beyond-the-Standard-Model Model,G. Rossi.,2209.01995,https://arxiv.org/abs/2209.01995,EF,Energy,Beyond the Standard Model - More General Explorations,papers/2209.01995.pdf,https://www.slac.stanford.edu/econf/C210711/papers/2209.01995.pdf
488,,Single Vector-Like Top Quark Production via Chromomagnetic Interactions at Present and Future Hadron Colliders at the LHC and FCC-hh/SppC Colliders,A. Belyaev et al.,2209.03333,https://arxiv.org/abs/2209.03333,EF,Energy,Beyond the Standard Model - More General Explorations,papers/2209.03333.pdf,https://www.slac.stanford.edu/econf/C210711/papers/2209.03333.pdf
489,,"MoEDAL-MAPP, an LHC Dedicated Detector Search Facility",J. Pinfold.,2209.03988,https://arxiv.org/abs/2209.03988,EF,Energy,Beyond the Standard Model - More General Explorations,papers/2209.03988.pdf,https://www.slac.stanford.edu/econf/C210711/papers/2209.03988.pdf
490,,Higgs Portal Vector Dark Matter Interpretation: Review of Effective Field Theory Approach and Ultraviolet Complete Models,M. Zaazoua et al.,2107.01252,https://arxiv.org/abs/2107.01252,EF,Energy,Beyond the Standard Model - Dark Matter at Colliders,papers/2107.01252.pdf,https://www.slac.stanford.edu/econf/C210711/papers/2107.01252.pdf
491,,Event-Level Variables for Semivisible Jets using Anomalous Jet Tagging,"H. Beauchesne, G. Grilli di Cortona.",2111.12156,https://arxiv.org/abs/2111.12156,EF,Energy,Beyond the Standard Model - Dark Matter at Colliders,papers/2111.12156.pdf,https://www.slac.stanford.edu/econf/C210711/papers/2111.12156.pdf
492,,Portal Matter and Dark Sector Phenomenology at Colliders,T. G. Rizzo.,2202.02222,https://arxiv.org/abs/2202.02222,EF,Energy,Beyond the Standard Model - Dark Matter at Colliders,papers/2202.02222.pdf,https://www.slac.stanford.edu/econf/C210711/papers/2202.02222.pdf
493,,New Approach to DM Searches with Mono-Photon Signature,J. Kalinowski et al.,2203.06776,https://arxiv.org/abs/2203.06776,EF,Energy,Beyond the Standard Model - Dark Matter at Colliders,papers/2203.06776.pdf,https://www.slac.stanford.edu/econf/C210711/papers/2203.06776.pdf
494,,LHCb Future Dark-Sector Sensitivity Projections for Snowmass 2021,Daniel Craik et al.,2203.07048,https://arxiv.org/abs/2203.07048,EF,Energy,Beyond the Standard Model - Dark Matter at Colliders,papers/2203.07048.pdf,https://www.slac.stanford.edu/econf/C210711/papers/2203.07048.pdf
495,,WIMP Dark Matter at High Energy Muon Colliders,T. Han et al.,2203.07351,https://arxiv.org/abs/2203.07351,EF,Energy,Beyond the Standard Model - Dark Matter at Colliders,papers/2203.07351.pdf,https://www.slac.stanford.edu/econf/C210711/papers/2203.07351.pdf
496,,New Physics with Missing Energy at Future Lepton Colliders,J. Kalinowski et al.,2203.07913,https://arxiv.org/abs/2203.07913,EF,Energy,Beyond the Standard Model - Dark Matter at Colliders,papers/2203.07913.pdf,https://www.slac.stanford.edu/econf/C210711/papers/2203.07913.pdf
497,,Simplified Dark Matter Models with Charged Mediators,T. Ghosh et al.,2203.08107,https://arxiv.org/abs/2203.08107,EF,Energy,Beyond the Standard Model - Dark Matter at Colliders,papers/2203.08107.pdf,https://www.slac.stanford.edu/econf/C210711/papers/2203.08107.pdf
498,,Prospects for Searches for Higgs Boson Decays to Dark Photons at the ILC,S. Snyder et al.,2203.08270,https://arxiv.org/abs/2203.08270,EF,Energy,Beyond the Standard Model - Dark Matter at Colliders,papers/2203.08270.pdf,https://www.slac.stanford.edu/econf/C210711/papers/2203.08270.pdf
499,,Scalar-Mediated Dark Matter Model at Colliders and Gravitational Wave Detectors,J. Liu et al.,2203.10046,https://arxiv.org/abs/2203.10046,EF,Energy,Beyond the Standard Model - Dark Matter at Colliders,papers/2203.10046.pdf,https://www.slac.stanford.edu/econf/C210711/papers/2203.10046.pdf
500,,Displaying Dark Matter Constraints from Colliders with Varying Simplified Model Parameters,A. Albert et al.,2203.12035,https://arxiv.org/abs/2203.12035,EF,Energy,Beyond the Standard Model - Dark Matter at Colliders,papers/2203.12035.pdf,https://www.slac.stanford.edu/econf/C210711/papers/2203.12035.pdf
501,,"More is Different: Non-Minimal Dark Sectors and Their Implications for Particle Physics, Astrophysics, and Cosmology – 13 Take-Away Lessons for Snowmass 2021","K. R. Dienes, B. Thomas.",2203.17258,https://arxiv.org/abs/2203.17258,EF,Energy,Beyond the Standard Model - Dark Matter at Colliders,papers/2203.17258.pdf,https://www.slac.stanford.edu/econf/C210711/papers/2203.17258.pdf
502,,Prospects for Heavy WIMP Dark Matter Searches at Muon Colliders,K. Black et al.,2205.10404,https://arxiv.org/abs/2205.10404,EF,Energy,Beyond the Standard Model - Dark Matter at Colliders,papers/2205.10404.pdf,https://www.slac.stanford.edu/econf/C210711/papers/2205.10404.pdf
503,,Summarizing Experimental Sensitivities of Collider Experiments to Dark Matter Models and Comparison to Other Experiments,A. Boveia et al.,2206.03456,https://arxiv.org/abs/2206.03456,EF,Energy,Beyond the Standard Model - Dark Matter at Colliders,papers/2206.03456.pdf,https://www.slac.stanford.edu/econf/C210711/papers/2206.03456.pdf
504,,The Forward Physics Facility at the High-Luminosity LHC,J. L. Feng et al.,2203.05090,https://arxiv.org/abs/2203.05090,IF,Instrumentation,General - centered on this frontier,papers/2203.05090.pdf,https://www.slac.stanford.edu/econf/C210711/papers/2203.05090.pdf
505,,A Gaseous Argon-Based Near Detector to Enhance the Physics Capabilities of DUNE,A. Abed Abud et al.,2203.06281,https://arxiv.org/abs/2203.06281,IF,Instrumentation,General - centered on this frontier,papers/2203.06281.pdf,https://www.slac.stanford.edu/econf/C210711/papers/2203.06281.pdf
506,,Promising Technologies and R&D Directions for the Future Muon Collider Detectors,S. Jindariani et al.,2203.07224,https://arxiv.org/abs/2203.07224,IF,Instrumentation,General - centered on this frontier,papers/2203.07224.pdf,https://www.slac.stanford.edu/econf/C210711/papers/2203.07224.pdf
507,,Detector and Beamline Simulation for Next-Generation High Energy Physics Experiments,S. Banerjee et al.,2203.07614,https://arxiv.org/abs/2203.07614,IF,Instrumentation,General - centered on this frontier,papers/2203.07614.pdf,https://www.slac.stanford.edu/econf/C210711/papers/2203.07614.pdf
508,,The International Linear Collider,A. Aryshev et al.,2203.07622,https://arxiv.org/abs/2203.07622,IF,Instrumentation,General - centered on this frontier,papers/2203.07622.pdf,https://www.slac.stanford.edu/econf/C210711/papers/2203.07622.pdf
509,,Simulated Detector Performance at the Muon Collider,N. Bartosik et al.,2203.07964,https://arxiv.org/abs/2203.07964,IF,Instrumentation,General - centered on this frontier,papers/2203.07964.pdf,https://www.slac.stanford.edu/econf/C210711/papers/2203.07964.pdf
510,,CMB-S4 White Paper,K. Abazajian et al.,2203.08024,https://arxiv.org/abs/2203.08024,IF,Instrumentation,General - centered on this frontier,papers/2203.08024.pdf,https://www.slac.stanford.edu/econf/C210711/papers/2203.08024.pdf
511,,The Sanford Underground Research Facility,J. Heise.,2203.08293,https://arxiv.org/abs/2203.08293,IF,Instrumentation,General - centered on this frontier,papers/2203.08293.pdf,https://www.slac.stanford.edu/econf/C210711/papers/2203.08293.pdf
512,,Precision Studies of Spacetime Symmetries and Gravitational Physics,E. Adelberger et al.,2203.09691,https://arxiv.org/abs/2203.09691,IF,Instrumentation,General - centered on this frontier,papers/2203.09691.pdf,https://www.slac.stanford.edu/econf/C210711/papers/2203.09691.pdf
513,,The Belle II Detector Upgrade Program,F. Forti (Belle II Collaboration).,2203.11349,https://arxiv.org/abs/2203.11349,IF,Instrumentation,General - centered on this frontier,papers/2203.11349.pdf,https://www.slac.stanford.edu/econf/C210711/papers/2203.11349.pdf
514,,Theia: Summary of Physics Program,M. Askins et al.,2202.12839,https://arxiv.org/abs/2202.12839,IF,Instrumentation,General - cross-listed,papers/2202.12839.pdf,https://www.slac.stanford.edu/econf/C210711/papers/2202.12839.pdf
515,,Tau Neutrinos in the Next Decade: from GeV to EeV,R. Mammen Abraham et al.,2203.05591,https://arxiv.org/abs/2203.05591,IF,Instrumentation,General - cross-listed,papers/2203.05591.pdf,https://www.slac.stanford.edu/econf/C210711/papers/2203.05591.pdf
516,,The Future Circular Collider: a Summary for the US 2021 Snowmass Process,G. Bernardi et al.,2203.06520,https://arxiv.org/abs/2203.06520,IF,Instrumentation,General - cross-listed,papers/2203.06520.pdf,https://www.slac.stanford.edu/econf/C210711/papers/2203.06520.pdf
517,,Strategy for Understanding the Higgs Physics: The Cool Copper Collider,S. Dasu et al.,2203.07646,https://arxiv.org/abs/2203.07646,IF,Instrumentation,General - cross-listed,papers/2203.07646.pdf,https://www.slac.stanford.edu/econf/C210711/papers/2203.07646.pdf
518,,21cm Radiation as a Probe of Physics Across Cosmic Ages,A. Liu et al.,2203.07864,https://arxiv.org/abs/2203.07864,IF,Instrumentation,General - cross-listed,papers/2203.07864.pdf,https://www.slac.stanford.edu/econf/C210711/papers/2203.07864.pdf
519,,In Search of Excellence and Equity in Physics,E. Barzi et al.,2203.10393,https://arxiv.org/abs/2203.10393,IF,Instrumentation,General - cross-listed,papers/2203.10393.pdf,https://www.slac.stanford.edu/econf/C210711/papers/2203.10393.pdf
520,,Electron Ion Collider for High Energy Physics,R. Abdul Khalek et al.,2203.13199,https://arxiv.org/abs/2203.13199,IF,Instrumentation,General - cross-listed,papers/2203.13199.pdf,https://www.slac.stanford.edu/econf/C210711/papers/2203.13199.pdf
521,,Future Physics Potential of LHCb,LHCb Collaboration.,,https://cds.cern.ch/record/2806113,IF,Instrumentation,General - cross-listed,papers/CDS-2806113.pdf,https://www.slac.stanford.edu/econf/C210711/papers/CDS-2806113.pdf
522,,Center-of-Mass Energy Determination using e+e−→μ+μ-(γ) Events at Future e+e− Colliders,"B. Madison, G. W. Wilson.",2209.03281,https://arxiv.org/abs/2209.03281,IF,Instrumentation,General - cross-listed,papers/2209.03281.pdf,https://www.slac.stanford.edu/econf/C210711/papers/2209.03281.pdf
523,,How Community Agreements Can Improve Workplace Culture in Physics,E. Barzi et al.,2209.06755,https://arxiv.org/abs/2209.06755,IF,Instrumentation,General - cross-listed,papers/2209.06755.pdf,https://www.slac.stanford.edu/econf/C210711/papers/2209.06755.pdf
524,,Light Dark Matter Detection with Hydrogen-rich Crystals and Low-Tc TES Detectors,G. Wang et al.,2201.04219,https://arxiv.org/abs/2201.04219,IF,Instrumentation,Quantum Sensors,papers/2201.04219.pdf,https://www.slac.stanford.edu/econf/C210711/papers/2201.04219.pdf
525,,Directional Detection of Dark Matter Using Solid-State Quantum Sensing,R. Ebadi et al.,2203.06037,https://arxiv.org/abs/2203.06037,IF,Instrumentation,Quantum Sensors,papers/2203.06037.pdf,https://www.slac.stanford.edu/econf/C210711/papers/2203.06037.pdf
526,,Ultraheavy Particle Dark Matter,D. Carney et al.,2203.06508,https://arxiv.org/abs/2203.06508,IF,Instrumentation,Quantum Sensors,papers/2203.06508.pdf,https://www.slac.stanford.edu/econf/C210711/papers/2203.06508.pdf
527,,Ion Coulomb Crystals in Storage Rings for Quantum Information Science,S. Brooks et al.,2203.06809,https://arxiv.org/abs/2203.06809,IF,Instrumentation,Quantum Sensors,papers/2203.06809.pdf,https://www.slac.stanford.edu/econf/C210711/papers/2203.06809.pdf
528,,The Windchime Project,A. Attanasio et al. (Windchime Collaboration),2203.07242,https://arxiv.org/abs/2203.07242,IF,Instrumentation,Quantum Sensors,papers/2203.07242.pdf,https://www.slac.stanford.edu/econf/C210711/papers/2203.07242.pdf
529,,"Quantum Sensors for HEP Science – Interferometers, Mechanics, Traps, and Clocks",D. Carney et al.,2203.07250,https://arxiv.org/abs/2203.07250,IF,Instrumentation,Quantum Sensors,papers/2203.07250.pdf,https://www.slac.stanford.edu/econf/C210711/papers/2203.07250.pdf
530,,Measuring the Electron Neutrino Mass using the Electron Capture Decay of 163Ho,J. Ullom et al.,2203.07572,https://arxiv.org/abs/2203.07572,IF,Instrumentation,Quantum Sensors,papers/2203.07572.pdf,https://www.slac.stanford.edu/econf/C210711/papers/2203.07572.pdf
531,,Toward CUPID-1T,A. Armatol et al.,2203.08386,https://arxiv.org/abs/2203.08386,IF,Instrumentation,Quantum Sensors,papers/2203.08386.pdf,https://www.slac.stanford.edu/econf/C210711/papers/2203.08386.pdf
532,,A Strategy for Low-Mass Dark Matter Searches with Cryogenic Detectors in the SuperCDMS SNOLAB Facility,"M. F. Albakry, et al.",2203.08463,https://arxiv.org/abs/2203.08463,IF,Instrumentation,Quantum Sensors,papers/2203.08463.pdf,https://www.slac.stanford.edu/econf/C210711/papers/2203.08463.pdf
533,,Quantum Sensors for High Precision Measurements of Spin-dependent Interactions,D. Budker et al.,2203.09488,https://arxiv.org/abs/2203.09488,IF,Instrumentation,Quantum Sensors,papers/2203.09488.pdf,https://www.slac.stanford.edu/econf/C210711/papers/2203.09488.pdf
534,,"Searches for New Particles, Dark Matter, and Gravitational Waves with SRF Cavities",A.Berlin et al.,2203.12714,https://arxiv.org/abs/2203.12714,IF,Instrumentation,Quantum Sensors,papers/2203.12714.pdf,https://www.slac.stanford.edu/econf/C210711/papers/2203.12714.pdf
535,,New Horizons: Scalar and Vector Ultralight Dark Matter,D. Antypas et al.,2203.14915,https://arxiv.org/abs/2203.14915,IF,Instrumentation,Quantum Sensors,papers/2203.14915.pdf,https://www.slac.stanford.edu/econf/C210711/papers/2203.14915.pdf
536,,Axion Dark Matter,J. Jaeckel et al.,2203.14923,https://arxiv.org/abs/2203.14923,IF,Instrumentation,Quantum Sensors,papers/2203.14923.pdf,https://www.slac.stanford.edu/econf/C210711/papers/2203.14923.pdf
537,,Future Advances in Photon-Based Neutrino Detectors,J. R. Klein et al.,2203.07479,https://arxiv.org/abs/2203.07479,IF,Instrumentation,Photon Detectors,papers/2203.07479.pdf,https://www.slac.stanford.edu/econf/C210711/papers/2203.07479.pdf
538,,Photon Counting from the Vacuum Ultraviolet to the Short Wavelength Infrared using Semiconductor and Superconducting Technologies,J. Asaadi et al.,2203.12542,https://arxiv.org/abs/2203.12542,IF,Instrumentation,Photon Detectors,papers/2203.12542.pdf,https://www.slac.stanford.edu/econf/C210711/papers/2203.12542.pdf
539,,Novel Sensors for Particle Tracking,M. R. Hoeferkamp et al.,2202.11828,https://arxiv.org/abs/2202.11828,IF,Instrumentation,Solid State Detectors and Tracking,papers/2202.11828.pdf,https://www.slac.stanford.edu/econf/C210711/papers/2202.11828.pdf
540,,Passive low energy nuclear recoil detection with color centers – PALEOCCENE,K. Alfonso et al.,2203.05525,https://arxiv.org/abs/2203.05525,IF,Instrumentation,Solid State Detectors and Tracking,papers/2203.05525.pdf,https://www.slac.stanford.edu/econf/C210711/papers/2203.05525.pdf
541,,Integration and Packaging,S. Mazza et al.,2203.06093,https://arxiv.org/abs/2203.06093,IF,Instrumentation,Solid State Detectors and Tracking,papers/2203.06093.pdf,https://www.slac.stanford.edu/econf/C210711/papers/2203.06093.pdf
542,,Simulations of Silicon Radiation Detectors for High Energy Physics Experiments,B. Nachman et al.,2203.06216,https://arxiv.org/abs/2203.06216,IF,Instrumentation,Solid State Detectors and Tracking,papers/2203.06216.pdf,https://www.slac.stanford.edu/econf/C210711/papers/2203.06216.pdf
543,,Strategies for Beam-Induced Background Reduction at Muon Colliders,D. Ally et al.,2203.06773,https://arxiv.org/abs/2203.06773,IF,Instrumentation,Solid State Detectors and Tracking,papers/2203.06773.pdf,https://www.slac.stanford.edu/econf/C210711/papers/2203.06773.pdf
544,,Monolithic Active Pixel Sensors on CMOS technologies,N. Apadula et al.,2203.07626,https://arxiv.org/abs/2203.07626,IF,Instrumentation,Solid State Detectors and Tracking,papers/2203.07626.pdf,https://www.slac.stanford.edu/econf/C210711/papers/2203.07626.pdf
545,,Fast Timing With Silicon Carbide Low Gain Avalanche Detectors,P. Barletta et al.,2203.08554,https://arxiv.org/abs/2203.08554,IF,Instrumentation,Solid State Detectors and Tracking,papers/2203.08554.pdf,https://www.slac.stanford.edu/econf/C210711/papers/2203.08554.pdf
546,,4-Dimensional Trackers,D. Berry et al.,2203.13900,https://arxiv.org/abs/2203.13900,IF,Instrumentation,Solid State Detectors and Tracking,papers/2203.13900.pdf,https://www.slac.stanford.edu/econf/C210711/papers/2203.13900.pdf
547,,Light-Weight and Highly Thermally Conductive Support Structures for Future Tracking Detectors,E. Anderssen et al.,2203.14347,https://arxiv.org/abs/2203.14347,IF,Instrumentation,Solid State Detectors and Tracking,papers/2203.14347.pdf,https://www.slac.stanford.edu/econf/C210711/papers/2203.14347.pdf
548,,Tagged Neutrino Beams,M. Perrin-Terrin.,,https://hal.archives-ouvertes.fr/hal-03634918,IF,Instrumentation,Solid State Detectors and Tracking,papers/HAL-03634918.pdf,https://www.slac.stanford.edu/econf/C210711/papers/HAL-03634918.pdf
549,,A Fast Method for Particle Tracking and Triggering using Small-Radius Silicon Detectors,A. V. Kotwal et al.,1910.14149,https://arxiv.org/abs/1910.14149,IF,Instrumentation,Trigger and Data Acquisition,papers/1910.14149.pdf,https://www.slac.stanford.edu/econf/C210711/papers/1910.14149.pdf
550,,Track-Based Triggers for Exotic Signatures,K. F. Di Petrillo et al.,2203.07314,https://arxiv.org/abs/2203.07314,IF,Instrumentation,Trigger and Data Acquisition,papers/2203.07314.pdf,https://www.slac.stanford.edu/econf/C210711/papers/2203.07314.pdf
551,,Innovations in Trigger and Data Acquisition Systems for Next-Generation Physics Facilities,R. Bartoldus et al.,2203.07620,https://arxiv.org/abs/2203.07620,IF,Instrumentation,Trigger and Data Acquisition,papers/2203.07620.pdf,https://www.slac.stanford.edu/econf/C210711/papers/2203.07620.pdf
552,,Readout Technologies for Future Detectors,M. Begel et al.,2203.14894,https://arxiv.org/abs/2203.14894,IF,Instrumentation,Trigger and Data Acquisition,papers/2203.14894.pdf,https://www.slac.stanford.edu/econf/C210711/papers/2203.14894.pdf
553,,"Physics Community Needs, Tools, and Resources for Machine Learning",P. Harris et al.,2203.16255,https://arxiv.org/abs/2203.16255,IF,Instrumentation,Trigger and Data Acquisition,papers/2203.16255.pdf,https://www.slac.stanford.edu/econf/C210711/papers/2203.16255.pdf
554,,"Recoil Imaging for Dark Matter, Neutrinos, and Physics Beyond the Standard Model",C. A. J. O'Hare et al.,2203.05914,https://arxiv.org/abs/2203.05914,IF,Instrumentation,Micro Pattern Gas Detectors,papers/2203.05914.pdf,https://www.slac.stanford.edu/econf/C210711/papers/2203.05914.pdf
555,,MPGDs for TPCs at Future Lepton Colliders,A. Bellerive et al.,2203.06267,https://arxiv.org/abs/2203.06267,IF,Instrumentation,Micro Pattern Gas Detectors,papers/2203.06267.pdf,https://www.slac.stanford.edu/econf/C210711/papers/2203.06267.pdf
556,,Micro Pattern Gaseous Detectors for Nuclear Physics,F. Barbosa et al.,2203.06309,https://arxiv.org/abs/2203.06309,IF,Instrumentation,Micro Pattern Gas Detectors,papers/2203.06309.pdf,https://www.slac.stanford.edu/econf/C210711/papers/2203.06309.pdf
557,,MPGDs for Tracking and Muon Detection at Future High Energy Physics Colliders,K. Black et al.,2203.06525,https://arxiv.org/abs/2203.06525,IF,Instrumentation,Micro Pattern Gas Detectors,papers/2203.06525.pdf,https://www.slac.stanford.edu/econf/C210711/papers/2203.06525.pdf
558,,MPGDs: Recent Advances and Current R&D,K. Dehmelt et al.,2203.06562,https://arxiv.org/abs/2203.06562,IF,Instrumentation,Micro Pattern Gas Detectors,papers/2203.06562.pdf,https://www.slac.stanford.edu/econf/C210711/papers/2203.06562.pdf
559,,A TPC-based Tracking System for a Future Belle II Upgrade,A. Löschke Centeno et al.,2203.07287,https://arxiv.org/abs/2203.07287,IF,Instrumentation,Micro Pattern Gas Detectors,papers/2203.07287.pdf,https://www.slac.stanford.edu/econf/C210711/papers/2203.07287.pdf
560,,Studies of Granularity of a Hadronic Calorimeter for Tens-of-TeV Jets at a 100 TeV pp Collider,C.-H. Yeh et al.,1901.11146,https://arxiv.org/abs/1901.11146,IF,Instrumentation,Calorimetry,papers/1901.11146.pdf,https://www.slac.stanford.edu/econf/C210711/papers/1901.11146.pdf
561,,Physics Potential of Timing Layers in Future Collider Detectors,S. V. Chekanov et al.,2005.05221,https://arxiv.org/abs/2005.05221,IF,Instrumentation,Calorimetry,papers/2005.05221.pdf,https://www.slac.stanford.edu/econf/C210711/papers/2005.05221.pdf
562,,Dual-Readout Calorimetry for Future Experiments Probing Fundamental Physics,I. Pezzotti et al.,2203.04312,https://arxiv.org/abs/2203.04312,IF,Instrumentation,Calorimetry,papers/2203.04312.pdf,https://www.slac.stanford.edu/econf/C210711/papers/2203.04312.pdf
563,,Inorganic Scintillators for Future HEP Experiments,C. Hu et al.,2203.06731,https://arxiv.org/abs/2203.06731,IF,Instrumentation,Calorimetry,papers/2203.06731.pdf,https://www.slac.stanford.edu/econf/C210711/papers/2203.06731.pdf
564,,Ultrafast Inorganic Crystals with Mass Production Capability for Future High-Rate Experiments,C. Hu et al.,2203.06788,https://arxiv.org/abs/2203.06788,IF,Instrumentation,Calorimetry,papers/2203.06788.pdf,https://www.slac.stanford.edu/econf/C210711/papers/2203.06788.pdf
565,,Materials for Future Calorimeters,"M. Yeh, R.-Y. Zhu.",2203.07154,https://arxiv.org/abs/2203.07154,IF,Instrumentation,Calorimetry,papers/2203.07154.pdf,https://www.slac.stanford.edu/econf/C210711/papers/2203.07154.pdf
566,,Precision Timing for Collider-Experiment-Based Calorimetry,S. V. Chekanov et al.,2203.07286,https://arxiv.org/abs/2203.07286,IF,Instrumentation,Calorimetry,papers/2203.07286.pdf,https://www.slac.stanford.edu/econf/C210711/papers/2203.07286.pdf
567,,"Novel Low Workfunction Semiconductors for Calorimetry and Detection: High Energy, Dark Matter and Neutrino Phenomena",D. R. Winn.,2203.09939,https://arxiv.org/abs/2203.09939,IF,Instrumentation,Calorimetry,papers/2203.09939.pdf,https://www.slac.stanford.edu/econf/C210711/papers/2203.09939.pdf
568,,Photomultipliers as High Rate Radiation-Resistant In-Situ Sensors in Future Experiments,"D. R Winn, Y. Onel.",2203.09941,https://arxiv.org/abs/2203.09941,IF,Instrumentation,Calorimetry,papers/2203.09941.pdf,https://www.slac.stanford.edu/econf/C210711/papers/2203.09941.pdf
569,,"RADiCAL: Precision-timing, Ultracompact, Radiation-hard Electromagnetic Calorimetry",T. Anderson et al.,2203.12806,https://arxiv.org/abs/2203.12806,IF,Instrumentation,Calorimetry,papers/2203.12806.pdf,https://www.slac.stanford.edu/econf/C210711/papers/2203.12806.pdf
570,,Particle Flow Calorimetry,"R. Ruchti, K. Kruger.",2203.15138,https://arxiv.org/abs/2203.15138,IF,Instrumentation,Calorimetry,papers/2203.15138.pdf,https://www.slac.stanford.edu/econf/C210711/papers/2203.15138.pdf
571,,Superconducting Nanowire Single-Photon Detectors and Effect of Accumulation and Unsteady Releases of Excess Energy in Materials,S. Pereverzev et al.,2204.01919,https://arxiv.org/abs/2204.01919,IF,Instrumentation,Calorimetry,papers/2204.01919.pdf,https://www.slac.stanford.edu/econf/C210711/papers/2204.01919.pdf
572,,Readout for Calorimetry at Future Colliders,T. Andeen et al.,2204.00098,https://arxiv.org/abs/2204.00098,IF,Instrumentation,Electronics and ASICs,papers/2204.00098.pdf,https://www.slac.stanford.edu/econf/C210711/papers/2204.00098.pdf
573,,Electronics for Fast Timing,D. Braga et al.,2204.00149,https://arxiv.org/abs/2204.00149,IF,Instrumentation,Electronics and ASICs,papers/2204.00149.pdf,https://www.slac.stanford.edu/econf/C210711/papers/2204.00149.pdf
574,,Enabling Capabilities for Infrastructure and Workforce in Electronics and ASICs,M. Artuso et al.,2204.07285,https://arxiv.org/abs/2204.07285,IF,Instrumentation,Electronics and ASICs,papers/2204.07285.pdf,https://www.slac.stanford.edu/econf/C210711/papers/2204.07285.pdf
575,,Fast (Optical) Links”,M. Newcomer et al.,2203.15062,https://arxiv.org/abs/2203.15062,IF,Instrumentation,Electronics and ASICs,papers/2203.15062.pdf,https://www.slac.stanford.edu/econf/C210711/papers/2203.15062.pdf
576,,Measuring the Neutrino Event Time in Liquid Argon by a Post-Reconstruction One-parameter Fit,E. Angelico et al.,2004.00580,https://arxiv.org/abs/2004.00580,IF,Instrumentation,Noble Element-Based Detectors,papers/2004.00580.pdf,https://www.slac.stanford.edu/econf/C210711/papers/2004.00580.pdf
577,,Low-Energy Physics in Neutrino LArTPCs,D. Caratelli et al.,2203.00740,https://arxiv.org/abs/2203.00740,IF,Instrumentation,Noble Element-Based Detectors,papers/2203.00740.pdf,https://www.slac.stanford.edu/econf/C210711/papers/2203.00740.pdf
578,,A Next-Generation Liquid Xenon Observatory for Dark Matter and Neutrino Physics”,J. Aalbers et al.,2203.02309,https://arxiv.org/abs/2203.02309,IF,Instrumentation,Noble Element-Based Detectors,papers/2203.02309.pdf,https://www.slac.stanford.edu/econf/C210711/papers/2203.02309.pdf
579,,High-pressure TPCs in Pressurized Caverns: Opportunities in Dark Matter and Neutrino Physics,B. Monreal.,2203.06262,https://arxiv.org/abs/2203.06262,IF,Instrumentation,Noble Element-Based Detectors,papers/2203.06262.pdf,https://www.slac.stanford.edu/econf/C210711/papers/2203.06262.pdf
580,,"Introduction to a Low-Mass Dark Matter Project, ALETHEIA: A Liquid hElium Time projection cHambEr In dArk matter",J. Liao et al.,2203.07901,https://arxiv.org/abs/2203.07901,IF,Instrumentation,Noble Element-Based Detectors,papers/2203.07901.pdf,https://www.slac.stanford.edu/econf/C210711/papers/2203.07901.pdf
581,,Low Background kTon-Scale Liquid Argon Time Projection Chambers,A. Avasthi et al.,2203.08821,https://arxiv.org/abs/2203.08821,IF,Instrumentation,Noble Element-Based Detectors,papers/2203.08821.pdf,https://www.slac.stanford.edu/econf/C210711/papers/2203.08821.pdf
582,,The Ion Fluorescence Chamber (IFC): A New Concept for Directional Dark Matter and Topologically Imaging Neutrinoless Double Beta Decay Searches,B. J. P. Jones et al.,2203.10198,https://arxiv.org/abs/2203.10198,IF,Instrumentation,Noble Element-Based Detectors,papers/2203.10198.pdf,https://www.slac.stanford.edu/econf/C210711/papers/2203.10198.pdf
583,,The COHERENT Experimental Program,D. Akimov et al.,2204.04575,https://arxiv.org/abs/2204.04575,IF,Instrumentation,Noble Element-Based Detectors,papers/2204.04575.pdf,https://www.slac.stanford.edu/econf/C210711/papers/2204.04575.pdf
584,,Scintillating Bubble Chambers: Liquid-Noble Bubble Chambers for Dark Matter and CEνNS Detection,E. Alfonso-Pita et al.,2207.12400,https://arxiv.org/abs/2207.12400,IF,Instrumentation,Noble Element-Based Detectors,papers/2207.12400.pdf,https://www.slac.stanford.edu/econf/C210711/papers/2207.12400.pdf
585,,Physics Opportunities in the ORNL Spallation Neutron Source Second Target Station Era,J. Asaadi et al.,2209.02883,https://arxiv.org/abs/2209.02883,IF,Instrumentation,Noble Element-Based Detectors,papers/2209.02883.pdf,https://www.slac.stanford.edu/econf/C210711/papers/2209.02883.pdf
586,,A Call to Arms Control: Synergies between Nonproliferation Applications of Neutrino Detectors and Large-Scale Fundamental Neutrino Physics Experiments,T. Akindele et al.,2203.00042,https://arxiv.org/abs/2203.00042,IF,Instrumentation,Cross-Cutting Issues and Systems Integration,papers/2203.00042.pdf,https://www.slac.stanford.edu/econf/C210711/papers/2203.00042.pdf
587,,Cryogenic User Facilities for R&D on Noble Liquid Detectors and Low Temperature Devices,Y. Li et al.,2203.06146,https://arxiv.org/abs/2203.06146,IF,Instrumentation,Cross-Cutting Issues and Systems Integration,papers/2203.06146.pdf,https://www.slac.stanford.edu/econf/C210711/papers/2203.06146.pdf
588,,Recent Progress and Next Steps for the MATHUSLA LLP Detector,C. Alpigiani et al.,2203.08126,https://arxiv.org/abs/2203.08126,IF,Instrumentation,Cross-Cutting Issues and Systems Integration,papers/2203.08126.pdf,https://www.slac.stanford.edu/econf/C210711/papers/2203.08126.pdf
589,,A Facility for Low-Radioactivity Underground Argon,H. O. Back et al.,2203.09734,https://arxiv.org/abs/2203.09734,IF,Instrumentation,Cross-Cutting Issues and Systems Integration,papers/2203.09734.pdf,https://www.slac.stanford.edu/econf/C210711/papers/2203.09734.pdf
590,,High Rate and High Precision Timing and Calorimeter Detectors,D. R. Winn et al.,2203.09942,https://arxiv.org/abs/2203.09942,IF,Instrumentation,Cross-Cutting Issues and Systems Integration,papers/2203.09942.pdf,https://www.slac.stanford.edu/econf/C210711/papers/2203.09942.pdf
591,,Test Beam and Irradiation Facilities,M. Hartz et al.,2203.09944,https://arxiv.org/abs/2203.09944,IF,Instrumentation,Cross-Cutting Issues and Systems Integration,papers/2203.09944.pdf,https://www.slac.stanford.edu/econf/C210711/papers/2203.09944.pdf
592,,Superconducting Sensor Fabrication Capabilities for HEP Science,T. Cecil et al.,2203.15978,https://arxiv.org/abs/2203.15978,IF,Instrumentation,Cross-Cutting Issues and Systems Integration,papers/2203.15978.pdf,https://www.slac.stanford.edu/econf/C210711/papers/2203.15978.pdf
593,,Adding Stroboscopic Muon Information For Reduction of Systematic Uncertainties in DUNE,H. J. Frisch,2212.09524,https://arxiv.org/abs/2212.09524,IF,Instrumentation,Cross-Cutting Issues and Systems Integration,papers/2212.09524.pdf,https://www.slac.stanford.edu/econf/C210711/papers/2212.09524.pdf
594,,Cosmic Microwave Background Measurements White Paper,C. L. Chang et al.,2203.07638,https://arxiv.org/abs/2203.07638,IF,Instrumentation,Radio Detection,papers/2203.07638.pdf,https://www.slac.stanford.edu/econf/C210711/papers/2203.07638.pdf
595,,High-Energy and Ultra-High-Energy Neutrinos,M. Ackermann et al.,2203.08096,https://arxiv.org/abs/2203.08096,IF,Instrumentation,Radio Detection,papers/2203.08096.pdf,https://www.slac.stanford.edu/econf/C210711/papers/2203.08096.pdf
596,,"Large-Format, Transmission-Line-Coupled Kinetic Inductance Detector Arrays for HEP at Millimeter Wavelengths",P. S. Barry et al.,2203.15902,https://arxiv.org/abs/2203.15902,IF,Instrumentation,Radio Detection,papers/2203.15902.pdf,https://www.slac.stanford.edu/econf/C210711/papers/2203.15902.pdf
597,,"The Forward Physics Facility: Sites, Experiments, and Physics Potential",L. A. Anchordoqui et al.,2109.10905,https://arxiv.org/abs/2109.10905,NF,Neutrinos,General - centered on this frontier,papers/2109.10905.pdf,https://www.slac.stanford.edu/econf/C210711/papers/2109.10905.pdf
598,,Theia: Summary of physics program,M. Askins et al.,2202.12839,https://arxiv.org/abs/2202.12839,NF,Neutrinos,General - centered on this frontier,papers/2202.12839.pdf,https://www.slac.stanford.edu/econf/C210711/papers/2202.12839.pdf
599,,Physics Opportunities for the Fermilab Booster Replacement,J. Arrington et al.,2203.03925,https://arxiv.org/abs/2203.03925,NF,Neutrinos,General - centered on this frontier,papers/2203.03925.pdf,https://www.slac.stanford.edu/econf/C210711/papers/2203.03925.pdf
600,,The Forward Physics Facility at the High-Luminosity LHC,J. L. Feng et al.,2203.05090,https://arxiv.org/abs/2203.05090,NF,Neutrinos,General - centered on this frontier,papers/2203.05090.pdf,https://www.slac.stanford.edu/econf/C210711/papers/2203.05090.pdf
601,,DUNE Physics Summary,A. Abed Abud et al. (DUNE Collaboration),2203.06100,https://arxiv.org/abs/2203.06100,NF,Neutrinos,General - centered on this frontier,papers/2203.06100.pdf,https://www.slac.stanford.edu/econf/C210711/papers/2203.06100.pdf
602,,A Gaseous Argon-Based Near Detector to Enhance the Physics Capabilities of DUNE,A. Abed Abud et al.,2203.06281,https://arxiv.org/abs/2203.06281,NF,Neutrinos,General - centered on this frontier,papers//2203.06281.pdf,https://www.slac.stanford.edu/econf/C210711/papers//2203.06281.pdf
603,,The European Spallation Source neutrino Super Beam,A. Alekou et al.,2203.08803,https://arxiv.org/abs/2203.08803,NF,Neutrinos,General - centered on this frontier,papers/2203.08803.pdf,https://www.slac.stanford.edu/econf/C210711/papers/2203.08803.pdf
604,,IsoDAR Overview,J. R. Alonso et al.,2203.08804,https://arxiv.org/abs/2203.08804,NF,Neutrinos,General - centered on this frontier,papers/2203.08804.pdf,https://www.slac.stanford.edu/econf/C210711/papers/2203.08804.pdf
605,,Physics Opportunities in the ORNL Spallation Neutron Source Second Target Station Era,J. Asaadi et al.,2209.02883,https://arxiv.org/abs/2209.02883,NF,Neutrinos,General - centered on this frontier,papers/2209.02883.pdf,https://www.slac.stanford.edu/econf/C210711/papers/2209.02883.pdf
606,,FCC-ee: Your Questions Answered,A. Blondel et al.,1906.02693,https://arxiv.org/abs/1906.02693,NF,Neutrinos,General - cross-listed,papers/1906.02693.pdf,https://www.slac.stanford.edu/econf/C210711/papers/1906.02693.pdf
607,,The Future Circular Collider: a Summary for the US 2021 Snowmass Process,G. Bernardi et al.,2203.06520,https://arxiv.org/abs/2203.06520,NF,Neutrinos,General - cross-listed,papers/2203.06520.pdf,https://www.slac.stanford.edu/econf/C210711/papers/2203.06520.pdf
608,,Detector and Beamline Simulation for Next-Generation High Energy Physics Experiments,S. Banerjee et al.,2203.07614,https://arxiv.org/abs/2203.07614,NF,Neutrinos,General - cross-listed,papers/2203.07614.pdf,https://www.slac.stanford.edu/econf/C210711/papers/2203.07614.pdf
609,,Software and Computing for Small HEP Experiments,D. Casper et al.,2203.07645,https://arxiv.org/abs/2203.07645,NF,Neutrinos,General - cross-listed,papers/2203.07645.pdf,https://www.slac.stanford.edu/econf/C210711/papers/2203.07645.pdf
610,,The Sanford Underground Research Facility,J. Heise.,2203.08293,https://arxiv.org/abs/2203.08293,NF,Neutrinos,General - cross-listed,papers/2203.08293.pdf,https://www.slac.stanford.edu/econf/C210711/papers/2203.08293.pdf
611,,High Energy & High Luminosity γγ Colliders,E. Barzi et al.,2203.08353,https://arxiv.org/abs/2203.08353,NF,Neutrinos,General - cross-listed,papers/2203.08353.pdf,https://www.slac.stanford.edu/econf/C210711/papers/2203.08353.pdf
612,,A Facility for Low-Radioactivity Underground Argon,H. O. Back et al.,2203.09734,https://arxiv.org/abs/2203.09734,NF,Neutrinos,General - cross-listed,papers/2203.09734.pdf,https://www.slac.stanford.edu/econf/C210711/papers/2203.09734.pdf
613,,In Search of Excellence and Equity in Physics,E. Barzi et al.,2203.10393,https://arxiv.org/abs/2203.10393,NF,Neutrinos,General - cross-listed,papers/2203.10393.pdf,https://www.slac.stanford.edu/econf/C210711/papers/2203.10393.pdf
614,,Event Generators for High-Energy Physics Experiments,J. M. Campbell et al.,2203.11110,https://arxiv.org/abs/2203.11110,NF,Neutrinos,General - cross-listed,papers/2203.11110.pdf,https://www.slac.stanford.edu/econf/C210711/papers/2203.11110.pdf
615,,Japan’s Strategy for Future Projects in High Energy Physics,M. Endo et al.,2203.13979,https://arxiv.org/abs/2203.13979,NF,Neutrinos,General - cross-listed,papers/2203.13979.pdf,https://www.slac.stanford.edu/econf/C210711/papers/2203.13979.pdf
616,,Superconducting Nanowire Single-Photon Detectors and Effect of Accumulation and Unsteady Releases of Excess Energy in Materials,S. Pereverzev et al.,2204.01919,https://arxiv.org/abs/2204.01919,NF,Neutrinos,General - cross-listed,papers/2204.01919.pdf,https://www.slac.stanford.edu/econf/C210711/papers/2204.01919.pdf
617,,How Community Agreements Can Improve Workplace Culture in Physics,E. Barzi et al.,2209.06755,https://arxiv.org/abs/2209.06755,NF,Neutrinos,General - cross-listed,papers/2209.06755.pdf,https://www.slac.stanford.edu/econf/C210711/papers/2209.06755.pdf
618,,Hyper-Kamiokande Experiment,J. Bian et al. (Hyper-Kamiokande Collaboration),2203.02029,https://arxiv.org/abs/2203.02029,NF,Neutrinos,Neutrino Oscillations,papers/2203.02029.pdf,https://www.slac.stanford.edu/econf/C210711/papers/2203.02029.pdf
619,,Testing Neutrino Flavor Models,J. Gehrlein et al.,2203.06219,https://arxiv.org/abs/2203.06219,NF,Neutrinos,Neutrino Oscillations,papers/2203.06219.pdf,https://www.slac.stanford.edu/econf/C210711/papers/2203.06219.pdf
620,,The CAFAna Framework for Neutrino Analysis,C. Backhouse.,2203.13768,https://arxiv.org/abs/2203.13768,NF,Neutrinos,Neutrino Oscillations,papers/2203.13768.pdf,https://www.slac.stanford.edu/econf/C210711/papers/2203.13768.pdf
621,,"Physics Community Needs, Tools, and Resources for Machine Learning",P. Harris et al.,2203.16255,https://arxiv.org/abs/2203.16255,NF,Neutrinos,Neutrino Oscillations,papers/2203.16255.pdf,https://www.slac.stanford.edu/econf/C210711/papers/2203.16255.pdf
622,,Tagged Neutrino Beams,M. Perrin-Terrin.,,https://hal.archives-ouvertes.fr/hal-03634918,NF,Neutrinos,Neutrino Oscillations,papers/HAL-03634918.pdf,https://www.slac.stanford.edu/econf/C210711/papers/HAL-03634918.pdf
623,,"CMB-HD: An Ultra-Deep, High Resolution Millimeter Wave Survey over Half the Sky",N. Sehgal et al.,1906.10134,https://arxiv.org/abs/1906.10134,NF,Neutrinos,Sterile Neutrinos,papers/1906.10134.pdf,https://www.slac.stanford.edu/econf/C210711/papers/1906.10134.pdf
624,,Physics Opportunities with PROSPECT-II,M. Andriamirado et al.,2202.12343,https://arxiv.org/abs/2202.12343,NF,Neutrinos,Sterile Neutrinos,papers/2202.12343.pdf,https://www.slac.stanford.edu/econf/C210711/papers/2202.12343.pdf
625,,Heavy Neutral Lepton Searches at the Electron-Ion Collider,B. Batell et al.,2203.06705,https://arxiv.org/abs/2203.06705,NF,Neutrinos,Sterile Neutrinos,papers/2203.06705.pdf,https://www.slac.stanford.edu/econf/C210711/papers/2203.06705.pdf
626,,Light Sterile Neutrino Searches and Related Phenomenology,M. A. Acero et al.,2203.07323,https://arxiv.org/abs/2203.07323,NF,Neutrinos,Sterile Neutrinos,papers/2203.07323.pdf,https://www.slac.stanford.edu/econf/C210711/papers/2203.07323.pdf
627,,Vector Boson Scattering Processes: Status and Prospects,D. B. Franzosi et al.,2106.01393,https://arxiv.org/abs/2106.01393,NF,Neutrinos,Neutrinos Beyond the Standard Model,papers/2106.01393.pdf,https://www.slac.stanford.edu/econf/C210711/papers/2106.01393.pdf
628,,Heavy Neutrinos at Future Linear e+e− Colliders,K. Mękała et al.,2202.06703,https://arxiv.org/abs/2202.06703,NF,Neutrinos,Neutrinos Beyond the Standard Model,papers/2202.06703.pdf,https://www.slac.stanford.edu/econf/C210711/papers/2202.06703.pdf
629,,Neutrino Self-Interactions,J. M. Berryman et al.,2203.01955,https://arxiv.org/abs/2203.01955,NF,Neutrinos,Neutrinos Beyond the Standard Model,papers/2203.01955.pdf,https://www.slac.stanford.edu/econf/C210711/papers/2203.01955.pdf
630,,Tau Neutrinos in the Next Decade: from GeV to EeV,R. Mammen Abraham et al.,2203.05591,https://arxiv.org/abs/2203.05591,NF,Neutrinos,Neutrinos Beyond the Standard Model,papers/2203.05591.pdf,https://www.slac.stanford.edu/econf/C210711/papers/2203.05591.pdf
631,,Coherent Elastic Neutrino-Nucleus Scattering: Terrestrial and Astrophysical Applications,M. Abdullah et al.,2203.07361,https://arxiv.org/abs/2203.07361,NF,Neutrinos,Neutrinos Beyond the Standard Model,papers/2203.07361.pdf,https://www.slac.stanford.edu/econf/C210711/papers/2203.07361.pdf
632,,The International Linear Collider,A. Aryshev et al.,2203.07622,https://arxiv.org/abs/2203.07622,NF,Neutrinos,Neutrinos Beyond the Standard Model,papers/2203.07622.pdf,https://www.slac.stanford.edu/econf/C210711/papers/2203.07622.pdf
633,,The Present and Future Status of Heavy Neutral Leptons,A. M. Abdullahi et al.,2203.08039,https://arxiv.org/abs/2203.08039,NF,Neutrinos,Neutrinos Beyond the Standard Model,papers/2203.08039.pdf,https://www.slac.stanford.edu/econf/C210711/papers/2203.08039.pdf
634,,PIP2-BD: GeV Proton Beam Dump at Fermilab's PIP-II Linac,M. Toups et al.,2203.08079,https://arxiv.org/abs/2203.08079,NF,Neutrinos,Neutrinos Beyond the Standard Model,papers/2203.08079.pdf,https://www.slac.stanford.edu/econf/C210711/papers/2203.08079.pdf
635,,SBN-BD: O(10 GeV) Proton Beam Dump at Fermilab's PIP-II Linac,M. Toups et al.,2203.08102,https://arxiv.org/abs/2203.08102,NF,Neutrinos,Neutrinos Beyond the Standard Model,papers/2203.08102.pdf,https://www.slac.stanford.edu/econf/C210711/papers/2203.08102.pdf
636,,A Strategy for Low-Mass Dark Matter Searches with Cryogenic Detectors in the SuperCDMS SNOLAB Facility,M. F. Albakry et al.,2203.08463,https://arxiv.org/abs/2203.08463,NF,Neutrinos,Neutrinos Beyond the Standard Model,papers/2203.08463.pdf,https://www.slac.stanford.edu/econf/C210711/papers/2203.08463.pdf
637,,Searches for Baryon Number Violation in Neutrino Experiments,P. S. B. Dev et al.,2203.08771,https://arxiv.org/abs/2203.08771,NF,Neutrinos,Neutrinos Beyond the Standard Model,papers/2203.08771.pdf,https://www.slac.stanford.edu/econf/C210711/papers/2203.08771.pdf
638,,Beyond the Standard Model Effects on Neutrino Flavor,C. A. Argüelles et al.,2203.10811,https://arxiv.org/abs/2203.10811,NF,Neutrinos,Neutrinos Beyond the Standard Model,papers/2203.10811.pdf,https://www.slac.stanford.edu/econf/C210711/papers/2203.10811.pdf
639,,LANSCE-PSR Short-Pulse Upgrade for Improved Dark Sector Particle Searches with the Coherent Captain Mills Experiment,R. G. Van de Water et al.,2204.01860,https://arxiv.org/abs/2204.01860,NF,Neutrinos,Neutrinos Beyond the Standard Model,papers/2204.01860.pdf,https://www.slac.stanford.edu/econf/C210711/papers/2204.01860.pdf
640,,Neutrino Flavor Model Building and the Origins of Flavor and CP Violation,Y. Almumin et al.,2204.08668,https://arxiv.org/abs/2204.08668,NF,Neutrinos,Neutrinos Beyond the Standard Model,papers/2204.08668.pdf,https://www.slac.stanford.edu/econf/C210711/papers/2204.08668.pdf
641,,Cosmogenic Dark Matter and Exotic Particle Searches in Neutrino Experiments,J. Berger et al.,2207.02882,https://arxiv.org/abs/2207.02882,NF,Neutrinos,Neutrinos Beyond the Standard Model,papers/2207.02882.pdf,https://www.slac.stanford.edu/econf/C210711/papers/2207.02882.pdf
642,,Dark Sector Studies with Neutrino Beams,B. Batell et al.,2207.06898,https://arxiv.org/abs/2207.06898,NF,Neutrinos,Neutrinos Beyond the Standard Model,papers/2207.06898.pdf,https://www.slac.stanford.edu/econf/C210711/papers/2207.06898.pdf
643,,Sensitivity to Heavy Neutral Leptons with the SAND Detector at the DUNE ND Complex,Z. G. Moghaddam et al.,2209.01899,https://arxiv.org/abs/2209.01899,NF,Neutrinos,Neutrinos Beyond the Standard Model,papers/2209.01899.pdf,https://www.slac.stanford.edu/econf/C210711/papers/2209.01899.pdf
644,,A Next-Generation Liquid Xenon Observatory for Dark Matter and Neutrino Physics,J. Aalbers et al.,2203.02309,https://arxiv.org/abs/2203.02309,NF,Neutrinos,Neutrinos from Natural Sources,papers/2203.02309.pdf,https://www.slac.stanford.edu/econf/C210711/papers/2203.02309.pdf
645,,"Introduction to a Low-Mass Dark Matter Project, ALETHEIA: A Liquid hElium Time projection cHambEr In dArk matter",J. Liao et al.,2203.07901,https://arxiv.org/abs/2203.07901,NF,Neutrinos,Neutrinos from Natural Sources,papers/2203.07901.pdf,https://www.slac.stanford.edu/econf/C210711/papers/2203.07901.pdf
646,,High-Energy and Ultra-High-Energy Neutrinos,M. Ackermann et al.,2203.08096,https://arxiv.org/abs/2203.08096,NF,Neutrinos,Neutrinos from Natural Sources,papers/2203.08096.pdf,https://www.slac.stanford.edu/econf/C210711/papers/2203.08096.pdf
647,,The Project 8 Neutrino Mass Experiment,A. Ashtari Esfahani et al.,2203.07349,https://arxiv.org/abs/2203.07349,NF,Neutrinos,Neutrino Properties,papers/2203.07349.pdf,https://www.slac.stanford.edu/econf/C210711/papers/2203.07349.pdf
648,,Synergy between Cosmological and Laboratory Searches in Neutrino Physics,K. N. Abazajian et al.,2203.07377,https://arxiv.org/abs/2203.07377,NF,Neutrinos,Neutrino Properties,papers/2203.07377.pdf,https://www.slac.stanford.edu/econf/C210711/papers/2203.07377.pdf
649,,Measuring the Electron Neutrino Mass using the Electron Capture Decay of 163Ho,J. Ullom et al.,2203.07572,https://arxiv.org/abs/2203.07572,NF,Neutrinos,Neutrino Properties,papers/2203.07572.pdf,https://www.slac.stanford.edu/econf/C210711/papers/2203.07572.pdf
650,,KATRIN: Status and Prospects for the Neutrino Mass and Beyond,M. Aker et al.,2203.08059,https://arxiv.org/abs/2203.08059,NF,Neutrinos,Neutrino Properties,papers/2203.08059.pdf,https://www.slac.stanford.edu/econf/C210711/papers/2203.08059.pdf
651,,Toward CUPID-1T,A. Armatol et al.,2203.08386,https://arxiv.org/abs/2203.08386,NF,Neutrinos,Neutrino Properties,papers/2203.08386.pdf,https://www.slac.stanford.edu/econf/C210711/papers/2203.08386.pdf
652,,The Selena Neutrino Experiment,A. E. Chavarria et al.,2203.08779,https://arxiv.org/abs/2203.08779,NF,Neutrinos,Neutrino Properties,papers/2203.08779.pdf,https://www.slac.stanford.edu/econf/C210711/papers/2203.08779.pdf
653,,The Ion Fluorescence Chamber (IFC): A New Concept for Directional Dark Matter and Topologically Imaging Neutrinoless Double Beta Decay Searches,B. J. P. Jones et al.,2203.10198,https://arxiv.org/abs/2203.10198,NF,Neutrinos,Neutrino Properties,papers/2203.10198.pdf,https://www.slac.stanford.edu/econf/C210711/papers/2203.10198.pdf
654,,Neutrinoless Double-Beta Decay: A Roadmap for Matching Theory to Experiment,V. Cirigliano et al.,2203.12169,https://arxiv.org/abs/2203.12169,NF,Neutrinos,Neutrino Properties,papers/2203.12169.pdf,https://www.slac.stanford.edu/econf/C210711/papers/2203.12169.pdf
655,,Electron Scattering and Neutrino Physics,A. Ankowski et al.,2203.06853,https://arxiv.org/abs/2203.06853,NF,Neutrinos,Neutrino Interaction Cross Sections,papers/2203.06853.pdf,https://www.slac.stanford.edu/econf/C210711/papers/2203.06853.pdf
656,,"Theoretical Tools for Neutrino Scattering: Interplay between Lattice QCD, EFTs, Nuclear Physics, Phenomenology, and Neutrino Event Generators",L. Alvarez Ruso et al.,2203.09030,https://arxiv.org/abs/2203.09030,NF,Neutrinos,Neutrino Interaction Cross Sections,papers/2203.09030.pdf,https://www.slac.stanford.edu/econf/C210711/papers/2203.09030.pdf
657,,Neutrino Scattering Measurements on Hydrogen and Deuterium,L. Alvarez Ruso et al.,2203.11298,https://arxiv.org/abs/2203.11298,NF,Neutrinos,Neutrino Interaction Cross Sections,papers/2203.11298.pdf,https://www.slac.stanford.edu/econf/C210711/papers/2203.11298.pdf
658,,The COHERENT Experimental Program,D. Akimov et al.,2204.04575,https://arxiv.org/abs/2204.04575,NF,Neutrinos,Neutrino Interaction Cross Sections,papers/2204.04575.pdf,https://www.slac.stanford.edu/econf/C210711/papers/2204.04575.pdf
659,,Lattice QCD and Particle Physics,A. S. Kronfeld et al.,2207.07641,https://arxiv.org/abs/2207.07641,NF,Neutrinos,Neutrino Interaction Cross Sections,papers/2207.07641.pdf,https://www.slac.stanford.edu/econf/C210711/papers/2207.07641.pdf
660,,Nu Tools: Exploring Practical Roles for Neutrinos in Nuclear Energy and Security,O. A. Akindele et al.,2112.12593,https://arxiv.org/abs/2112.12593,NF,Neutrinos,Neutrino Applications,papers/2112.12593.pdf,https://www.slac.stanford.edu/econf/C210711/papers/2112.12593.pdf
661,,A Call to Arms Control: Synergies between Nonproliferation Applications of Neutrino Detectors and Large-Scale Fundamental Neutrino Physics Experiments,T. Akindele et al.,2203.00042,https://arxiv.org/abs/2203.00042,NF,Neutrinos,Neutrino Applications,papers/2203.00042.pdf,https://www.slac.stanford.edu/econf/C210711/papers/2203.00042.pdf
662,,Broader Impact of Cyclotron-based Neutrino Sources,J. Alonso. (IsoDAR Collaboration),2203.08106,https://arxiv.org/abs/2203.08106,NF,Neutrinos,Neutrino Applications,papers/2203.08106.pdf,https://www.slac.stanford.edu/econf/C210711/papers/2203.08106.pdf
663,,An Upgrade Path for the Fermilab Accelerator Complex,R. Ainsworth et al.,2106.02133,https://arxiv.org/abs/2106.02133,NF,Neutrinos,Artificial Neutrino Sources,papers/2106.02133.pdf,https://www.slac.stanford.edu/econf/C210711/papers/2106.02133.pdf
664,,A Cost-Effective Upgrade Path for the Fermilab Accelerator Complex,S. Nagaitsev et al.,2111.06932,https://arxiv.org/abs/2111.06932,NF,Neutrinos,Artificial Neutrino Sources,papers/2111.06932.pdf,https://www.slac.stanford.edu/econf/C210711/papers/2111.06932.pdf
665,,An 8 GeV Linac as the Booster Replacement in the Fermilab Power Upgrade,S. Belomestnykh et al.,2203.05052,https://arxiv.org/abs/2203.05052,NF,Neutrinos,Artificial Neutrino Sources,papers/2203.05052.pdf,https://www.slac.stanford.edu/econf/C210711/papers/2203.05052.pdf
666,,Prompt Electron and Tau Neutrinos and Antineutrinos in the Forward Region at the LHC,W. Bai et al.,2203.07212,https://arxiv.org/abs/2203.07212,NF,Neutrinos,Artificial Neutrino Sources,papers/2203.07212.pdf,https://www.slac.stanford.edu/econf/C210711/papers/2203.07212.pdf
667,,High Energy Physics Opportunities Using Reactor Antineutrinos,O. A. Akindele et al.,2203.07214,https://arxiv.org/abs/2203.07214,NF,Neutrinos,Artificial Neutrino Sources,papers/2203.07214.pdf,https://www.slac.stanford.edu/econf/C210711/papers/2203.07214.pdf
668,,Neutrinos from Stored Muons (nuSTORM),L. Alvarez Ruso et al. (nuSTORM Collaboration),2203.07545,https://arxiv.org/abs/2203.07545,NF,Neutrinos,Artificial Neutrino Sources,papers/2203.07545.pdf,https://www.slac.stanford.edu/econf/C210711/papers/2203.07545.pdf
669,,High-Power Cyclotrons and FFAs,D. Winklehner et al.,2203.07919,https://arxiv.org/abs/2203.07919,NF,Neutrinos,Artificial Neutrino Sources,papers/2203.07919.pdf,https://www.slac.stanford.edu/econf/C210711/papers/2203.07919.pdf
670,,The Physics Case for a Neutrino Factory,A. Bogacz et al.,2203.08094,https://arxiv.org/abs/2203.08094,NF,Neutrinos,Artificial Neutrino Sources,papers/2203.08094.pdf,https://www.slac.stanford.edu/econf/C210711/papers/2203.08094.pdf
671,,Design Considerations for Fermilab Multi-MW Proton Facility in the DUNE/LBNF Era,J. Eldred et al.,2203.08276,https://arxiv.org/abs/2203.08276,NF,Neutrinos,Artificial Neutrino Sources,papers/2203.08276.pdf,https://www.slac.stanford.edu/econf/C210711/papers/2203.08276.pdf
672,,Enhanced NeUtrino BEams from kaon Tagging (ENUBET),A. Longhin et al. (ENUBET Collaboration),2203.08319,https://arxiv.org/abs/2203.08319,NF,Neutrinos,Artificial Neutrino Sources,papers/2203.08319.pdf,https://www.slac.stanford.edu/econf/C210711/papers/2203.08319.pdf
673,,Measuring the Neutrino Event Time in Liquid Argon by a Post-Reconstruction One-Parameter Fit,E. Angelico et al.,2004.00580,https://arxiv.org/abs/2004.00580,NF,Neutrinos,Neutrino Detectors,papers/2004.00580.pdf,https://www.slac.stanford.edu/econf/C210711/papers/2004.00580.pdf
674,,Low-Energy Physics in Neutrino LArTPCs,D. Caratelli et al.,2203.00740,https://arxiv.org/abs/2203.00740,NF,Neutrinos,Neutrino Detectors,papers/2203.00740.pdf,https://www.slac.stanford.edu/econf/C210711/papers/2203.00740.pdf
675,,Passive Low Energy Nuclear Recoil Detection with Color Centers – PALEOCCENE,K. Alfonso et al.,2203.05525,https://arxiv.org/abs/2203.05525,NF,Neutrinos,Neutrino Detectors,papers/2203.05525.pdf,https://www.slac.stanford.edu/econf/C210711/papers/2203.05525.pdf
676,,"Recoil Imaging for Dark Matter, Neutrinos, and Physics Beyond the Standard Model",C. A. J. O'Hare et al.,2203.05914,https://arxiv.org/abs/2203.05914,NF,Neutrinos,Neutrino Detectors,papers/2203.05914.pdf,https://www.slac.stanford.edu/econf/C210711/papers/2203.05914.pdf
677,,DUNE Software and High Performance Computing,B. Fleming et al.,2203.06104,https://arxiv.org/abs/2203.06104,NF,Neutrinos,Neutrino Detectors,papers/2203.06104.pdf,https://www.slac.stanford.edu/econf/C210711/papers/2203.06104.pdf
678,,High-Pressure TPCs in Pressurized Caverns: Opportunities in Dark Matter and Neutrino Physics,B. Monreal.,2203.06262,https://arxiv.org/abs/2203.06262,NF,Neutrinos,Neutrino Detectors,papers/2203.06262.pdf,https://www.slac.stanford.edu/econf/C210711/papers/2203.06262.pdf
679,,Future Advances in Photon-Based Neutrino Detectors,J. R. Klein et al.,2203.07479,https://arxiv.org/abs/2203.07479,NF,Neutrinos,Neutrino Detectors,papers/2203.07479.pdf,https://www.slac.stanford.edu/econf/C210711/papers/2203.07479.pdf
680,,SoLAr: Solar Neutrinos in Liquid Argon,S. Para et al.,2203.07501,https://arxiv.org/abs/2203.07501,NF,Neutrinos,Neutrino Detectors,papers/2203.07501.pdf,https://www.slac.stanford.edu/econf/C210711/papers/2203.07501.pdf
681,,Low Background kTon-Scale Liquid Argon Time Projection Chambers,A. Avasthi et al.,2203.08821,https://arxiv.org/abs/2203.08821,NF,Neutrinos,Neutrino Detectors,papers/2203.08821.pdf,https://www.slac.stanford.edu/econf/C210711/papers/2203.08821.pdf
682,,Scintillating Bubble Chambers: Liquid-Noble Bubble Chambers for Dark Matter and CEνNS Detection,E. Alfonso-Pita et al.,2207.12400,https://arxiv.org/abs/2207.12400,NF,Neutrinos,Neutrino Detectors,papers/2207.12400.pdf,https://www.slac.stanford.edu/econf/C210711/papers/2207.12400.pdf
683,,Adding Stroboscopic Muon Information For Reduction of Systematic Uncertainties in DUNE,H. J. Frisch.,2212.09524,https://arxiv.org/abs/2212.09524,NF,Neutrinos,Neutrino Detectors,papers/2212.09524.pdf,https://www.slac.stanford.edu/econf/C210711/papers/2212.09524.pdf
684,,"The Forward Physics Facility: Sites, Experiments, and Physics Potential",L. A. Anchordoqui et al.,2109.10905,https://arxiv.org/abs/2109.10905,RPF,Rare Processes and Precision Measurements,General - centered on this frontier,papers/2109.10905.pdf,https://www.slac.stanford.edu/econf/C210711/papers/2109.10905.pdf
685,,Physics Opportunities for the Fermilab Booster Replacement,J. Arrington et al.,2203.03925,https://arxiv.org/abs/2203.03925,RPF,Rare Processes and Precision Measurements,General - centered on this frontier,papers/2203.03925.pdf,https://www.slac.stanford.edu/econf/C210711/papers/2203.03925.pdf
686,,The Forward Physics Facility at the High-Luminosity LHC,J. L. Feng et al.,2203.05090,https://arxiv.org/abs/2203.05090,RPF,Rare Processes and Precision Measurements,General - centered on this frontier,papers/2203.05090.pdf,https://www.slac.stanford.edu/econf/C210711/papers/2203.05090.pdf
687,,DIMUS: Super-Compact Dimuonium Spectroscopy Collider at Fermilab,P. J. Fox et al.,2203.07144,https://arxiv.org/abs/2203.07144,RPF,Rare Processes and Precision Measurements,General - centered on this frontier,papers/2203.07144.pdf,https://www.slac.stanford.edu/econf/C210711/papers/2203.07144.pdf
688,,"Quantum Sensors for HEP Science – Interferometers, Mechanics, Traps, and Clocks",O. Buchmueller et al.,2203.07250,https://arxiv.org/abs/2203.07250,RPF,Rare Processes and Precision Measurements,General - centered on this frontier,papers/2203.07250.pdf,https://www.slac.stanford.edu/econf/C210711/papers/2203.07250.pdf
689,,The REDTOP Experiment: Rare η/η′ Decays To Probe New Physics,J. Elam et al. (REDTOP Collaboration),2203.07651,https://arxiv.org/abs/2203.07651,RPF,Rare Processes and Precision Measurements,General - centered on this frontier,papers/2203.07651.pdf,https://www.slac.stanford.edu/econf/C210711/papers/2203.07651.pdf
690,,The European Spallation Source Neutrino Super Beam,A. Alekou et al.,2203.08803,https://arxiv.org/abs/2203.08803,RPF,Rare Processes and Precision Measurements,General - centered on this frontier,papers/2203.08803.pdf,https://www.slac.stanford.edu/econf/C210711/papers/2203.08803.pdf
691,,Precision Studies of Spacetime Symmetries and Gravitational Physics,E. Adelberger et al.,2203.09691,https://arxiv.org/abs/2203.09691,RPF,Rare Processes and Precision Measurements,General - centered on this frontier,papers/2203.09691.pdf,https://www.slac.stanford.edu/econf/C210711/papers/2203.09691.pdf
692,,Belle II Executive Summary,D. M. Asner et al.,2203.10203,https://arxiv.org/abs/2203.10203,RPF,Rare Processes and Precision Measurements,General - centered on this frontier,papers/2203.10203.pdf,https://www.slac.stanford.edu/econf/C210711/papers/2203.10203.pdf
693,,Japan’s Strategy for Future Projects in High Energy Physics,M. Endo et al.,2203.13979,https://arxiv.org/abs/2203.13979,RPF,Rare Processes and Precision Measurements,General - centered on this frontier,papers/2203.13979.pdf,https://www.slac.stanford.edu/econf/C210711/papers/2203.13979.pdf
694,,Future Physics Potential of LHCb,LHCb Collaboration.,,https://cds.cern.ch/record/2806113,RPF,Rare Processes and Precision Measurements,General - centered on this frontier,papers/CDS-2806113.pdf,https://www.slac.stanford.edu/econf/C210711/papers/CDS-2806113.pdf
695,,Physics in the Tau-Charm Region at BESIII,H. B. Li et al.,2204.08943,https://arxiv.org/abs/2204.08943,RPF,Rare Processes and Precision Measurements,General - centered on this frontier,papers/arXiv:2204.08943.pdf,https://www.slac.stanford.edu/econf/C210711/papers/arXiv:2204.08943.pdf
696,,Upgrading SuperKEKB with a Polarized Electron Beam: Discovery Potential and Proposed Implementation,S. Banerjee et al.,2205.12847,https://arxiv.org/abs/2205.12847,RPF,Rare Processes and Precision Measurements,General - centered on this frontier,papers/2205.12847.pdf,https://www.slac.stanford.edu/econf/C210711/papers/2205.12847.pdf
697,,The SLAC Linac to ESA (LESA) Beamline for Dark Sector Searches and Test Beams,T. Markiewicz et al.,2205.13215,https://arxiv.org/abs/2205.13215,RPF,Rare Processes and Precision Measurements,General - centered on this frontier,papers/arXiv:2205.13215.pdf,https://www.slac.stanford.edu/econf/C210711/papers/arXiv:2205.13215.pdf
698,,Belle II Physics Reach and Plans for the Next Decade and Beyond,L. Aggarwal et al. (Belle II Collaboration).,2207.06307,https://arxiv.org/abs/2207.06307,RPF,Rare Processes and Precision Measurements,General - centered on this frontier,papers/2207.06307.pdf,https://www.slac.stanford.edu/econf/C210711/papers/2207.06307.pdf
699,,Lattice QCD and Particle Physics,A. Kronfeld et al.,2207.07641,https://arxiv.org/abs/2207.07641,RPF,Rare Processes and Precision Measurements,General - centered on this frontier,papers/2207.07641.pdf,https://www.slac.stanford.edu/econf/C210711/papers/2207.07641.pdf
700,,FCC-ee: Your Questions Answered,A. Blondel et al.,1906.02693,https://arxiv.org/abs/1906.02693,RPF,Rare Processes and Precision Measurements,General - cross-listed,papers/1906.02693.pdf,https://www.slac.stanford.edu/econf/C210711/papers/1906.02693.pdf
701,,The Future Circular Collider: a Summary for the US 2021 Snowmass Process,G. Bernardi et al.,2203.06520,https://arxiv.org/abs/2203.06520,RPF,Rare Processes and Precision Measurements,General - cross-listed,papers/2203.06520.pdf,https://www.slac.stanford.edu/econf/C210711/papers/2203.06520.pdf
702,,Detector and Beamline Simulation for Next-Generation High Energy Physics Experiments,S. Banerjee et al.,2203.07614,https://arxiv.org/abs/2203.07614,RPF,Rare Processes and Precision Measurements,General - cross-listed,papers/2203.07614.pdf,https://www.slac.stanford.edu/econf/C210711/papers/2203.07614.pdf
703,,Software and Computing for Small HEP Experiments,D. Casper et al.,2203.07645,https://arxiv.org/abs/2203.07645,RPF,Rare Processes and Precision Measurements,General - cross-listed,papers/2203.07645.pdf,https://www.slac.stanford.edu/econf/C210711/papers/2203.07645.pdf
704,,The Sanford Underground Research Facility,J. Heise.,2203.08293,https://arxiv.org/abs/2203.08293,RPF,Rare Processes and Precision Measurements,General - cross-listed,papers/2203.08293,https://www.slac.stanford.edu/econf/C210711/papers/2203.08293
705,,High Energy & High Luminosity γγ Colliders,E. Barzi et al.,2203.08353,https://arxiv.org/abs/2203.08353,RPF,Rare Processes and Precision Measurements,General - cross-listed,papers/2203.08353.pdf,https://www.slac.stanford.edu/econf/C210711/papers/2203.08353.pdf
706,,An Impartial Perspective for Superconducting Nb3Sn coated Copper RF Cavities for Future Accelerators,E. Barzi et al.,2203.09718,https://arxiv.org/abs/2203.09718,RPF,Rare Processes and Precision Measurements,General - cross-listed,papers/2203.09718.pdf,https://www.slac.stanford.edu/econf/C210711/papers/2203.09718.pdf
707,,In Search of Excellence and Equity in Physics,E. Barzi et al.,2203.10393,https://arxiv.org/abs/2203.10393,RPF,Rare Processes and Precision Measurements,General - cross-listed,papers/2203.10393.pdf,https://www.slac.stanford.edu/econf/C210711/papers/2203.10393.pdf
708,,How Community Agreements Can Improve Workplace Culture in Physics,E. Barzi et al.,2209.06755,https://arxiv.org/abs/2209.06755,RPF,Rare Processes and Precision Measurements,General - cross-listed,papers/2209.06755.pdf,https://www.slac.stanford.edu/econf/C210711/papers/2209.06755.pdf
709,,New Physics in B Meson Mixing: Future Sensitivity and Limitations,J. Charles et al.,2006.04824,https://arxiv.org/abs/2006.04824,RPF,Rare Processes and Precision Measurements,Weak Decays of b and c Quarks,papers/2006.04824.pdf,https://www.slac.stanford.edu/econf/C210711/papers/2006.04824.pdf
710,,Charm Physics in the High-Luminosity Super Tau-Charm Factory,H.-Y. Cheng et al.,2203.03211,https://arxiv.org/abs/2203.03211,RPF,Rare Processes and Precision Measurements,Weak Decays of b and c Quarks,papers/2203.03211.pdf,https://www.slac.stanford.edu/econf/C210711/papers/2203.03211.pdf
711,,Physics with the Phase-2 ATLAS and CMS Detectors,ATLAS and CMS Collaborations.,,https://cds.cern.ch/record/2806962,RPF,Rare Processes and Precision Measurements,Weak Decays of b and c Quarks,papers/CDS-2806962.pdf,https://www.slac.stanford.edu/econf/C210711/papers/CDS-2806962.pdf
712,,A Lattice QCD Perspective on Weak Decays of b and c Quarks,P. A. Boyle et al.,2205.15373,https://arxiv.org/abs/2205.15373,RPF,Rare Processes and Precision Measurements,Weak Decays of b and c Quarks,papers/2205.15373.pdf,https://www.slac.stanford.edu/econf/C210711/papers/2205.15373.pdf
713,,Rare Decays of b and c Hadrons,"W. Altmannshofer, F. Archilli.",2206.11331,https://arxiv.org/abs/2206.11331,RPF,Rare Processes and Precision Measurements,Weak Decays of b and c Quarks,papers/2206.11331.pdf,https://www.slac.stanford.edu/econf/C210711/papers/2206.11331.pdf
714,,Lepton-Flavor Violation and Lepton-Flavor-Universality Violation in b and c Decays,"D. Guadagnoli, P. Koppenburg.",2207.01851,https://arxiv.org/abs/2207.01851,RPF,Rare Processes and Precision Measurements,Weak Decays of b and c Quarks,papers/2207.01851.pdf,https://www.slac.stanford.edu/econf/C210711/papers/2207.01851.pdf
715,,High Precision in CKM Unitarity Tests in b and c Decays,"A. Lenz, S. Monteil.",2207.11055,https://arxiv.org/abs/2207.11055,RPF,Rare Processes and Precision Measurements,Weak Decays of b and c Quarks,papers/2207.11055.pdf,https://www.slac.stanford.edu/econf/C210711/papers/2207.11055.pdf
716,,CP Violation in b and c Quark Decays,A. Dery et al.,2209.07429,https://arxiv.org/abs/2209.07429,RPF,Rare Processes and Precision Measurements,Weak Decays of b and c Quarks,papers/2209.07429.pdf,https://www.slac.stanford.edu/econf/C210711/papers/2209.07429.pdf
717,,New Physics Searches at Kaon and Hyperon Factories,E. Goudzovski et al.,2201.07805,https://arxiv.org/abs/2201.07805,RPF,Rare Processes and Precision Measurements,Weak Decays of Strange and Light Quarks,papers/2201.07805.pdf,https://www.slac.stanford.edu/econf/C210711/papers/2201.07805.pdf
718,,Study of CP violation in Hyperon Decays at Super Charm-Tau Factories with a Polarized Electron Beam,N. Salone et al.,2203.03035,https://arxiv.org/abs/2203.03035,RPF,Rare Processes and Precision Measurements,Weak Decays of Strange and Light Quarks,papers/2203.03035.pdf,https://www.slac.stanford.edu/econf/C210711/papers/2203.03035.pdf
719,,On the Importance of Rare Kaon Decays,J. Aebischer et al.,2203.09524,https://arxiv.org/abs/2203.09524,RPF,Rare Processes and Precision Measurements,Weak Decays of Strange and Light Quarks,papers/2203.09524.pdf,https://www.slac.stanford.edu/econf/C210711/papers/2203.09524.pdf
720,,Discovering New Physics in Rare Kaon Decays,T. Blum et al.,2203.10998,https://arxiv.org/abs/2203.10998,RPF,Rare Processes and Precision Measurements,Weak Decays of Strange and Light Quarks,papers/2203.10998.pdf,https://www.slac.stanford.edu/econf/C210711/papers/2203.10998.pdf
721,,Searches for New Physics with High-Intensity Kaon Beams,"KOTO, LHCb, NA62/KLEVER Collaborations, the US Kaon Interest Group.",2204.13394,https://arxiv.org/abs/2204.13394,RPF,Rare Processes and Precision Measurements,Weak Decays of Strange and Light Quarks,papers/2204.13394.pdf,https://www.slac.stanford.edu/econf/C210711/papers/2204.13394.pdf
722,,A Next-Generation Liquid Xenon Observatory for Dark Matter and Neutrino Physics,J. Aalbers et al.,2203.02309,https://arxiv.org/abs/2203.02309,RPF,Rare Processes and Precision Measurements,Fundamental Physics in Small Experiments,papers/2203.02309.pdf,https://www.slac.stanford.edu/econf/C210711/papers/2203.02309.pdf
723,,Testing Lepton Flavor Universality and CKM Unitarity with Rare Pion Decays in the PIONEER experiment,W. Altmannshofer et al. (PIONEER Collaboration),2203.05505,https://arxiv.org/abs/2203.05505,RPF,Rare Processes and Precision Measurements,Fundamental Physics in Small Experiments,papers/2203.05505.pdf,https://www.slac.stanford.edu/econf/C210711/papers/2203.05505.pdf
724,,R Measurement and QCD Studies at Future Super Tau−Charm Factory,G. Huang et al.,2203.06961,https://arxiv.org/abs/2203.06961,RPF,Rare Processes and Precision Measurements,Fundamental Physics in Small Experiments,papers/2203.06961.pdf,https://www.slac.stanford.edu/econf/C210711/papers/2203.06961.pdf
725,,"Introduction to a Low-Mass Dark Matter Project, ALETHEIA: A Liquid hElium Time projection cHambEr In dArk matter",J. Liao et al.,2203.07901,https://arxiv.org/abs/2203.07901,RPF,Rare Processes and Precision Measurements,Fundamental Physics in Small Experiments,papers/2203.07901.pdf,https://www.slac.stanford.edu/econf/C210711/papers/2203.07901.pdf
726,,Electric Dipole Moments and the Search for New Physics,R. Alarcon et al.,2203.08103,https://arxiv.org/abs/2203.08103,RPF,Rare Processes and Precision Measurements,Fundamental Physics in Small Experiments,papers/2203.08103.pdf,https://www.slac.stanford.edu/econf/C210711/papers/2203.08103.pdf
727,,Simplified Dark Matter Models with Charged Mediators,T. Ghosh et al.,2203.08107,https://arxiv.org/abs/2203.08107,RPF,Rare Processes and Precision Measurements,Fundamental Physics in Small Experiments,papers/2203.08107.pdf,https://www.slac.stanford.edu/econf/C210711/papers/2203.08107.pdf
728,,New Horizons: Scalar and Vector Ultralight Dark Matter,D. Antypas et al.,2203.14915,https://arxiv.org/abs/2203.14915,RPF,Rare Processes and Precision Measurements,Fundamental Physics in Small Experiments,papers/2203.14915.pdf,https://www.slac.stanford.edu/econf/C210711/papers/2203.14915.pdf
729,,Axion Dark Matter,J. Jaekel et al. (Axion Prospects Collaboration).,2203.14923,https://arxiv.org/abs/2203.14923,RPF,Rare Processes and Precision Measurements,Fundamental Physics in Small Experiments,papers/2203.14923.pdf,https://www.slac.stanford.edu/econf/C210711/papers/2203.14923.pdf
730,,Prospects for Precise Predictions of a_μ in the Standard Model,G. Colangelo et al.,2203.15810,https://arxiv.org/abs/2203.15810,RPF,Rare Processes and Precision Measurements,Fundamental Physics in Small Experiments,papers/2203.15810.pdf,https://www.slac.stanford.edu/econf/C210711/papers/2203.15810.pdf
731,,DUNE Physics Summary,A. Abed Abud et al. (DUNE Collaboration),2203.06100,https://arxiv.org/abs/2203.06100,RPF,Rare Processes and Precision Measurements,Baryon and Lepton Number Violation,papers/2203.06100.pdf,https://www.slac.stanford.edu/econf/C210711/papers/2203.06100.pdf
732,,BSM Neutrino Physics: Complementarity across Energies,T. Han et al.,2203.06131,https://arxiv.org/abs/2203.06131,RPF,Rare Processes and Precision Measurements,Baryon and Lepton Number Violation,papers/2203.06131.pdf,https://www.slac.stanford.edu/econf/C210711/papers/2203.06131.pdf
733,,Heavy Neutral Lepton Searches at the Electron-Ion Collider,B. Batell et al.,2203.06705,https://arxiv.org/abs/2203.06705,RPF,Rare Processes and Precision Measurements,Baryon and Lepton Number Violation,papers/2203.06705.pdf,https://www.slac.stanford.edu/econf/C210711/papers/2203.06705.pdf
734,,Theories and Experiments for Testable Baryogenesis Mechanisms,J. L. Barrow et al.,2203.07059,https://arxiv.org/abs/2203.07059,RPF,Rare Processes and Precision Measurements,Baryon and Lepton Number Violation,papers/2203.07059.pdf,https://www.slac.stanford.edu/econf/C210711/papers/2203.07059.pdf
735,,Neutrinos from Stored Muons (nuSTORM),L. Alvarez Ruso et al. (nuSTORM Collaboration),2203.07545,https://arxiv.org/abs/2203.07545,RPF,Rare Processes and Precision Measurements,Baryon and Lepton Number Violation,papers/2203.07545.pdf,https://www.slac.stanford.edu/econf/C210711/papers/2203.07545.pdf
736,,Toward CUPID-1T,A. Armatol et al.,2203.08386,https://arxiv.org/abs/2203.08386,RPF,Rare Processes and Precision Measurements,Baryon and Lepton Number Violation,papers/2203.08386.pdf,https://www.slac.stanford.edu/econf/C210711/papers/2203.08386.pdf
737,,Searches for Baryon Number Violation in Neutrino Experiments,P. S. B. Dev et al.,2203.08771,https://arxiv.org/abs/2203.08771,RPF,Rare Processes and Precision Measurements,Baryon and Lepton Number Violation,papers/2203.08771.pdf,https://www.slac.stanford.edu/econf/C210711/papers/2203.08771.pdf
738,,Neutrinoless Double-Beta Decay: A Roadmap for Matching Theory to Experiment,V. Cirigliano et al.,2203.12169,https://arxiv.org/abs/2203.12169,RPF,Rare Processes and Precision Measurements,Baryon and Lepton Number Violation,papers/2203.12169.pdf,https://www.slac.stanford.edu/econf/C210711/papers/2203.12169.pdf
739,,Ultrafast Inorganic Crystals with Mass Production Capability for Future High-Rate Experiments,C. Hu et al.,2203.06788,https://arxiv.org/abs/2203.06788,RPF,Rare Processes and Precision Measurements,Charged Lepton Flavor Violation,papers/2203.06788.pdf,https://www.slac.stanford.edu/econf/C210711/papers/2203.06788.pdf
740,,"Experimental Searches for Muon to Electron Conversion in a Nucleus: COMET, DeeMe, and Mu2e",S. Middleton et al.,2203.07089,https://arxiv.org/abs/2203.07089,RPF,Rare Processes and Precision Measurements,Charged Lepton Flavor Violation,papers/2203.07089.pdf,https://www.slac.stanford.edu/econf/C210711/papers/2203.07089.pdf
741,,Mu2e-II: Muon to Electron Conversion with PIP-II,K. Byrum et al.,2203.07569,https://arxiv.org/abs/2203.07569,RPF,Rare Processes and Precision Measurements,Charged Lepton Flavor Violation,papers/2203.07569.pdf,https://www.slac.stanford.edu/econf/C210711/papers/2203.07569.pdf
742,,Design Considerations for Fermilab Multi-MW Proton Facility in the DUNE/LBNF era,J. Eldred et al.,2203.08276,https://arxiv.org/abs/2203.08276,RPF,Rare Processes and Precision Measurements,Charged Lepton Flavor Violation,papers/2203.08276.pdf,https://www.slac.stanford.edu/econf/C210711/papers/2203.08276.pdf
743,,A New Charged Lepton Flavor Violation Program at Fermilab,M. Aoki et al.,2203.08278,https://arxiv.org/abs/2203.08278,RPF,Rare Processes and Precision Measurements,Charged Lepton Flavor Violation,papers/2203.08278.pdf,https://www.slac.stanford.edu/econf/C210711/papers/2203.08278.pdf
744,,Muonium to Antimuonium Conversion,A.-Y. Bai et al.,2203.11406,https://arxiv.org/abs/2203.11406,RPF,Rare Processes and Precision Measurements,Charged Lepton Flavor Violation,papers/2203.11406.pdf,https://www.slac.stanford.edu/econf/C210711/papers/2203.11406.pdf
745,,Charged Lepton Flavor Violation in the Tau Sector,S. Banerjee et al.,2203.14919,https://arxiv.org/abs/2203.14919,RPF,Rare Processes and Precision Measurements,Charged Lepton Flavor Violation,papers/2203.14919.pdf,https://www.slac.stanford.edu/econf/C210711/papers/2203.14919.pdf
746,,The Mu3e Experiment,G. Hesketh et al.,2204.00001,https://arxiv.org/abs/2204.00001,RPF,Rare Processes and Precision Measurements,Charged Lepton Flavor Violation,papers/2204.00001.pdf,https://www.slac.stanford.edu/econf/C210711/papers/2204.00001.pdf
747,,Physics Reach of a Long-Lived Particle Detector at Belle II,S. Dreyer et al.,2105.12962,https://arxiv.org/abs/2105.12962,RPF,Rare Processes and Precision Measurements,Dark Sector Studies at High Intensities,papers/2105.12962.pdf,https://www.slac.stanford.edu/econf/C210711/papers/2105.12962.pdf
748,,LHCb Future Dark-Sector Sensitivity Projections for Snowmass 2021,D. Craik et al.,2203.07048,https://arxiv.org/abs/2203.07048,RPF,Rare Processes and Precision Measurements,Dark Sector Studies at High Intensities,papers/2203.07048.pdf,https://www.slac.stanford.edu/econf/C210711/papers/2203.07048.pdf
749,,The Road Ahead for CODEX-b,G. Aielli et al.,2203.07316,https://arxiv.org/abs/2203.07316,RPF,Rare Processes and Precision Measurements,Dark Sector Studies at High Intensities,papers/2203.07316.pdf,https://www.slac.stanford.edu/econf/C210711/papers/2203.07316.pdf
750,,The International Linear Collider,A. Aryshev et al.,2203.07622,https://arxiv.org/abs/2203.07622,RPF,Rare Processes and Precision Measurements,Dark Sector Studies at High Intensities,papers/2203.07622.pdf,https://www.slac.stanford.edu/econf/C210711/papers/2203.07622.pdf
751,,PIP2-BD: GeV Proton Beam Dump at Fermilab's PIP-II Linac,M. Toups et al.,2203.08079,https://arxiv.org/abs/2203.08079,RPF,Rare Processes and Precision Measurements,Dark Sector Studies at High Intensities,papers/2203.08079.pdf,https://www.slac.stanford.edu/econf/C210711/papers/2203.08079.pdf
752,,SBN-BD: O(10 GeV) Proton Beam Dump at Fermilab's PIP-II Linac,M. Toups et al.,2203.08102,https://arxiv.org/abs/2203.08102,RPF,Rare Processes and Precision Measurements,Dark Sector Studies at High Intensities,papers/2203.08102.pdf,https://www.slac.stanford.edu/econf/C210711/papers/2203.08102.pdf
753,,Current Status and Future Prospects for the Light Dark Matter eXperiment (LDMX),T. Åkesson et al.,2203.08192,https://arxiv.org/abs/2203.08192,RPF,Rare Processes and Precision Measurements,Dark Sector Studies at High Intensities,papers/2203.08192.pdf,https://www.slac.stanford.edu/econf/C210711/papers/2203.08192.pdf
754,,The Heavy Photon Search Experiment,N. Baltzell et al.,2203.08324,https://arxiv.org/abs/2203.08324,RPF,Rare Processes and Precision Measurements,Dark Sector Studies at High Intensities,papers/2203.08324.pdf,https://www.slac.stanford.edu/econf/C210711/papers/2203.08324.pdf
755,,Theory Frontier: Theory Meets the Lab,R. Essig et al.,2203.10089,https://arxiv.org/abs/2203.10089,RPF,Rare Processes and Precision Measurements,Dark Sector Studies at High Intensities,papers/2203.10089.pdf,https://www.slac.stanford.edu/econf/C210711/papers/2203.10089.pdf
756,,LANSCE-PSR Short-Pulse Upgrade for Improved Dark Sector Particle Searches with the Coherent Captain Mills Experiment,R. G. Van de Water et al.,2204.01860,https://arxiv.org/abs/2204.01860,RPF,Rare Processes and Precision Measurements,Dark Sector Studies at High Intensities,papers/2204.01860.pdf,https://www.slac.stanford.edu/econf/C210711/papers/2204.01860.pdf
757,,Dark Sector Studies with Neutrino Beams,B. Batell et al.,2207.06898,https://arxiv.org/abs/2207.06898,RPF,Rare Processes and Precision Measurements,Dark Sector Studies at High Intensities,papers/2207.06898.pdf,https://www.slac.stanford.edu/econf/C210711/papers/2207.06898.pdf
758,,Exploring Dark Sector Portals with High Intensity Experiments,B. Batell et al.,2207.06905,https://arxiv.org/abs/2207.06905,RPF,Rare Processes and Precision Measurements,Dark Sector Studies at High Intensities,papers/2207.06905.pdf,https://www.slac.stanford.edu/econf/C210711/papers/2207.06905.pdf
759,,Hadron Spectroscopy with Lattice QCD,J. Bulava et al.,2203.03230,https://arxiv.org/abs/2203.03230,RPF,Rare Processes and Precision Measurements,Hadron Spectroscopy,papers/2203.03230.pdf,https://www.slac.stanford.edu/econf/C210711/papers/2203.03230.pdf
760,,Hadron Spectroscopy at STCF,F. K. Guo et al.,2203.07141,https://arxiv.org/abs/2203.07141,RPF,Rare Processes and Precision Measurements,Hadron Spectroscopy,papers/2203.07141.pdf,https://www.slac.stanford.edu/econf/C210711/papers/2203.07141.pdf
761,,Need for Amplitude Analysis in the Discovery of New Hadrons,M. Albaladejo et al.,2203.08208,https://arxiv.org/abs/2203.08208,RPF,Rare Processes and Precision Measurements,Hadron Spectroscopy,papers/2203.08208.pdf,https://www.slac.stanford.edu/econf/C210711/papers/2203.08208.pdf
762,,Hadron Spectroscopy in Photoproduction,M. Albaladejo et al.,2203.08290,https://arxiv.org/abs/2203.08290,RPF,Rare Processes and Precision Measurements,Hadron Spectroscopy,papers/2203.08290.pdf,https://www.slac.stanford.edu/econf/C210711/papers/2203.08290.pdf
763,,Substructure of Multiquark Hadrons,N. Brambilla et al.,2203.16583,https://arxiv.org/abs/2203.16583,RPF,Rare Processes and Precision Measurements,Hadron Spectroscopy,papers/2203.16583.pdf,https://www.slac.stanford.edu/econf/C210711/papers/2203.16583.pdf
764,,Review of CMS Contributions to Hadron Spectroscopy,R. Chistov et al.,2204.06667,https://arxiv.org/abs/2204.06667,RPF,Rare Processes and Precision Measurements,Hadron Spectroscopy,papers/2204.06667.pdf,https://www.slac.stanford.edu/econf/C210711/papers/2204.06667.pdf
765,,The Physics Case of a 3 TeV muon Collider Stage,J. de Blas et al.,2203.07261,https://arxiv.org/abs/2203.07261,TF,Theory,General - centered on this frontier,papers/2203.07261.pdf,https://www.slac.stanford.edu/econf/C210711/papers/2203.07261.pdf
766,,"Warped Compactifications in Particle Physics, Cosmology and Quantum Gravity",P. Agrawal et al.,2203.07533,https://arxiv.org/abs/2203.07533,TF,Theory,General - centered on this frontier,papers/2203.07533.pdf,https://www.slac.stanford.edu/econf/C210711/papers/2203.07533.pdf
767,,Event Generators for High-Energy Physics Experiments,J. M. Campbell et al.,2203.11110,https://arxiv.org/abs/2203.11110,TF,Theory,General - centered on this frontier,papers/2203.11110.pdf,https://www.slac.stanford.edu/econf/C210711/papers/2203.11110.pdf
768,,FCC-ee: Your Questions Answered,A. Blondel et al.,1906.02693,https://arxiv.org/abs/1906.02693,TF,Theory,General - cross-listed,papers/1906.02693.pdf,https://www.slac.stanford.edu/econf/C210711/papers/1906.02693.pdf
769,,"The Forward Physics Facility: Sites, Experiments, and Physics Potential","L. A. Anchordoqui, et al.",2109.10905,https://arxiv.org/abs/2109.10905,TF,Theory,General - cross-listed,papers/2109.10905.pdf,https://www.slac.stanford.edu/econf/C210711/papers/2109.10905.pdf
770,,Physics Opportunities for the Fermilab Booster Replacement,J. Arrington et al.,2203.03925,https://arxiv.org/abs/2203.03925,TF,Theory,General - cross-listed,papers/2203.03925.pdf,https://www.slac.stanford.edu/econf/C210711/papers/2203.03925.pdf
771,,The Forward Physics Facility at the High-Luminosity LHC,J. L. Feng et al.,2203.05090,https://arxiv.org/abs/2203.05090,TF,Theory,General - cross-listed,papers/2203.05090.pdf,https://www.slac.stanford.edu/econf/C210711/papers/2203.05090.pdf
772,,The Future Circular Collider: a Summary for the US 2021 Snowmass Process,G. Bernardi,2203.06520,https://arxiv.org/abs/2203.06520,TF,Theory,General - cross-listed,papers/2203.06520.pdf,https://www.slac.stanford.edu/econf/C210711/papers/2203.06520.pdf
773,,DIMUS: Super-Compact Dimuonium Spectroscopy Collider at Fermilab,P. J. Fox et al.,2203.07144,https://arxiv.org/abs/2203.07144,TF,Theory,General - cross-listed,papers/2203.07144.pdf,https://www.slac.stanford.edu/econf/C210711/papers/2203.07144.pdf
774,,Muon Collider Physics Summary,Chiara Aimè,2203.07256,https://arxiv.org/abs/2203.07256,TF,Theory,General - cross-listed,papers/2203.07256.pdf,https://www.slac.stanford.edu/econf/C210711/papers/2203.07256.pdf
775,,The International Linear Collider,A. Aryshev,2203.07622,https://arxiv.org/abs/2203.07622,TF,Theory,General - cross-listed,papers/2203.07622.pdf,https://www.slac.stanford.edu/econf/C210711/papers/2203.07622.pdf
776,,Future Collider Options for the US,P. C. Bhat,2203.08088,https://arxiv.org/abs/2203.08088,TF,Theory,General - cross-listed,papers/2203.08088.pdf,https://www.slac.stanford.edu/econf/C210711/papers/2203.08088.pdf
777,,High Energy & High Luminosity γγ Colliders,E. Barzi et al.,2203.08353,https://arxiv.org/abs/2203.08353,TF,Theory,General - cross-listed,papers/2203.08353.pdf,https://www.slac.stanford.edu/econf/C210711/papers/2203.08353.pdf
778,,In Search of Excellence and Equity in Physics,E. Barzi et al.,2203.10393,https://arxiv.org/abs/2203.10393,TF,Theory,General - cross-listed,papers/2203.10393.pdf,https://www.slac.stanford.edu/econf/C210711/papers/2203.10393.pdf
779,,"Searches for New Particles, Dark Matter, and Gravitational Waves with SRF Cavities",A. Berlin,2203.12714,https://arxiv.org/abs/2203.12714,TF,Theory,General - cross-listed,papers/2203.12714.pdf,https://www.slac.stanford.edu/econf/C210711/papers/2203.12714.pdf
780,,Electron Ion Collider for High Energy Physics,R. Abdul Khalek et al.,2203.13199,https://arxiv.org/abs/2203.13199,TF,Theory,General - cross-listed,papers/2203.13199.pdf,https://www.slac.stanford.edu/econf/C210711/papers/2203.13199.pdf
781,,The Physics Potential of the CEPC,H. Cheng et al.,2205.08553,https://arxiv.org/abs/2205.08553,TF,Theory,General - cross-listed,papers/2205.08553.pdf,https://www.slac.stanford.edu/econf/C210711/papers/2205.08553.pdf
782,,How Community Agreements Can Improve Workplace Culture in Physics,E. Barzi et al.,2209.06755,https://arxiv.org/abs/2209.06755,TF,Theory,General - cross-listed,papers/2209.06755.pdf,https://www.slac.stanford.edu/econf/C210711/papers/2209.06755.pdf
783,,Quantum Aspects of Black Holes and the Emergence of Spacetime,R. Bousso et al.,2201.03096,https://arxiv.org/abs/2201.03096,TF,Theory,"String Theory, Quantum Gravity, and Black Holes",papers/2201.03096.pdf,https://www.slac.stanford.edu/econf/C210711/papers/2201.03096.pdf
784,,"Quantum Gravity and Phenomenology: Dark Matter, Dark Energy, Vacuum Selection, Emergent Spacetime, and Wormholes",P. Berglund et al.,2202.05104,https://arxiv.org/abs/2202.05104,TF,Theory,"String Theory, Quantum Gravity, and Black Holes",papers/2202.05104.pdf,https://www.slac.stanford.edu/econf/C210711/papers/2202.05104.pdf
785,,"Infrared Properties of Quantum Gravity: UV/IR Mixing, Gravitizing the Quantum – Theory and Observation",P. Berglund et al.,2202.06890,https://arxiv.org/abs/2202.06890,TF,Theory,"String Theory, Quantum Gravity, and Black Holes",papers/2202.06890.pdf,https://www.slac.stanford.edu/econf/C210711/papers/2202.06890.pdf
786,,The Deepest Problem: Some Perspectives on Quantum Gravity,S. B. Giddings.,2202.08292,https://arxiv.org/abs/2202.08292,TF,Theory,"String Theory, Quantum Gravity, and Black Holes",papers/2202.08292.pdf,https://www.slac.stanford.edu/econf/C210711/papers/2202.08292.pdf
787,,Micro- and Macro-Structure of Black Holes,I. Bena et al.,2203.04981,https://arxiv.org/abs/2203.04981,TF,Theory,"String Theory, Quantum Gravity, and Black Holes",papers/2203.04981.pdf,https://www.slac.stanford.edu/econf/C210711/papers/2203.04981.pdf
788,,Cosmology at the Theory Frontier,R. Flauger et al.,2203.07629,https://arxiv.org/abs/2203.07629,TF,Theory,"String Theory, Quantum Gravity, and Black Holes",papers/2203.07629.pdf,https://www.slac.stanford.edu/econf/C210711/papers/2203.07629.pdf
789,,String Theory and Particle Physics,M. Cvetic et al.,2204.01742,https://arxiv.org/abs/2204.01742,TF,Theory,"String Theory, Quantum Gravity, and Black Holes",papers/2204.01742.pdf,https://www.slac.stanford.edu/econf/C210711/papers/2204.01742.pdf
790,,Observational Signatures of Quantum Gravity,K. M. Zurek et al.,2205.01799,https://arxiv.org/abs/2205.01799,TF,Theory,"String Theory, Quantum Gravity, and Black Holes",papers/2205.01799.pdf,https://www.slac.stanford.edu/econf/C210711/papers/2205.01799.pdf
791,,"Frontiers of Quantum Gravity: shared challenges, converging directions",J. de Boer et al.,2207.10618,https://arxiv.org/abs/2207.10618,TF,Theory,"String Theory, Quantum Gravity, and Black Holes",papers/2207.10618.pdf,https://www.slac.stanford.edu/econf/C210711/papers/2207.10618.pdf
792,,UV Constraints on IR Physics,C. de Rham et al.,2203.06805,https://arxiv.org/abs/2203.06805,TF,Theory,Effective Field Theory Techniques,papers/2203.06805.pdf,https://www.slac.stanford.edu/econf/C210711/papers/2203.06805.pdf
793,,Effective Field Theory Matching and Applications,T. Cohen et al.,2203.07336,https://arxiv.org/abs/2203.07336,TF,Theory,Effective Field Theory Techniques,papers/2203.07336.pdf,https://www.slac.stanford.edu/econf/C210711/papers/2203.07336.pdf
794,,SMEFT at the LHC and Beyond,W. Shepherd.,2203.07406,https://arxiv.org/abs/2203.07406,TF,Theory,Effective Field Theory Techniques,papers/2203.07406.pdf,https://www.slac.stanford.edu/econf/C210711/papers/2203.07406.pdf
795,,Effective Field Theories in Cosmology,G. Cabass et al.,2203.08232,https://arxiv.org/abs/2203.08232,TF,Theory,Effective Field Theory Techniques,papers/2203.08232.pdf,https://www.slac.stanford.edu/econf/C210711/papers/2203.08232.pdf
796,,Effective Field Theories for Condensed Matter Systems,T. Brauner et al.,2203.10110,https://arxiv.org/abs/2203.10110,TF,Theory,Effective Field Theory Techniques,papers/2203.10110.pdf,https://www.slac.stanford.edu/econf/C210711/papers/2203.10110.pdf
797,,Naturalness,N. Craig.,2205.05708,https://arxiv.org/abs/2205.05708,TF,Theory,Effective Field Theory Techniques,papers/2205.05708.pdf,https://www.slac.stanford.edu/econf/C210711/papers/2205.05708.pdf
798,,Effective Field Theories of Gravity and Compact Binary Dynamics,W. D. Goldberger.,2206.14249,https://arxiv.org/abs/2206.14249,TF,Theory,Effective Field Theory Techniques,papers/2206.14249.pdf,https://www.slac.stanford.edu/econf/C210711/papers/2206.14249.pdf
799,,Celestial Holography,"S. Pasterski, et al.",2111.11392,https://arxiv.org/abs/2111.11392,TF,Theory,Conformal Field Theory and Formal Quantum Field Theory,papers/2111.11392.pdf,https://www.slac.stanford.edu/econf/C210711/papers/2111.11392.pdf
800,,Hamiltonian Truncation,A. L. Fitzpatrick et al.,2201.11696,https://arxiv.org/abs/2201.11696,TF,Theory,Conformal Field Theory and Formal Quantum Field Theory,papers/2201.11696.pdf,https://www.slac.stanford.edu/econf/C210711/papers/2201.11696.pdf
801,,Moonshine,S. M. Harrison et al.,2201.13321,https://arxiv.org/abs/2201.13321,TF,Theory,Conformal Field Theory and Formal Quantum Field Theory,papers/2201.13321.pdf,https://www.slac.stanford.edu/econf/C210711/papers/2201.13321.pdf
802,,Bootstrapping String Theory,R. Gopakumar et al.,2202.07163,https://arxiv.org/abs/2202.07163,TF,Theory,Conformal Field Theory and Formal Quantum Field Theory,papers/2202.07163.pdf,https://www.slac.stanford.edu/econf/C210711/papers/2202.07163.pdf
803,,White Paper on SuperConformal Field Theories,P. C. Argyres et al.,2202.07683,https://arxiv.org/abs/2202.07683,TF,Theory,Conformal Field Theory and Formal Quantum Field Theory,papers/2202.07683.pdf,https://www.slac.stanford.edu/econf/C210711/papers/2202.07683.pdf
804,,The Analytic Conformal Bootstrap,T. Hartman et al.,2202.11012,https://arxiv.org/abs/2202.11012,TF,Theory,Conformal Field Theory and Formal Quantum Field Theory,papers/2202.11012.pdf,https://www.slac.stanford.edu/econf/C210711/papers/2202.11012.pdf
805,,S-Matrix Bootstrap,M. Kruczenski et al.,2203.02421,https://arxiv.org/abs/2203.02421,TF,Theory,Conformal Field Theory and Formal Quantum Field Theory,papers/2203.02421.pdf,https://www.slac.stanford.edu/econf/C210711/papers/2203.02421.pdf
806,,Physical Mathematics 2021,I. Bah et al.,2203.05078,https://arxiv.org/abs/2203.05078,TF,Theory,Conformal Field Theory and Formal Quantum Field Theory,papers/2203.05078.pdf,https://www.slac.stanford.edu/econf/C210711/papers/2203.05078.pdf
807,,The Quest to Define QFT,M. Dedushenko.,2203.08053,https://arxiv.org/abs/2203.08053,TF,Theory,Conformal Field Theory and Formal Quantum Field Theory,papers/2203.08053.pdf,https://www.slac.stanford.edu/econf/C210711/papers/2203.08053.pdf
808,,The Numerical Conformal Bootstrap,D. Poland et al.,2203.08117,https://arxiv.org/abs/2203.08117,TF,Theory,Conformal Field Theory and Formal Quantum Field Theory,papers/2203.08117.pdf,https://www.slac.stanford.edu/econf/C210711/papers/2203.08117.pdf
809,,Generalized Symmetries in Quantum Field Theory and Beyond,C. Cordova et al.,2205.09545,https://arxiv.org/abs/2205.09545,TF,Theory,Conformal Field Theory and Formal Quantum Field Theory,papers/2205.09545.pdf,https://www.slac.stanford.edu/econf/C210711/papers/2205.09545.pdf
810,,Functions Beyond Multiple Polylogarithms for Precision Collider Physics,J. L. Bourjaily et al.,2203.07088,https://arxiv.org/abs/2203.07088,TF,Theory,Scattering Amplitudes,papers/2203.07088.pdf,https://www.slac.stanford.edu/econf/C210711/papers/2203.07088.pdf
811,,Gravitational Waves and Scattering Amplitudes,A. Buonanno et al.,2204.05194,https://arxiv.org/abs/2204.05194,TF,Theory,Scattering Amplitudes,papers/2204.05194.pdf,https://www.slac.stanford.edu/econf/C210711/papers/2204.05194.pdf
812,,The Double Copy and its Applications,T. Adamo et al.,2204.06547,https://arxiv.org/abs/2204.06547,TF,Theory,Scattering Amplitudes,papers/2204.06547.pdf,https://www.slac.stanford.edu/econf/C210711/papers/2204.06547.pdf
813,,Higher Spin Gravity and Higher Spin Symmetry,X. Bekaert et al.,2205.01567,https://arxiv.org/abs/2205.01567,TF,Theory,Scattering Amplitudes,papers/2205.01567.pdf,https://www.slac.stanford.edu/econf/C210711/papers/2205.01567.pdf
814,,Solving Scattering in N=4 Super-Yang-Mills Theory,N. Arkani-Hamed et al.,2207.10636,https://arxiv.org/abs/2207.10636,TF,Theory,Scattering Amplitudes,papers/2207.10636.pdf,https://www.slac.stanford.edu/econf/C210711/papers/2207.10636.pdf
815,,Applications of Machine Learning to Lattice Quantum Field Theory,D. Boyda et al.,2202.05838,https://arxiv.org/abs/2202.05838,TF,Theory,Lattice Gauge Theory,papers/2202.05838.pdf,https://www.slac.stanford.edu/econf/C210711/papers/2202.05838.pdf
816,,Lattice QCD Calculations of Parton Physics,M. Constantinou et al.,2202.07193,https://arxiv.org/abs/2202.07193,TF,Theory,Lattice Gauge Theory,papers/2202.07193.pdf,https://www.slac.stanford.edu/econf/C210711/papers/2202.07193.pdf
817,,Supersymmetric Lattice Theories,S. Catterall et al.,2202.08154,https://arxiv.org/abs/2202.08154,TF,Theory,Lattice Gauge Theory,papers/2202.08154.pdf,https://www.slac.stanford.edu/econf/C210711/papers/2202.08154.pdf
818,,Hadron Spectroscopy with Lattice QCD,J. Bulava et al.,2203.03230,https://arxiv.org/abs/2203.03230,TF,Theory,Lattice Gauge Theory,papers/2203.03230.pdf,https://www.slac.stanford.edu/econf/C210711/papers/2203.03230.pdf
819,,Discovering New Physics in Rare Kaon Decays,T. Blum et al.,2203.10998,https://arxiv.org/abs/2203.10998,TF,Theory,Lattice Gauge Theory,papers/2203.10998.pdf,https://www.slac.stanford.edu/econf/C210711/papers/2203.10998.pdf
820,,Prospects for Precise Predictions of a_μ in the Standard Model,G. Colangelo et al.,2203.15810,https://arxiv.org/abs/2203.15810,TF,Theory,Lattice Gauge Theory,papers/2203.15810.pdf,https://www.slac.stanford.edu/econf/C210711/papers/2203.15810.pdf
821,,Lattice QCD and the Computational Frontier,P. A. Boyle et al.,2204.00039,https://arxiv.org/abs/2204.00039,TF,Theory,Lattice Gauge Theory,papers/2204.00039.pdf,https://www.slac.stanford.edu/econf/C210711/papers/2204.00039.pdf
822,,Impact of Lattice s(x)−sbar(x) Data in the CTEQ-TEA Global Analysis,T.-J. Hou et al.,2204.07944,https://arxiv.org/abs/2204.07944,TF,Theory,Lattice Gauge Theory,papers/2204.07944.pdf,https://www.slac.stanford.edu/econf/C210711/papers/2204.07944.pdf
823,,A Lattice QCD Perspective on Weak Decays of b and c Quarks,P. A. Boyle et al.,2205.15373,https://arxiv.org/abs/2205.15373,TF,Theory,Lattice Gauge Theory,papers/arXiv:2205.15373.pdf,https://www.slac.stanford.edu/econf/C210711/papers/arXiv:2205.15373.pdf
824,,Lattice QCD and Particle Physics,A. S. Kronfeld et al.,2207.07641,https://arxiv.org/abs/2207.07641,TF,Theory,Lattice Gauge Theory,papers/2207.07641.pdf,https://www.slac.stanford.edu/econf/C210711/papers/2207.07641.pdf
825,,New Physics in B meson Mixing: Future Sensitivity and Limitations,J. Charles et al.,2006.04824,https://arxiv.org/abs/2006.04824,TF,Theory,Theory Techniques for Precision Physics,papers/2006.04824.pdf,https://www.slac.stanford.edu/econf/C210711/papers/2006.04824.pdf
826,,The Path Forward to N3LO,F. Caola et al.,2203.06730,https://arxiv.org/abs/2203.06730,TF,Theory,Theory Techniques for Precision Physics,papers/2203.06730.pdf,https://www.slac.stanford.edu/econf/C210711/papers/2203.06730.pdf
827,,Theoretical Developments in the SMEFT at Dimension-8 and Beyond,S. Alioli et al.,2203.06771,https://arxiv.org/abs/2203.06771,TF,Theory,Theory Techniques for Precision Physics,papers/2203.06771.pdf,https://www.slac.stanford.edu/econf/C210711/papers/2203.06771.pdf
828,,Future Prospects for Parton Showers,N. Darvishi et al.,2203.06799,https://arxiv.org/abs/2203.06799,TF,Theory,Theory Techniques for Precision Physics,papers/2203.06799.pdf,https://www.slac.stanford.edu/econf/C210711/papers/2203.06799.pdf
829,,Top-Quark Mass Extraction from t tbar j+X Events at the LHC: Theory Predictions,S. Alioli et al.,2203.07344,https://arxiv.org/abs/2203.07344,TF,Theory,Theory Techniques for Precision Physics,papers/2203.07344.pdf,https://www.slac.stanford.edu/econf/C210711/papers/2203.07344.pdf
830,,Resummation for Future Colliders,M. van Beekveld et al.,2203.07907,https://arxiv.org/abs/2203.07907,TF,Theory,Theory Techniques for Precision Physics,papers/2203.07907.pdf,https://www.slac.stanford.edu/econf/C210711/papers/2203.07907.pdf
831,,Proton Structure at the Precision Frontier,S. Amoroso et al.,2203.13923,https://arxiv.org/abs/2203.13923,TF,Theory,Theory Techniques for Precision Physics,papers/2203.13923.pdf,https://www.slac.stanford.edu/econf/C210711/papers/2203.13923.pdf
832,,Computational Challenges for Multi-Loop Collider Phenomenology,F. Febres Cordero et al.,2204.04200,https://arxiv.org/abs/2204.04200,TF,Theory,Theory Techniques for Precision Physics,papers/2204.04200.pdf,https://www.slac.stanford.edu/econf/C210711/papers/2204.04200.pdf
833,,Challenges in Monte Carlo Event Generator Software for High-Luminosity LHC,A. Valassi et al.,2004.13687,https://arxiv.org/abs/2004.13687,TF,Theory,Collider Phenomenology,papers/2004.13687.pdf,https://www.slac.stanford.edu/econf/C210711/papers/2004.13687.pdf
834,,Vector Boson Fusion at Multi-TeV Muon Colliders,A. Costantini et al.,2005.10289,https://arxiv.org/abs/2005.10289,TF,Theory,Collider Phenomenology,papers/2005.10289.pdf,https://www.slac.stanford.edu/econf/C210711/papers/2005.10289.pdf
835,,The LHC Olympics 2020: A Community Challenge for Anomaly Detection in High Energy Physics,G. Kasieczka et al.,2101.08320,https://arxiv.org/abs/2101.08320,TF,Theory,Collider Phenomenology,papers/2101.08320.pdf,https://www.slac.stanford.edu/econf/C210711/papers/2101.08320.pdf
836,,Model-Independent Searches for New Physics in Multi-Body Invariant Masses,S. V. Chekanov et al.,2103.10217,https://arxiv.org/abs/2103.10217,TF,Theory,Collider Phenomenology,papers/2103.10217.pdf,https://www.slac.stanford.edu/econf/C210711/papers/2103.10217.pdf
837,,Vector Boson Scattering Processes: Status and Prospects,D. Buarque Franzosi et al.,2106.01393,https://arxiv.org/abs/2106.01393,TF,Theory,Collider Phenomenology,papers/2106.01393.pdf,https://www.slac.stanford.edu/econf/C210711/papers/2106.01393.pdf
838,,Future Searches for SUSY at the LHC post Fermilab (g−2)_μ,A. Aboubrahim et al.,2107.06021,https://arxiv.org/abs/2107.06021,TF,Theory,Collider Phenomenology,papers/2107.06021.pdf,https://www.slac.stanford.edu/econf/C210711/papers/2107.06021.pdf
839,,"HL-LHC Computing Review Stage-2, Common Software Projects: Event Generators",E. Yazgan et al. (HSF Physics Event Generator Working Group),2109.14938,https://arxiv.org/abs/2109.14938,TF,Theory,Collider Phenomenology,papers/2109.14938.pdf,https://www.slac.stanford.edu/econf/C210711/papers/2109.14938.pdf
840,,The Effective Vector Boson Approximation in High-Energy Muon Collisions,R. Ruiz et al.,2111.02442,https://arxiv.org/abs/2111.02442,TF,Theory,Collider Phenomenology,papers/2111.02442.pdf,https://www.slac.stanford.edu/econf/C210711/papers/2111.02442.pdf
841,,Event-Level Variables for Semivisible Jets using Anomalous Jet Tagging,H. Beauchesne et al.,2111.12156,https://arxiv.org/abs/2111.12156,TF,Theory,Collider Phenomenology,papers/2111.12156.pdf,https://www.slac.stanford.edu/econf/C210711/papers/2111.12156.pdf
842,,Portal Matter and Dark Sector Phenomenology at Colliders,T. G. Rizzo,2202.02222,https://arxiv.org/abs/2202.02222,TF,Theory,Collider Phenomenology,papers/2202.02222.pdf,https://www.slac.stanford.edu/econf/C210711/papers/2202.02222.pdf
843,,Higgs Boson Decay to Charmonia via c-Quark Fragmentation,T. Han et al.,2202.08273,https://arxiv.org/abs/2202.08273,TF,Theory,Collider Phenomenology,papers/2202.08273.pdf,https://www.slac.stanford.edu/econf/C210711/papers/2202.08273.pdf
844,,Combined Signatures of Heavy Higgses and Vectorlike fermions at the HL-LHC,R. Dermisek et al.,2203.03852,https://arxiv.org/abs/2203.03852,TF,Theory,Collider Phenomenology,papers/2203.03852.pdf,https://www.slac.stanford.edu/econf/C210711/papers/2203.03852.pdf
845,,Axion-Like Particles at High Energy Muon Colliders,T. Han et al.,2203.05484,https://arxiv.org/abs/2203.05484,TF,Theory,Collider Phenomenology,papers/2203.05484.pdf,https://www.slac.stanford.edu/econf/C210711/papers/2203.05484.pdf
846,,Displaced Fat-Jets and Tracks to Probe Boosted Right-Handed Neutrinos in the U(1)_{B−L} Model,R. Padhan et al.,2203.06114,https://arxiv.org/abs/2203.06114,TF,Theory,Collider Phenomenology,papers/2203.06114.pdf,https://www.slac.stanford.edu/econf/C210711/papers/2203.06114.pdf
847,,Phenomenological Aspects of Composite Higgs Scenarios: Exotic Scalars and Vector-like Quarks,A. Banerjee et al.,2203.07270,https://arxiv.org/abs/2203.07270,TF,Theory,Collider Phenomenology,papers/2203.07270.pdf,https://www.slac.stanford.edu/econf/C210711/papers/2203.07270.pdf
848,,WIMP Dark Matter at High Energy Muon Colliders,T.Han et al.,2203.07351,https://arxiv.org/abs/2203.07351,TF,Theory,Collider Phenomenology,papers/2203.07351.pdf,https://www.slac.stanford.edu/econf/C210711/papers/2203.07351.pdf
849,,Complex Scalar Singlet Model Benchmarks for Snowmass,S. Adhikari et al.,2203.07455,https://arxiv.org/abs/2203.07455,TF,Theory,Collider Phenomenology,papers/2203.07455.pdf,https://www.slac.stanford.edu/econf/C210711/papers/2203.07455.pdf
850,,New Physics with Missing Energy at Future Lepton Colliders,J. Kalinowski et al.,2203.07913,https://arxiv.org/abs/2203.07913,TF,Theory,Collider Phenomenology,papers/2203.07913.pdf,https://www.slac.stanford.edu/econf/C210711/papers/2203.07913.pdf
851,,Directly Probing the CP-Structure of the Higgs-Top Yukawa at HL-LHC and Future Colliders,R. K. Barman et al.,2203.08127,https://arxiv.org/abs/2203.08127,TF,Theory,Collider Phenomenology,papers/2203.08127.pdf,https://www.slac.stanford.edu/econf/C210711/papers/2203.08127.pdf
852,,A Short Overview on Low Mass Scalars at Future Lepton Colliders,T. Robens.,2203.08210,https://arxiv.org/abs/2203.08210,TF,Theory,Collider Phenomenology,papers/2203.08210.pdf,https://www.slac.stanford.edu/econf/C210711/papers/2203.08210.pdf
853,,"Theory, Phenomenology, and Experimental Avenues for Dark Showers",G. Albouy et al.,2203.09503,https://arxiv.org/abs/2203.09503,TF,Theory,Collider Phenomenology,papers/2203.09503.pdf,https://www.slac.stanford.edu/econf/C210711/papers/2203.09503.pdf
854,,"Data and Analysis Preservation, Recasting, and Reinterpretation",S. Bailey et al.,2203.10057,https://arxiv.org/abs/2203.10057,TF,Theory,Collider Phenomenology,papers/2203.10057.pdf,https://www.slac.stanford.edu/econf/C210711/papers/2203.10057.pdf
855,,Electroweak Fragmentation at High Energies,T. Han et al.,2203.11129,https://arxiv.org/abs/2203.11129,TF,Theory,Collider Phenomenology,papers/2203.11129.pdf,https://www.slac.stanford.edu/econf/C210711/papers/2203.11129.pdf
856,,Collider Physics Opportunities of Extended Warped Extra-Dimensional Models,K. Agashe et al.,2203.13305,https://arxiv.org/abs/2203.13305,TF,Theory,Collider Phenomenology,papers/2203.13305.pdf,https://www.slac.stanford.edu/econf/C210711/papers/2203.13305.pdf
857,,Implications of Energy Peak for Collider Phenomenology: Top Quark Mass Determination and Beyond,K. Agashe et al.,2204.02928,https://arxiv.org/abs/2204.02928,TF,Theory,Collider Phenomenology,papers/2204.02928.pdf,https://www.slac.stanford.edu/econf/C210711/papers/2204.02928.pdf
858,,BSM Higgs Production at a Muon Collider,T. Han et al.,2205.11730,https://arxiv.org/abs/2205.11730,TF,Theory,Collider Phenomenology,papers/2205.11730.pdf,https://www.slac.stanford.edu/econf/C210711/papers/2205.11730.pdf
859,,MSSM under Higgs Factories,H. Li et al.,2205.11920,https://arxiv.org/abs/2205.11920,TF,Theory,Collider Phenomenology,papers/2205.11920.pdf,https://www.slac.stanford.edu/econf/C210711/papers/2205.11920.pdf
860,,Exotic Higgs Decays in the Type-II 2HDMs at Current and Future pp Colliders,F. Kling et al.,2205.12198,https://arxiv.org/abs/2205.12198,TF,Theory,Collider Phenomenology,papers/2205.12198.pdf,https://www.slac.stanford.edu/econf/C210711/papers/2205.12198.pdf
861,,Signal Strength and W-Boson Mass Measurements as a Probe of the Electroweak Phase Transition at Colliders,A. Papaefstathiou et al.,2205.14379,https://arxiv.org/abs/2205.14379,TF,Theory,Collider Phenomenology,papers/2205.14379.pdf,https://www.slac.stanford.edu/econf/C210711/papers/2205.14379.pdf
862,,Two-Real-Singlet-Model (TRSM) Benchmark Planes,T. Robens.,2205.14486,https://arxiv.org/abs/2205.14486,TF,Theory,Collider Phenomenology,papers/2205.14486.pdf,https://www.slac.stanford.edu/econf/C210711/papers/2205.14486.pdf
863,,Kinematic Variables and Feature Engineering for Particle Phenomenology,R. Franceschini et al.,2206.13431,https://arxiv.org/abs/2206.13431,TF,Theory,Collider Phenomenology,papers/2206.13431.pdf,https://www.slac.stanford.edu/econf/C210711/papers/2206.13431.pdf
864,,Comments on Collinear Factorization,G. Sterman.,2207.06507,https://arxiv.org/abs/2207.06507,TF,Theory,Collider Phenomenology,papers/2207.06507.pdf,https://www.slac.stanford.edu/econf/C210711/papers/2207.06507.pdf
865,,"When, Where, and How to Open Data: A Personal Perspective",B. Nachman.,2208.07910,https://arxiv.org/abs/2208.07910,TF,Theory,Collider Phenomenology,papers/2208.07910.pdf,https://www.slac.stanford.edu/econf/C210711/papers/2208.07910.pdf
866,,Hidden Sectors and a Multi-Temperature Universe,A. Aboubrahim et al.,2106.06494,https://arxiv.org/abs/2106.06494,TF,Theory,Beyond-Standard-Model Model Building,papers/2106.06494.pdf,https://www.slac.stanford.edu/econf/C210711/papers/2106.06494.pdf
867,,Mini-Review: Expectations for Supersymmetry from the String Landscape,H. Baer et al.,2202.11578,https://arxiv.org/abs/2202.11578,TF,Theory,Beyond-Standard-Model Model Building,papers/2202.11578.pdf,https://www.slac.stanford.edu/econf/C210711/papers/2202.11578.pdf
868,,New Ideas in Baryogenesis,G. Elor et al.,2203.05010,https://arxiv.org/abs/2203.05010,TF,Theory,Beyond-Standard-Model Model Building,papers/2203.05010.pdf,https://www.slac.stanford.edu/econf/C210711/papers/2203.05010.pdf
869,,Review of Neutral Naturalness,B. Batell et al.,2203.05531,https://arxiv.org/abs/2203.05531,TF,Theory,Beyond-Standard-Model Model Building,papers/2203.05531.pdf,https://www.slac.stanford.edu/econf/C210711/papers/2203.05531.pdf
870,,Ultraheavy Particle Dark Matter,D. Carney et al.,2203.06508,https://arxiv.org/abs/2203.06508,TF,Theory,Beyond-Standard-Model Model Building,papers/2203.06508.pdf,https://www.slac.stanford.edu/econf/C210711/papers/2203.06508.pdf
871,,Strong CP Beyond Axion Direct Detection,N. Blinov et al.,2203.07218,https://arxiv.org/abs/2203.07218,TF,Theory,Beyond-Standard-Model Model Building,papers/2203.07218.pdf,https://www.slac.stanford.edu/econf/C210711/papers/2203.07218.pdf
872,,The Windchime Project,A. Attanasio et al. (Windchime Collaboration),2203.07242,https://arxiv.org/abs/2203.07242,TF,Theory,Beyond-Standard-Model Model Building,papers/2203.07242.pdf,https://www.slac.stanford.edu/econf/C210711/papers/2203.07242.pdf
873,,Implications of Quantum Gravity for Particle Physics,P. Draper et al.,2203.07624,https://arxiv.org/abs/2203.07624,TF,Theory,Beyond-Standard-Model Model Building,papers/2203.07624.pdf,https://www.slac.stanford.edu/econf/C210711/papers/2203.07624.pdf
874,,Flavor Model Building,"W. Altmannshofer, J. Zupan",2203.07726,https://arxiv.org/abs/2203.07726,TF,Theory,Beyond-Standard-Model Model Building,papers/2203.07726.pdf,https://www.slac.stanford.edu/econf/C210711/papers/2203.07726.pdf
875,,U(1)_T3R Extension of the Standard Model: A Sub-GeV Dark Matter Model,B. Dutta et al.,2203.07786,https://arxiv.org/abs/2203.07786,TF,Theory,Beyond-Standard-Model Model Building,papers/2203.07786.pdf,https://www.slac.stanford.edu/econf/C210711/papers/2203.07786.pdf
876,,Some Open Questions in Axion Theory,P. Agrawal et al.,2203.08026,https://arxiv.org/abs/2203.08026,TF,Theory,Beyond-Standard-Model Model Building,papers/2203.08026.pdf,https://www.slac.stanford.edu/econf/C210711/papers/2203.08026.pdf
877,,Cosmic Frontier: Fundamental Physics and Beyond the Standard Model,E. Berti et al.,2203.06240,https://arxiv.org/abs/2203.06240,TF,Theory,Astro-Particle Physics and Cosmology,papers/2203.06240.pdf,https://www.slac.stanford.edu/econf/C210711/papers/2203.06240.pdf
878,,Astrophysical and Cosmological Probes of Dark Matter,K. K. Boddy et al.,2203.06380,https://arxiv.org/abs/2203.06380,TF,Theory,Astro-Particle Physics and Cosmology,papers/2203.06380.pdf,https://www.slac.stanford.edu/econf/C210711/papers/2203.06380.pdf
879,,Early-Universe Model Building,P. Asadi et al.,2203.06680,https://arxiv.org/abs/2203.06680,TF,Theory,Astro-Particle Physics and Cosmology,papers/2203.06680.pdf,https://www.slac.stanford.edu/econf/C210711/papers/2203.06680.pdf
880,,Puzzling Excesses in Dark Matter Searches and How to Resolve Them,R. K. Leane et al.,2203.06859,https://arxiv.org/abs/2203.06859,TF,Theory,Astro-Particle Physics and Cosmology,papers/2203.06859.pdf,https://www.slac.stanford.edu/econf/C210711/papers/2203.06859.pdf
881,,Light Dark Matter Direct Detection at the Interface With Condensed Matter Physics,A. Mitridate et al.,2203.07492,https://arxiv.org/abs/2203.07492,TF,Theory,Astro-Particle Physics and Cosmology,papers/2203.07492.pdf,https://www.slac.stanford.edu/econf/C210711/papers/2203.07492.pdf
882,,The Physics of Light Relics,C. Dvorkin et al.,2203.07943,https://arxiv.org/abs/2203.07943,TF,Theory,Astro-Particle Physics and Cosmology,papers/2203.07943.pdf,https://www.slac.stanford.edu/econf/C210711/papers/2203.07943.pdf
883,,Data-Driven Cosmology,M. A. Amin et al.,2203.07946,https://arxiv.org/abs/2203.07946,TF,Theory,Astro-Particle Physics and Cosmology,papers/2203.07946.pdf,https://www.slac.stanford.edu/econf/C210711/papers/2203.07946.pdf
884,,Dark Matter In Extreme Astrophysical Environments,M. Baryakhtar et al.,2203.07984,https://arxiv.org/abs/2203.07984,TF,Theory,Astro-Particle Physics and Cosmology,papers/2203.07984.pdf,https://www.slac.stanford.edu/econf/C210711/papers/2203.07984.pdf
885,,The Cosmological Bootstrap,M. Ackermann et al.,2203.08096,https://arxiv.org/abs/2203.08096,TF,Theory,Astro-Particle Physics and Cosmology,papers/2203.08096.pdf,https://www.slac.stanford.edu/econf/C210711/papers/2203.08096.pdf
886,,Simplified Dark Matter Models with Charged Mediators,T. Ghosh et al.,2203.08107,https://arxiv.org/abs/2203.08107,TF,Theory,Astro-Particle Physics and Cosmology,papers/2203.08107.pdf,https://www.slac.stanford.edu/econf/C210711/papers/2203.08107.pdf
887,,Data Preservation for Cosmology,M. Alvarez et al.,2203.08113,https://arxiv.org/abs/2203.08113,TF,Theory,Astro-Particle Physics and Cosmology,papers/2203.08113.pdf,https://www.slac.stanford.edu/econf/C210711/papers/2203.08113.pdf
888,,The Cosmological Bootstrap,D. Baumann et al.,2203.08121,https://arxiv.org/abs/2203.08121,TF,Theory,Astro-Particle Physics and Cosmology,papers/2203.08121.pdf,https://www.slac.stanford.edu/econf/C210711/papers/2203.08121.pdf
889,,Inflation: Theory and Observations,A. Achúcarro et al.,2203.08128,https://arxiv.org/abs/2203.08128,TF,Theory,Astro-Particle Physics and Cosmology,papers/2203.08128.pdf,https://www.slac.stanford.edu/econf/C210711/papers/2203.08128.pdf
890,,Cosmic Microwave Background Measurements White Paper,C. L. Chang et al.,2203.07638,https://arxiv.org/abs/2203.07638,TF,Theory,Astro-Particle Physics and Cosmology,papers/2203.07638.pdf,https://www.slac.stanford.edu/econf/C210711/papers/2203.07638.pdf
891,,Theory Frontier: Theory Meets the Lab,R. Essig et al.,2203.10089,https://arxiv.org/abs/2203.10089,TF,Theory,Astro-Particle Physics and Cosmology,papers/2203.10089.pdf,https://www.slac.stanford.edu/econf/C210711/papers/2203.10089.pdf
892,,New Horizons: Scalar and Vector Ultralight Dark Matter,D. Antypas et al.,2203.14915,https://arxiv.org/abs/2203.14915,TF,Theory,Astro-Particle Physics and Cosmology,papers/2203.14915.pdf,https://www.slac.stanford.edu/econf/C210711/papers/2203.14915.pdf
893,,Axion Dark Matter,J. Jaeckel et al.,2203.14923,https://arxiv.org/abs/2203.14923,TF,Theory,Astro-Particle Physics and Cosmology,papers/2203.14923.pdf,https://www.slac.stanford.edu/econf/C210711/papers/2203.14923.pdf
894,,"More is Different: Non-Minimal Dark Sectors and their Implications for Particle Physics, Astrophysics, and Cosmology – 13 Take-Away Lessons for Snowmass 2021",K. R. Dienes et al.,2203.17258,https://arxiv.org/abs/2203.17258,TF,Theory,Astro-Particle Physics and Cosmology,papers/2203.17258.pdf,https://www.slac.stanford.edu/econf/C210711/papers/2203.17258.pdf
895,,Exploring Dark Sector Portals with High Intensity Experiments,B. Batell et al.,2207.06905,https://arxiv.org/abs/2207.06905,TF,Theory,Astro-Particle Physics and Cosmology,papers/2207.06905.pdf,https://www.slac.stanford.edu/econf/C210711/papers/2207.06905.pdf
896,,Tensor networks for High Energy Physics,Y. Meurice et al.,2203.04902,https://arxiv.org/abs/2203.04902,TF,Theory,Quantum Information Science,papers/2203.04902.pdf,https://www.slac.stanford.edu/econf/C210711/papers/2203.04902.pdf
897,,Ion Coulomb Crystals in Storage Rings for Quantum Information Science,S. Brooks et al.,2203.06809,https://arxiv.org/abs/2203.06809,TF,Theory,Quantum Information Science,papers/2203.06809.pdf,https://www.slac.stanford.edu/econf/C210711/papers/2203.06809.pdf
898,,Quantum Information in Quantum Field Theory and Quantum Gravity,T. Faulkner et al.,2203.07117,https://arxiv.org/abs/2203.07117,TF,Theory,Quantum Information Science,papers/2203.07117.pdf,https://www.slac.stanford.edu/econf/C210711/papers/2203.07117.pdf
899,,Tabletop Experiments for Infrared Quantum Gravity,D. Carney et al.,2203.11846,https://arxiv.org/abs/2203.11846,TF,Theory,Quantum Information Science,papers/2203.11846.pdf,https://www.slac.stanford.edu/econf/C210711/papers/2203.11846.pdf
900,,Quantum Simulation for High Energy Physics,C. W. Bauer et al.,2204.03381,https://arxiv.org/abs/2204.03381,TF,Theory,Quantum Information Science,papers/2204.03381.pdf,https://www.slac.stanford.edu/econf/C210711/papers/2204.03381.pdf
901,,Quantum Computing Hardware for HEP Algorithms and Sensing,M. S. Alam et al.,2204.08605,https://arxiv.org/abs/2204.08605,TF,Theory,Quantum Information Science,papers/2204.08605.pdf,https://www.slac.stanford.edu/econf/C210711/papers/2204.08605.pdf
902,,Neutrino Self-Interactions,J. M. Berryman et al.,2203.01955,https://arxiv.org/abs/2203.01955,TF,Theory,Theory of Neutrino Physics,papers/2203.01955.pdf,https://www.slac.stanford.edu/econf/C210711/papers/2203.01955.pdf
903,,Tau Neutrinos in the Next Decade: from GeV to EeV,R. Mammen Abraham et al.,2203.05591,https://arxiv.org/abs/2203.05591,TF,Theory,Theory of Neutrino Physics,papers/2203.05591.pdf,https://www.slac.stanford.edu/econf/C210711/papers/2203.05591.pdf
904,,BSM Neutrino Physics: Complementarity across Energies,T. Han et al.,2203.06131,https://arxiv.org/abs/2203.06131,TF,Theory,Theory of Neutrino Physics,papers/2203.06131.pdf,https://www.slac.stanford.edu/econf/C210711/papers/2203.06131.pdf
905,,Testing neutrino flavor models,J. Gehrlein et al.,2203.06219,https://arxiv.org/abs/2203.06219,TF,Theory,Theory of Neutrino Physics,papers/2203.06219.pdf,https://www.slac.stanford.edu/econf/C210711/papers/2203.06219.pdf
906,,Electron Scattering and Neutrino Physics,A. M. Ankowski et al.,2203.06853,https://arxiv.org/abs/2203.06853,TF,Theory,Theory of Neutrino Physics,papers/2203.06853.pdf,https://www.slac.stanford.edu/econf/C210711/papers/2203.06853.pdf
907,,Synergy between Cosmological and Laboratory Searches in Neutrino Physics,K. N. Abazajian et al.,2203.07377,https://arxiv.org/abs/2203.07377,TF,Theory,Theory of Neutrino Physics,papers/2203.07377.pdf,https://www.slac.stanford.edu/econf/C210711/papers/2203.07377.pdf
908,,"Theoretical Tools for Neutrino Scattering: Interplay between Lattice QCD, EFTs, Nuclear Physics, Phenomenology, and Neutrino Event Generators",L. Alvarez Ruso et al.,2203.09030,https://arxiv.org/abs/2203.09030,TF,Theory,Theory of Neutrino Physics,papers/2203.09030.pdf,https://www.slac.stanford.edu/econf/C210711/papers/2203.09030.pdf
909,,Neutrino Scattering Measurements on Hydrogen and Deuterium,L. Alvarez Ruso et al.,2203.11298,https://arxiv.org/abs/2203.11298,TF,Theory,Theory of Neutrino Physics,papers/2203.11298.pdf,https://www.slac.stanford.edu/econf/C210711/papers/2203.11298.pdf
910,,Neutrinoless Double-Beta Decay: A Roadmap for Matching Theory to Experiment,V. Cirigliano et al.,2203.12169,https://arxiv.org/abs/2203.12169,TF,Theory,Theory of Neutrino Physics,papers/2203.12169.pdf,https://www.slac.stanford.edu/econf/C210711/papers/2203.12169.pdf
911,,Neutrino Flavor Model Building and the Origins of Flavor and CP Violation,Yahya Almumin et al.,2204.08668,https://arxiv.org/abs/2204.08668,TF,Theory,Theory of Neutrino Physics,papers/2204.08668.pdf,https://www.slac.stanford.edu/econf/C210711/papers/2204.08668.pdf
912,,Dark Sector Studies with Neutrino Beams,B. Batell et al.,2207.06898,https://arxiv.org/abs/2207.06898,TF,Theory,Theory of Neutrino Physics,papers/2207.06898.pdf,https://www.slac.stanford.edu/econf/C210711/papers/2207.06898.pdf
913,,The Sanford Underground Research Facility,J. Heise.,2203.08293,https://arxiv.org/abs/2203.08293,UF,Underground Facilities and Infrastructure,General - centered on this frontier:,papers/2203.08293.pdf,https://www.slac.stanford.edu/econf/C210711/papers/2203.08293.pdf
914,,The European Spallation Source Neutrino Super Beam,A. Alekou et al.,2203.08803,https://arxiv.org/abs/2203.08803,UF,Underground Facilities and Infrastructure,General - centered on this frontier:,papers/2203.08803.pdf,https://www.slac.stanford.edu/econf/C210711/papers/2203.08803.pdf
915,,Theia: Summary of physics program,M. Askins et al.,2202.12839,https://arxiv.org/abs/2202.12839,UF,Underground Facilities and Infrastructure,General - cross-listed:,papers/2202.12839.pdf,https://www.slac.stanford.edu/econf/C210711/papers/2202.12839.pdf
916,,In Search of Excellence and Equity in Physics,E. Barzi et al.,2203.10393,https://arxiv.org/abs/2203.10393,UF,Underground Facilities and Infrastructure,General - cross-listed:,papers/2203.10393.pdf,https://www.slac.stanford.edu/econf/C210711/papers/2203.10393.pdf
917,,Japan’s Strategy for Future Projects in High Energy Physics,M. Endo et al.,2203.13979,https://arxiv.org/abs/2203.13979,UF,Underground Facilities and Infrastructure,General - cross-listed:,papers/2203.13979.pdf,https://www.slac.stanford.edu/econf/C210711/papers/2203.13979.pdf
918,,How Community Agreements Can Improve Workplace Culture in Physics,E. Barzi et al.,2209.06755,https://arxiv.org/abs/2209.06755,UF,Underground Facilities and Infrastructure,General - cross-listed:,papers/2209.06755.pdf,https://www.slac.stanford.edu/econf/C210711/papers/2209.06755.pdf
919,,A Call to Arms Control: Synergies between Nonproliferation Applications of Neutrino Detectors and Large-Scale Fundamental Neutrino Physics Experiments,T. Akindele et al.,2203.00042,https://arxiv.org/abs/2203.00042,UF,Underground Facilities and Infrastructure,Underground Facilities for Neutrinos,papers/2203.00042.pdf,https://www.slac.stanford.edu/econf/C210711/papers/2203.00042.pdf
920,,Tau Neutrinos in the Next Decade: from GeV to EeV,R. Mammen Abraham et al.,2203.05591,https://arxiv.org/abs/2203.05591,UF,Underground Facilities and Infrastructure,Underground Facilities for Neutrinos,papers/2203.05591.pdf,https://www.slac.stanford.edu/econf/C210711/papers/2203.05591.pdf
921,,Low Background kTon-Scale Liquid Argon Time Projection Chambers,A. Avasthi et al.,2203.08821,https://arxiv.org/abs/2203.08821,UF,Underground Facilities and Infrastructure,Underground Facilities for Neutrinos,papers/2203.08821.pdf,https://www.slac.stanford.edu/econf/C210711/papers/2203.08821.pdf
922,,A Next-Generation Liquid Xenon Observatory for Dark Matter and Neutrino Physics,J. Aalbers et al.,2203.02309,https://arxiv.org/abs/2203.02309,UF,Underground Facilities and Infrastructure,Underground Detectors,papers/2203.02309.pdf,https://www.slac.stanford.edu/econf/C210711/papers/2203.02309.pdf
923,,High-Pressure TPCs in Pressurized Caverns: Opportunities in Dark Matter and Neutrino Physics,B. Monreal.,2203.06262,https://arxiv.org/abs/2203.06262,UF,Underground Facilities and Infrastructure,Underground Detectors,papers/2203.06262.pdf,https://www.slac.stanford.edu/econf/C210711/papers/2203.06262.pdf
924,,"Introduction to a Low-Mass Dark Matter Project, ALETHEIA: A Liquid hElium Time projection cHambEr In dArk matter",J. Liao et al.,2203.07901,https://arxiv.org/abs/2203.07901,UF,Underground Facilities and Infrastructure,Underground Detectors,papers/2203.07901.pdf,https://www.slac.stanford.edu/econf/C210711/papers/2203.07901.pdf
925,,Toward CUPID-1T,A. Armatol et al.,2203.08386,https://arxiv.org/abs/2203.08386,UF,Underground Facilities and Infrastructure,Underground Detectors,papers/2203.08386.pdf,https://www.slac.stanford.edu/econf/C210711/papers/2203.08386.pdf
926,,A Strategy for Low-Mass Dark Matter Searches with Cryogenic Detectors in the SuperCDMS SNOLAB Facility,M. F. Albakry et al.,2203.08463,https://arxiv.org/abs/2203.08463,UF,Underground Facilities and Infrastructure,Underground Detectors,papers/2203.08463.pdf,https://www.slac.stanford.edu/econf/C210711/papers/2203.08463.pdf
927,,A Facility for Low-Radioactivity Underground Argon,H. O. Back et al.,2203.09734,https://arxiv.org/abs/2203.09734,UF,Underground Facilities and Infrastructure,Supporting Capabilities,papers/2203.09734.pdf,https://www.slac.stanford.edu/econf/C210711/papers/2203.09734.pdf
